#######################################################################
WARNING:  no libwebkitgtk-1.0 detected, some features will be unavailable
    Consider installing the package with apt-get or yum.
    e.g. 'sudo apt-get install libwebkitgtk-1.0-0'
#######################################################################
2025/09/17 02:23:10 - Kitchen - Start of run.
2025/09/17 02:23:15 - REST_Call_and_Load_Ciena_to_DB - Start of job execution
2025/09/17 02:23:15 - REST_Call_and_Load_Ciena_to_DB - Starting entry [LoadConfiguration]
2025/09/17 02:23:15 - LoadConfiguration - Using run configuration [Pentaho local]
2025/09/17 02:23:15 - ciena_load_configuration - Dispatching started for transformation [ciena_load_configuration]
2025/09/17 02:23:15 - Property Input.0 - Finished processing (I=26, O=0, R=0, W=26, U=0, E=0)
2025/09/17 02:23:15 - Row denormaliser.0 - Finished processing (I=0, O=0, R=26, W=1, U=0, E=0)
2025/09/17 02:23:15 - Set Variables.0 - Setting environment variables...
2025/09/17 02:23:15 - Set Variables.0 - Set variable TARGET_DB_IP to value [ausy-db-mdb-oss-m2.local.hawaiki.co.nz]
2025/09/17 02:23:15 - Set Variables.0 - Set variable TARGET_DB_NAME to value [pm_db]
2025/09/17 02:23:15 - Set Variables.0 - Set variable TARGET_DB_PORT to value [3306]
2025/09/17 02:23:15 - Set Variables.0 - Set variable TARGET_DB_USER to value [mediation_rw]
2025/09/17 02:23:15 - Set Variables.0 - Set variable TARGET_DB_PASS to value [RKbZ4NzQJrL20tmu]
2025/09/17 02:23:15 - Set Variables.0 - Set variable TARGET_USERNAME to value [ics-radapi]
2025/09/17 02:23:15 - Set Variables.0 - Set variable TARGET_PASSWORD to value [fE8aXgHbFBba]
2025/09/17 02:23:15 - Set Variables.0 - Set variable TARGET_TOKEN_URL to value [http://ncs-ausy.local.bw-digital.com/tron/api/v1/oauth2/tokens]
2025/09/17 02:23:15 - Set Variables.0 - Set variable TARGET_PM_URL to value [http://ncs-ausy.local.bw-digital.com/pm/api/v3/query/metrics]
2025/09/17 02:23:15 - Set Variables.0 - Set variable TARGET_EMAIL_DESTINATION_ADDRESS to value [itdev@hawaikicable.co.nz operations-noc@hawaikicable.co.nz]
2025/09/17 02:23:15 - Set Variables.0 - Set variable TARGET_EMAIL_SENDER_ADDRESS to value [no-reply@bw-digital.com]
2025/09/17 02:23:15 - Set Variables.0 - Set variable TARGET_EMAIL_SMTP_SERVER to value [smtp.office365.com]
2025/09/17 02:23:15 - Set Variables.0 - Set variable TARGET_EMAIL_PORT to value [587]
2025/09/17 02:23:15 - Set Variables.0 - Set variable TARGET_EMAIL_SMTP_PASSWORD to value [JkKL7+su&=wybsLGjnY@&j5ZV^e_C^J&%LvqrdQk]
2025/09/17 02:23:15 - Set Variables.0 - Set variable TARGET_EMAIL_SUBJECT to value [Missing PM Sources - Ciena WS Production - 10.7.2.104]
2025/09/17 02:23:15 - Set Variables.0 - Set variable TARGET-SLEEP_AFTER_REST_ATTEMPT to value [Y]
2025/09/17 02:23:15 - Set Variables.0 - Set variable TARGET_SLEEP_TIMER to value [3.0]
2025/09/17 02:23:15 - Set Variables.0 - Set variable TARGET_DURATION_DAYS to value [2.0]
2025/09/17 02:23:15 - Set Variables.0 - Set variable TARGET_BINSTATE_LOG to value [Y]
2025/09/17 02:23:15 - Set Variables.0 - Set variable TARGET_DATE_START to value [2025-09-17]
2025/09/17 02:23:15 - Set Variables.0 - Set variable TARGET_DATE_END to value [2025-09-17]
2025/09/17 02:23:15 - Set Variables.0 - Finished after 1 rows.
2025/09/17 02:23:15 - Set Variables.0 - Finished processing (I=0, O=0, R=1, W=1, U=0, E=0)
2025/09/17 02:23:15 - REST_Call_and_Load_Ciena_to_DB - Starting entry [ExtractData-6500-STTP-Serv]
2025/09/17 02:23:15 - ExtractData-6500-STTP-Serv - Using run configuration [Pentaho local]
2025/09/17 02:23:15 - ciena_report_extraction - Dispatching started for transformation [ciena_report_extraction]
2025/09/17 02:23:16 - ciena_token - Dispatching started for transformation [ciena_token]
2025/09/17 02:23:16 - ciena_pm - Dispatching started for transformation [ciena_pm]
2025/09/17 02:23:16 - tems_och.0 - Connected to database [db] (commit=1)
2025/09/17 02:23:16 - Table output.0 - Connected to database [db] (commit=1000)
2025/09/17 02:23:16 - Generate Rows.0 - Finished processing (I=0, O=0, R=0, W=1, U=0, E=0)
2025/09/17 02:23:16 - Mapping input specification.0 - Finished processing (I=0, O=0, R=1, W=1, U=0, E=0)
2025/09/17 02:23:16 - Table input.0 - Finished reading query, closing connection
2025/09/17 02:23:16 - Table input.0 - Finished reading query, closing connection
2025/09/17 02:23:16 - Table input.0 - Finished processing (I=5, O=0, R=0, W=5, U=0, E=0)
2025/09/17 02:23:16 - Table input.0 - Finished processing (I=2, O=0, R=0, W=2, U=0, E=0)
2025/09/17 02:23:16 - Join Rows (cartesian product).0 - Finished processing (I=0, O=0, R=6, W=5, U=0, E=0)
2025/09/17 02:23:16 - Identify last row in a stream.0 - Finished processing (I=0, O=0, R=5, W=5, U=0, E=0)
2025/09/17 02:23:16 - Filter rows 2.0 - Finished processing (I=0, O=0, R=5, W=5, U=0, E=0)
2025/09/17 02:23:16 - Dummy (do nothing).0 - Finished processing (I=0, O=0, R=4, W=4, U=0, E=0)
2025/09/17 02:23:16 - Filter rows.0 - Finished processing (I=0, O=0, R=1, W=1, U=0, E=0)
2025/09/17 02:23:16 - Token is valid.0 - 
2025/09/17 02:23:16 - Token is valid.0 - ------------> Linenr 1------------------------------
2025/09/17 02:23:16 - Token is valid.0 - #################### Token is Valid ####################
2025/09/17 02:23:16 - Token is valid.0 - 
2025/09/17 02:23:16 - Token is valid.0 - expirationTime = 2025/10/09 00:53:39.000000000
2025/09/17 02:23:16 - Token is valid.0 - 
2025/09/17 02:23:16 - Token is valid.0 - ====================
2025/09/17 02:23:16 - Select values.0 - Finished processing (I=0, O=0, R=1, W=1, U=0, E=0)
2025/09/17 02:23:17 - Token is valid.0 - Finished processing (I=0, O=0, R=1, W=1, U=0, E=0)
2025/09/17 02:23:17 - Merge Rows (diff).0 - Finished processing (I=0, O=0, R=1, W=1, U=0, E=0)
2025/09/17 02:23:17 - Final Result.0 - 
2025/09/17 02:23:17 - Final Result.0 - ------------> Linenr 1------------------------------
2025/09/17 02:23:17 - Final Result.0 - #################### Token is Ready to Use ####################
2025/09/17 02:23:17 - Final Result.0 - 
2025/09/17 02:23:17 - Final Result.0 - expirationTime = 2025/10/09 00:53:39.000000000
2025/09/17 02:23:17 - Final Result.0 - 
2025/09/17 02:23:17 - Final Result.0 - ====================
2025/09/17 02:23:17 - Final Result.0 - Finished processing (I=0, O=0, R=1, W=1, U=0, E=0)
2025/09/17 02:23:17 - Mapping output specification.0 - Finished processing (I=0, O=0, R=1, W=1, U=0, E=0)
2025/09/17 02:23:17 - Ciena Token.0 - Finished processing (I=0, O=0, R=1, W=1, U=0, E=0)
2025/09/17 02:23:17 - Select values.0 - Finished processing (I=0, O=0, R=1, W=1, U=0, E=0)
2025/09/17 02:23:17 - Modified Java Script Value 2.0 - Optimization level set to 9.
2025/09/17 02:23:17 - Join Rows (cartesian product).0 - Finished processing (I=0, O=0, R=3, W=2, U=0, E=0)
2025/09/17 02:23:17 - Specification.0 - Finished processing (I=0, O=0, R=2, W=2, U=0, E=0)
2025/09/17 02:23:17 - Get Variables 2.0 - Finished processing (I=0, O=0, R=2, W=2, U=0, E=0)
2025/09/17 02:23:17 - Modified Java Script Value 2.0 - Finished processing (I=0, O=0, R=2, W=2, U=0, E=0)
2025/09/17 02:23:17 - Select values 2 2.0 - Finished processing (I=0, O=0, R=2, W=2, U=0, E=0)
2025/09/17 02:23:17 - Replace in string.0 - Finished processing (I=0, O=0, R=2, W=2, U=0, E=0)
2025/09/17 02:23:19 - Modified Java Script Value.0 - Optimization level set to 9.
2025/09/17 02:23:19 - REST First Attempt.0 - Finished processing (I=0, O=0, R=2, W=2, U=0, E=0)
2025/09/17 02:23:19 - Filter rows 2.0 - Finished processing (I=0, O=0, R=2, W=2, U=0, E=0)
2025/09/17 02:23:19 - Select values 3.0 - Finished processing (I=0, O=0, R=2, W=2, U=0, E=0)
2025/09/17 02:23:19 - Dummy (do nothing) 2.0 - Finished processing (I=0, O=0, R=2, W=2, U=0, E=0)
2025/09/17 02:23:19 - JSON Input.0 - Finished processing (I=24, O=0, R=2, W=24, U=0, E=0)
2025/09/17 02:23:19 - Replace in string 1.0 - Finished processing (I=0, O=0, R=24, W=24, U=0, E=0)
2025/09/17 02:23:19 - Replace in strings.0 - Finished processing (I=0, O=0, R=24, W=24, U=0, E=0)
2025/09/17 02:23:19 - Split Fields 1.0 - Finished processing (I=0, O=0, R=24, W=24, U=0, E=0)
2025/09/17 02:23:19 - Filter rows.0 - Finished processing (I=0, O=0, R=24, W=24, U=0, E=0)
2025/09/17 02:23:19 - Strings cut.0 - Finished processing (I=0, O=0, R=24, W=24, U=0, E=0)
2025/09/17 02:23:19 - Select values 2.0 - Finished processing (I=0, O=0, R=24, W=24, U=0, E=0)
2025/09/17 02:23:19 - Modified Java Script Value.0 - Finished processing (I=0, O=0, R=24, W=24, U=0, E=0)
2025/09/17 02:23:19 - User Defined Java Expression.0 - Finished processing (I=0, O=0, R=24, W=24, U=0, E=0)
2025/09/17 02:23:19 - Select values.0 - Finished processing (I=0, O=0, R=24, W=24, U=0, E=0)
2025/09/17 02:23:19 - Sort rows.0 - Finished processing (I=0, O=0, R=24, W=24, U=0, E=0)
2025/09/17 02:23:19 - Filter rows 3.0 - Finished processing (I=0, O=0, R=24, W=24, U=0, E=0)
2025/09/17 02:23:19 - Dummy (do nothing) 3 2.0 - Finished processing (I=0, O=0, R=8, W=8, U=0, E=0)
2025/09/17 02:23:19 - Row denormaliser.0 - Finished processing (I=0, O=0, R=16, W=4, U=0, E=0)
2025/09/17 02:23:19 - Sort rows 2.0 - Finished processing (I=0, O=0, R=4, W=4, U=0, E=0)
2025/09/17 02:23:19 - Row denormaliser 2.0 - Finished processing (I=0, O=0, R=4, W=2, U=0, E=0)
2025/09/17 02:23:19 - tems_och.0 - WARNING: Couldn't insert row into table: [deb5582c-2835-3257-bf13-8cfaf0f10873], [HIKA], [2], [13], [17], [201], [{"data":[{"attributes":{"tags":{"direction":"RECEIVE","directionNative":"RCV","displayName":"HIKA-C6500-2","facilityName":"STTP-2-13-17","facilityNameNative":"STTP-2-13-17","granularity":"15_MINUTE","granularityNative":"15-MIN","location":"NEAR_END","locationNative":"NEND","longname":"HIKA-C6500-2","networkElementID":"deb5582c-2835-3257-bf13-8cfaf0f10873","networkElementName":"HIKA-C6500-2","parameter":"ERRORED_SECONDS_LINE","parameterNative":"ES-L","pmResourceId":"STTP-2-13-17","port":"17","shelf":"2","slot":"13"},"values":{"2025-09-17T00:00:00Z":{"value":0,"binStateNative":"COMPL","condition":"OK"}}}},{"attributes":{"tags":{"direction":"RECEIVE","directionNative":"RCV","displayName":"HIKA-C6500-2","facilityName":"STTP-2-13-17","facilityNameNative":"STTP-2-13-17","granularity":"15_MINUTE","granularityNative":"15-MIN","location":"FAR_END","locationNative":"FEND","longname":"HIKA-C6500-2","networkElementID":"deb5582c-2835-3257-bf13-8cfaf0f10873","networkElementName":"HIKA-C6500-2","parameter":"ERRORED_SECONDS_LINE","parameterNative":"ES-L","pmResourceId":"STTP-2-13-17","port":"17","shelf":"2","slot":"13"},"values":{"2025-09-17T00:00:00Z":{"value":0,"binStateNative":"ADJ","condition":"OK"}}}},{"attributes":{"tags":{"direction":"TRANSMIT","directionNative":"TRMT","displayName":"HIKA-C6500-2","facilityName":"STTP-2-13-17","facilityNameNative":"STTP-2-13-17","granularity":"15_MINUTE","granularityNative":"15-MIN","location":"NEAR_END","locationNative":"NEND","longname":"HIKA-C6500-2","networkElementID":"deb5582c-2835-3257-bf13-8cfaf0f10873","networkElementName":"HIKA-C6500-2","parameter":"ERRORED_SECONDS_LINE","parameterNative":"ES-L","pmResourceId":"STTP-2-13-17","port":"17","shelf":"2","slot":"13"},"values":{"2025-09-17T00:00:00Z":{"value":0,"binStateNative":"COMPL","condition":"OK"}}}},{"attributes":{"tags":{"direction":"RECEIVE","directionNative":"RCV","displayName":"HIKA-C6500-2","facilityName":"STTP-2-13-17","facilityNameNative":"STTP-2-13-17","granularity":"15_MINUTE","granularityNative":"15-MIN","location":"NEAR_END","locationNative":"NEND","longname":"HIKA-C6500-2","networkElementID":"deb5582c-2835-3257-bf13-8cfaf0f10873","networkElementName":"HIKA-C6500-2","parameter":"FAILURE_COUNT_LINE","parameterNative":"FC-L","pmResourceId":"STTP-2-13-17","port":"17","shelf":"2","slot":"13"},"values":{"2025-09-17T00:00:00Z":{"value":0,"binStateNative":"COMPL","condition":"OK"}}}},{"attributes":{"tags":{"direction":"RECEIVE","directionNative":"RCV","displayName":"HIKA-C6500-2","facilityName":"STTP-2-13-17","facilityNameNative":"STTP-2-13-17","granularity":"15_MINUTE","granularityNative":"15-MIN","location":"FAR_END","locationNative":"FEND","longname":"HIKA-C6500-2","networkElementID":"deb5582c-2835-3257-bf13-8cfaf0f10873","networkElementName":"HIKA-C6500-2","parameter":"FAILURE_COUNT_LINE","parameterNative":"FC-L","pmResourceId":"STTP-2-13-17","port":"17","shelf":"2","slot":"13"},"values":{"2025-09-17T00:00:00Z":{"value":0,"binStateNative":"ADJ","condition":"OK"}}}},{"attributes":{"tags":{"direction":"TRANSMIT","directionNative":"TRMT","displayName":"HIKA-C6500-2","facilityName":"STTP-2-13-17","facilityNameNative":"STTP-2-13-17","granularity":"15_MINUTE","granularityNative":"15-MIN","location":"NEAR_END","locationNative":"NEND","longname":"HIKA-C6500-2","networkElementID":"deb5582c-2835-3257-bf13-8cfaf0f10873","networkElementName":"HIKA-C6500-2","parameter":"FAILURE_COUNT_LINE","parameterNative":"FC-L","pmResourceId":"STTP-2-13-17","port":"17","shelf":"2","slot":"13"},"values":{"2025-09-17T00:00:00Z":{"value":0,"binStateNative":"COMPL","condition":"OK"}}}},{"attributes":{"tags":{"direction":"RECEIVE","directionNative":"RCV","displayName":"HIKA-C6500-2","facilityName":"STTP-2-13-17","facilityNameNative":"STTP-2-13-17","granularity":"15_MINUTE","granularityNative":"15-MIN","location":"NEAR_END","locationNative":"NEND","longname":"HIKA-C6500-2","networkElementID":"deb5582c-2835-3257-bf13-8cfaf0f10873","networkElementName":"HIKA-C6500-2","parameter":"SEVERELY_ERRORED_SECONDS_LINE","parameterNative":"SES-L","pmResourceId":"STTP-2-13-17","port":"17","shelf":"2","slot":"13"},"values":{"2025-09-17T00:00:00Z":{"value":0,"binStateNative":"COMPL","condition":"OK"}}}},{"attributes":{"tags":{"direction":"RECEIVE","directionNative":"RCV","displayName":"HIKA-C6500-2","facilityName":"STTP-2-13-17","facilityNameNative":"STTP-2-13-17","granularity":"15_MINUTE","granularityNative":"15-MIN","location":"FAR_END","locationNative":"FEND","longname":"HIKA-C6500-2","networkElementID":"deb5582c-2835-3257-bf13-8cfaf0f10873","networkElementName":"HIKA-C6500-2","parameter":"SEVERELY_ERRORED_SECONDS_LINE","parameterNative":"SES-L","pmResourceId":"STTP-2-13-17","port":"17","shelf":"2","slot":"13"},"values":{"2025-09-17T00:00:00Z":{"value":0,"binStateNative":"ADJ","condition":"OK"}}}},{"attributes":{"tags":{"direction":"TRANSMIT","directionNative":"TRMT","displayName":"HIKA-C6500-2","facilityName":"STTP-2-13-17","facilityNameNative":"STTP-2-13-17","granularity":"15_MINUTE","granularityNative":"15-MIN","location":"NEAR_END","locationNative":"NEND","longname":"HIKA-C6500-2","networkElementID":"deb5582c-2835-3257-bf13-8cfaf0f10873","networkElementName":"HIKA-C6500-2","parameter":"SEVERELY_ERRORED_SECONDS_LINE","parameterNative":"SES-L","pmResourceId":"STTP-2-13-17","port":"17","shelf":"2","slot":"13"},"values":{"2025-09-17T00:00:00Z":{"value":0,"binStateNative":"COMPL","condition":"OK"}}}},{"attributes":{"tags":{"direction":"RECEIVE","directionNative":"RCV","displayName":"HIKA-C6500-2","facilityName":"STTP-2-13-17","facilityNameNative":"STTP-2-13-17","granularity":"15_MINUTE","granularityNative":"15-MIN","location":"NEAR_END","locationNative":"NEND","longname":"HIKA-C6500-2","networkElementID":"deb5582c-2835-3257-bf13-8cfaf0f10873","networkElementName":"HIKA-C6500-2","parameter":"UNAVAILABLE_SECONDS_LINE","parameterNative":"UAS-L","pmResourceId":"STTP-2-13-17","port":"17","shelf":"2","slot":"13"},"values":{"2025-09-17T00:00:00Z":{"value":900,"binStateNative":"COMPL","condition":"OK"}}}},{"attributes":{"tags":{"direction":"RECEIVE","directionNative":"RCV","displayName":"HIKA-C6500-2","facilityName":"STTP-2-13-17","facilityNameNative":"STTP-2-13-17","granularity":"15_MINUTE","granularityNative":"15-MIN","location":"FAR_END","locationNative":"FEND","longname":"HIKA-C6500-2","networkElementID":"deb5582c-2835-3257-bf13-8cfaf0f10873","networkElementName":"HIKA-C6500-2","parameter":"UNAVAILABLE_SECONDS_LINE","parameterNative":"UAS-L","pmResourceId":"STTP-2-13-17","port":"17","shelf":"2","slot":"13"},"values":{"2025-09-17T00:00:00Z":{"value":0,"binStateNative":"ADJ","condition":"OK"}}}},{"attributes":{"tags":{"direction":"TRANSMIT","directionNative":"TRMT","displayName":"HIKA-C6500-2","facilityName":"STTP-2-13-17","facilityNameNative":"STTP-2-13-17","granularity":"15_MINUTE","granularityNative":"15-MIN","location":"NEAR_END","locationNative":"NEND","longname":"HIKA-C6500-2","networkElementID":"deb5582c-2835-3257-bf13-8cfaf0f10873","networkElementName":"HIKA-C6500-2","parameter":"UNAVAILABLE_SECONDS_LINE","parameterNative":"UAS-L","pmResourceId":"STTP-2-13-17","port":"17","shelf":"2","slot":"13"},"values":{"2025-09-17T00:00:00Z":{"value":900,"binStateNative":"COMPL","condition":"OK"}}}}],"links":{"nextInterval":"/pm/api/v3/query/metrics?start=1758067200000\u0026end=1758067200000\u0026cursor=0","previousInterval":"/pm/api/v3/query/metrics?start=1758067200000\u0026end=1758067200000\u0026cursor=0","self":"/pm/api/v3/query/metrics?start=1758067200000\u0026end=1758067200000\u0026cursor=0"}}], [MMF-BX1117], [HIKA:STTP-2-13-17], [STTP-2-13-17], [15_MINUTE], [UNAVAILABLE_SECONDS_LINE], [2025-09-17T00:00], [2025/09/17 00:00:00.000], [900], [HIKA:STTP-2-13-17], [900.0], [900.0], [0.0], [0.0], [0.0], [0.0], [0.0], [0.0]
2025/09/17 02:23:19 - tems_och.0 - 
2025/09/17 02:23:19 - tems_och.0 - Error inserting/updating row
2025/09/17 02:23:19 - tems_och.0 - (conn=5566560) Duplicate entry '2025-09-17 00:00:00-HIKA:STTP-2-13-17-deb5582c-2835-3257-bf13...' for key 'dt_pms_UNIQUE'
2025/09/17 02:23:19 - tems_och.0 - WARNING: Couldn't insert row into table: [46147a67-1425-33bf-a847-7c08224a7811], [USFB], [1], [21], [17], [201], [{"data":[{"attributes":{"tags":{"direction":"RECEIVE","directionNative":"RCV","displayName":"USFB-C6500-1","facilityName":"STTP-1-21-17","facilityNameNative":"STTP-1-21-17","granularity":"15_MINUTE","granularityNative":"15-MIN","location":"FAR_END","locationNative":"FEND","longname":"USFB-C6500-1","networkElementID":"46147a67-1425-33bf-a847-7c08224a7811","networkElementName":"USFB-C6500-1","parameter":"ERRORED_SECONDS_LINE","parameterNative":"ES-L","pmResourceId":"STTP-1-21-17","port":"17","shelf":"1","slot":"21"},"values":{"2025-09-17T00:00:00Z":{"value":0,"binStateNative":"ADJ","condition":"OK"}}}},{"attributes":{"tags":{"direction":"RECEIVE","directionNative":"RCV","displayName":"USFB-C6500-1","facilityName":"STTP-1-21-17","facilityNameNative":"STTP-1-21-17","granularity":"15_MINUTE","granularityNative":"15-MIN","location":"NEAR_END","locationNative":"NEND","longname":"USFB-C6500-1","networkElementID":"46147a67-1425-33bf-a847-7c08224a7811","networkElementName":"USFB-C6500-1","parameter":"ERRORED_SECONDS_LINE","parameterNative":"ES-L","pmResourceId":"STTP-1-21-17","port":"17","shelf":"1","slot":"21"},"values":{"2025-09-17T00:00:00Z":{"value":0,"binStateNative":"COMPL","condition":"OK"}}}},{"attributes":{"tags":{"direction":"TRANSMIT","directionNative":"TRMT","displayName":"USFB-C6500-1","facilityName":"STTP-1-21-17","facilityNameNative":"STTP-1-21-17","granularity":"15_MINUTE","granularityNative":"15-MIN","location":"NEAR_END","locationNative":"NEND","longname":"USFB-C6500-1","networkElementID":"46147a67-1425-33bf-a847-7c08224a7811","networkElementName":"USFB-C6500-1","parameter":"ERRORED_SECONDS_LINE","parameterNative":"ES-L","pmResourceId":"STTP-1-21-17","port":"17","shelf":"1","slot":"21"},"values":{"2025-09-17T00:00:00Z":{"value":0,"binStateNative":"COMPL","condition":"OK"}}}},{"attributes":{"tags":{"direction":"RECEIVE","directionNative":"RCV","displayName":"USFB-C6500-1","facilityName":"STTP-1-21-17","facilityNameNative":"STTP-1-21-17","granularity":"15_MINUTE","granularityNative":"15-MIN","location":"NEAR_END","locationNative":"NEND","longname":"USFB-C6500-1","networkElementID":"46147a67-1425-33bf-a847-7c08224a7811","networkElementName":"USFB-C6500-1","parameter":"FAILURE_COUNT_LINE","parameterNative":"FC-L","pmResourceId":"STTP-1-21-17","port":"17","shelf":"1","slot":"21"},"values":{"2025-09-17T00:00:00Z":{"value":0,"binStateNative":"COMPL","condition":"OK"}}}},{"attributes":{"tags":{"direction":"RECEIVE","directionNative":"RCV","displayName":"USFB-C6500-1","facilityName":"STTP-1-21-17","facilityNameNative":"STTP-1-21-17","granularity":"15_MINUTE","granularityNative":"15-MIN","location":"FAR_END","locationNative":"FEND","longname":"USFB-C6500-1","networkElementID":"46147a67-1425-33bf-a847-7c08224a7811","networkElementName":"USFB-C6500-1","parameter":"FAILURE_COUNT_LINE","parameterNative":"FC-L","pmResourceId":"STTP-1-21-17","port":"17","shelf":"1","slot":"21"},"values":{"2025-09-17T00:00:00Z":{"value":0,"binStateNative":"ADJ","condition":"OK"}}}},{"attributes":{"tags":{"direction":"TRANSMIT","directionNative":"TRMT","displayName":"USFB-C6500-1","facilityName":"STTP-1-21-17","facilityNameNative":"STTP-1-21-17","granularity":"15_MINUTE","granularityNative":"15-MIN","location":"NEAR_END","locationNative":"NEND","longname":"USFB-C6500-1","networkElementID":"46147a67-1425-33bf-a847-7c08224a7811","networkElementName":"USFB-C6500-1","parameter":"FAILURE_COUNT_LINE","parameterNative":"FC-L","pmResourceId":"STTP-1-21-17","port":"17","shelf":"1","slot":"21"},"values":{"2025-09-17T00:00:00Z":{"value":0,"binStateNative":"COMPL","condition":"OK"}}}},{"attributes":{"tags":{"direction":"RECEIVE","directionNative":"RCV","displayName":"USFB-C6500-1","facilityName":"STTP-1-21-17","facilityNameNative":"STTP-1-21-17","granularity":"15_MINUTE","granularityNative":"15-MIN","location":"NEAR_END","locationNative":"NEND","longname":"USFB-C6500-1","networkElementID":"46147a67-1425-33bf-a847-7c08224a7811","networkElementName":"USFB-C6500-1","parameter":"SEVERELY_ERRORED_SECONDS_LINE","parameterNative":"SES-L","pmResourceId":"STTP-1-21-17","port":"17","shelf":"1","slot":"21"},"values":{"2025-09-17T00:00:00Z":{"value":0,"binStateNative":"COMPL","condition":"OK"}}}},{"attributes":{"tags":{"direction":"RECEIVE","directionNative":"RCV","displayName":"USFB-C6500-1","facilityName":"STTP-1-21-17","facilityNameNative":"STTP-1-21-17","granularity":"15_MINUTE","granularityNative":"15-MIN","location":"FAR_END","locationNative":"FEND","longname":"USFB-C6500-1","networkElementID":"46147a67-1425-33bf-a847-7c08224a7811","networkElementName":"USFB-C6500-1","parameter":"SEVERELY_ERRORED_SECONDS_LINE","parameterNative":"SES-L","pmResourceId":"STTP-1-21-17","port":"17","shelf":"1","slot":"21"},"values":{"2025-09-17T00:00:00Z":{"value":0,"binStateNative":"ADJ","condition":"OK"}}}},{"attributes":{"tags":{"direction":"TRANSMIT","directionNative":"TRMT","displayName":"USFB-C6500-1","facilityName":"STTP-1-21-17","facilityNameNative":"STTP-1-21-17","granularity":"15_MINUTE","granularityNative":"15-MIN","location":"NEAR_END","locationNative":"NEND","longname":"USFB-C6500-1","networkElementID":"46147a67-1425-33bf-a847-7c08224a7811","networkElementName":"USFB-C6500-1","parameter":"SEVERELY_ERRORED_SECONDS_LINE","parameterNative":"SES-L","pmResourceId":"STTP-1-21-17","port":"17","shelf":"1","slot":"21"},"values":{"2025-09-17T00:00:00Z":{"value":0,"binStateNative":"COMPL","condition":"OK"}}}},{"attributes":{"tags":{"direction":"RECEIVE","directionNative":"RCV","displayName":"USFB-C6500-1","facilityName":"STTP-1-21-17","facilityNameNative":"STTP-1-21-17","granularity":"15_MINUTE","granularityNative":"15-MIN","location":"NEAR_END","locationNative":"NEND","longname":"USFB-C6500-1","networkElementID":"46147a67-1425-33bf-a847-7c08224a7811","networkElementName":"USFB-C6500-1","parameter":"UNAVAILABLE_SECONDS_LINE","parameterNative":"UAS-L","pmResourceId":"STTP-1-21-17","port":"17","shelf":"1","slot":"21"},"values":{"2025-09-17T00:00:00Z":{"value":900,"binStateNative":"COMPL","condition":"OK"}}}},{"attributes":{"tags":{"direction":"RECEIVE","directionNative":"RCV","displayName":"USFB-C6500-1","facilityName":"STTP-1-21-17","facilityNameNative":"STTP-1-21-17","granularity":"15_MINUTE","granularityNative":"15-MIN","location":"FAR_END","locationNative":"FEND","longname":"USFB-C6500-1","networkElementID":"46147a67-1425-33bf-a847-7c08224a7811","networkElementName":"USFB-C6500-1","parameter":"UNAVAILABLE_SECONDS_LINE","parameterNative":"UAS-L","pmResourceId":"STTP-1-21-17","port":"17","shelf":"1","slot":"21"},"values":{"2025-09-17T00:00:00Z":{"value":0,"binStateNative":"ADJ","condition":"OK"}}}},{"attributes":{"tags":{"direction":"TRANSMIT","directionNative":"TRMT","displayName":"USFB-C6500-1","facilityName":"STTP-1-21-17","facilityNameNative":"STTP-1-21-17","granularity":"15_MINUTE","granularityNative":"15-MIN","location":"NEAR_END","locationNative":"NEND","longname":"USFB-C6500-1","networkElementID":"46147a67-1425-33bf-a847-7c08224a7811","networkElementName":"USFB-C6500-1","parameter":"UNAVAILABLE_SECONDS_LINE","parameterNative":"UAS-L","pmResourceId":"STTP-1-21-17","port":"17","shelf":"1","slot":"21"},"values":{"2025-09-17T00:00:00Z":{"value":900,"binStateNative":"COMPL","condition":"OK"}}}}],"links":{"nextInterval":"/pm/api/v3/query/metrics?start=1758067200000\u0026end=1758067200000\u0026cursor=0","previousInterval":"/pm/api/v3/query/metrics?start=1758067200000\u0026end=1758067200000\u0026cursor=0","self":"/pm/api/v3/query/metrics?start=1758067200000\u0026end=1758067200000\u0026cursor=0"}}], [MMF-BX1117], [USFB:STTP-1-21-17], [STTP-1-21-17], [15_MINUTE], [UNAVAILABLE_SECONDS_LINE], [2025-09-17T00:00], [2025/09/17 00:00:00.000], [900], [USFB:STTP-1-21-17], [900.0], [900.0], [0.0], [0.0], [0.0], [0.0], [0.0], [0.0]
2025/09/17 02:23:19 - tems_och.0 - 
2025/09/17 02:23:19 - tems_och.0 - Error inserting/updating row
2025/09/17 02:23:19 - tems_och.0 - (conn=5566560) Duplicate entry '2025-09-17 00:00:00-USFB:STTP-1-21-17-46147a67-1425-33bf-a847...' for key 'dt_pms_UNIQUE'
2025/09/17 02:23:19 - Mapping output specification.0 - Finished processing (I=0, O=0, R=2, W=2, U=0, E=0)
2025/09/17 02:23:19 - tems_och.0 - Finished processing (I=0, O=2, R=2, W=2, U=0, E=0)
2025/09/17 02:23:19 - Ciena PM.0 - Finished processing (I=0, O=0, R=2, W=2, U=0, E=0)
2025/09/17 02:23:19 - REST_Call_and_Load_Ciena_to_DB - Starting entry [DUMMY 2]
2025/09/17 02:23:19 - REST_Call_and_Load_Ciena_to_DB - Finished job entry [DUMMY 2] (result=[true])
2025/09/17 02:23:19 - REST_Call_and_Load_Ciena_to_DB - Finished job entry [ExtractData-6500-STTP-Serv] (result=[true])
2025/09/17 02:23:19 - REST_Call_and_Load_Ciena_to_DB - Finished job entry [LoadConfiguration] (result=[true])
2025/09/17 02:23:19 - REST_Call_and_Load_Ciena_to_DB - Job execution finished
2025/09/17 02:23:19 - Kitchen - Finished!
2025/09/17 02:23:19 - Kitchen - Start=2025/09/17 02:23:15.086, Stop=2025/09/17 02:23:19.990
2025/09/17 02:23:19 - Kitchen - Processing ended after 4 seconds.
#######################################################################
WARNING:  no libwebkitgtk-1.0 detected, some features will be unavailable
    Consider installing the package with apt-get or yum.
    e.g. 'sudo apt-get install libwebkitgtk-1.0-0'
#######################################################################
2025/09/17 02:37:10 - Kitchen - Start of run.
2025/09/17 02:37:16 - REST_Call_and_Load_Ciena_to_DB - Start of job execution
2025/09/17 02:37:16 - REST_Call_and_Load_Ciena_to_DB - Starting entry [LoadConfiguration]
2025/09/17 02:37:16 - LoadConfiguration - Using run configuration [Pentaho local]
2025/09/17 02:37:16 - ciena_load_configuration - Dispatching started for transformation [ciena_load_configuration]
2025/09/17 02:37:17 - Property Input.0 - Finished processing (I=26, O=0, R=0, W=26, U=0, E=0)
2025/09/17 02:37:17 - Row denormaliser.0 - Finished processing (I=0, O=0, R=26, W=1, U=0, E=0)
2025/09/17 02:37:17 - Set Variables.0 - Setting environment variables...
2025/09/17 02:37:17 - Set Variables.0 - Set variable TARGET_DB_IP to value [ausy-db-mdb-oss-m2.local.hawaiki.co.nz]
2025/09/17 02:37:17 - Set Variables.0 - Set variable TARGET_DB_NAME to value [pm_db]
2025/09/17 02:37:17 - Set Variables.0 - Set variable TARGET_DB_PORT to value [3306]
2025/09/17 02:37:17 - Set Variables.0 - Set variable TARGET_DB_USER to value [mediation_rw]
2025/09/17 02:37:17 - Set Variables.0 - Set variable TARGET_DB_PASS to value [RKbZ4NzQJrL20tmu]
2025/09/17 02:37:17 - Set Variables.0 - Set variable TARGET_USERNAME to value [ics-radapi]
2025/09/17 02:37:17 - Set Variables.0 - Set variable TARGET_PASSWORD to value [fE8aXgHbFBba]
2025/09/17 02:37:17 - Set Variables.0 - Set variable TARGET_TOKEN_URL to value [http://ncs-ausy.local.bw-digital.com/tron/api/v1/oauth2/tokens]
2025/09/17 02:37:17 - Set Variables.0 - Set variable TARGET_PM_URL to value [http://ncs-ausy.local.bw-digital.com/pm/api/v3/query/metrics]
2025/09/17 02:37:17 - Set Variables.0 - Set variable TARGET_EMAIL_DESTINATION_ADDRESS to value [itdev@hawaikicable.co.nz operations-noc@hawaikicable.co.nz]
2025/09/17 02:37:17 - Set Variables.0 - Set variable TARGET_EMAIL_SENDER_ADDRESS to value [no-reply@bw-digital.com]
2025/09/17 02:37:17 - Set Variables.0 - Set variable TARGET_EMAIL_SMTP_SERVER to value [smtp.office365.com]
2025/09/17 02:37:17 - Set Variables.0 - Set variable TARGET_EMAIL_PORT to value [587]
2025/09/17 02:37:17 - Set Variables.0 - Set variable TARGET_EMAIL_SMTP_PASSWORD to value [JkKL7+su&=wybsLGjnY@&j5ZV^e_C^J&%LvqrdQk]
2025/09/17 02:37:17 - Set Variables.0 - Set variable TARGET_EMAIL_SUBJECT to value [Missing PM Sources - Ciena WS Production - 10.7.2.104]
2025/09/17 02:37:17 - Set Variables.0 - Set variable TARGET-SLEEP_AFTER_REST_ATTEMPT to value [Y]
2025/09/17 02:37:17 - Set Variables.0 - Set variable TARGET_SLEEP_TIMER to value [3.0]
2025/09/17 02:37:17 - Set Variables.0 - Set variable TARGET_DURATION_DAYS to value [2.0]
2025/09/17 02:37:17 - Set Variables.0 - Set variable TARGET_BINSTATE_LOG to value [Y]
2025/09/17 02:37:17 - Set Variables.0 - Set variable TARGET_DATE_START to value [2025-09-17]
2025/09/17 02:37:17 - Set Variables.0 - Set variable TARGET_DATE_END to value [2025-09-17]
2025/09/17 02:37:17 - Set Variables.0 - Finished after 1 rows.
2025/09/17 02:37:17 - Set Variables.0 - Finished processing (I=0, O=0, R=1, W=1, U=0, E=0)
2025/09/17 02:37:17 - REST_Call_and_Load_Ciena_to_DB - Starting entry [ExtractData-6500-STTP-Serv]
2025/09/17 02:37:17 - ExtractData-6500-STTP-Serv - Using run configuration [Pentaho local]
2025/09/17 02:37:17 - ciena_report_extraction - Dispatching started for transformation [ciena_report_extraction]
2025/09/17 02:37:17 - ciena_token - Dispatching started for transformation [ciena_token]
2025/09/17 02:37:17 - ciena_pm - Dispatching started for transformation [ciena_pm]
2025/09/17 02:37:18 - tems_och.0 - Connected to database [db] (commit=1)
2025/09/17 02:37:18 - Table output.0 - Connected to database [db] (commit=1000)
2025/09/17 02:37:18 - Generate Rows.0 - Finished processing (I=0, O=0, R=0, W=1, U=0, E=0)
2025/09/17 02:37:18 - Mapping input specification.0 - Finished processing (I=0, O=0, R=1, W=1, U=0, E=0)
2025/09/17 02:37:18 - Table input.0 - Finished reading query, closing connection
2025/09/17 02:37:18 - Table input.0 - Finished reading query, closing connection
2025/09/17 02:37:18 - Table input.0 - Finished processing (I=5, O=0, R=0, W=5, U=0, E=0)
2025/09/17 02:37:18 - Table input.0 - Finished processing (I=2, O=0, R=0, W=2, U=0, E=0)
2025/09/17 02:37:18 - Join Rows (cartesian product).0 - Finished processing (I=0, O=0, R=6, W=5, U=0, E=0)
2025/09/17 02:37:18 - Identify last row in a stream.0 - Finished processing (I=0, O=0, R=5, W=5, U=0, E=0)
2025/09/17 02:37:18 - Filter rows 2.0 - Finished processing (I=0, O=0, R=5, W=5, U=0, E=0)
2025/09/17 02:37:18 - Dummy (do nothing).0 - Finished processing (I=0, O=0, R=4, W=4, U=0, E=0)
2025/09/17 02:37:18 - Token is valid.0 - 
2025/09/17 02:37:18 - Token is valid.0 - ------------> Linenr 1------------------------------
2025/09/17 02:37:18 - Token is valid.0 - #################### Token is Valid ####################
2025/09/17 02:37:18 - Token is valid.0 - 
2025/09/17 02:37:18 - Token is valid.0 - expirationTime = 2025/10/09 00:53:39.000000000
2025/09/17 02:37:18 - Token is valid.0 - 
2025/09/17 02:37:18 - Token is valid.0 - ====================
2025/09/17 02:37:18 - Filter rows.0 - Finished processing (I=0, O=0, R=1, W=1, U=0, E=0)
2025/09/17 02:37:18 - Select values.0 - Finished processing (I=0, O=0, R=1, W=1, U=0, E=0)
2025/09/17 02:37:18 - Token is valid.0 - Finished processing (I=0, O=0, R=1, W=1, U=0, E=0)
2025/09/17 02:37:18 - Merge Rows (diff).0 - Finished processing (I=0, O=0, R=1, W=1, U=0, E=0)
2025/09/17 02:37:18 - Final Result.0 - 
2025/09/17 02:37:18 - Final Result.0 - ------------> Linenr 1------------------------------
2025/09/17 02:37:18 - Final Result.0 - #################### Token is Ready to Use ####################
2025/09/17 02:37:18 - Final Result.0 - 
2025/09/17 02:37:18 - Final Result.0 - expirationTime = 2025/10/09 00:53:39.000000000
2025/09/17 02:37:18 - Final Result.0 - 
2025/09/17 02:37:18 - Final Result.0 - ====================
2025/09/17 02:37:18 - Final Result.0 - Finished processing (I=0, O=0, R=1, W=1, U=0, E=0)
2025/09/17 02:37:18 - Mapping output specification.0 - Finished processing (I=0, O=0, R=1, W=1, U=0, E=0)
2025/09/17 02:37:18 - Select values.0 - Finished processing (I=0, O=0, R=1, W=1, U=0, E=0)
2025/09/17 02:37:18 - Ciena Token.0 - Finished processing (I=0, O=0, R=1, W=1, U=0, E=0)
2025/09/17 02:37:19 - Modified Java Script Value 2.0 - Optimization level set to 9.
2025/09/17 02:37:19 - Join Rows (cartesian product).0 - Finished processing (I=0, O=0, R=3, W=2, U=0, E=0)
2025/09/17 02:37:19 - Specification.0 - Finished processing (I=0, O=0, R=2, W=2, U=0, E=0)
2025/09/17 02:37:19 - Get Variables 2.0 - Finished processing (I=0, O=0, R=2, W=2, U=0, E=0)
2025/09/17 02:37:19 - Modified Java Script Value 2.0 - Finished processing (I=0, O=0, R=2, W=2, U=0, E=0)
2025/09/17 02:37:19 - Select values 2 2.0 - Finished processing (I=0, O=0, R=2, W=2, U=0, E=0)
2025/09/17 02:37:19 - Replace in string.0 - Finished processing (I=0, O=0, R=2, W=2, U=0, E=0)
2025/09/17 02:37:20 - Modified Java Script Value.0 - Optimization level set to 9.
2025/09/17 02:37:20 - REST First Attempt.0 - Finished processing (I=0, O=0, R=2, W=2, U=0, E=0)
2025/09/17 02:37:20 - Filter rows 2.0 - Finished processing (I=0, O=0, R=2, W=2, U=0, E=0)
2025/09/17 02:37:20 - Select values 3.0 - Finished processing (I=0, O=0, R=2, W=2, U=0, E=0)
2025/09/17 02:37:20 - Dummy (do nothing) 2.0 - Finished processing (I=0, O=0, R=2, W=2, U=0, E=0)
2025/09/17 02:37:20 - JSON Input.0 - Finished processing (I=24, O=0, R=2, W=24, U=0, E=0)
2025/09/17 02:37:20 - Replace in string 1.0 - Finished processing (I=0, O=0, R=24, W=24, U=0, E=0)
2025/09/17 02:37:20 - Replace in strings.0 - Finished processing (I=0, O=0, R=24, W=24, U=0, E=0)
2025/09/17 02:37:20 - Split Fields 1.0 - Finished processing (I=0, O=0, R=24, W=24, U=0, E=0)
2025/09/17 02:37:20 - Filter rows.0 - Finished processing (I=0, O=0, R=24, W=24, U=0, E=0)
2025/09/17 02:37:20 - Strings cut.0 - Finished processing (I=0, O=0, R=24, W=24, U=0, E=0)
2025/09/17 02:37:20 - Select values 2.0 - Finished processing (I=0, O=0, R=24, W=24, U=0, E=0)
2025/09/17 02:37:20 - Modified Java Script Value.0 - Finished processing (I=0, O=0, R=24, W=24, U=0, E=0)
2025/09/17 02:37:21 - User Defined Java Expression.0 - Finished processing (I=0, O=0, R=24, W=24, U=0, E=0)
2025/09/17 02:37:21 - Select values.0 - Finished processing (I=0, O=0, R=24, W=24, U=0, E=0)
2025/09/17 02:37:21 - Sort rows.0 - Finished processing (I=0, O=0, R=24, W=24, U=0, E=0)
2025/09/17 02:37:21 - Filter rows 3.0 - Finished processing (I=0, O=0, R=24, W=24, U=0, E=0)
2025/09/17 02:37:21 - Row denormaliser.0 - Finished processing (I=0, O=0, R=16, W=4, U=0, E=0)
2025/09/17 02:37:21 - Dummy (do nothing) 3 2.0 - Finished processing (I=0, O=0, R=8, W=8, U=0, E=0)
2025/09/17 02:37:21 - Sort rows 2.0 - Finished processing (I=0, O=0, R=4, W=4, U=0, E=0)
2025/09/17 02:37:21 - Row denormaliser 2.0 - Finished processing (I=0, O=0, R=4, W=2, U=0, E=0)
2025/09/17 02:37:21 - tems_och.0 - WARNING: Couldn't insert row into table: [deb5582c-2835-3257-bf13-8cfaf0f10873], [HIKA], [2], [13], [17], [201], [{"data":[{"attributes":{"tags":{"direction":"RECEIVE","directionNative":"RCV","displayName":"HIKA-C6500-2","facilityName":"STTP-2-13-17","facilityNameNative":"STTP-2-13-17","granularity":"15_MINUTE","granularityNative":"15-MIN","location":"NEAR_END","locationNative":"NEND","longname":"HIKA-C6500-2","networkElementID":"deb5582c-2835-3257-bf13-8cfaf0f10873","networkElementName":"HIKA-C6500-2","parameter":"ERRORED_SECONDS_LINE","parameterNative":"ES-L","pmResourceId":"STTP-2-13-17","port":"17","shelf":"2","slot":"13"},"values":{"2025-09-17T00:00:00Z":{"value":0,"binStateNative":"COMPL","condition":"OK"}}}},{"attributes":{"tags":{"direction":"RECEIVE","directionNative":"RCV","displayName":"HIKA-C6500-2","facilityName":"STTP-2-13-17","facilityNameNative":"STTP-2-13-17","granularity":"15_MINUTE","granularityNative":"15-MIN","location":"FAR_END","locationNative":"FEND","longname":"HIKA-C6500-2","networkElementID":"deb5582c-2835-3257-bf13-8cfaf0f10873","networkElementName":"HIKA-C6500-2","parameter":"ERRORED_SECONDS_LINE","parameterNative":"ES-L","pmResourceId":"STTP-2-13-17","port":"17","shelf":"2","slot":"13"},"values":{"2025-09-17T00:00:00Z":{"value":0,"binStateNative":"ADJ","condition":"OK"}}}},{"attributes":{"tags":{"direction":"TRANSMIT","directionNative":"TRMT","displayName":"HIKA-C6500-2","facilityName":"STTP-2-13-17","facilityNameNative":"STTP-2-13-17","granularity":"15_MINUTE","granularityNative":"15-MIN","location":"NEAR_END","locationNative":"NEND","longname":"HIKA-C6500-2","networkElementID":"deb5582c-2835-3257-bf13-8cfaf0f10873","networkElementName":"HIKA-C6500-2","parameter":"ERRORED_SECONDS_LINE","parameterNative":"ES-L","pmResourceId":"STTP-2-13-17","port":"17","shelf":"2","slot":"13"},"values":{"2025-09-17T00:00:00Z":{"value":0,"binStateNative":"COMPL","condition":"OK"}}}},{"attributes":{"tags":{"direction":"RECEIVE","directionNative":"RCV","displayName":"HIKA-C6500-2","facilityName":"STTP-2-13-17","facilityNameNative":"STTP-2-13-17","granularity":"15_MINUTE","granularityNative":"15-MIN","location":"NEAR_END","locationNative":"NEND","longname":"HIKA-C6500-2","networkElementID":"deb5582c-2835-3257-bf13-8cfaf0f10873","networkElementName":"HIKA-C6500-2","parameter":"FAILURE_COUNT_LINE","parameterNative":"FC-L","pmResourceId":"STTP-2-13-17","port":"17","shelf":"2","slot":"13"},"values":{"2025-09-17T00:00:00Z":{"value":0,"binStateNative":"COMPL","condition":"OK"}}}},{"attributes":{"tags":{"direction":"RECEIVE","directionNative":"RCV","displayName":"HIKA-C6500-2","facilityName":"STTP-2-13-17","facilityNameNative":"STTP-2-13-17","granularity":"15_MINUTE","granularityNative":"15-MIN","location":"FAR_END","locationNative":"FEND","longname":"HIKA-C6500-2","networkElementID":"deb5582c-2835-3257-bf13-8cfaf0f10873","networkElementName":"HIKA-C6500-2","parameter":"FAILURE_COUNT_LINE","parameterNative":"FC-L","pmResourceId":"STTP-2-13-17","port":"17","shelf":"2","slot":"13"},"values":{"2025-09-17T00:00:00Z":{"value":0,"binStateNative":"ADJ","condition":"OK"}}}},{"attributes":{"tags":{"direction":"TRANSMIT","directionNative":"TRMT","displayName":"HIKA-C6500-2","facilityName":"STTP-2-13-17","facilityNameNative":"STTP-2-13-17","granularity":"15_MINUTE","granularityNative":"15-MIN","location":"NEAR_END","locationNative":"NEND","longname":"HIKA-C6500-2","networkElementID":"deb5582c-2835-3257-bf13-8cfaf0f10873","networkElementName":"HIKA-C6500-2","parameter":"FAILURE_COUNT_LINE","parameterNative":"FC-L","pmResourceId":"STTP-2-13-17","port":"17","shelf":"2","slot":"13"},"values":{"2025-09-17T00:00:00Z":{"value":0,"binStateNative":"COMPL","condition":"OK"}}}},{"attributes":{"tags":{"direction":"RECEIVE","directionNative":"RCV","displayName":"HIKA-C6500-2","facilityName":"STTP-2-13-17","facilityNameNative":"STTP-2-13-17","granularity":"15_MINUTE","granularityNative":"15-MIN","location":"NEAR_END","locationNative":"NEND","longname":"HIKA-C6500-2","networkElementID":"deb5582c-2835-3257-bf13-8cfaf0f10873","networkElementName":"HIKA-C6500-2","parameter":"SEVERELY_ERRORED_SECONDS_LINE","parameterNative":"SES-L","pmResourceId":"STTP-2-13-17","port":"17","shelf":"2","slot":"13"},"values":{"2025-09-17T00:00:00Z":{"value":0,"binStateNative":"COMPL","condition":"OK"}}}},{"attributes":{"tags":{"direction":"RECEIVE","directionNative":"RCV","displayName":"HIKA-C6500-2","facilityName":"STTP-2-13-17","facilityNameNative":"STTP-2-13-17","granularity":"15_MINUTE","granularityNative":"15-MIN","location":"FAR_END","locationNative":"FEND","longname":"HIKA-C6500-2","networkElementID":"deb5582c-2835-3257-bf13-8cfaf0f10873","networkElementName":"HIKA-C6500-2","parameter":"SEVERELY_ERRORED_SECONDS_LINE","parameterNative":"SES-L","pmResourceId":"STTP-2-13-17","port":"17","shelf":"2","slot":"13"},"values":{"2025-09-17T00:00:00Z":{"value":0,"binStateNative":"ADJ","condition":"OK"}}}},{"attributes":{"tags":{"direction":"TRANSMIT","directionNative":"TRMT","displayName":"HIKA-C6500-2","facilityName":"STTP-2-13-17","facilityNameNative":"STTP-2-13-17","granularity":"15_MINUTE","granularityNative":"15-MIN","location":"NEAR_END","locationNative":"NEND","longname":"HIKA-C6500-2","networkElementID":"deb5582c-2835-3257-bf13-8cfaf0f10873","networkElementName":"HIKA-C6500-2","parameter":"SEVERELY_ERRORED_SECONDS_LINE","parameterNative":"SES-L","pmResourceId":"STTP-2-13-17","port":"17","shelf":"2","slot":"13"},"values":{"2025-09-17T00:00:00Z":{"value":0,"binStateNative":"COMPL","condition":"OK"}}}},{"attributes":{"tags":{"direction":"RECEIVE","directionNative":"RCV","displayName":"HIKA-C6500-2","facilityName":"STTP-2-13-17","facilityNameNative":"STTP-2-13-17","granularity":"15_MINUTE","granularityNative":"15-MIN","location":"NEAR_END","locationNative":"NEND","longname":"HIKA-C6500-2","networkElementID":"deb5582c-2835-3257-bf13-8cfaf0f10873","networkElementName":"HIKA-C6500-2","parameter":"UNAVAILABLE_SECONDS_LINE","parameterNative":"UAS-L","pmResourceId":"STTP-2-13-17","port":"17","shelf":"2","slot":"13"},"values":{"2025-09-17T00:00:00Z":{"value":900,"binStateNative":"COMPL","condition":"OK"}}}},{"attributes":{"tags":{"direction":"RECEIVE","directionNative":"RCV","displayName":"HIKA-C6500-2","facilityName":"STTP-2-13-17","facilityNameNative":"STTP-2-13-17","granularity":"15_MINUTE","granularityNative":"15-MIN","location":"FAR_END","locationNative":"FEND","longname":"HIKA-C6500-2","networkElementID":"deb5582c-2835-3257-bf13-8cfaf0f10873","networkElementName":"HIKA-C6500-2","parameter":"UNAVAILABLE_SECONDS_LINE","parameterNative":"UAS-L","pmResourceId":"STTP-2-13-17","port":"17","shelf":"2","slot":"13"},"values":{"2025-09-17T00:00:00Z":{"value":0,"binStateNative":"ADJ","condition":"OK"}}}},{"attributes":{"tags":{"direction":"TRANSMIT","directionNative":"TRMT","displayName":"HIKA-C6500-2","facilityName":"STTP-2-13-17","facilityNameNative":"STTP-2-13-17","granularity":"15_MINUTE","granularityNative":"15-MIN","location":"NEAR_END","locationNative":"NEND","longname":"HIKA-C6500-2","networkElementID":"deb5582c-2835-3257-bf13-8cfaf0f10873","networkElementName":"HIKA-C6500-2","parameter":"UNAVAILABLE_SECONDS_LINE","parameterNative":"UAS-L","pmResourceId":"STTP-2-13-17","port":"17","shelf":"2","slot":"13"},"values":{"2025-09-17T00:00:00Z":{"value":900,"binStateNative":"COMPL","condition":"OK"}}}}],"links":{"nextInterval":"/pm/api/v3/query/metrics?start=1758067200000\u0026end=1758067200000\u0026cursor=0","previousInterval":"/pm/api/v3/query/metrics?start=1758067200000\u0026end=1758067200000\u0026cursor=0","self":"/pm/api/v3/query/metrics?start=1758067200000\u0026end=1758067200000\u0026cursor=0"}}], [MMF-BX1117], [HIKA:STTP-2-13-17], [STTP-2-13-17], [15_MINUTE], [UNAVAILABLE_SECONDS_LINE], [2025-09-17T00:00], [2025/09/17 00:00:00.000], [900], [HIKA:STTP-2-13-17], [900.0], [900.0], [0.0], [0.0], [0.0], [0.0], [0.0], [0.0]
2025/09/17 02:37:21 - tems_och.0 - 
2025/09/17 02:37:21 - tems_och.0 - Error inserting/updating row
2025/09/17 02:37:21 - tems_och.0 - (conn=5567064) Duplicate entry '2025-09-17 00:00:00-HIKA:STTP-2-13-17-deb5582c-2835-3257-bf13...' for key 'dt_pms_UNIQUE'
2025/09/17 02:37:21 - tems_och.0 - WARNING: Couldn't insert row into table: [46147a67-1425-33bf-a847-7c08224a7811], [USFB], [1], [21], [17], [201], [{"data":[{"attributes":{"tags":{"direction":"RECEIVE","directionNative":"RCV","displayName":"USFB-C6500-1","facilityName":"STTP-1-21-17","facilityNameNative":"STTP-1-21-17","granularity":"15_MINUTE","granularityNative":"15-MIN","location":"FAR_END","locationNative":"FEND","longname":"USFB-C6500-1","networkElementID":"46147a67-1425-33bf-a847-7c08224a7811","networkElementName":"USFB-C6500-1","parameter":"ERRORED_SECONDS_LINE","parameterNative":"ES-L","pmResourceId":"STTP-1-21-17","port":"17","shelf":"1","slot":"21"},"values":{"2025-09-17T00:00:00Z":{"value":0,"binStateNative":"ADJ","condition":"OK"}}}},{"attributes":{"tags":{"direction":"RECEIVE","directionNative":"RCV","displayName":"USFB-C6500-1","facilityName":"STTP-1-21-17","facilityNameNative":"STTP-1-21-17","granularity":"15_MINUTE","granularityNative":"15-MIN","location":"NEAR_END","locationNative":"NEND","longname":"USFB-C6500-1","networkElementID":"46147a67-1425-33bf-a847-7c08224a7811","networkElementName":"USFB-C6500-1","parameter":"ERRORED_SECONDS_LINE","parameterNative":"ES-L","pmResourceId":"STTP-1-21-17","port":"17","shelf":"1","slot":"21"},"values":{"2025-09-17T00:00:00Z":{"value":0,"binStateNative":"COMPL","condition":"OK"}}}},{"attributes":{"tags":{"direction":"TRANSMIT","directionNative":"TRMT","displayName":"USFB-C6500-1","facilityName":"STTP-1-21-17","facilityNameNative":"STTP-1-21-17","granularity":"15_MINUTE","granularityNative":"15-MIN","location":"NEAR_END","locationNative":"NEND","longname":"USFB-C6500-1","networkElementID":"46147a67-1425-33bf-a847-7c08224a7811","networkElementName":"USFB-C6500-1","parameter":"ERRORED_SECONDS_LINE","parameterNative":"ES-L","pmResourceId":"STTP-1-21-17","port":"17","shelf":"1","slot":"21"},"values":{"2025-09-17T00:00:00Z":{"value":0,"binStateNative":"COMPL","condition":"OK"}}}},{"attributes":{"tags":{"direction":"RECEIVE","directionNative":"RCV","displayName":"USFB-C6500-1","facilityName":"STTP-1-21-17","facilityNameNative":"STTP-1-21-17","granularity":"15_MINUTE","granularityNative":"15-MIN","location":"NEAR_END","locationNative":"NEND","longname":"USFB-C6500-1","networkElementID":"46147a67-1425-33bf-a847-7c08224a7811","networkElementName":"USFB-C6500-1","parameter":"FAILURE_COUNT_LINE","parameterNative":"FC-L","pmResourceId":"STTP-1-21-17","port":"17","shelf":"1","slot":"21"},"values":{"2025-09-17T00:00:00Z":{"value":0,"binStateNative":"COMPL","condition":"OK"}}}},{"attributes":{"tags":{"direction":"RECEIVE","directionNative":"RCV","displayName":"USFB-C6500-1","facilityName":"STTP-1-21-17","facilityNameNative":"STTP-1-21-17","granularity":"15_MINUTE","granularityNative":"15-MIN","location":"FAR_END","locationNative":"FEND","longname":"USFB-C6500-1","networkElementID":"46147a67-1425-33bf-a847-7c08224a7811","networkElementName":"USFB-C6500-1","parameter":"FAILURE_COUNT_LINE","parameterNative":"FC-L","pmResourceId":"STTP-1-21-17","port":"17","shelf":"1","slot":"21"},"values":{"2025-09-17T00:00:00Z":{"value":0,"binStateNative":"ADJ","condition":"OK"}}}},{"attributes":{"tags":{"direction":"TRANSMIT","directionNative":"TRMT","displayName":"USFB-C6500-1","facilityName":"STTP-1-21-17","facilityNameNative":"STTP-1-21-17","granularity":"15_MINUTE","granularityNative":"15-MIN","location":"NEAR_END","locationNative":"NEND","longname":"USFB-C6500-1","networkElementID":"46147a67-1425-33bf-a847-7c08224a7811","networkElementName":"USFB-C6500-1","parameter":"FAILURE_COUNT_LINE","parameterNative":"FC-L","pmResourceId":"STTP-1-21-17","port":"17","shelf":"1","slot":"21"},"values":{"2025-09-17T00:00:00Z":{"value":0,"binStateNative":"COMPL","condition":"OK"}}}},{"attributes":{"tags":{"direction":"RECEIVE","directionNative":"RCV","displayName":"USFB-C6500-1","facilityName":"STTP-1-21-17","facilityNameNative":"STTP-1-21-17","granularity":"15_MINUTE","granularityNative":"15-MIN","location":"NEAR_END","locationNative":"NEND","longname":"USFB-C6500-1","networkElementID":"46147a67-1425-33bf-a847-7c08224a7811","networkElementName":"USFB-C6500-1","parameter":"SEVERELY_ERRORED_SECONDS_LINE","parameterNative":"SES-L","pmResourceId":"STTP-1-21-17","port":"17","shelf":"1","slot":"21"},"values":{"2025-09-17T00:00:00Z":{"value":0,"binStateNative":"COMPL","condition":"OK"}}}},{"attributes":{"tags":{"direction":"RECEIVE","directionNative":"RCV","displayName":"USFB-C6500-1","facilityName":"STTP-1-21-17","facilityNameNative":"STTP-1-21-17","granularity":"15_MINUTE","granularityNative":"15-MIN","location":"FAR_END","locationNative":"FEND","longname":"USFB-C6500-1","networkElementID":"46147a67-1425-33bf-a847-7c08224a7811","networkElementName":"USFB-C6500-1","parameter":"SEVERELY_ERRORED_SECONDS_LINE","parameterNative":"SES-L","pmResourceId":"STTP-1-21-17","port":"17","shelf":"1","slot":"21"},"values":{"2025-09-17T00:00:00Z":{"value":0,"binStateNative":"ADJ","condition":"OK"}}}},{"attributes":{"tags":{"direction":"TRANSMIT","directionNative":"TRMT","displayName":"USFB-C6500-1","facilityName":"STTP-1-21-17","facilityNameNative":"STTP-1-21-17","granularity":"15_MINUTE","granularityNative":"15-MIN","location":"NEAR_END","locationNative":"NEND","longname":"USFB-C6500-1","networkElementID":"46147a67-1425-33bf-a847-7c08224a7811","networkElementName":"USFB-C6500-1","parameter":"SEVERELY_ERRORED_SECONDS_LINE","parameterNative":"SES-L","pmResourceId":"STTP-1-21-17","port":"17","shelf":"1","slot":"21"},"values":{"2025-09-17T00:00:00Z":{"value":0,"binStateNative":"COMPL","condition":"OK"}}}},{"attributes":{"tags":{"direction":"RECEIVE","directionNative":"RCV","displayName":"USFB-C6500-1","facilityName":"STTP-1-21-17","facilityNameNative":"STTP-1-21-17","granularity":"15_MINUTE","granularityNative":"15-MIN","location":"NEAR_END","locationNative":"NEND","longname":"USFB-C6500-1","networkElementID":"46147a67-1425-33bf-a847-7c08224a7811","networkElementName":"USFB-C6500-1","parameter":"UNAVAILABLE_SECONDS_LINE","parameterNative":"UAS-L","pmResourceId":"STTP-1-21-17","port":"17","shelf":"1","slot":"21"},"values":{"2025-09-17T00:00:00Z":{"value":900,"binStateNative":"COMPL","condition":"OK"}}}},{"attributes":{"tags":{"direction":"RECEIVE","directionNative":"RCV","displayName":"USFB-C6500-1","facilityName":"STTP-1-21-17","facilityNameNative":"STTP-1-21-17","granularity":"15_MINUTE","granularityNative":"15-MIN","location":"FAR_END","locationNative":"FEND","longname":"USFB-C6500-1","networkElementID":"46147a67-1425-33bf-a847-7c08224a7811","networkElementName":"USFB-C6500-1","parameter":"UNAVAILABLE_SECONDS_LINE","parameterNative":"UAS-L","pmResourceId":"STTP-1-21-17","port":"17","shelf":"1","slot":"21"},"values":{"2025-09-17T00:00:00Z":{"value":0,"binStateNative":"ADJ","condition":"OK"}}}},{"attributes":{"tags":{"direction":"TRANSMIT","directionNative":"TRMT","displayName":"USFB-C6500-1","facilityName":"STTP-1-21-17","facilityNameNative":"STTP-1-21-17","granularity":"15_MINUTE","granularityNative":"15-MIN","location":"NEAR_END","locationNative":"NEND","longname":"USFB-C6500-1","networkElementID":"46147a67-1425-33bf-a847-7c08224a7811","networkElementName":"USFB-C6500-1","parameter":"UNAVAILABLE_SECONDS_LINE","parameterNative":"UAS-L","pmResourceId":"STTP-1-21-17","port":"17","shelf":"1","slot":"21"},"values":{"2025-09-17T00:00:00Z":{"value":900,"binStateNative":"COMPL","condition":"OK"}}}}],"links":{"nextInterval":"/pm/api/v3/query/metrics?start=1758067200000\u0026end=1758067200000\u0026cursor=0","previousInterval":"/pm/api/v3/query/metrics?start=1758067200000\u0026end=1758067200000\u0026cursor=0","self":"/pm/api/v3/query/metrics?start=1758067200000\u0026end=1758067200000\u0026cursor=0"}}], [MMF-BX1117], [USFB:STTP-1-21-17], [STTP-1-21-17], [15_MINUTE], [UNAVAILABLE_SECONDS_LINE], [2025-09-17T00:00], [2025/09/17 00:00:00.000], [900], [USFB:STTP-1-21-17], [900.0], [900.0], [0.0], [0.0], [0.0], [0.0], [0.0], [0.0]
2025/09/17 02:37:21 - tems_och.0 - 
2025/09/17 02:37:21 - tems_och.0 - Error inserting/updating row
2025/09/17 02:37:21 - tems_och.0 - (conn=5567064) Duplicate entry '2025-09-17 00:00:00-USFB:STTP-1-21-17-46147a67-1425-33bf-a847...' for key 'dt_pms_UNIQUE'
2025/09/17 02:37:21 - tems_och.0 - Finished processing (I=0, O=2, R=2, W=2, U=0, E=0)
2025/09/17 02:37:21 - Mapping output specification.0 - Finished processing (I=0, O=0, R=2, W=2, U=0, E=0)
2025/09/17 02:37:21 - Ciena PM.0 - Finished processing (I=0, O=0, R=2, W=2, U=0, E=0)
2025/09/17 02:37:21 - REST_Call_and_Load_Ciena_to_DB - Starting entry [DUMMY 2]
2025/09/17 02:37:21 - REST_Call_and_Load_Ciena_to_DB - Finished job entry [DUMMY 2] (result=[true])
2025/09/17 02:37:21 - REST_Call_and_Load_Ciena_to_DB - Finished job entry [ExtractData-6500-STTP-Serv] (result=[true])
2025/09/17 02:37:21 - REST_Call_and_Load_Ciena_to_DB - Finished job entry [LoadConfiguration] (result=[true])
2025/09/17 02:37:21 - REST_Call_and_Load_Ciena_to_DB - Job execution finished
2025/09/17 02:37:21 - Kitchen - Finished!
2025/09/17 02:37:21 - Kitchen - Start=2025/09/17 02:37:16.286, Stop=2025/09/17 02:37:21.349
2025/09/17 02:37:21 - Kitchen - Processing ended after 5 seconds.
#######################################################################
WARNING:  no libwebkitgtk-1.0 detected, some features will be unavailable
    Consider installing the package with apt-get or yum.
    e.g. 'sudo apt-get install libwebkitgtk-1.0-0'
#######################################################################
2025/09/17 02:51:10 - Kitchen - Start of run.
2025/09/17 02:51:15 - REST_Call_and_Load_Ciena_to_DB - Start of job execution
2025/09/17 02:51:15 - REST_Call_and_Load_Ciena_to_DB - Starting entry [LoadConfiguration]
2025/09/17 02:51:15 - LoadConfiguration - Using run configuration [Pentaho local]
2025/09/17 02:51:15 - ciena_load_configuration - Dispatching started for transformation [ciena_load_configuration]
2025/09/17 02:51:15 - Property Input.0 - Finished processing (I=26, O=0, R=0, W=26, U=0, E=0)
2025/09/17 02:51:15 - Row denormaliser.0 - Finished processing (I=0, O=0, R=26, W=1, U=0, E=0)
2025/09/17 02:51:15 - Set Variables.0 - Setting environment variables...
2025/09/17 02:51:15 - Set Variables.0 - Set variable TARGET_DB_IP to value [ausy-db-mdb-oss-m2.local.hawaiki.co.nz]
2025/09/17 02:51:15 - Set Variables.0 - Set variable TARGET_DB_NAME to value [pm_db]
2025/09/17 02:51:15 - Set Variables.0 - Set variable TARGET_DB_PORT to value [3306]
2025/09/17 02:51:15 - Set Variables.0 - Set variable TARGET_DB_USER to value [mediation_rw]
2025/09/17 02:51:15 - Set Variables.0 - Set variable TARGET_DB_PASS to value [RKbZ4NzQJrL20tmu]
2025/09/17 02:51:15 - Set Variables.0 - Set variable TARGET_USERNAME to value [ics-radapi]
2025/09/17 02:51:15 - Set Variables.0 - Set variable TARGET_PASSWORD to value [fE8aXgHbFBba]
2025/09/17 02:51:15 - Set Variables.0 - Set variable TARGET_TOKEN_URL to value [http://ncs-ausy.local.bw-digital.com/tron/api/v1/oauth2/tokens]
2025/09/17 02:51:15 - Set Variables.0 - Set variable TARGET_PM_URL to value [http://ncs-ausy.local.bw-digital.com/pm/api/v3/query/metrics]
2025/09/17 02:51:15 - Set Variables.0 - Set variable TARGET_EMAIL_DESTINATION_ADDRESS to value [itdev@hawaikicable.co.nz operations-noc@hawaikicable.co.nz]
2025/09/17 02:51:15 - Set Variables.0 - Set variable TARGET_EMAIL_SENDER_ADDRESS to value [no-reply@bw-digital.com]
2025/09/17 02:51:15 - Set Variables.0 - Set variable TARGET_EMAIL_SMTP_SERVER to value [smtp.office365.com]
2025/09/17 02:51:15 - Set Variables.0 - Set variable TARGET_EMAIL_PORT to value [587]
2025/09/17 02:51:15 - Set Variables.0 - Set variable TARGET_EMAIL_SMTP_PASSWORD to value [JkKL7+su&=wybsLGjnY@&j5ZV^e_C^J&%LvqrdQk]
2025/09/17 02:51:15 - Set Variables.0 - Set variable TARGET_EMAIL_SUBJECT to value [Missing PM Sources - Ciena WS Production - 10.7.2.104]
2025/09/17 02:51:15 - Set Variables.0 - Set variable TARGET-SLEEP_AFTER_REST_ATTEMPT to value [Y]
2025/09/17 02:51:15 - Set Variables.0 - Set variable TARGET_SLEEP_TIMER to value [3.0]
2025/09/17 02:51:15 - Set Variables.0 - Set variable TARGET_DURATION_DAYS to value [2.0]
2025/09/17 02:51:15 - Set Variables.0 - Set variable TARGET_BINSTATE_LOG to value [Y]
2025/09/17 02:51:15 - Set Variables.0 - Set variable TARGET_DATE_START to value [2025-09-17]
2025/09/17 02:51:15 - Set Variables.0 - Set variable TARGET_DATE_END to value [2025-09-17]
2025/09/17 02:51:15 - Set Variables.0 - Finished after 1 rows.
2025/09/17 02:51:15 - Set Variables.0 - Finished processing (I=0, O=0, R=1, W=1, U=0, E=0)
2025/09/17 02:51:15 - REST_Call_and_Load_Ciena_to_DB - Starting entry [ExtractData-6500-STTP-Serv]
2025/09/17 02:51:16 - ExtractData-6500-STTP-Serv - Using run configuration [Pentaho local]
2025/09/17 02:51:16 - ciena_report_extraction - Dispatching started for transformation [ciena_report_extraction]
2025/09/17 02:51:16 - ciena_token - Dispatching started for transformation [ciena_token]
2025/09/17 02:51:16 - ciena_pm - Dispatching started for transformation [ciena_pm]
2025/09/17 02:51:17 - tems_och.0 - Connected to database [db] (commit=1)
2025/09/17 02:51:17 - Table output.0 - Connected to database [db] (commit=1000)
2025/09/17 02:51:17 - Generate Rows.0 - Finished processing (I=0, O=0, R=0, W=1, U=0, E=0)
2025/09/17 02:51:17 - Mapping input specification.0 - Finished processing (I=0, O=0, R=1, W=1, U=0, E=0)
2025/09/17 02:51:17 - Table input.0 - Finished reading query, closing connection
2025/09/17 02:51:17 - Table input.0 - Finished reading query, closing connection
2025/09/17 02:51:17 - Table input.0 - Finished processing (I=2, O=0, R=0, W=2, U=0, E=0)
2025/09/17 02:51:17 - Table input.0 - Finished processing (I=5, O=0, R=0, W=5, U=0, E=0)
2025/09/17 02:51:17 - Join Rows (cartesian product).0 - Finished processing (I=0, O=0, R=6, W=5, U=0, E=0)
2025/09/17 02:51:17 - Identify last row in a stream.0 - Finished processing (I=0, O=0, R=5, W=5, U=0, E=0)
2025/09/17 02:51:17 - Filter rows 2.0 - Finished processing (I=0, O=0, R=5, W=5, U=0, E=0)
2025/09/17 02:51:17 - Filter rows.0 - Finished processing (I=0, O=0, R=1, W=1, U=0, E=0)
2025/09/17 02:51:17 - Dummy (do nothing).0 - Finished processing (I=0, O=0, R=4, W=4, U=0, E=0)
2025/09/17 02:51:17 - Select values.0 - Finished processing (I=0, O=0, R=1, W=1, U=0, E=0)
2025/09/17 02:51:17 - Token is valid.0 - 
2025/09/17 02:51:17 - Token is valid.0 - ------------> Linenr 1------------------------------
2025/09/17 02:51:17 - Token is valid.0 - #################### Token is Valid ####################
2025/09/17 02:51:17 - Token is valid.0 - 
2025/09/17 02:51:17 - Token is valid.0 - expirationTime = 2025/10/09 00:53:39.000000000
2025/09/17 02:51:17 - Token is valid.0 - 
2025/09/17 02:51:17 - Token is valid.0 - ====================
2025/09/17 02:51:17 - Token is valid.0 - Finished processing (I=0, O=0, R=1, W=1, U=0, E=0)
2025/09/17 02:51:18 - Merge Rows (diff).0 - Finished processing (I=0, O=0, R=1, W=1, U=0, E=0)
2025/09/17 02:51:18 - Final Result.0 - 
2025/09/17 02:51:18 - Final Result.0 - ------------> Linenr 1------------------------------
2025/09/17 02:51:18 - Final Result.0 - #################### Token is Ready to Use ####################
2025/09/17 02:51:18 - Final Result.0 - 
2025/09/17 02:51:18 - Final Result.0 - expirationTime = 2025/10/09 00:53:39.000000000
2025/09/17 02:51:18 - Final Result.0 - 
2025/09/17 02:51:18 - Final Result.0 - ====================
2025/09/17 02:51:18 - Final Result.0 - Finished processing (I=0, O=0, R=1, W=1, U=0, E=0)
2025/09/17 02:51:18 - Mapping output specification.0 - Finished processing (I=0, O=0, R=1, W=1, U=0, E=0)
2025/09/17 02:51:18 - Select values.0 - Finished processing (I=0, O=0, R=1, W=1, U=0, E=0)
2025/09/17 02:51:18 - Ciena Token.0 - Finished processing (I=0, O=0, R=1, W=1, U=0, E=0)
2025/09/17 02:51:18 - Modified Java Script Value 2.0 - Optimization level set to 9.
2025/09/17 02:51:18 - Join Rows (cartesian product).0 - Finished processing (I=0, O=0, R=3, W=2, U=0, E=0)
2025/09/17 02:51:18 - Specification.0 - Finished processing (I=0, O=0, R=2, W=2, U=0, E=0)
2025/09/17 02:51:18 - Get Variables 2.0 - Finished processing (I=0, O=0, R=2, W=2, U=0, E=0)
2025/09/17 02:51:18 - Modified Java Script Value 2.0 - Finished processing (I=0, O=0, R=2, W=2, U=0, E=0)
2025/09/17 02:51:18 - Select values 2 2.0 - Finished processing (I=0, O=0, R=2, W=2, U=0, E=0)
2025/09/17 02:51:18 - Replace in string.0 - Finished processing (I=0, O=0, R=2, W=2, U=0, E=0)
2025/09/17 02:51:19 - Modified Java Script Value.0 - Optimization level set to 9.
2025/09/17 02:51:19 - REST First Attempt.0 - Finished processing (I=0, O=0, R=2, W=2, U=0, E=0)
2025/09/17 02:51:19 - Filter rows 2.0 - Finished processing (I=0, O=0, R=2, W=2, U=0, E=0)
2025/09/17 02:51:19 - Select values 3.0 - Finished processing (I=0, O=0, R=2, W=2, U=0, E=0)
2025/09/17 02:51:19 - Dummy (do nothing) 2.0 - Finished processing (I=0, O=0, R=2, W=2, U=0, E=0)
2025/09/17 02:51:19 - JSON Input.0 - Finished processing (I=24, O=0, R=2, W=24, U=0, E=0)
2025/09/17 02:51:19 - Replace in string 1.0 - Finished processing (I=0, O=0, R=24, W=24, U=0, E=0)
2025/09/17 02:51:19 - Replace in strings.0 - Finished processing (I=0, O=0, R=24, W=24, U=0, E=0)
2025/09/17 02:51:19 - Split Fields 1.0 - Finished processing (I=0, O=0, R=24, W=24, U=0, E=0)
2025/09/17 02:51:19 - Filter rows.0 - Finished processing (I=0, O=0, R=24, W=24, U=0, E=0)
2025/09/17 02:51:19 - Strings cut.0 - Finished processing (I=0, O=0, R=24, W=24, U=0, E=0)
2025/09/17 02:51:19 - Select values 2.0 - Finished processing (I=0, O=0, R=24, W=24, U=0, E=0)
2025/09/17 02:51:19 - Modified Java Script Value.0 - Finished processing (I=0, O=0, R=24, W=24, U=0, E=0)
2025/09/17 02:51:20 - User Defined Java Expression.0 - Finished processing (I=0, O=0, R=24, W=24, U=0, E=0)
2025/09/17 02:51:20 - Select values.0 - Finished processing (I=0, O=0, R=24, W=24, U=0, E=0)
2025/09/17 02:51:20 - Sort rows.0 - Finished processing (I=0, O=0, R=24, W=24, U=0, E=0)
2025/09/17 02:51:20 - Filter rows 3.0 - Finished processing (I=0, O=0, R=24, W=24, U=0, E=0)
2025/09/17 02:51:20 - Dummy (do nothing) 3 2.0 - Finished processing (I=0, O=0, R=8, W=8, U=0, E=0)
2025/09/17 02:51:20 - Row denormaliser.0 - Finished processing (I=0, O=0, R=16, W=4, U=0, E=0)
2025/09/17 02:51:20 - Sort rows 2.0 - Finished processing (I=0, O=0, R=4, W=4, U=0, E=0)
2025/09/17 02:51:20 - Row denormaliser 2.0 - Finished processing (I=0, O=0, R=4, W=2, U=0, E=0)
2025/09/17 02:51:20 - tems_och.0 - WARNING: Couldn't insert row into table: [deb5582c-2835-3257-bf13-8cfaf0f10873], [HIKA], [2], [13], [17], [201], [{"data":[{"attributes":{"tags":{"direction":"RECEIVE","directionNative":"RCV","displayName":"HIKA-C6500-2","facilityName":"STTP-2-13-17","facilityNameNative":"STTP-2-13-17","granularity":"15_MINUTE","granularityNative":"15-MIN","location":"NEAR_END","locationNative":"NEND","longname":"HIKA-C6500-2","networkElementID":"deb5582c-2835-3257-bf13-8cfaf0f10873","networkElementName":"HIKA-C6500-2","parameter":"ERRORED_SECONDS_LINE","parameterNative":"ES-L","pmResourceId":"STTP-2-13-17","port":"17","shelf":"2","slot":"13"},"values":{"2025-09-17T00:00:00Z":{"value":0,"binStateNative":"COMPL","condition":"OK"}}}},{"attributes":{"tags":{"direction":"RECEIVE","directionNative":"RCV","displayName":"HIKA-C6500-2","facilityName":"STTP-2-13-17","facilityNameNative":"STTP-2-13-17","granularity":"15_MINUTE","granularityNative":"15-MIN","location":"FAR_END","locationNative":"FEND","longname":"HIKA-C6500-2","networkElementID":"deb5582c-2835-3257-bf13-8cfaf0f10873","networkElementName":"HIKA-C6500-2","parameter":"ERRORED_SECONDS_LINE","parameterNative":"ES-L","pmResourceId":"STTP-2-13-17","port":"17","shelf":"2","slot":"13"},"values":{"2025-09-17T00:00:00Z":{"value":0,"binStateNative":"ADJ","condition":"OK"}}}},{"attributes":{"tags":{"direction":"TRANSMIT","directionNative":"TRMT","displayName":"HIKA-C6500-2","facilityName":"STTP-2-13-17","facilityNameNative":"STTP-2-13-17","granularity":"15_MINUTE","granularityNative":"15-MIN","location":"NEAR_END","locationNative":"NEND","longname":"HIKA-C6500-2","networkElementID":"deb5582c-2835-3257-bf13-8cfaf0f10873","networkElementName":"HIKA-C6500-2","parameter":"ERRORED_SECONDS_LINE","parameterNative":"ES-L","pmResourceId":"STTP-2-13-17","port":"17","shelf":"2","slot":"13"},"values":{"2025-09-17T00:00:00Z":{"value":0,"binStateNative":"COMPL","condition":"OK"}}}},{"attributes":{"tags":{"direction":"RECEIVE","directionNative":"RCV","displayName":"HIKA-C6500-2","facilityName":"STTP-2-13-17","facilityNameNative":"STTP-2-13-17","granularity":"15_MINUTE","granularityNative":"15-MIN","location":"NEAR_END","locationNative":"NEND","longname":"HIKA-C6500-2","networkElementID":"deb5582c-2835-3257-bf13-8cfaf0f10873","networkElementName":"HIKA-C6500-2","parameter":"FAILURE_COUNT_LINE","parameterNative":"FC-L","pmResourceId":"STTP-2-13-17","port":"17","shelf":"2","slot":"13"},"values":{"2025-09-17T00:00:00Z":{"value":0,"binStateNative":"COMPL","condition":"OK"}}}},{"attributes":{"tags":{"direction":"RECEIVE","directionNative":"RCV","displayName":"HIKA-C6500-2","facilityName":"STTP-2-13-17","facilityNameNative":"STTP-2-13-17","granularity":"15_MINUTE","granularityNative":"15-MIN","location":"FAR_END","locationNative":"FEND","longname":"HIKA-C6500-2","networkElementID":"deb5582c-2835-3257-bf13-8cfaf0f10873","networkElementName":"HIKA-C6500-2","parameter":"FAILURE_COUNT_LINE","parameterNative":"FC-L","pmResourceId":"STTP-2-13-17","port":"17","shelf":"2","slot":"13"},"values":{"2025-09-17T00:00:00Z":{"value":0,"binStateNative":"ADJ","condition":"OK"}}}},{"attributes":{"tags":{"direction":"TRANSMIT","directionNative":"TRMT","displayName":"HIKA-C6500-2","facilityName":"STTP-2-13-17","facilityNameNative":"STTP-2-13-17","granularity":"15_MINUTE","granularityNative":"15-MIN","location":"NEAR_END","locationNative":"NEND","longname":"HIKA-C6500-2","networkElementID":"deb5582c-2835-3257-bf13-8cfaf0f10873","networkElementName":"HIKA-C6500-2","parameter":"FAILURE_COUNT_LINE","parameterNative":"FC-L","pmResourceId":"STTP-2-13-17","port":"17","shelf":"2","slot":"13"},"values":{"2025-09-17T00:00:00Z":{"value":0,"binStateNative":"COMPL","condition":"OK"}}}},{"attributes":{"tags":{"direction":"RECEIVE","directionNative":"RCV","displayName":"HIKA-C6500-2","facilityName":"STTP-2-13-17","facilityNameNative":"STTP-2-13-17","granularity":"15_MINUTE","granularityNative":"15-MIN","location":"NEAR_END","locationNative":"NEND","longname":"HIKA-C6500-2","networkElementID":"deb5582c-2835-3257-bf13-8cfaf0f10873","networkElementName":"HIKA-C6500-2","parameter":"SEVERELY_ERRORED_SECONDS_LINE","parameterNative":"SES-L","pmResourceId":"STTP-2-13-17","port":"17","shelf":"2","slot":"13"},"values":{"2025-09-17T00:00:00Z":{"value":0,"binStateNative":"COMPL","condition":"OK"}}}},{"attributes":{"tags":{"direction":"RECEIVE","directionNative":"RCV","displayName":"HIKA-C6500-2","facilityName":"STTP-2-13-17","facilityNameNative":"STTP-2-13-17","granularity":"15_MINUTE","granularityNative":"15-MIN","location":"FAR_END","locationNative":"FEND","longname":"HIKA-C6500-2","networkElementID":"deb5582c-2835-3257-bf13-8cfaf0f10873","networkElementName":"HIKA-C6500-2","parameter":"SEVERELY_ERRORED_SECONDS_LINE","parameterNative":"SES-L","pmResourceId":"STTP-2-13-17","port":"17","shelf":"2","slot":"13"},"values":{"2025-09-17T00:00:00Z":{"value":0,"binStateNative":"ADJ","condition":"OK"}}}},{"attributes":{"tags":{"direction":"TRANSMIT","directionNative":"TRMT","displayName":"HIKA-C6500-2","facilityName":"STTP-2-13-17","facilityNameNative":"STTP-2-13-17","granularity":"15_MINUTE","granularityNative":"15-MIN","location":"NEAR_END","locationNative":"NEND","longname":"HIKA-C6500-2","networkElementID":"deb5582c-2835-3257-bf13-8cfaf0f10873","networkElementName":"HIKA-C6500-2","parameter":"SEVERELY_ERRORED_SECONDS_LINE","parameterNative":"SES-L","pmResourceId":"STTP-2-13-17","port":"17","shelf":"2","slot":"13"},"values":{"2025-09-17T00:00:00Z":{"value":0,"binStateNative":"COMPL","condition":"OK"}}}},{"attributes":{"tags":{"direction":"RECEIVE","directionNative":"RCV","displayName":"HIKA-C6500-2","facilityName":"STTP-2-13-17","facilityNameNative":"STTP-2-13-17","granularity":"15_MINUTE","granularityNative":"15-MIN","location":"NEAR_END","locationNative":"NEND","longname":"HIKA-C6500-2","networkElementID":"deb5582c-2835-3257-bf13-8cfaf0f10873","networkElementName":"HIKA-C6500-2","parameter":"UNAVAILABLE_SECONDS_LINE","parameterNative":"UAS-L","pmResourceId":"STTP-2-13-17","port":"17","shelf":"2","slot":"13"},"values":{"2025-09-17T00:00:00Z":{"value":900,"binStateNative":"COMPL","condition":"OK"}}}},{"attributes":{"tags":{"direction":"RECEIVE","directionNative":"RCV","displayName":"HIKA-C6500-2","facilityName":"STTP-2-13-17","facilityNameNative":"STTP-2-13-17","granularity":"15_MINUTE","granularityNative":"15-MIN","location":"FAR_END","locationNative":"FEND","longname":"HIKA-C6500-2","networkElementID":"deb5582c-2835-3257-bf13-8cfaf0f10873","networkElementName":"HIKA-C6500-2","parameter":"UNAVAILABLE_SECONDS_LINE","parameterNative":"UAS-L","pmResourceId":"STTP-2-13-17","port":"17","shelf":"2","slot":"13"},"values":{"2025-09-17T00:00:00Z":{"value":0,"binStateNative":"ADJ","condition":"OK"}}}},{"attributes":{"tags":{"direction":"TRANSMIT","directionNative":"TRMT","displayName":"HIKA-C6500-2","facilityName":"STTP-2-13-17","facilityNameNative":"STTP-2-13-17","granularity":"15_MINUTE","granularityNative":"15-MIN","location":"NEAR_END","locationNative":"NEND","longname":"HIKA-C6500-2","networkElementID":"deb5582c-2835-3257-bf13-8cfaf0f10873","networkElementName":"HIKA-C6500-2","parameter":"UNAVAILABLE_SECONDS_LINE","parameterNative":"UAS-L","pmResourceId":"STTP-2-13-17","port":"17","shelf":"2","slot":"13"},"values":{"2025-09-17T00:00:00Z":{"value":900,"binStateNative":"COMPL","condition":"OK"}}}}],"links":{"nextInterval":"/pm/api/v3/query/metrics?start=1758067200000\u0026end=1758067200000\u0026cursor=0","previousInterval":"/pm/api/v3/query/metrics?start=1758067200000\u0026end=1758067200000\u0026cursor=0","self":"/pm/api/v3/query/metrics?start=1758067200000\u0026end=1758067200000\u0026cursor=0"}}], [MMF-BX1117], [HIKA:STTP-2-13-17], [STTP-2-13-17], [15_MINUTE], [UNAVAILABLE_SECONDS_LINE], [2025-09-17T00:00], [2025/09/17 00:00:00.000], [900], [HIKA:STTP-2-13-17], [900.0], [900.0], [0.0], [0.0], [0.0], [0.0], [0.0], [0.0]
2025/09/17 02:51:20 - tems_och.0 - 
2025/09/17 02:51:20 - tems_och.0 - Error inserting/updating row
2025/09/17 02:51:20 - tems_och.0 - (conn=5567551) Duplicate entry '2025-09-17 00:00:00-HIKA:STTP-2-13-17-deb5582c-2835-3257-bf13...' for key 'dt_pms_UNIQUE'
2025/09/17 02:51:20 - tems_och.0 - WARNING: Couldn't insert row into table: [46147a67-1425-33bf-a847-7c08224a7811], [USFB], [1], [21], [17], [201], [{"data":[{"attributes":{"tags":{"direction":"RECEIVE","directionNative":"RCV","displayName":"USFB-C6500-1","facilityName":"STTP-1-21-17","facilityNameNative":"STTP-1-21-17","granularity":"15_MINUTE","granularityNative":"15-MIN","location":"FAR_END","locationNative":"FEND","longname":"USFB-C6500-1","networkElementID":"46147a67-1425-33bf-a847-7c08224a7811","networkElementName":"USFB-C6500-1","parameter":"ERRORED_SECONDS_LINE","parameterNative":"ES-L","pmResourceId":"STTP-1-21-17","port":"17","shelf":"1","slot":"21"},"values":{"2025-09-17T00:00:00Z":{"value":0,"binStateNative":"ADJ","condition":"OK"}}}},{"attributes":{"tags":{"direction":"RECEIVE","directionNative":"RCV","displayName":"USFB-C6500-1","facilityName":"STTP-1-21-17","facilityNameNative":"STTP-1-21-17","granularity":"15_MINUTE","granularityNative":"15-MIN","location":"NEAR_END","locationNative":"NEND","longname":"USFB-C6500-1","networkElementID":"46147a67-1425-33bf-a847-7c08224a7811","networkElementName":"USFB-C6500-1","parameter":"ERRORED_SECONDS_LINE","parameterNative":"ES-L","pmResourceId":"STTP-1-21-17","port":"17","shelf":"1","slot":"21"},"values":{"2025-09-17T00:00:00Z":{"value":0,"binStateNative":"COMPL","condition":"OK"}}}},{"attributes":{"tags":{"direction":"TRANSMIT","directionNative":"TRMT","displayName":"USFB-C6500-1","facilityName":"STTP-1-21-17","facilityNameNative":"STTP-1-21-17","granularity":"15_MINUTE","granularityNative":"15-MIN","location":"NEAR_END","locationNative":"NEND","longname":"USFB-C6500-1","networkElementID":"46147a67-1425-33bf-a847-7c08224a7811","networkElementName":"USFB-C6500-1","parameter":"ERRORED_SECONDS_LINE","parameterNative":"ES-L","pmResourceId":"STTP-1-21-17","port":"17","shelf":"1","slot":"21"},"values":{"2025-09-17T00:00:00Z":{"value":0,"binStateNative":"COMPL","condition":"OK"}}}},{"attributes":{"tags":{"direction":"RECEIVE","directionNative":"RCV","displayName":"USFB-C6500-1","facilityName":"STTP-1-21-17","facilityNameNative":"STTP-1-21-17","granularity":"15_MINUTE","granularityNative":"15-MIN","location":"NEAR_END","locationNative":"NEND","longname":"USFB-C6500-1","networkElementID":"46147a67-1425-33bf-a847-7c08224a7811","networkElementName":"USFB-C6500-1","parameter":"FAILURE_COUNT_LINE","parameterNative":"FC-L","pmResourceId":"STTP-1-21-17","port":"17","shelf":"1","slot":"21"},"values":{"2025-09-17T00:00:00Z":{"value":0,"binStateNative":"COMPL","condition":"OK"}}}},{"attributes":{"tags":{"direction":"RECEIVE","directionNative":"RCV","displayName":"USFB-C6500-1","facilityName":"STTP-1-21-17","facilityNameNative":"STTP-1-21-17","granularity":"15_MINUTE","granularityNative":"15-MIN","location":"FAR_END","locationNative":"FEND","longname":"USFB-C6500-1","networkElementID":"46147a67-1425-33bf-a847-7c08224a7811","networkElementName":"USFB-C6500-1","parameter":"FAILURE_COUNT_LINE","parameterNative":"FC-L","pmResourceId":"STTP-1-21-17","port":"17","shelf":"1","slot":"21"},"values":{"2025-09-17T00:00:00Z":{"value":0,"binStateNative":"ADJ","condition":"OK"}}}},{"attributes":{"tags":{"direction":"TRANSMIT","directionNative":"TRMT","displayName":"USFB-C6500-1","facilityName":"STTP-1-21-17","facilityNameNative":"STTP-1-21-17","granularity":"15_MINUTE","granularityNative":"15-MIN","location":"NEAR_END","locationNative":"NEND","longname":"USFB-C6500-1","networkElementID":"46147a67-1425-33bf-a847-7c08224a7811","networkElementName":"USFB-C6500-1","parameter":"FAILURE_COUNT_LINE","parameterNative":"FC-L","pmResourceId":"STTP-1-21-17","port":"17","shelf":"1","slot":"21"},"values":{"2025-09-17T00:00:00Z":{"value":0,"binStateNative":"COMPL","condition":"OK"}}}},{"attributes":{"tags":{"direction":"RECEIVE","directionNative":"RCV","displayName":"USFB-C6500-1","facilityName":"STTP-1-21-17","facilityNameNative":"STTP-1-21-17","granularity":"15_MINUTE","granularityNative":"15-MIN","location":"NEAR_END","locationNative":"NEND","longname":"USFB-C6500-1","networkElementID":"46147a67-1425-33bf-a847-7c08224a7811","networkElementName":"USFB-C6500-1","parameter":"SEVERELY_ERRORED_SECONDS_LINE","parameterNative":"SES-L","pmResourceId":"STTP-1-21-17","port":"17","shelf":"1","slot":"21"},"values":{"2025-09-17T00:00:00Z":{"value":0,"binStateNative":"COMPL","condition":"OK"}}}},{"attributes":{"tags":{"direction":"RECEIVE","directionNative":"RCV","displayName":"USFB-C6500-1","facilityName":"STTP-1-21-17","facilityNameNative":"STTP-1-21-17","granularity":"15_MINUTE","granularityNative":"15-MIN","location":"FAR_END","locationNative":"FEND","longname":"USFB-C6500-1","networkElementID":"46147a67-1425-33bf-a847-7c08224a7811","networkElementName":"USFB-C6500-1","parameter":"SEVERELY_ERRORED_SECONDS_LINE","parameterNative":"SES-L","pmResourceId":"STTP-1-21-17","port":"17","shelf":"1","slot":"21"},"values":{"2025-09-17T00:00:00Z":{"value":0,"binStateNative":"ADJ","condition":"OK"}}}},{"attributes":{"tags":{"direction":"TRANSMIT","directionNative":"TRMT","displayName":"USFB-C6500-1","facilityName":"STTP-1-21-17","facilityNameNative":"STTP-1-21-17","granularity":"15_MINUTE","granularityNative":"15-MIN","location":"NEAR_END","locationNative":"NEND","longname":"USFB-C6500-1","networkElementID":"46147a67-1425-33bf-a847-7c08224a7811","networkElementName":"USFB-C6500-1","parameter":"SEVERELY_ERRORED_SECONDS_LINE","parameterNative":"SES-L","pmResourceId":"STTP-1-21-17","port":"17","shelf":"1","slot":"21"},"values":{"2025-09-17T00:00:00Z":{"value":0,"binStateNative":"COMPL","condition":"OK"}}}},{"attributes":{"tags":{"direction":"RECEIVE","directionNative":"RCV","displayName":"USFB-C6500-1","facilityName":"STTP-1-21-17","facilityNameNative":"STTP-1-21-17","granularity":"15_MINUTE","granularityNative":"15-MIN","location":"NEAR_END","locationNative":"NEND","longname":"USFB-C6500-1","networkElementID":"46147a67-1425-33bf-a847-7c08224a7811","networkElementName":"USFB-C6500-1","parameter":"UNAVAILABLE_SECONDS_LINE","parameterNative":"UAS-L","pmResourceId":"STTP-1-21-17","port":"17","shelf":"1","slot":"21"},"values":{"2025-09-17T00:00:00Z":{"value":900,"binStateNative":"COMPL","condition":"OK"}}}},{"attributes":{"tags":{"direction":"RECEIVE","directionNative":"RCV","displayName":"USFB-C6500-1","facilityName":"STTP-1-21-17","facilityNameNative":"STTP-1-21-17","granularity":"15_MINUTE","granularityNative":"15-MIN","location":"FAR_END","locationNative":"FEND","longname":"USFB-C6500-1","networkElementID":"46147a67-1425-33bf-a847-7c08224a7811","networkElementName":"USFB-C6500-1","parameter":"UNAVAILABLE_SECONDS_LINE","parameterNative":"UAS-L","pmResourceId":"STTP-1-21-17","port":"17","shelf":"1","slot":"21"},"values":{"2025-09-17T00:00:00Z":{"value":0,"binStateNative":"ADJ","condition":"OK"}}}},{"attributes":{"tags":{"direction":"TRANSMIT","directionNative":"TRMT","displayName":"USFB-C6500-1","facilityName":"STTP-1-21-17","facilityNameNative":"STTP-1-21-17","granularity":"15_MINUTE","granularityNative":"15-MIN","location":"NEAR_END","locationNative":"NEND","longname":"USFB-C6500-1","networkElementID":"46147a67-1425-33bf-a847-7c08224a7811","networkElementName":"USFB-C6500-1","parameter":"UNAVAILABLE_SECONDS_LINE","parameterNative":"UAS-L","pmResourceId":"STTP-1-21-17","port":"17","shelf":"1","slot":"21"},"values":{"2025-09-17T00:00:00Z":{"value":900,"binStateNative":"COMPL","condition":"OK"}}}}],"links":{"nextInterval":"/pm/api/v3/query/metrics?start=1758067200000\u0026end=1758067200000\u0026cursor=0","previousInterval":"/pm/api/v3/query/metrics?start=1758067200000\u0026end=1758067200000\u0026cursor=0","self":"/pm/api/v3/query/metrics?start=1758067200000\u0026end=1758067200000\u0026cursor=0"}}], [MMF-BX1117], [USFB:STTP-1-21-17], [STTP-1-21-17], [15_MINUTE], [UNAVAILABLE_SECONDS_LINE], [2025-09-17T00:00], [2025/09/17 00:00:00.000], [900], [USFB:STTP-1-21-17], [900.0], [900.0], [0.0], [0.0], [0.0], [0.0], [0.0], [0.0]
2025/09/17 02:51:20 - tems_och.0 - 
2025/09/17 02:51:20 - tems_och.0 - Error inserting/updating row
2025/09/17 02:51:20 - tems_och.0 - (conn=5567551) Duplicate entry '2025-09-17 00:00:00-USFB:STTP-1-21-17-46147a67-1425-33bf-a847...' for key 'dt_pms_UNIQUE'
2025/09/17 02:51:20 - tems_och.0 - Finished processing (I=0, O=2, R=2, W=2, U=0, E=0)
2025/09/17 02:51:20 - Mapping output specification.0 - Finished processing (I=0, O=0, R=2, W=2, U=0, E=0)
2025/09/17 02:51:20 - Ciena PM.0 - Finished processing (I=0, O=0, R=2, W=2, U=0, E=0)
2025/09/17 02:51:20 - REST_Call_and_Load_Ciena_to_DB - Starting entry [DUMMY 2]
2025/09/17 02:51:20 - REST_Call_and_Load_Ciena_to_DB - Finished job entry [DUMMY 2] (result=[true])
2025/09/17 02:51:20 - REST_Call_and_Load_Ciena_to_DB - Finished job entry [ExtractData-6500-STTP-Serv] (result=[true])
2025/09/17 02:51:20 - REST_Call_and_Load_Ciena_to_DB - Finished job entry [LoadConfiguration] (result=[true])
2025/09/17 02:51:20 - REST_Call_and_Load_Ciena_to_DB - Job execution finished
2025/09/17 02:51:20 - Kitchen - Finished!
2025/09/17 02:51:20 - Kitchen - Start=2025/09/17 02:51:15.357, Stop=2025/09/17 02:51:20.484
2025/09/17 02:51:20 - Kitchen - Processing ended after 5 seconds.
#######################################################################
WARNING:  no libwebkitgtk-1.0 detected, some features will be unavailable
    Consider installing the package with apt-get or yum.
    e.g. 'sudo apt-get install libwebkitgtk-1.0-0'
#######################################################################
2025/09/17 03:07:13 - Kitchen - Start of run.
2025/09/17 03:07:24 - REST_Call_and_Load_Ciena_to_DB - Start of job execution
2025/09/17 03:07:24 - REST_Call_and_Load_Ciena_to_DB - Starting entry [LoadConfiguration]
2025/09/17 03:07:24 - LoadConfiguration - Using run configuration [Pentaho local]
2025/09/17 03:07:24 - ciena_load_configuration - Dispatching started for transformation [ciena_load_configuration]
2025/09/17 03:07:24 - Property Input.0 - Finished processing (I=26, O=0, R=0, W=26, U=0, E=0)
2025/09/17 03:07:24 - Row denormaliser.0 - Finished processing (I=0, O=0, R=26, W=1, U=0, E=0)
2025/09/17 03:07:24 - Set Variables.0 - Setting environment variables...
2025/09/17 03:07:24 - Set Variables.0 - Set variable TARGET_DB_IP to value [ausy-db-mdb-oss-m2.local.hawaiki.co.nz]
2025/09/17 03:07:24 - Set Variables.0 - Set variable TARGET_DB_NAME to value [pm_db]
2025/09/17 03:07:24 - Set Variables.0 - Set variable TARGET_DB_PORT to value [3306]
2025/09/17 03:07:24 - Set Variables.0 - Set variable TARGET_DB_USER to value [mediation_rw]
2025/09/17 03:07:24 - Set Variables.0 - Set variable TARGET_DB_PASS to value [RKbZ4NzQJrL20tmu]
2025/09/17 03:07:24 - Set Variables.0 - Set variable TARGET_USERNAME to value [ics-radapi]
2025/09/17 03:07:24 - Set Variables.0 - Set variable TARGET_PASSWORD to value [fE8aXgHbFBba]
2025/09/17 03:07:24 - Set Variables.0 - Set variable TARGET_TOKEN_URL to value [http://ncs-ausy.local.bw-digital.com/tron/api/v1/oauth2/tokens]
2025/09/17 03:07:24 - Set Variables.0 - Set variable TARGET_PM_URL to value [http://ncs-ausy.local.bw-digital.com/pm/api/v3/query/metrics]
2025/09/17 03:07:24 - Set Variables.0 - Set variable TARGET_EMAIL_DESTINATION_ADDRESS to value [itdev@hawaikicable.co.nz operations-noc@hawaikicable.co.nz]
2025/09/17 03:07:24 - Set Variables.0 - Set variable TARGET_EMAIL_SENDER_ADDRESS to value [no-reply@bw-digital.com]
2025/09/17 03:07:24 - Set Variables.0 - Set variable TARGET_EMAIL_SMTP_SERVER to value [smtp.office365.com]
2025/09/17 03:07:24 - Set Variables.0 - Set variable TARGET_EMAIL_PORT to value [587]
2025/09/17 03:07:24 - Set Variables.0 - Set variable TARGET_EMAIL_SMTP_PASSWORD to value [JkKL7+su&=wybsLGjnY@&j5ZV^e_C^J&%LvqrdQk]
2025/09/17 03:07:24 - Set Variables.0 - Set variable TARGET_EMAIL_SUBJECT to value [Missing PM Sources - Ciena WS Production - 10.7.2.104]
2025/09/17 03:07:24 - Set Variables.0 - Set variable TARGET-SLEEP_AFTER_REST_ATTEMPT to value [Y]
2025/09/17 03:07:24 - Set Variables.0 - Set variable TARGET_SLEEP_TIMER to value [3.0]
2025/09/17 03:07:24 - Set Variables.0 - Set variable TARGET_DURATION_DAYS to value [2.0]
2025/09/17 03:07:24 - Set Variables.0 - Set variable TARGET_BINSTATE_LOG to value [Y]
2025/09/17 03:07:24 - Set Variables.0 - Set variable TARGET_DATE_START to value [2025-09-17]
2025/09/17 03:07:24 - Set Variables.0 - Set variable TARGET_DATE_END to value [2025-09-17]
2025/09/17 03:07:24 - Set Variables.0 - Finished after 1 rows.
2025/09/17 03:07:24 - Set Variables.0 - Finished processing (I=0, O=0, R=1, W=1, U=0, E=0)
2025/09/17 03:07:25 - REST_Call_and_Load_Ciena_to_DB - Starting entry [ExtractData-6500-STTP-Serv]
2025/09/17 03:07:25 - ExtractData-6500-STTP-Serv - Using run configuration [Pentaho local]
2025/09/17 03:07:25 - ciena_report_extraction - Dispatching started for transformation [ciena_report_extraction]
2025/09/17 03:07:26 - ciena_token - Dispatching started for transformation [ciena_token]
2025/09/17 03:07:26 - ciena_pm - Dispatching started for transformation [ciena_pm]
2025/09/17 03:07:26 - Table output.0 - Connected to database [db] (commit=1000)
2025/09/17 03:07:26 - tems_och.0 - Connected to database [db] (commit=1)
2025/09/17 03:07:27 - Generate Rows.0 - Finished processing (I=0, O=0, R=0, W=1, U=0, E=0)
2025/09/17 03:07:27 - Mapping input specification.0 - Finished processing (I=0, O=0, R=1, W=1, U=0, E=0)
2025/09/17 03:07:27 - Table input.0 - Finished reading query, closing connection
2025/09/17 03:07:27 - Table input.0 - Finished reading query, closing connection
2025/09/17 03:07:27 - Table input.0 - Finished processing (I=5, O=0, R=0, W=5, U=0, E=0)
2025/09/17 03:07:27 - Table input.0 - Finished processing (I=2, O=0, R=0, W=2, U=0, E=0)
2025/09/17 03:07:27 - Join Rows (cartesian product).0 - Finished processing (I=0, O=0, R=6, W=5, U=0, E=0)
2025/09/17 03:07:27 - Identify last row in a stream.0 - Finished processing (I=0, O=0, R=5, W=5, U=0, E=0)
2025/09/17 03:07:27 - Filter rows 2.0 - Finished processing (I=0, O=0, R=5, W=5, U=0, E=0)
2025/09/17 03:07:27 - Filter rows.0 - Finished processing (I=0, O=0, R=1, W=1, U=0, E=0)
2025/09/17 03:07:27 - Dummy (do nothing).0 - Finished processing (I=0, O=0, R=4, W=4, U=0, E=0)
2025/09/17 03:07:27 - Token is valid.0 - 
2025/09/17 03:07:27 - Token is valid.0 - ------------> Linenr 1------------------------------
2025/09/17 03:07:27 - Token is valid.0 - #################### Token is Valid ####################
2025/09/17 03:07:27 - Token is valid.0 - 
2025/09/17 03:07:27 - Token is valid.0 - expirationTime = 2025/10/09 00:53:39.000000000
2025/09/17 03:07:27 - Token is valid.0 - 
2025/09/17 03:07:27 - Token is valid.0 - ====================
2025/09/17 03:07:27 - Select values.0 - Finished processing (I=0, O=0, R=1, W=1, U=0, E=0)
2025/09/17 03:07:27 - Token is valid.0 - Finished processing (I=0, O=0, R=1, W=1, U=0, E=0)
2025/09/17 03:07:28 - Merge Rows (diff).0 - Finished processing (I=0, O=0, R=1, W=1, U=0, E=0)
2025/09/17 03:07:28 - Final Result.0 - 
2025/09/17 03:07:28 - Final Result.0 - ------------> Linenr 1------------------------------
2025/09/17 03:07:28 - Final Result.0 - #################### Token is Ready to Use ####################
2025/09/17 03:07:28 - Final Result.0 - 
2025/09/17 03:07:28 - Final Result.0 - expirationTime = 2025/10/09 00:53:39.000000000
2025/09/17 03:07:28 - Final Result.0 - 
2025/09/17 03:07:28 - Final Result.0 - ====================
2025/09/17 03:07:28 - Final Result.0 - Finished processing (I=0, O=0, R=1, W=1, U=0, E=0)
2025/09/17 03:07:28 - Mapping output specification.0 - Finished processing (I=0, O=0, R=1, W=1, U=0, E=0)
2025/09/17 03:07:28 - Select values.0 - Finished processing (I=0, O=0, R=1, W=1, U=0, E=0)
2025/09/17 03:07:28 - Ciena Token.0 - Finished processing (I=0, O=0, R=1, W=1, U=0, E=0)
2025/09/17 03:07:28 - Join Rows (cartesian product).0 - Finished processing (I=0, O=0, R=3, W=2, U=0, E=0)
2025/09/17 03:07:28 - Get Variables 2.0 - Finished processing (I=0, O=0, R=2, W=2, U=0, E=0)
2025/09/17 03:07:28 - Specification.0 - Finished processing (I=0, O=0, R=2, W=2, U=0, E=0)
2025/09/17 03:07:28 - Modified Java Script Value 2.0 - Optimization level set to 9.
2025/09/17 03:07:29 - Modified Java Script Value 2.0 - Finished processing (I=0, O=0, R=2, W=2, U=0, E=0)
2025/09/17 03:07:29 - Select values 2 2.0 - Finished processing (I=0, O=0, R=2, W=2, U=0, E=0)
2025/09/17 03:07:29 - Replace in string.0 - Finished processing (I=0, O=0, R=2, W=2, U=0, E=0)
2025/09/17 03:07:35 - Modified Java Script Value.0 - Optimization level set to 9.
2025/09/17 03:07:35 - REST First Attempt.0 - Finished processing (I=0, O=0, R=2, W=2, U=0, E=0)
2025/09/17 03:07:35 - Filter rows 2.0 - Finished processing (I=0, O=0, R=2, W=2, U=0, E=0)
2025/09/17 03:07:35 - Select values 3.0 - Finished processing (I=0, O=0, R=2, W=2, U=0, E=0)
2025/09/17 03:07:35 - Dummy (do nothing) 2.0 - Finished processing (I=0, O=0, R=2, W=2, U=0, E=0)
2025/09/17 03:07:35 - JSON Input.0 - Finished processing (I=24, O=0, R=2, W=24, U=0, E=0)
2025/09/17 03:07:35 - Replace in strings.0 - Finished processing (I=0, O=0, R=24, W=24, U=0, E=0)
2025/09/17 03:07:35 - Replace in string 1.0 - Finished processing (I=0, O=0, R=24, W=24, U=0, E=0)
2025/09/17 03:07:35 - Split Fields 1.0 - Finished processing (I=0, O=0, R=24, W=24, U=0, E=0)
2025/09/17 03:07:35 - Filter rows.0 - Finished processing (I=0, O=0, R=24, W=24, U=0, E=0)
2025/09/17 03:07:35 - Strings cut.0 - Finished processing (I=0, O=0, R=24, W=24, U=0, E=0)
2025/09/17 03:07:35 - Select values 2.0 - Finished processing (I=0, O=0, R=24, W=24, U=0, E=0)
2025/09/17 03:07:35 - Modified Java Script Value.0 - Finished processing (I=0, O=0, R=24, W=24, U=0, E=0)
2025/09/17 03:07:37 - User Defined Java Expression.0 - Finished processing (I=0, O=0, R=24, W=24, U=0, E=0)
2025/09/17 03:07:37 - Select values.0 - Finished processing (I=0, O=0, R=24, W=24, U=0, E=0)
2025/09/17 03:07:37 - Sort rows.0 - Finished processing (I=0, O=0, R=24, W=24, U=0, E=0)
2025/09/17 03:07:37 - Filter rows 3.0 - Finished processing (I=0, O=0, R=24, W=24, U=0, E=0)
2025/09/17 03:07:37 - Dummy (do nothing) 3 2.0 - Finished processing (I=0, O=0, R=8, W=8, U=0, E=0)
2025/09/17 03:07:37 - Row denormaliser.0 - Finished processing (I=0, O=0, R=16, W=4, U=0, E=0)
2025/09/17 03:07:37 - Sort rows 2.0 - Finished processing (I=0, O=0, R=4, W=4, U=0, E=0)
2025/09/17 03:07:37 - Row denormaliser 2.0 - Finished processing (I=0, O=0, R=4, W=2, U=0, E=0)
2025/09/17 03:07:37 - tems_och.0 - WARNING: Couldn't insert row into table: [deb5582c-2835-3257-bf13-8cfaf0f10873], [HIKA], [2], [13], [17], [201], [{"data":[{"attributes":{"tags":{"direction":"RECEIVE","directionNative":"RCV","displayName":"HIKA-C6500-2","facilityName":"STTP-2-13-17","facilityNameNative":"STTP-2-13-17","granularity":"15_MINUTE","granularityNative":"15-MIN","location":"NEAR_END","locationNative":"NEND","longname":"HIKA-C6500-2","networkElementID":"deb5582c-2835-3257-bf13-8cfaf0f10873","networkElementName":"HIKA-C6500-2","parameter":"ERRORED_SECONDS_LINE","parameterNative":"ES-L","pmResourceId":"STTP-2-13-17","port":"17","shelf":"2","slot":"13"},"values":{"2025-09-17T00:00:00Z":{"value":0,"binStateNative":"COMPL","condition":"OK"}}}},{"attributes":{"tags":{"direction":"RECEIVE","directionNative":"RCV","displayName":"HIKA-C6500-2","facilityName":"STTP-2-13-17","facilityNameNative":"STTP-2-13-17","granularity":"15_MINUTE","granularityNative":"15-MIN","location":"FAR_END","locationNative":"FEND","longname":"HIKA-C6500-2","networkElementID":"deb5582c-2835-3257-bf13-8cfaf0f10873","networkElementName":"HIKA-C6500-2","parameter":"ERRORED_SECONDS_LINE","parameterNative":"ES-L","pmResourceId":"STTP-2-13-17","port":"17","shelf":"2","slot":"13"},"values":{"2025-09-17T00:00:00Z":{"value":0,"binStateNative":"ADJ","condition":"OK"}}}},{"attributes":{"tags":{"direction":"TRANSMIT","directionNative":"TRMT","displayName":"HIKA-C6500-2","facilityName":"STTP-2-13-17","facilityNameNative":"STTP-2-13-17","granularity":"15_MINUTE","granularityNative":"15-MIN","location":"NEAR_END","locationNative":"NEND","longname":"HIKA-C6500-2","networkElementID":"deb5582c-2835-3257-bf13-8cfaf0f10873","networkElementName":"HIKA-C6500-2","parameter":"ERRORED_SECONDS_LINE","parameterNative":"ES-L","pmResourceId":"STTP-2-13-17","port":"17","shelf":"2","slot":"13"},"values":{"2025-09-17T00:00:00Z":{"value":0,"binStateNative":"COMPL","condition":"OK"}}}},{"attributes":{"tags":{"direction":"RECEIVE","directionNative":"RCV","displayName":"HIKA-C6500-2","facilityName":"STTP-2-13-17","facilityNameNative":"STTP-2-13-17","granularity":"15_MINUTE","granularityNative":"15-MIN","location":"NEAR_END","locationNative":"NEND","longname":"HIKA-C6500-2","networkElementID":"deb5582c-2835-3257-bf13-8cfaf0f10873","networkElementName":"HIKA-C6500-2","parameter":"FAILURE_COUNT_LINE","parameterNative":"FC-L","pmResourceId":"STTP-2-13-17","port":"17","shelf":"2","slot":"13"},"values":{"2025-09-17T00:00:00Z":{"value":0,"binStateNative":"COMPL","condition":"OK"}}}},{"attributes":{"tags":{"direction":"RECEIVE","directionNative":"RCV","displayName":"HIKA-C6500-2","facilityName":"STTP-2-13-17","facilityNameNative":"STTP-2-13-17","granularity":"15_MINUTE","granularityNative":"15-MIN","location":"FAR_END","locationNative":"FEND","longname":"HIKA-C6500-2","networkElementID":"deb5582c-2835-3257-bf13-8cfaf0f10873","networkElementName":"HIKA-C6500-2","parameter":"FAILURE_COUNT_LINE","parameterNative":"FC-L","pmResourceId":"STTP-2-13-17","port":"17","shelf":"2","slot":"13"},"values":{"2025-09-17T00:00:00Z":{"value":0,"binStateNative":"ADJ","condition":"OK"}}}},{"attributes":{"tags":{"direction":"TRANSMIT","directionNative":"TRMT","displayName":"HIKA-C6500-2","facilityName":"STTP-2-13-17","facilityNameNative":"STTP-2-13-17","granularity":"15_MINUTE","granularityNative":"15-MIN","location":"NEAR_END","locationNative":"NEND","longname":"HIKA-C6500-2","networkElementID":"deb5582c-2835-3257-bf13-8cfaf0f10873","networkElementName":"HIKA-C6500-2","parameter":"FAILURE_COUNT_LINE","parameterNative":"FC-L","pmResourceId":"STTP-2-13-17","port":"17","shelf":"2","slot":"13"},"values":{"2025-09-17T00:00:00Z":{"value":0,"binStateNative":"COMPL","condition":"OK"}}}},{"attributes":{"tags":{"direction":"RECEIVE","directionNative":"RCV","displayName":"HIKA-C6500-2","facilityName":"STTP-2-13-17","facilityNameNative":"STTP-2-13-17","granularity":"15_MINUTE","granularityNative":"15-MIN","location":"NEAR_END","locationNative":"NEND","longname":"HIKA-C6500-2","networkElementID":"deb5582c-2835-3257-bf13-8cfaf0f10873","networkElementName":"HIKA-C6500-2","parameter":"SEVERELY_ERRORED_SECONDS_LINE","parameterNative":"SES-L","pmResourceId":"STTP-2-13-17","port":"17","shelf":"2","slot":"13"},"values":{"2025-09-17T00:00:00Z":{"value":0,"binStateNative":"COMPL","condition":"OK"}}}},{"attributes":{"tags":{"direction":"RECEIVE","directionNative":"RCV","displayName":"HIKA-C6500-2","facilityName":"STTP-2-13-17","facilityNameNative":"STTP-2-13-17","granularity":"15_MINUTE","granularityNative":"15-MIN","location":"FAR_END","locationNative":"FEND","longname":"HIKA-C6500-2","networkElementID":"deb5582c-2835-3257-bf13-8cfaf0f10873","networkElementName":"HIKA-C6500-2","parameter":"SEVERELY_ERRORED_SECONDS_LINE","parameterNative":"SES-L","pmResourceId":"STTP-2-13-17","port":"17","shelf":"2","slot":"13"},"values":{"2025-09-17T00:00:00Z":{"value":0,"binStateNative":"ADJ","condition":"OK"}}}},{"attributes":{"tags":{"direction":"TRANSMIT","directionNative":"TRMT","displayName":"HIKA-C6500-2","facilityName":"STTP-2-13-17","facilityNameNative":"STTP-2-13-17","granularity":"15_MINUTE","granularityNative":"15-MIN","location":"NEAR_END","locationNative":"NEND","longname":"HIKA-C6500-2","networkElementID":"deb5582c-2835-3257-bf13-8cfaf0f10873","networkElementName":"HIKA-C6500-2","parameter":"SEVERELY_ERRORED_SECONDS_LINE","parameterNative":"SES-L","pmResourceId":"STTP-2-13-17","port":"17","shelf":"2","slot":"13"},"values":{"2025-09-17T00:00:00Z":{"value":0,"binStateNative":"COMPL","condition":"OK"}}}},{"attributes":{"tags":{"direction":"RECEIVE","directionNative":"RCV","displayName":"HIKA-C6500-2","facilityName":"STTP-2-13-17","facilityNameNative":"STTP-2-13-17","granularity":"15_MINUTE","granularityNative":"15-MIN","location":"NEAR_END","locationNative":"NEND","longname":"HIKA-C6500-2","networkElementID":"deb5582c-2835-3257-bf13-8cfaf0f10873","networkElementName":"HIKA-C6500-2","parameter":"UNAVAILABLE_SECONDS_LINE","parameterNative":"UAS-L","pmResourceId":"STTP-2-13-17","port":"17","shelf":"2","slot":"13"},"values":{"2025-09-17T00:00:00Z":{"value":900,"binStateNative":"COMPL","condition":"OK"}}}},{"attributes":{"tags":{"direction":"RECEIVE","directionNative":"RCV","displayName":"HIKA-C6500-2","facilityName":"STTP-2-13-17","facilityNameNative":"STTP-2-13-17","granularity":"15_MINUTE","granularityNative":"15-MIN","location":"FAR_END","locationNative":"FEND","longname":"HIKA-C6500-2","networkElementID":"deb5582c-2835-3257-bf13-8cfaf0f10873","networkElementName":"HIKA-C6500-2","parameter":"UNAVAILABLE_SECONDS_LINE","parameterNative":"UAS-L","pmResourceId":"STTP-2-13-17","port":"17","shelf":"2","slot":"13"},"values":{"2025-09-17T00:00:00Z":{"value":0,"binStateNative":"ADJ","condition":"OK"}}}},{"attributes":{"tags":{"direction":"TRANSMIT","directionNative":"TRMT","displayName":"HIKA-C6500-2","facilityName":"STTP-2-13-17","facilityNameNative":"STTP-2-13-17","granularity":"15_MINUTE","granularityNative":"15-MIN","location":"NEAR_END","locationNative":"NEND","longname":"HIKA-C6500-2","networkElementID":"deb5582c-2835-3257-bf13-8cfaf0f10873","networkElementName":"HIKA-C6500-2","parameter":"UNAVAILABLE_SECONDS_LINE","parameterNative":"UAS-L","pmResourceId":"STTP-2-13-17","port":"17","shelf":"2","slot":"13"},"values":{"2025-09-17T00:00:00Z":{"value":900,"binStateNative":"COMPL","condition":"OK"}}}}],"links":{"nextInterval":"/pm/api/v3/query/metrics?start=1758067200000\u0026end=1758067200000\u0026cursor=0","previousInterval":"/pm/api/v3/query/metrics?start=1758067200000\u0026end=1758067200000\u0026cursor=0","self":"/pm/api/v3/query/metrics?start=1758067200000\u0026end=1758067200000\u0026cursor=0"}}], [MMF-BX1117], [HIKA:STTP-2-13-17], [STTP-2-13-17], [15_MINUTE], [UNAVAILABLE_SECONDS_LINE], [2025-09-17T00:00], [2025/09/17 00:00:00.000], [900], [HIKA:STTP-2-13-17], [900.0], [900.0], [0.0], [0.0], [0.0], [0.0], [0.0], [0.0]
2025/09/17 03:07:37 - tems_och.0 - 
2025/09/17 03:07:37 - tems_och.0 - Error inserting/updating row
2025/09/17 03:07:37 - tems_och.0 - (conn=5568131) Duplicate entry '2025-09-17 00:00:00-HIKA:STTP-2-13-17-deb5582c-2835-3257-bf13...' for key 'dt_pms_UNIQUE'
2025/09/17 03:07:37 - tems_och.0 - WARNING: Couldn't insert row into table: [46147a67-1425-33bf-a847-7c08224a7811], [USFB], [1], [21], [17], [201], [{"data":[{"attributes":{"tags":{"direction":"RECEIVE","directionNative":"RCV","displayName":"USFB-C6500-1","facilityName":"STTP-1-21-17","facilityNameNative":"STTP-1-21-17","granularity":"15_MINUTE","granularityNative":"15-MIN","location":"FAR_END","locationNative":"FEND","longname":"USFB-C6500-1","networkElementID":"46147a67-1425-33bf-a847-7c08224a7811","networkElementName":"USFB-C6500-1","parameter":"ERRORED_SECONDS_LINE","parameterNative":"ES-L","pmResourceId":"STTP-1-21-17","port":"17","shelf":"1","slot":"21"},"values":{"2025-09-17T00:00:00Z":{"value":0,"binStateNative":"ADJ","condition":"OK"}}}},{"attributes":{"tags":{"direction":"RECEIVE","directionNative":"RCV","displayName":"USFB-C6500-1","facilityName":"STTP-1-21-17","facilityNameNative":"STTP-1-21-17","granularity":"15_MINUTE","granularityNative":"15-MIN","location":"NEAR_END","locationNative":"NEND","longname":"USFB-C6500-1","networkElementID":"46147a67-1425-33bf-a847-7c08224a7811","networkElementName":"USFB-C6500-1","parameter":"ERRORED_SECONDS_LINE","parameterNative":"ES-L","pmResourceId":"STTP-1-21-17","port":"17","shelf":"1","slot":"21"},"values":{"2025-09-17T00:00:00Z":{"value":0,"binStateNative":"COMPL","condition":"OK"}}}},{"attributes":{"tags":{"direction":"TRANSMIT","directionNative":"TRMT","displayName":"USFB-C6500-1","facilityName":"STTP-1-21-17","facilityNameNative":"STTP-1-21-17","granularity":"15_MINUTE","granularityNative":"15-MIN","location":"NEAR_END","locationNative":"NEND","longname":"USFB-C6500-1","networkElementID":"46147a67-1425-33bf-a847-7c08224a7811","networkElementName":"USFB-C6500-1","parameter":"ERRORED_SECONDS_LINE","parameterNative":"ES-L","pmResourceId":"STTP-1-21-17","port":"17","shelf":"1","slot":"21"},"values":{"2025-09-17T00:00:00Z":{"value":0,"binStateNative":"COMPL","condition":"OK"}}}},{"attributes":{"tags":{"direction":"RECEIVE","directionNative":"RCV","displayName":"USFB-C6500-1","facilityName":"STTP-1-21-17","facilityNameNative":"STTP-1-21-17","granularity":"15_MINUTE","granularityNative":"15-MIN","location":"NEAR_END","locationNative":"NEND","longname":"USFB-C6500-1","networkElementID":"46147a67-1425-33bf-a847-7c08224a7811","networkElementName":"USFB-C6500-1","parameter":"FAILURE_COUNT_LINE","parameterNative":"FC-L","pmResourceId":"STTP-1-21-17","port":"17","shelf":"1","slot":"21"},"values":{"2025-09-17T00:00:00Z":{"value":0,"binStateNative":"COMPL","condition":"OK"}}}},{"attributes":{"tags":{"direction":"RECEIVE","directionNative":"RCV","displayName":"USFB-C6500-1","facilityName":"STTP-1-21-17","facilityNameNative":"STTP-1-21-17","granularity":"15_MINUTE","granularityNative":"15-MIN","location":"FAR_END","locationNative":"FEND","longname":"USFB-C6500-1","networkElementID":"46147a67-1425-33bf-a847-7c08224a7811","networkElementName":"USFB-C6500-1","parameter":"FAILURE_COUNT_LINE","parameterNative":"FC-L","pmResourceId":"STTP-1-21-17","port":"17","shelf":"1","slot":"21"},"values":{"2025-09-17T00:00:00Z":{"value":0,"binStateNative":"ADJ","condition":"OK"}}}},{"attributes":{"tags":{"direction":"TRANSMIT","directionNative":"TRMT","displayName":"USFB-C6500-1","facilityName":"STTP-1-21-17","facilityNameNative":"STTP-1-21-17","granularity":"15_MINUTE","granularityNative":"15-MIN","location":"NEAR_END","locationNative":"NEND","longname":"USFB-C6500-1","networkElementID":"46147a67-1425-33bf-a847-7c08224a7811","networkElementName":"USFB-C6500-1","parameter":"FAILURE_COUNT_LINE","parameterNative":"FC-L","pmResourceId":"STTP-1-21-17","port":"17","shelf":"1","slot":"21"},"values":{"2025-09-17T00:00:00Z":{"value":0,"binStateNative":"COMPL","condition":"OK"}}}},{"attributes":{"tags":{"direction":"RECEIVE","directionNative":"RCV","displayName":"USFB-C6500-1","facilityName":"STTP-1-21-17","facilityNameNative":"STTP-1-21-17","granularity":"15_MINUTE","granularityNative":"15-MIN","location":"NEAR_END","locationNative":"NEND","longname":"USFB-C6500-1","networkElementID":"46147a67-1425-33bf-a847-7c08224a7811","networkElementName":"USFB-C6500-1","parameter":"SEVERELY_ERRORED_SECONDS_LINE","parameterNative":"SES-L","pmResourceId":"STTP-1-21-17","port":"17","shelf":"1","slot":"21"},"values":{"2025-09-17T00:00:00Z":{"value":0,"binStateNative":"COMPL","condition":"OK"}}}},{"attributes":{"tags":{"direction":"RECEIVE","directionNative":"RCV","displayName":"USFB-C6500-1","facilityName":"STTP-1-21-17","facilityNameNative":"STTP-1-21-17","granularity":"15_MINUTE","granularityNative":"15-MIN","location":"FAR_END","locationNative":"FEND","longname":"USFB-C6500-1","networkElementID":"46147a67-1425-33bf-a847-7c08224a7811","networkElementName":"USFB-C6500-1","parameter":"SEVERELY_ERRORED_SECONDS_LINE","parameterNative":"SES-L","pmResourceId":"STTP-1-21-17","port":"17","shelf":"1","slot":"21"},"values":{"2025-09-17T00:00:00Z":{"value":0,"binStateNative":"ADJ","condition":"OK"}}}},{"attributes":{"tags":{"direction":"TRANSMIT","directionNative":"TRMT","displayName":"USFB-C6500-1","facilityName":"STTP-1-21-17","facilityNameNative":"STTP-1-21-17","granularity":"15_MINUTE","granularityNative":"15-MIN","location":"NEAR_END","locationNative":"NEND","longname":"USFB-C6500-1","networkElementID":"46147a67-1425-33bf-a847-7c08224a7811","networkElementName":"USFB-C6500-1","parameter":"SEVERELY_ERRORED_SECONDS_LINE","parameterNative":"SES-L","pmResourceId":"STTP-1-21-17","port":"17","shelf":"1","slot":"21"},"values":{"2025-09-17T00:00:00Z":{"value":0,"binStateNative":"COMPL","condition":"OK"}}}},{"attributes":{"tags":{"direction":"RECEIVE","directionNative":"RCV","displayName":"USFB-C6500-1","facilityName":"STTP-1-21-17","facilityNameNative":"STTP-1-21-17","granularity":"15_MINUTE","granularityNative":"15-MIN","location":"NEAR_END","locationNative":"NEND","longname":"USFB-C6500-1","networkElementID":"46147a67-1425-33bf-a847-7c08224a7811","networkElementName":"USFB-C6500-1","parameter":"UNAVAILABLE_SECONDS_LINE","parameterNative":"UAS-L","pmResourceId":"STTP-1-21-17","port":"17","shelf":"1","slot":"21"},"values":{"2025-09-17T00:00:00Z":{"value":900,"binStateNative":"COMPL","condition":"OK"}}}},{"attributes":{"tags":{"direction":"RECEIVE","directionNative":"RCV","displayName":"USFB-C6500-1","facilityName":"STTP-1-21-17","facilityNameNative":"STTP-1-21-17","granularity":"15_MINUTE","granularityNative":"15-MIN","location":"FAR_END","locationNative":"FEND","longname":"USFB-C6500-1","networkElementID":"46147a67-1425-33bf-a847-7c08224a7811","networkElementName":"USFB-C6500-1","parameter":"UNAVAILABLE_SECONDS_LINE","parameterNative":"UAS-L","pmResourceId":"STTP-1-21-17","port":"17","shelf":"1","slot":"21"},"values":{"2025-09-17T00:00:00Z":{"value":0,"binStateNative":"ADJ","condition":"OK"}}}},{"attributes":{"tags":{"direction":"TRANSMIT","directionNative":"TRMT","displayName":"USFB-C6500-1","facilityName":"STTP-1-21-17","facilityNameNative":"STTP-1-21-17","granularity":"15_MINUTE","granularityNative":"15-MIN","location":"NEAR_END","locationNative":"NEND","longname":"USFB-C6500-1","networkElementID":"46147a67-1425-33bf-a847-7c08224a7811","networkElementName":"USFB-C6500-1","parameter":"UNAVAILABLE_SECONDS_LINE","parameterNative":"UAS-L","pmResourceId":"STTP-1-21-17","port":"17","shelf":"1","slot":"21"},"values":{"2025-09-17T00:00:00Z":{"value":900,"binStateNative":"COMPL","condition":"OK"}}}}],"links":{"nextInterval":"/pm/api/v3/query/metrics?start=1758067200000\u0026end=1758067200000\u0026cursor=0","previousInterval":"/pm/api/v3/query/metrics?start=1758067200000\u0026end=1758067200000\u0026cursor=0","self":"/pm/api/v3/query/metrics?start=1758067200000\u0026end=1758067200000\u0026cursor=0"}}], [MMF-BX1117], [USFB:STTP-1-21-17], [STTP-1-21-17], [15_MINUTE], [UNAVAILABLE_SECONDS_LINE], [2025-09-17T00:00], [2025/09/17 00:00:00.000], [900], [USFB:STTP-1-21-17], [900.0], [900.0], [0.0], [0.0], [0.0], [0.0], [0.0], [0.0]
2025/09/17 03:07:37 - tems_och.0 - 
2025/09/17 03:07:37 - tems_och.0 - Error inserting/updating row
2025/09/17 03:07:37 - tems_och.0 - (conn=5568131) Duplicate entry '2025-09-17 00:00:00-USFB:STTP-1-21-17-46147a67-1425-33bf-a847...' for key 'dt_pms_UNIQUE'
2025/09/17 03:07:37 - tems_och.0 - Finished processing (I=0, O=2, R=2, W=2, U=0, E=0)
2025/09/17 03:07:37 - Mapping output specification.0 - Finished processing (I=0, O=0, R=2, W=2, U=0, E=0)
2025/09/17 03:07:37 - Ciena PM.0 - Finished processing (I=0, O=0, R=2, W=2, U=0, E=0)
2025/09/17 03:07:37 - REST_Call_and_Load_Ciena_to_DB - Starting entry [DUMMY 2]
2025/09/17 03:07:37 - REST_Call_and_Load_Ciena_to_DB - Finished job entry [DUMMY 2] (result=[true])
2025/09/17 03:07:37 - REST_Call_and_Load_Ciena_to_DB - Finished job entry [ExtractData-6500-STTP-Serv] (result=[true])
2025/09/17 03:07:37 - REST_Call_and_Load_Ciena_to_DB - Finished job entry [LoadConfiguration] (result=[true])
2025/09/17 03:07:37 - REST_Call_and_Load_Ciena_to_DB - Job execution finished
2025/09/17 03:07:37 - Kitchen - Finished!
2025/09/17 03:07:37 - Kitchen - Start=2025/09/17 03:07:23.963, Stop=2025/09/17 03:07:37.545
2025/09/17 03:07:37 - Kitchen - Processing ended after 13 seconds.
#######################################################################
WARNING:  no libwebkitgtk-1.0 detected, some features will be unavailable
    Consider installing the package with apt-get or yum.
    e.g. 'sudo apt-get install libwebkitgtk-1.0-0'
#######################################################################
2025/09/17 03:23:08 - Kitchen - Start of run.
2025/09/17 03:23:11 - REST_Call_and_Load_Ciena_to_DB - Start of job execution
2025/09/17 03:23:11 - REST_Call_and_Load_Ciena_to_DB - Starting entry [LoadConfiguration]
2025/09/17 03:23:11 - LoadConfiguration - Using run configuration [Pentaho local]
2025/09/17 03:23:11 - ciena_load_configuration - Dispatching started for transformation [ciena_load_configuration]
2025/09/17 03:23:11 - Property Input.0 - Finished processing (I=26, O=0, R=0, W=26, U=0, E=0)
2025/09/17 03:23:11 - Row denormaliser.0 - Finished processing (I=0, O=0, R=26, W=1, U=0, E=0)
2025/09/17 03:23:11 - Set Variables.0 - Setting environment variables...
2025/09/17 03:23:11 - Set Variables.0 - Set variable TARGET_DB_IP to value [ausy-db-mdb-oss-m2.local.hawaiki.co.nz]
2025/09/17 03:23:11 - Set Variables.0 - Set variable TARGET_DB_NAME to value [pm_db]
2025/09/17 03:23:11 - Set Variables.0 - Set variable TARGET_DB_PORT to value [3306]
2025/09/17 03:23:11 - Set Variables.0 - Set variable TARGET_DB_USER to value [mediation_rw]
2025/09/17 03:23:11 - Set Variables.0 - Set variable TARGET_DB_PASS to value [RKbZ4NzQJrL20tmu]
2025/09/17 03:23:11 - Set Variables.0 - Set variable TARGET_USERNAME to value [ics-radapi]
2025/09/17 03:23:11 - Set Variables.0 - Set variable TARGET_PASSWORD to value [fE8aXgHbFBba]
2025/09/17 03:23:11 - Set Variables.0 - Set variable TARGET_TOKEN_URL to value [http://ncs-ausy.local.bw-digital.com/tron/api/v1/oauth2/tokens]
2025/09/17 03:23:11 - Set Variables.0 - Set variable TARGET_PM_URL to value [http://ncs-ausy.local.bw-digital.com/pm/api/v3/query/metrics]
2025/09/17 03:23:11 - Set Variables.0 - Set variable TARGET_EMAIL_DESTINATION_ADDRESS to value [itdev@hawaikicable.co.nz operations-noc@hawaikicable.co.nz]
2025/09/17 03:23:11 - Set Variables.0 - Set variable TARGET_EMAIL_SENDER_ADDRESS to value [no-reply@bw-digital.com]
2025/09/17 03:23:11 - Set Variables.0 - Set variable TARGET_EMAIL_SMTP_SERVER to value [smtp.office365.com]
2025/09/17 03:23:11 - Set Variables.0 - Set variable TARGET_EMAIL_PORT to value [587]
2025/09/17 03:23:11 - Set Variables.0 - Set variable TARGET_EMAIL_SMTP_PASSWORD to value [JkKL7+su&=wybsLGjnY@&j5ZV^e_C^J&%LvqrdQk]
2025/09/17 03:23:11 - Set Variables.0 - Set variable TARGET_EMAIL_SUBJECT to value [Missing PM Sources - Ciena WS Production - 10.7.2.104]
2025/09/17 03:23:11 - Set Variables.0 - Set variable TARGET-SLEEP_AFTER_REST_ATTEMPT to value [Y]
2025/09/17 03:23:11 - Set Variables.0 - Set variable TARGET_SLEEP_TIMER to value [3.0]
2025/09/17 03:23:11 - Set Variables.0 - Set variable TARGET_DURATION_DAYS to value [2.0]
2025/09/17 03:23:11 - Set Variables.0 - Set variable TARGET_BINSTATE_LOG to value [Y]
2025/09/17 03:23:11 - Set Variables.0 - Set variable TARGET_DATE_START to value [2025-09-17]
2025/09/17 03:23:11 - Set Variables.0 - Set variable TARGET_DATE_END to value [2025-09-17]
2025/09/17 03:23:11 - Set Variables.0 - Finished after 1 rows.
2025/09/17 03:23:11 - Set Variables.0 - Finished processing (I=0, O=0, R=1, W=1, U=0, E=0)
2025/09/17 03:23:11 - REST_Call_and_Load_Ciena_to_DB - Starting entry [ExtractData-6500-STTP-Serv]
2025/09/17 03:23:12 - ExtractData-6500-STTP-Serv - Using run configuration [Pentaho local]
2025/09/17 03:23:12 - ciena_report_extraction - Dispatching started for transformation [ciena_report_extraction]
2025/09/17 03:23:12 - ciena_token - Dispatching started for transformation [ciena_token]
2025/09/17 03:23:12 - ciena_pm - Dispatching started for transformation [ciena_pm]
2025/09/17 03:23:12 - Table output.0 - Connected to database [db] (commit=1000)
2025/09/17 03:23:12 - tems_och.0 - Connected to database [db] (commit=1)
2025/09/17 03:23:12 - Generate Rows.0 - Finished processing (I=0, O=0, R=0, W=1, U=0, E=0)
2025/09/17 03:23:12 - Mapping input specification.0 - Finished processing (I=0, O=0, R=1, W=1, U=0, E=0)
2025/09/17 03:23:12 - Table input.0 - Finished reading query, closing connection
2025/09/17 03:23:12 - Table input.0 - Finished reading query, closing connection
2025/09/17 03:23:12 - Table input.0 - Finished processing (I=5, O=0, R=0, W=5, U=0, E=0)
2025/09/17 03:23:12 - Table input.0 - Finished processing (I=2, O=0, R=0, W=2, U=0, E=0)
2025/09/17 03:23:13 - Join Rows (cartesian product).0 - Finished processing (I=0, O=0, R=6, W=5, U=0, E=0)
2025/09/17 03:23:13 - Identify last row in a stream.0 - Finished processing (I=0, O=0, R=5, W=5, U=0, E=0)
2025/09/17 03:23:13 - Filter rows 2.0 - Finished processing (I=0, O=0, R=5, W=5, U=0, E=0)
2025/09/17 03:23:13 - Dummy (do nothing).0 - Finished processing (I=0, O=0, R=4, W=4, U=0, E=0)
2025/09/17 03:23:13 - Token is valid.0 - 
2025/09/17 03:23:13 - Token is valid.0 - ------------> Linenr 1------------------------------
2025/09/17 03:23:13 - Token is valid.0 - #################### Token is Valid ####################
2025/09/17 03:23:13 - Token is valid.0 - 
2025/09/17 03:23:13 - Token is valid.0 - expirationTime = 2025/10/09 00:53:39.000000000
2025/09/17 03:23:13 - Token is valid.0 - 
2025/09/17 03:23:13 - Token is valid.0 - ====================
2025/09/17 03:23:13 - Filter rows.0 - Finished processing (I=0, O=0, R=1, W=1, U=0, E=0)
2025/09/17 03:23:13 - Select values.0 - Finished processing (I=0, O=0, R=1, W=1, U=0, E=0)
2025/09/17 03:23:13 - Token is valid.0 - Finished processing (I=0, O=0, R=1, W=1, U=0, E=0)
2025/09/17 03:23:13 - Merge Rows (diff).0 - Finished processing (I=0, O=0, R=1, W=1, U=0, E=0)
2025/09/17 03:23:13 - Final Result.0 - 
2025/09/17 03:23:13 - Final Result.0 - ------------> Linenr 1------------------------------
2025/09/17 03:23:13 - Final Result.0 - #################### Token is Ready to Use ####################
2025/09/17 03:23:13 - Final Result.0 - 
2025/09/17 03:23:13 - Final Result.0 - expirationTime = 2025/10/09 00:53:39.000000000
2025/09/17 03:23:13 - Final Result.0 - 
2025/09/17 03:23:13 - Final Result.0 - ====================
2025/09/17 03:23:13 - Final Result.0 - Finished processing (I=0, O=0, R=1, W=1, U=0, E=0)
2025/09/17 03:23:13 - Mapping output specification.0 - Finished processing (I=0, O=0, R=1, W=1, U=0, E=0)
2025/09/17 03:23:13 - Ciena Token.0 - Finished processing (I=0, O=0, R=1, W=1, U=0, E=0)
2025/09/17 03:23:13 - Select values.0 - Finished processing (I=0, O=0, R=1, W=1, U=0, E=0)
2025/09/17 03:23:13 - Modified Java Script Value 2.0 - Optimization level set to 9.
2025/09/17 03:23:13 - Join Rows (cartesian product).0 - Finished processing (I=0, O=0, R=3, W=2, U=0, E=0)
2025/09/17 03:23:13 - Specification.0 - Finished processing (I=0, O=0, R=2, W=2, U=0, E=0)
2025/09/17 03:23:13 - Get Variables 2.0 - Finished processing (I=0, O=0, R=2, W=2, U=0, E=0)
2025/09/17 03:23:13 - Modified Java Script Value 2.0 - Finished processing (I=0, O=0, R=2, W=2, U=0, E=0)
2025/09/17 03:23:13 - Select values 2 2.0 - Finished processing (I=0, O=0, R=2, W=2, U=0, E=0)
2025/09/17 03:23:13 - Replace in string.0 - Finished processing (I=0, O=0, R=2, W=2, U=0, E=0)
2025/09/17 03:23:14 - Modified Java Script Value.0 - Optimization level set to 9.
2025/09/17 03:23:15 - REST First Attempt.0 - Finished processing (I=0, O=0, R=2, W=2, U=0, E=0)
2025/09/17 03:23:15 - Filter rows 2.0 - Finished processing (I=0, O=0, R=2, W=2, U=0, E=0)
2025/09/17 03:23:15 - Select values 3.0 - Finished processing (I=0, O=0, R=2, W=2, U=0, E=0)
2025/09/17 03:23:15 - Dummy (do nothing) 2.0 - Finished processing (I=0, O=0, R=2, W=2, U=0, E=0)
2025/09/17 03:23:15 - JSON Input.0 - Finished processing (I=24, O=0, R=2, W=24, U=0, E=0)
2025/09/17 03:23:15 - Replace in string 1.0 - Finished processing (I=0, O=0, R=24, W=24, U=0, E=0)
2025/09/17 03:23:15 - Replace in strings.0 - Finished processing (I=0, O=0, R=24, W=24, U=0, E=0)
2025/09/17 03:23:15 - Split Fields 1.0 - Finished processing (I=0, O=0, R=24, W=24, U=0, E=0)
2025/09/17 03:23:15 - Filter rows.0 - Finished processing (I=0, O=0, R=24, W=24, U=0, E=0)
2025/09/17 03:23:15 - Strings cut.0 - Finished processing (I=0, O=0, R=24, W=24, U=0, E=0)
2025/09/17 03:23:15 - Select values 2.0 - Finished processing (I=0, O=0, R=24, W=24, U=0, E=0)
2025/09/17 03:23:15 - Modified Java Script Value.0 - Finished processing (I=0, O=0, R=24, W=24, U=0, E=0)
2025/09/17 03:23:15 - User Defined Java Expression.0 - Finished processing (I=0, O=0, R=24, W=24, U=0, E=0)
2025/09/17 03:23:15 - Select values.0 - Finished processing (I=0, O=0, R=24, W=24, U=0, E=0)
2025/09/17 03:23:15 - Sort rows.0 - Finished processing (I=0, O=0, R=24, W=24, U=0, E=0)
2025/09/17 03:23:15 - Filter rows 3.0 - Finished processing (I=0, O=0, R=24, W=24, U=0, E=0)
2025/09/17 03:23:15 - Dummy (do nothing) 3 2.0 - Finished processing (I=0, O=0, R=8, W=8, U=0, E=0)
2025/09/17 03:23:15 - Row denormaliser.0 - Finished processing (I=0, O=0, R=16, W=4, U=0, E=0)
2025/09/17 03:23:15 - Sort rows 2.0 - Finished processing (I=0, O=0, R=4, W=4, U=0, E=0)
2025/09/17 03:23:15 - Row denormaliser 2.0 - Finished processing (I=0, O=0, R=4, W=2, U=0, E=0)
2025/09/17 03:23:15 - tems_och.0 - WARNING: Couldn't insert row into table: [deb5582c-2835-3257-bf13-8cfaf0f10873], [HIKA], [2], [13], [17], [201], [{"data":[{"attributes":{"tags":{"direction":"RECEIVE","directionNative":"RCV","displayName":"HIKA-C6500-2","facilityName":"STTP-2-13-17","facilityNameNative":"STTP-2-13-17","granularity":"15_MINUTE","granularityNative":"15-MIN","location":"NEAR_END","locationNative":"NEND","longname":"HIKA-C6500-2","networkElementID":"deb5582c-2835-3257-bf13-8cfaf0f10873","networkElementName":"HIKA-C6500-2","parameter":"ERRORED_SECONDS_LINE","parameterNative":"ES-L","pmResourceId":"STTP-2-13-17","port":"17","shelf":"2","slot":"13"},"values":{"2025-09-17T00:00:00Z":{"value":0,"binStateNative":"COMPL","condition":"OK"}}}},{"attributes":{"tags":{"direction":"RECEIVE","directionNative":"RCV","displayName":"HIKA-C6500-2","facilityName":"STTP-2-13-17","facilityNameNative":"STTP-2-13-17","granularity":"15_MINUTE","granularityNative":"15-MIN","location":"FAR_END","locationNative":"FEND","longname":"HIKA-C6500-2","networkElementID":"deb5582c-2835-3257-bf13-8cfaf0f10873","networkElementName":"HIKA-C6500-2","parameter":"ERRORED_SECONDS_LINE","parameterNative":"ES-L","pmResourceId":"STTP-2-13-17","port":"17","shelf":"2","slot":"13"},"values":{"2025-09-17T00:00:00Z":{"value":0,"binStateNative":"ADJ","condition":"OK"}}}},{"attributes":{"tags":{"direction":"TRANSMIT","directionNative":"TRMT","displayName":"HIKA-C6500-2","facilityName":"STTP-2-13-17","facilityNameNative":"STTP-2-13-17","granularity":"15_MINUTE","granularityNative":"15-MIN","location":"NEAR_END","locationNative":"NEND","longname":"HIKA-C6500-2","networkElementID":"deb5582c-2835-3257-bf13-8cfaf0f10873","networkElementName":"HIKA-C6500-2","parameter":"ERRORED_SECONDS_LINE","parameterNative":"ES-L","pmResourceId":"STTP-2-13-17","port":"17","shelf":"2","slot":"13"},"values":{"2025-09-17T00:00:00Z":{"value":0,"binStateNative":"COMPL","condition":"OK"}}}},{"attributes":{"tags":{"direction":"RECEIVE","directionNative":"RCV","displayName":"HIKA-C6500-2","facilityName":"STTP-2-13-17","facilityNameNative":"STTP-2-13-17","granularity":"15_MINUTE","granularityNative":"15-MIN","location":"NEAR_END","locationNative":"NEND","longname":"HIKA-C6500-2","networkElementID":"deb5582c-2835-3257-bf13-8cfaf0f10873","networkElementName":"HIKA-C6500-2","parameter":"FAILURE_COUNT_LINE","parameterNative":"FC-L","pmResourceId":"STTP-2-13-17","port":"17","shelf":"2","slot":"13"},"values":{"2025-09-17T00:00:00Z":{"value":0,"binStateNative":"COMPL","condition":"OK"}}}},{"attributes":{"tags":{"direction":"RECEIVE","directionNative":"RCV","displayName":"HIKA-C6500-2","facilityName":"STTP-2-13-17","facilityNameNative":"STTP-2-13-17","granularity":"15_MINUTE","granularityNative":"15-MIN","location":"FAR_END","locationNative":"FEND","longname":"HIKA-C6500-2","networkElementID":"deb5582c-2835-3257-bf13-8cfaf0f10873","networkElementName":"HIKA-C6500-2","parameter":"FAILURE_COUNT_LINE","parameterNative":"FC-L","pmResourceId":"STTP-2-13-17","port":"17","shelf":"2","slot":"13"},"values":{"2025-09-17T00:00:00Z":{"value":0,"binStateNative":"ADJ","condition":"OK"}}}},{"attributes":{"tags":{"direction":"TRANSMIT","directionNative":"TRMT","displayName":"HIKA-C6500-2","facilityName":"STTP-2-13-17","facilityNameNative":"STTP-2-13-17","granularity":"15_MINUTE","granularityNative":"15-MIN","location":"NEAR_END","locationNative":"NEND","longname":"HIKA-C6500-2","networkElementID":"deb5582c-2835-3257-bf13-8cfaf0f10873","networkElementName":"HIKA-C6500-2","parameter":"FAILURE_COUNT_LINE","parameterNative":"FC-L","pmResourceId":"STTP-2-13-17","port":"17","shelf":"2","slot":"13"},"values":{"2025-09-17T00:00:00Z":{"value":0,"binStateNative":"COMPL","condition":"OK"}}}},{"attributes":{"tags":{"direction":"RECEIVE","directionNative":"RCV","displayName":"HIKA-C6500-2","facilityName":"STTP-2-13-17","facilityNameNative":"STTP-2-13-17","granularity":"15_MINUTE","granularityNative":"15-MIN","location":"NEAR_END","locationNative":"NEND","longname":"HIKA-C6500-2","networkElementID":"deb5582c-2835-3257-bf13-8cfaf0f10873","networkElementName":"HIKA-C6500-2","parameter":"SEVERELY_ERRORED_SECONDS_LINE","parameterNative":"SES-L","pmResourceId":"STTP-2-13-17","port":"17","shelf":"2","slot":"13"},"values":{"2025-09-17T00:00:00Z":{"value":0,"binStateNative":"COMPL","condition":"OK"}}}},{"attributes":{"tags":{"direction":"RECEIVE","directionNative":"RCV","displayName":"HIKA-C6500-2","facilityName":"STTP-2-13-17","facilityNameNative":"STTP-2-13-17","granularity":"15_MINUTE","granularityNative":"15-MIN","location":"FAR_END","locationNative":"FEND","longname":"HIKA-C6500-2","networkElementID":"deb5582c-2835-3257-bf13-8cfaf0f10873","networkElementName":"HIKA-C6500-2","parameter":"SEVERELY_ERRORED_SECONDS_LINE","parameterNative":"SES-L","pmResourceId":"STTP-2-13-17","port":"17","shelf":"2","slot":"13"},"values":{"2025-09-17T00:00:00Z":{"value":0,"binStateNative":"ADJ","condition":"OK"}}}},{"attributes":{"tags":{"direction":"TRANSMIT","directionNative":"TRMT","displayName":"HIKA-C6500-2","facilityName":"STTP-2-13-17","facilityNameNative":"STTP-2-13-17","granularity":"15_MINUTE","granularityNative":"15-MIN","location":"NEAR_END","locationNative":"NEND","longname":"HIKA-C6500-2","networkElementID":"deb5582c-2835-3257-bf13-8cfaf0f10873","networkElementName":"HIKA-C6500-2","parameter":"SEVERELY_ERRORED_SECONDS_LINE","parameterNative":"SES-L","pmResourceId":"STTP-2-13-17","port":"17","shelf":"2","slot":"13"},"values":{"2025-09-17T00:00:00Z":{"value":0,"binStateNative":"COMPL","condition":"OK"}}}},{"attributes":{"tags":{"direction":"RECEIVE","directionNative":"RCV","displayName":"HIKA-C6500-2","facilityName":"STTP-2-13-17","facilityNameNative":"STTP-2-13-17","granularity":"15_MINUTE","granularityNative":"15-MIN","location":"NEAR_END","locationNative":"NEND","longname":"HIKA-C6500-2","networkElementID":"deb5582c-2835-3257-bf13-8cfaf0f10873","networkElementName":"HIKA-C6500-2","parameter":"UNAVAILABLE_SECONDS_LINE","parameterNative":"UAS-L","pmResourceId":"STTP-2-13-17","port":"17","shelf":"2","slot":"13"},"values":{"2025-09-17T00:00:00Z":{"value":900,"binStateNative":"COMPL","condition":"OK"}}}},{"attributes":{"tags":{"direction":"RECEIVE","directionNative":"RCV","displayName":"HIKA-C6500-2","facilityName":"STTP-2-13-17","facilityNameNative":"STTP-2-13-17","granularity":"15_MINUTE","granularityNative":"15-MIN","location":"FAR_END","locationNative":"FEND","longname":"HIKA-C6500-2","networkElementID":"deb5582c-2835-3257-bf13-8cfaf0f10873","networkElementName":"HIKA-C6500-2","parameter":"UNAVAILABLE_SECONDS_LINE","parameterNative":"UAS-L","pmResourceId":"STTP-2-13-17","port":"17","shelf":"2","slot":"13"},"values":{"2025-09-17T00:00:00Z":{"value":0,"binStateNative":"ADJ","condition":"OK"}}}},{"attributes":{"tags":{"direction":"TRANSMIT","directionNative":"TRMT","displayName":"HIKA-C6500-2","facilityName":"STTP-2-13-17","facilityNameNative":"STTP-2-13-17","granularity":"15_MINUTE","granularityNative":"15-MIN","location":"NEAR_END","locationNative":"NEND","longname":"HIKA-C6500-2","networkElementID":"deb5582c-2835-3257-bf13-8cfaf0f10873","networkElementName":"HIKA-C6500-2","parameter":"UNAVAILABLE_SECONDS_LINE","parameterNative":"UAS-L","pmResourceId":"STTP-2-13-17","port":"17","shelf":"2","slot":"13"},"values":{"2025-09-17T00:00:00Z":{"value":900,"binStateNative":"COMPL","condition":"OK"}}}}],"links":{"nextInterval":"/pm/api/v3/query/metrics?start=1758067200000\u0026end=1758067200000\u0026cursor=0","previousInterval":"/pm/api/v3/query/metrics?start=1758067200000\u0026end=1758067200000\u0026cursor=0","self":"/pm/api/v3/query/metrics?start=1758067200000\u0026end=1758067200000\u0026cursor=0"}}], [MMF-BX1117], [HIKA:STTP-2-13-17], [STTP-2-13-17], [15_MINUTE], [UNAVAILABLE_SECONDS_LINE], [2025-09-17T00:00], [2025/09/17 00:00:00.000], [900], [HIKA:STTP-2-13-17], [900.0], [900.0], [0.0], [0.0], [0.0], [0.0], [0.0], [0.0]
2025/09/17 03:23:15 - tems_och.0 - 
2025/09/17 03:23:15 - tems_och.0 - Error inserting/updating row
2025/09/17 03:23:15 - tems_och.0 - (conn=5568756) Duplicate entry '2025-09-17 00:00:00-HIKA:STTP-2-13-17-deb5582c-2835-3257-bf13...' for key 'dt_pms_UNIQUE'
2025/09/17 03:23:15 - tems_och.0 - WARNING: Couldn't insert row into table: [46147a67-1425-33bf-a847-7c08224a7811], [USFB], [1], [21], [17], [201], [{"data":[{"attributes":{"tags":{"direction":"RECEIVE","directionNative":"RCV","displayName":"USFB-C6500-1","facilityName":"STTP-1-21-17","facilityNameNative":"STTP-1-21-17","granularity":"15_MINUTE","granularityNative":"15-MIN","location":"FAR_END","locationNative":"FEND","longname":"USFB-C6500-1","networkElementID":"46147a67-1425-33bf-a847-7c08224a7811","networkElementName":"USFB-C6500-1","parameter":"ERRORED_SECONDS_LINE","parameterNative":"ES-L","pmResourceId":"STTP-1-21-17","port":"17","shelf":"1","slot":"21"},"values":{"2025-09-17T00:00:00Z":{"value":0,"binStateNative":"ADJ","condition":"OK"}}}},{"attributes":{"tags":{"direction":"RECEIVE","directionNative":"RCV","displayName":"USFB-C6500-1","facilityName":"STTP-1-21-17","facilityNameNative":"STTP-1-21-17","granularity":"15_MINUTE","granularityNative":"15-MIN","location":"NEAR_END","locationNative":"NEND","longname":"USFB-C6500-1","networkElementID":"46147a67-1425-33bf-a847-7c08224a7811","networkElementName":"USFB-C6500-1","parameter":"ERRORED_SECONDS_LINE","parameterNative":"ES-L","pmResourceId":"STTP-1-21-17","port":"17","shelf":"1","slot":"21"},"values":{"2025-09-17T00:00:00Z":{"value":0,"binStateNative":"COMPL","condition":"OK"}}}},{"attributes":{"tags":{"direction":"TRANSMIT","directionNative":"TRMT","displayName":"USFB-C6500-1","facilityName":"STTP-1-21-17","facilityNameNative":"STTP-1-21-17","granularity":"15_MINUTE","granularityNative":"15-MIN","location":"NEAR_END","locationNative":"NEND","longname":"USFB-C6500-1","networkElementID":"46147a67-1425-33bf-a847-7c08224a7811","networkElementName":"USFB-C6500-1","parameter":"ERRORED_SECONDS_LINE","parameterNative":"ES-L","pmResourceId":"STTP-1-21-17","port":"17","shelf":"1","slot":"21"},"values":{"2025-09-17T00:00:00Z":{"value":0,"binStateNative":"COMPL","condition":"OK"}}}},{"attributes":{"tags":{"direction":"RECEIVE","directionNative":"RCV","displayName":"USFB-C6500-1","facilityName":"STTP-1-21-17","facilityNameNative":"STTP-1-21-17","granularity":"15_MINUTE","granularityNative":"15-MIN","location":"NEAR_END","locationNative":"NEND","longname":"USFB-C6500-1","networkElementID":"46147a67-1425-33bf-a847-7c08224a7811","networkElementName":"USFB-C6500-1","parameter":"FAILURE_COUNT_LINE","parameterNative":"FC-L","pmResourceId":"STTP-1-21-17","port":"17","shelf":"1","slot":"21"},"values":{"2025-09-17T00:00:00Z":{"value":0,"binStateNative":"COMPL","condition":"OK"}}}},{"attributes":{"tags":{"direction":"RECEIVE","directionNative":"RCV","displayName":"USFB-C6500-1","facilityName":"STTP-1-21-17","facilityNameNative":"STTP-1-21-17","granularity":"15_MINUTE","granularityNative":"15-MIN","location":"FAR_END","locationNative":"FEND","longname":"USFB-C6500-1","networkElementID":"46147a67-1425-33bf-a847-7c08224a7811","networkElementName":"USFB-C6500-1","parameter":"FAILURE_COUNT_LINE","parameterNative":"FC-L","pmResourceId":"STTP-1-21-17","port":"17","shelf":"1","slot":"21"},"values":{"2025-09-17T00:00:00Z":{"value":0,"binStateNative":"ADJ","condition":"OK"}}}},{"attributes":{"tags":{"direction":"TRANSMIT","directionNative":"TRMT","displayName":"USFB-C6500-1","facilityName":"STTP-1-21-17","facilityNameNative":"STTP-1-21-17","granularity":"15_MINUTE","granularityNative":"15-MIN","location":"NEAR_END","locationNative":"NEND","longname":"USFB-C6500-1","networkElementID":"46147a67-1425-33bf-a847-7c08224a7811","networkElementName":"USFB-C6500-1","parameter":"FAILURE_COUNT_LINE","parameterNative":"FC-L","pmResourceId":"STTP-1-21-17","port":"17","shelf":"1","slot":"21"},"values":{"2025-09-17T00:00:00Z":{"value":0,"binStateNative":"COMPL","condition":"OK"}}}},{"attributes":{"tags":{"direction":"RECEIVE","directionNative":"RCV","displayName":"USFB-C6500-1","facilityName":"STTP-1-21-17","facilityNameNative":"STTP-1-21-17","granularity":"15_MINUTE","granularityNative":"15-MIN","location":"NEAR_END","locationNative":"NEND","longname":"USFB-C6500-1","networkElementID":"46147a67-1425-33bf-a847-7c08224a7811","networkElementName":"USFB-C6500-1","parameter":"SEVERELY_ERRORED_SECONDS_LINE","parameterNative":"SES-L","pmResourceId":"STTP-1-21-17","port":"17","shelf":"1","slot":"21"},"values":{"2025-09-17T00:00:00Z":{"value":0,"binStateNative":"COMPL","condition":"OK"}}}},{"attributes":{"tags":{"direction":"RECEIVE","directionNative":"RCV","displayName":"USFB-C6500-1","facilityName":"STTP-1-21-17","facilityNameNative":"STTP-1-21-17","granularity":"15_MINUTE","granularityNative":"15-MIN","location":"FAR_END","locationNative":"FEND","longname":"USFB-C6500-1","networkElementID":"46147a67-1425-33bf-a847-7c08224a7811","networkElementName":"USFB-C6500-1","parameter":"SEVERELY_ERRORED_SECONDS_LINE","parameterNative":"SES-L","pmResourceId":"STTP-1-21-17","port":"17","shelf":"1","slot":"21"},"values":{"2025-09-17T00:00:00Z":{"value":0,"binStateNative":"ADJ","condition":"OK"}}}},{"attributes":{"tags":{"direction":"TRANSMIT","directionNative":"TRMT","displayName":"USFB-C6500-1","facilityName":"STTP-1-21-17","facilityNameNative":"STTP-1-21-17","granularity":"15_MINUTE","granularityNative":"15-MIN","location":"NEAR_END","locationNative":"NEND","longname":"USFB-C6500-1","networkElementID":"46147a67-1425-33bf-a847-7c08224a7811","networkElementName":"USFB-C6500-1","parameter":"SEVERELY_ERRORED_SECONDS_LINE","parameterNative":"SES-L","pmResourceId":"STTP-1-21-17","port":"17","shelf":"1","slot":"21"},"values":{"2025-09-17T00:00:00Z":{"value":0,"binStateNative":"COMPL","condition":"OK"}}}},{"attributes":{"tags":{"direction":"RECEIVE","directionNative":"RCV","displayName":"USFB-C6500-1","facilityName":"STTP-1-21-17","facilityNameNative":"STTP-1-21-17","granularity":"15_MINUTE","granularityNative":"15-MIN","location":"NEAR_END","locationNative":"NEND","longname":"USFB-C6500-1","networkElementID":"46147a67-1425-33bf-a847-7c08224a7811","networkElementName":"USFB-C6500-1","parameter":"UNAVAILABLE_SECONDS_LINE","parameterNative":"UAS-L","pmResourceId":"STTP-1-21-17","port":"17","shelf":"1","slot":"21"},"values":{"2025-09-17T00:00:00Z":{"value":900,"binStateNative":"COMPL","condition":"OK"}}}},{"attributes":{"tags":{"direction":"RECEIVE","directionNative":"RCV","displayName":"USFB-C6500-1","facilityName":"STTP-1-21-17","facilityNameNative":"STTP-1-21-17","granularity":"15_MINUTE","granularityNative":"15-MIN","location":"FAR_END","locationNative":"FEND","longname":"USFB-C6500-1","networkElementID":"46147a67-1425-33bf-a847-7c08224a7811","networkElementName":"USFB-C6500-1","parameter":"UNAVAILABLE_SECONDS_LINE","parameterNative":"UAS-L","pmResourceId":"STTP-1-21-17","port":"17","shelf":"1","slot":"21"},"values":{"2025-09-17T00:00:00Z":{"value":0,"binStateNative":"ADJ","condition":"OK"}}}},{"attributes":{"tags":{"direction":"TRANSMIT","directionNative":"TRMT","displayName":"USFB-C6500-1","facilityName":"STTP-1-21-17","facilityNameNative":"STTP-1-21-17","granularity":"15_MINUTE","granularityNative":"15-MIN","location":"NEAR_END","locationNative":"NEND","longname":"USFB-C6500-1","networkElementID":"46147a67-1425-33bf-a847-7c08224a7811","networkElementName":"USFB-C6500-1","parameter":"UNAVAILABLE_SECONDS_LINE","parameterNative":"UAS-L","pmResourceId":"STTP-1-21-17","port":"17","shelf":"1","slot":"21"},"values":{"2025-09-17T00:00:00Z":{"value":900,"binStateNative":"COMPL","condition":"OK"}}}}],"links":{"nextInterval":"/pm/api/v3/query/metrics?start=1758067200000\u0026end=1758067200000\u0026cursor=0","previousInterval":"/pm/api/v3/query/metrics?start=1758067200000\u0026end=1758067200000\u0026cursor=0","self":"/pm/api/v3/query/metrics?start=1758067200000\u0026end=1758067200000\u0026cursor=0"}}], [MMF-BX1117], [USFB:STTP-1-21-17], [STTP-1-21-17], [15_MINUTE], [UNAVAILABLE_SECONDS_LINE], [2025-09-17T00:00], [2025/09/17 00:00:00.000], [900], [USFB:STTP-1-21-17], [900.0], [900.0], [0.0], [0.0], [0.0], [0.0], [0.0], [0.0]
2025/09/17 03:23:15 - tems_och.0 - 
2025/09/17 03:23:15 - tems_och.0 - Error inserting/updating row
2025/09/17 03:23:15 - tems_och.0 - (conn=5568756) Duplicate entry '2025-09-17 00:00:00-USFB:STTP-1-21-17-46147a67-1425-33bf-a847...' for key 'dt_pms_UNIQUE'
2025/09/17 03:23:15 - Mapping output specification.0 - Finished processing (I=0, O=0, R=2, W=2, U=0, E=0)
2025/09/17 03:23:15 - tems_och.0 - Finished processing (I=0, O=2, R=2, W=2, U=0, E=0)
2025/09/17 03:23:15 - Ciena PM.0 - Finished processing (I=0, O=0, R=2, W=2, U=0, E=0)
2025/09/17 03:23:15 - REST_Call_and_Load_Ciena_to_DB - Starting entry [DUMMY 2]
2025/09/17 03:23:15 - REST_Call_and_Load_Ciena_to_DB - Finished job entry [DUMMY 2] (result=[true])
2025/09/17 03:23:15 - REST_Call_and_Load_Ciena_to_DB - Finished job entry [ExtractData-6500-STTP-Serv] (result=[true])
2025/09/17 03:23:15 - REST_Call_and_Load_Ciena_to_DB - Finished job entry [LoadConfiguration] (result=[true])
2025/09/17 03:23:15 - REST_Call_and_Load_Ciena_to_DB - Job execution finished
2025/09/17 03:23:15 - Kitchen - Finished!
2025/09/17 03:23:15 - Kitchen - Start=2025/09/17 03:23:11.453, Stop=2025/09/17 03:23:15.539
2025/09/17 03:23:15 - Kitchen - Processing ended after 4 seconds.
#######################################################################
WARNING:  no libwebkitgtk-1.0 detected, some features will be unavailable
    Consider installing the package with apt-get or yum.
    e.g. 'sudo apt-get install libwebkitgtk-1.0-0'
#######################################################################
2025/09/17 03:37:08 - Kitchen - Start of run.
2025/09/17 03:37:12 - REST_Call_and_Load_Ciena_to_DB - Start of job execution
2025/09/17 03:37:12 - REST_Call_and_Load_Ciena_to_DB - Starting entry [LoadConfiguration]
2025/09/17 03:37:12 - LoadConfiguration - Using run configuration [Pentaho local]
2025/09/17 03:37:12 - ciena_load_configuration - Dispatching started for transformation [ciena_load_configuration]
2025/09/17 03:37:12 - Property Input.0 - Finished processing (I=26, O=0, R=0, W=26, U=0, E=0)
2025/09/17 03:37:12 - Row denormaliser.0 - Finished processing (I=0, O=0, R=26, W=1, U=0, E=0)
2025/09/17 03:37:12 - Set Variables.0 - Setting environment variables...
2025/09/17 03:37:12 - Set Variables.0 - Set variable TARGET_DB_IP to value [ausy-db-mdb-oss-m2.local.hawaiki.co.nz]
2025/09/17 03:37:12 - Set Variables.0 - Set variable TARGET_DB_NAME to value [pm_db]
2025/09/17 03:37:12 - Set Variables.0 - Set variable TARGET_DB_PORT to value [3306]
2025/09/17 03:37:12 - Set Variables.0 - Set variable TARGET_DB_USER to value [mediation_rw]
2025/09/17 03:37:12 - Set Variables.0 - Set variable TARGET_DB_PASS to value [RKbZ4NzQJrL20tmu]
2025/09/17 03:37:12 - Set Variables.0 - Set variable TARGET_USERNAME to value [ics-radapi]
2025/09/17 03:37:12 - Set Variables.0 - Set variable TARGET_PASSWORD to value [fE8aXgHbFBba]
2025/09/17 03:37:12 - Set Variables.0 - Set variable TARGET_TOKEN_URL to value [http://ncs-ausy.local.bw-digital.com/tron/api/v1/oauth2/tokens]
2025/09/17 03:37:12 - Set Variables.0 - Set variable TARGET_PM_URL to value [http://ncs-ausy.local.bw-digital.com/pm/api/v3/query/metrics]
2025/09/17 03:37:12 - Set Variables.0 - Set variable TARGET_EMAIL_DESTINATION_ADDRESS to value [itdev@hawaikicable.co.nz operations-noc@hawaikicable.co.nz]
2025/09/17 03:37:12 - Set Variables.0 - Set variable TARGET_EMAIL_SENDER_ADDRESS to value [no-reply@bw-digital.com]
2025/09/17 03:37:12 - Set Variables.0 - Set variable TARGET_EMAIL_SMTP_SERVER to value [smtp.office365.com]
2025/09/17 03:37:12 - Set Variables.0 - Set variable TARGET_EMAIL_PORT to value [587]
2025/09/17 03:37:12 - Set Variables.0 - Set variable TARGET_EMAIL_SMTP_PASSWORD to value [JkKL7+su&=wybsLGjnY@&j5ZV^e_C^J&%LvqrdQk]
2025/09/17 03:37:12 - Set Variables.0 - Set variable TARGET_EMAIL_SUBJECT to value [Missing PM Sources - Ciena WS Production - 10.7.2.104]
2025/09/17 03:37:12 - Set Variables.0 - Set variable TARGET-SLEEP_AFTER_REST_ATTEMPT to value [Y]
2025/09/17 03:37:12 - Set Variables.0 - Set variable TARGET_SLEEP_TIMER to value [3.0]
2025/09/17 03:37:12 - Set Variables.0 - Set variable TARGET_DURATION_DAYS to value [2.0]
2025/09/17 03:37:12 - Set Variables.0 - Set variable TARGET_BINSTATE_LOG to value [Y]
2025/09/17 03:37:12 - Set Variables.0 - Set variable TARGET_DATE_START to value [2025-09-17]
2025/09/17 03:37:12 - Set Variables.0 - Set variable TARGET_DATE_END to value [2025-09-17]
2025/09/17 03:37:12 - Set Variables.0 - Finished after 1 rows.
2025/09/17 03:37:12 - Set Variables.0 - Finished processing (I=0, O=0, R=1, W=1, U=0, E=0)
2025/09/17 03:37:12 - REST_Call_and_Load_Ciena_to_DB - Starting entry [ExtractData-6500-STTP-Serv]
2025/09/17 03:37:13 - ExtractData-6500-STTP-Serv - Using run configuration [Pentaho local]
2025/09/17 03:37:13 - ciena_report_extraction - Dispatching started for transformation [ciena_report_extraction]
2025/09/17 03:37:13 - ciena_token - Dispatching started for transformation [ciena_token]
2025/09/17 03:37:13 - ciena_pm - Dispatching started for transformation [ciena_pm]
2025/09/17 03:37:13 - Table output.0 - Connected to database [db] (commit=1000)
2025/09/17 03:37:13 - tems_och.0 - Connected to database [db] (commit=1)
2025/09/17 03:37:13 - Generate Rows.0 - Finished processing (I=0, O=0, R=0, W=1, U=0, E=0)
2025/09/17 03:37:13 - Mapping input specification.0 - Finished processing (I=0, O=0, R=1, W=1, U=0, E=0)
2025/09/17 03:37:13 - Table input.0 - Finished reading query, closing connection
2025/09/17 03:37:13 - Table input.0 - Finished processing (I=2, O=0, R=0, W=2, U=0, E=0)
2025/09/17 03:37:13 - Table input.0 - Finished reading query, closing connection
2025/09/17 03:37:13 - Table input.0 - Finished processing (I=5, O=0, R=0, W=5, U=0, E=0)
2025/09/17 03:37:14 - Join Rows (cartesian product).0 - Finished processing (I=0, O=0, R=6, W=5, U=0, E=0)
2025/09/17 03:37:14 - Identify last row in a stream.0 - Finished processing (I=0, O=0, R=5, W=5, U=0, E=0)
2025/09/17 03:37:14 - Filter rows 2.0 - Finished processing (I=0, O=0, R=5, W=5, U=0, E=0)
2025/09/17 03:37:14 - Filter rows.0 - Finished processing (I=0, O=0, R=1, W=1, U=0, E=0)
2025/09/17 03:37:14 - Dummy (do nothing).0 - Finished processing (I=0, O=0, R=4, W=4, U=0, E=0)
2025/09/17 03:37:14 - Select values.0 - Finished processing (I=0, O=0, R=1, W=1, U=0, E=0)
2025/09/17 03:37:14 - Token is valid.0 - 
2025/09/17 03:37:14 - Token is valid.0 - ------------> Linenr 1------------------------------
2025/09/17 03:37:14 - Token is valid.0 - #################### Token is Valid ####################
2025/09/17 03:37:14 - Token is valid.0 - 
2025/09/17 03:37:14 - Token is valid.0 - expirationTime = 2025/10/09 00:53:39.000000000
2025/09/17 03:37:14 - Token is valid.0 - 
2025/09/17 03:37:14 - Token is valid.0 - ====================
2025/09/17 03:37:14 - Token is valid.0 - Finished processing (I=0, O=0, R=1, W=1, U=0, E=0)
2025/09/17 03:37:14 - Merge Rows (diff).0 - Finished processing (I=0, O=0, R=1, W=1, U=0, E=0)
2025/09/17 03:37:14 - Final Result.0 - 
2025/09/17 03:37:14 - Final Result.0 - ------------> Linenr 1------------------------------
2025/09/17 03:37:14 - Final Result.0 - #################### Token is Ready to Use ####################
2025/09/17 03:37:14 - Final Result.0 - 
2025/09/17 03:37:14 - Final Result.0 - expirationTime = 2025/10/09 00:53:39.000000000
2025/09/17 03:37:14 - Final Result.0 - 
2025/09/17 03:37:14 - Final Result.0 - ====================
2025/09/17 03:37:14 - Final Result.0 - Finished processing (I=0, O=0, R=1, W=1, U=0, E=0)
2025/09/17 03:37:14 - Mapping output specification.0 - Finished processing (I=0, O=0, R=1, W=1, U=0, E=0)
2025/09/17 03:37:14 - Select values.0 - Finished processing (I=0, O=0, R=1, W=1, U=0, E=0)
2025/09/17 03:37:14 - Ciena Token.0 - Finished processing (I=0, O=0, R=1, W=1, U=0, E=0)
2025/09/17 03:37:14 - Modified Java Script Value 2.0 - Optimization level set to 9.
2025/09/17 03:37:14 - Join Rows (cartesian product).0 - Finished processing (I=0, O=0, R=3, W=2, U=0, E=0)
2025/09/17 03:37:14 - Specification.0 - Finished processing (I=0, O=0, R=2, W=2, U=0, E=0)
2025/09/17 03:37:14 - Get Variables 2.0 - Finished processing (I=0, O=0, R=2, W=2, U=0, E=0)
2025/09/17 03:37:14 - Modified Java Script Value 2.0 - Finished processing (I=0, O=0, R=2, W=2, U=0, E=0)
2025/09/17 03:37:14 - Select values 2 2.0 - Finished processing (I=0, O=0, R=2, W=2, U=0, E=0)
2025/09/17 03:37:14 - Replace in string.0 - Finished processing (I=0, O=0, R=2, W=2, U=0, E=0)
2025/09/17 03:37:16 - Modified Java Script Value.0 - Optimization level set to 9.
2025/09/17 03:37:16 - REST First Attempt.0 - Finished processing (I=0, O=0, R=2, W=2, U=0, E=0)
2025/09/17 03:37:16 - Filter rows 2.0 - Finished processing (I=0, O=0, R=2, W=2, U=0, E=0)
2025/09/17 03:37:16 - Select values 3.0 - Finished processing (I=0, O=0, R=2, W=2, U=0, E=0)
2025/09/17 03:37:16 - Dummy (do nothing) 2.0 - Finished processing (I=0, O=0, R=2, W=2, U=0, E=0)
2025/09/17 03:37:16 - JSON Input.0 - Finished processing (I=24, O=0, R=2, W=24, U=0, E=0)
2025/09/17 03:37:16 - Replace in string 1.0 - Finished processing (I=0, O=0, R=24, W=24, U=0, E=0)
2025/09/17 03:37:16 - Replace in strings.0 - Finished processing (I=0, O=0, R=24, W=24, U=0, E=0)
2025/09/17 03:37:16 - Split Fields 1.0 - Finished processing (I=0, O=0, R=24, W=24, U=0, E=0)
2025/09/17 03:37:16 - Filter rows.0 - Finished processing (I=0, O=0, R=24, W=24, U=0, E=0)
2025/09/17 03:37:16 - Strings cut.0 - Finished processing (I=0, O=0, R=24, W=24, U=0, E=0)
2025/09/17 03:37:16 - Select values 2.0 - Finished processing (I=0, O=0, R=24, W=24, U=0, E=0)
2025/09/17 03:37:16 - Modified Java Script Value.0 - Finished processing (I=0, O=0, R=24, W=24, U=0, E=0)
2025/09/17 03:37:16 - User Defined Java Expression.0 - Finished processing (I=0, O=0, R=24, W=24, U=0, E=0)
2025/09/17 03:37:16 - Select values.0 - Finished processing (I=0, O=0, R=24, W=24, U=0, E=0)
2025/09/17 03:37:16 - Sort rows.0 - Finished processing (I=0, O=0, R=24, W=24, U=0, E=0)
2025/09/17 03:37:16 - Filter rows 3.0 - Finished processing (I=0, O=0, R=24, W=24, U=0, E=0)
2025/09/17 03:37:16 - Dummy (do nothing) 3 2.0 - Finished processing (I=0, O=0, R=8, W=8, U=0, E=0)
2025/09/17 03:37:16 - Row denormaliser.0 - Finished processing (I=0, O=0, R=16, W=4, U=0, E=0)
2025/09/17 03:37:16 - Sort rows 2.0 - Finished processing (I=0, O=0, R=4, W=4, U=0, E=0)
2025/09/17 03:37:16 - Row denormaliser 2.0 - Finished processing (I=0, O=0, R=4, W=2, U=0, E=0)
2025/09/17 03:37:16 - tems_och.0 - WARNING: Couldn't insert row into table: [deb5582c-2835-3257-bf13-8cfaf0f10873], [HIKA], [2], [13], [17], [201], [{"data":[{"attributes":{"tags":{"direction":"RECEIVE","directionNative":"RCV","displayName":"HIKA-C6500-2","facilityName":"STTP-2-13-17","facilityNameNative":"STTP-2-13-17","granularity":"15_MINUTE","granularityNative":"15-MIN","location":"NEAR_END","locationNative":"NEND","longname":"HIKA-C6500-2","networkElementID":"deb5582c-2835-3257-bf13-8cfaf0f10873","networkElementName":"HIKA-C6500-2","parameter":"ERRORED_SECONDS_LINE","parameterNative":"ES-L","pmResourceId":"STTP-2-13-17","port":"17","shelf":"2","slot":"13"},"values":{"2025-09-17T00:00:00Z":{"value":0,"binStateNative":"COMPL","condition":"OK"}}}},{"attributes":{"tags":{"direction":"RECEIVE","directionNative":"RCV","displayName":"HIKA-C6500-2","facilityName":"STTP-2-13-17","facilityNameNative":"STTP-2-13-17","granularity":"15_MINUTE","granularityNative":"15-MIN","location":"FAR_END","locationNative":"FEND","longname":"HIKA-C6500-2","networkElementID":"deb5582c-2835-3257-bf13-8cfaf0f10873","networkElementName":"HIKA-C6500-2","parameter":"ERRORED_SECONDS_LINE","parameterNative":"ES-L","pmResourceId":"STTP-2-13-17","port":"17","shelf":"2","slot":"13"},"values":{"2025-09-17T00:00:00Z":{"value":0,"binStateNative":"ADJ","condition":"OK"}}}},{"attributes":{"tags":{"direction":"TRANSMIT","directionNative":"TRMT","displayName":"HIKA-C6500-2","facilityName":"STTP-2-13-17","facilityNameNative":"STTP-2-13-17","granularity":"15_MINUTE","granularityNative":"15-MIN","location":"NEAR_END","locationNative":"NEND","longname":"HIKA-C6500-2","networkElementID":"deb5582c-2835-3257-bf13-8cfaf0f10873","networkElementName":"HIKA-C6500-2","parameter":"ERRORED_SECONDS_LINE","parameterNative":"ES-L","pmResourceId":"STTP-2-13-17","port":"17","shelf":"2","slot":"13"},"values":{"2025-09-17T00:00:00Z":{"value":0,"binStateNative":"COMPL","condition":"OK"}}}},{"attributes":{"tags":{"direction":"RECEIVE","directionNative":"RCV","displayName":"HIKA-C6500-2","facilityName":"STTP-2-13-17","facilityNameNative":"STTP-2-13-17","granularity":"15_MINUTE","granularityNative":"15-MIN","location":"NEAR_END","locationNative":"NEND","longname":"HIKA-C6500-2","networkElementID":"deb5582c-2835-3257-bf13-8cfaf0f10873","networkElementName":"HIKA-C6500-2","parameter":"FAILURE_COUNT_LINE","parameterNative":"FC-L","pmResourceId":"STTP-2-13-17","port":"17","shelf":"2","slot":"13"},"values":{"2025-09-17T00:00:00Z":{"value":0,"binStateNative":"COMPL","condition":"OK"}}}},{"attributes":{"tags":{"direction":"RECEIVE","directionNative":"RCV","displayName":"HIKA-C6500-2","facilityName":"STTP-2-13-17","facilityNameNative":"STTP-2-13-17","granularity":"15_MINUTE","granularityNative":"15-MIN","location":"FAR_END","locationNative":"FEND","longname":"HIKA-C6500-2","networkElementID":"deb5582c-2835-3257-bf13-8cfaf0f10873","networkElementName":"HIKA-C6500-2","parameter":"FAILURE_COUNT_LINE","parameterNative":"FC-L","pmResourceId":"STTP-2-13-17","port":"17","shelf":"2","slot":"13"},"values":{"2025-09-17T00:00:00Z":{"value":0,"binStateNative":"ADJ","condition":"OK"}}}},{"attributes":{"tags":{"direction":"TRANSMIT","directionNative":"TRMT","displayName":"HIKA-C6500-2","facilityName":"STTP-2-13-17","facilityNameNative":"STTP-2-13-17","granularity":"15_MINUTE","granularityNative":"15-MIN","location":"NEAR_END","locationNative":"NEND","longname":"HIKA-C6500-2","networkElementID":"deb5582c-2835-3257-bf13-8cfaf0f10873","networkElementName":"HIKA-C6500-2","parameter":"FAILURE_COUNT_LINE","parameterNative":"FC-L","pmResourceId":"STTP-2-13-17","port":"17","shelf":"2","slot":"13"},"values":{"2025-09-17T00:00:00Z":{"value":0,"binStateNative":"COMPL","condition":"OK"}}}},{"attributes":{"tags":{"direction":"RECEIVE","directionNative":"RCV","displayName":"HIKA-C6500-2","facilityName":"STTP-2-13-17","facilityNameNative":"STTP-2-13-17","granularity":"15_MINUTE","granularityNative":"15-MIN","location":"NEAR_END","locationNative":"NEND","longname":"HIKA-C6500-2","networkElementID":"deb5582c-2835-3257-bf13-8cfaf0f10873","networkElementName":"HIKA-C6500-2","parameter":"SEVERELY_ERRORED_SECONDS_LINE","parameterNative":"SES-L","pmResourceId":"STTP-2-13-17","port":"17","shelf":"2","slot":"13"},"values":{"2025-09-17T00:00:00Z":{"value":0,"binStateNative":"COMPL","condition":"OK"}}}},{"attributes":{"tags":{"direction":"RECEIVE","directionNative":"RCV","displayName":"HIKA-C6500-2","facilityName":"STTP-2-13-17","facilityNameNative":"STTP-2-13-17","granularity":"15_MINUTE","granularityNative":"15-MIN","location":"FAR_END","locationNative":"FEND","longname":"HIKA-C6500-2","networkElementID":"deb5582c-2835-3257-bf13-8cfaf0f10873","networkElementName":"HIKA-C6500-2","parameter":"SEVERELY_ERRORED_SECONDS_LINE","parameterNative":"SES-L","pmResourceId":"STTP-2-13-17","port":"17","shelf":"2","slot":"13"},"values":{"2025-09-17T00:00:00Z":{"value":0,"binStateNative":"ADJ","condition":"OK"}}}},{"attributes":{"tags":{"direction":"TRANSMIT","directionNative":"TRMT","displayName":"HIKA-C6500-2","facilityName":"STTP-2-13-17","facilityNameNative":"STTP-2-13-17","granularity":"15_MINUTE","granularityNative":"15-MIN","location":"NEAR_END","locationNative":"NEND","longname":"HIKA-C6500-2","networkElementID":"deb5582c-2835-3257-bf13-8cfaf0f10873","networkElementName":"HIKA-C6500-2","parameter":"SEVERELY_ERRORED_SECONDS_LINE","parameterNative":"SES-L","pmResourceId":"STTP-2-13-17","port":"17","shelf":"2","slot":"13"},"values":{"2025-09-17T00:00:00Z":{"value":0,"binStateNative":"COMPL","condition":"OK"}}}},{"attributes":{"tags":{"direction":"RECEIVE","directionNative":"RCV","displayName":"HIKA-C6500-2","facilityName":"STTP-2-13-17","facilityNameNative":"STTP-2-13-17","granularity":"15_MINUTE","granularityNative":"15-MIN","location":"NEAR_END","locationNative":"NEND","longname":"HIKA-C6500-2","networkElementID":"deb5582c-2835-3257-bf13-8cfaf0f10873","networkElementName":"HIKA-C6500-2","parameter":"UNAVAILABLE_SECONDS_LINE","parameterNative":"UAS-L","pmResourceId":"STTP-2-13-17","port":"17","shelf":"2","slot":"13"},"values":{"2025-09-17T00:00:00Z":{"value":900,"binStateNative":"COMPL","condition":"OK"}}}},{"attributes":{"tags":{"direction":"RECEIVE","directionNative":"RCV","displayName":"HIKA-C6500-2","facilityName":"STTP-2-13-17","facilityNameNative":"STTP-2-13-17","granularity":"15_MINUTE","granularityNative":"15-MIN","location":"FAR_END","locationNative":"FEND","longname":"HIKA-C6500-2","networkElementID":"deb5582c-2835-3257-bf13-8cfaf0f10873","networkElementName":"HIKA-C6500-2","parameter":"UNAVAILABLE_SECONDS_LINE","parameterNative":"UAS-L","pmResourceId":"STTP-2-13-17","port":"17","shelf":"2","slot":"13"},"values":{"2025-09-17T00:00:00Z":{"value":0,"binStateNative":"ADJ","condition":"OK"}}}},{"attributes":{"tags":{"direction":"TRANSMIT","directionNative":"TRMT","displayName":"HIKA-C6500-2","facilityName":"STTP-2-13-17","facilityNameNative":"STTP-2-13-17","granularity":"15_MINUTE","granularityNative":"15-MIN","location":"NEAR_END","locationNative":"NEND","longname":"HIKA-C6500-2","networkElementID":"deb5582c-2835-3257-bf13-8cfaf0f10873","networkElementName":"HIKA-C6500-2","parameter":"UNAVAILABLE_SECONDS_LINE","parameterNative":"UAS-L","pmResourceId":"STTP-2-13-17","port":"17","shelf":"2","slot":"13"},"values":{"2025-09-17T00:00:00Z":{"value":900,"binStateNative":"COMPL","condition":"OK"}}}}],"links":{"nextInterval":"/pm/api/v3/query/metrics?start=1758067200000\u0026end=1758067200000\u0026cursor=0","previousInterval":"/pm/api/v3/query/metrics?start=1758067200000\u0026end=1758067200000\u0026cursor=0","self":"/pm/api/v3/query/metrics?start=1758067200000\u0026end=1758067200000\u0026cursor=0"}}], [MMF-BX1117], [HIKA:STTP-2-13-17], [STTP-2-13-17], [15_MINUTE], [UNAVAILABLE_SECONDS_LINE], [2025-09-17T00:00], [2025/09/17 00:00:00.000], [900], [HIKA:STTP-2-13-17], [900.0], [900.0], [0.0], [0.0], [0.0], [0.0], [0.0], [0.0]
2025/09/17 03:37:16 - tems_och.0 - 
2025/09/17 03:37:16 - tems_och.0 - Error inserting/updating row
2025/09/17 03:37:16 - tems_och.0 - (conn=5569225) Duplicate entry '2025-09-17 00:00:00-HIKA:STTP-2-13-17-deb5582c-2835-3257-bf13...' for key 'dt_pms_UNIQUE'
2025/09/17 03:37:16 - tems_och.0 - WARNING: Couldn't insert row into table: [46147a67-1425-33bf-a847-7c08224a7811], [USFB], [1], [21], [17], [201], [{"data":[{"attributes":{"tags":{"direction":"RECEIVE","directionNative":"RCV","displayName":"USFB-C6500-1","facilityName":"STTP-1-21-17","facilityNameNative":"STTP-1-21-17","granularity":"15_MINUTE","granularityNative":"15-MIN","location":"FAR_END","locationNative":"FEND","longname":"USFB-C6500-1","networkElementID":"46147a67-1425-33bf-a847-7c08224a7811","networkElementName":"USFB-C6500-1","parameter":"ERRORED_SECONDS_LINE","parameterNative":"ES-L","pmResourceId":"STTP-1-21-17","port":"17","shelf":"1","slot":"21"},"values":{"2025-09-17T00:00:00Z":{"value":0,"binStateNative":"ADJ","condition":"OK"}}}},{"attributes":{"tags":{"direction":"RECEIVE","directionNative":"RCV","displayName":"USFB-C6500-1","facilityName":"STTP-1-21-17","facilityNameNative":"STTP-1-21-17","granularity":"15_MINUTE","granularityNative":"15-MIN","location":"NEAR_END","locationNative":"NEND","longname":"USFB-C6500-1","networkElementID":"46147a67-1425-33bf-a847-7c08224a7811","networkElementName":"USFB-C6500-1","parameter":"ERRORED_SECONDS_LINE","parameterNative":"ES-L","pmResourceId":"STTP-1-21-17","port":"17","shelf":"1","slot":"21"},"values":{"2025-09-17T00:00:00Z":{"value":0,"binStateNative":"COMPL","condition":"OK"}}}},{"attributes":{"tags":{"direction":"TRANSMIT","directionNative":"TRMT","displayName":"USFB-C6500-1","facilityName":"STTP-1-21-17","facilityNameNative":"STTP-1-21-17","granularity":"15_MINUTE","granularityNative":"15-MIN","location":"NEAR_END","locationNative":"NEND","longname":"USFB-C6500-1","networkElementID":"46147a67-1425-33bf-a847-7c08224a7811","networkElementName":"USFB-C6500-1","parameter":"ERRORED_SECONDS_LINE","parameterNative":"ES-L","pmResourceId":"STTP-1-21-17","port":"17","shelf":"1","slot":"21"},"values":{"2025-09-17T00:00:00Z":{"value":0,"binStateNative":"COMPL","condition":"OK"}}}},{"attributes":{"tags":{"direction":"RECEIVE","directionNative":"RCV","displayName":"USFB-C6500-1","facilityName":"STTP-1-21-17","facilityNameNative":"STTP-1-21-17","granularity":"15_MINUTE","granularityNative":"15-MIN","location":"NEAR_END","locationNative":"NEND","longname":"USFB-C6500-1","networkElementID":"46147a67-1425-33bf-a847-7c08224a7811","networkElementName":"USFB-C6500-1","parameter":"FAILURE_COUNT_LINE","parameterNative":"FC-L","pmResourceId":"STTP-1-21-17","port":"17","shelf":"1","slot":"21"},"values":{"2025-09-17T00:00:00Z":{"value":0,"binStateNative":"COMPL","condition":"OK"}}}},{"attributes":{"tags":{"direction":"RECEIVE","directionNative":"RCV","displayName":"USFB-C6500-1","facilityName":"STTP-1-21-17","facilityNameNative":"STTP-1-21-17","granularity":"15_MINUTE","granularityNative":"15-MIN","location":"FAR_END","locationNative":"FEND","longname":"USFB-C6500-1","networkElementID":"46147a67-1425-33bf-a847-7c08224a7811","networkElementName":"USFB-C6500-1","parameter":"FAILURE_COUNT_LINE","parameterNative":"FC-L","pmResourceId":"STTP-1-21-17","port":"17","shelf":"1","slot":"21"},"values":{"2025-09-17T00:00:00Z":{"value":0,"binStateNative":"ADJ","condition":"OK"}}}},{"attributes":{"tags":{"direction":"TRANSMIT","directionNative":"TRMT","displayName":"USFB-C6500-1","facilityName":"STTP-1-21-17","facilityNameNative":"STTP-1-21-17","granularity":"15_MINUTE","granularityNative":"15-MIN","location":"NEAR_END","locationNative":"NEND","longname":"USFB-C6500-1","networkElementID":"46147a67-1425-33bf-a847-7c08224a7811","networkElementName":"USFB-C6500-1","parameter":"FAILURE_COUNT_LINE","parameterNative":"FC-L","pmResourceId":"STTP-1-21-17","port":"17","shelf":"1","slot":"21"},"values":{"2025-09-17T00:00:00Z":{"value":0,"binStateNative":"COMPL","condition":"OK"}}}},{"attributes":{"tags":{"direction":"RECEIVE","directionNative":"RCV","displayName":"USFB-C6500-1","facilityName":"STTP-1-21-17","facilityNameNative":"STTP-1-21-17","granularity":"15_MINUTE","granularityNative":"15-MIN","location":"NEAR_END","locationNative":"NEND","longname":"USFB-C6500-1","networkElementID":"46147a67-1425-33bf-a847-7c08224a7811","networkElementName":"USFB-C6500-1","parameter":"SEVERELY_ERRORED_SECONDS_LINE","parameterNative":"SES-L","pmResourceId":"STTP-1-21-17","port":"17","shelf":"1","slot":"21"},"values":{"2025-09-17T00:00:00Z":{"value":0,"binStateNative":"COMPL","condition":"OK"}}}},{"attributes":{"tags":{"direction":"RECEIVE","directionNative":"RCV","displayName":"USFB-C6500-1","facilityName":"STTP-1-21-17","facilityNameNative":"STTP-1-21-17","granularity":"15_MINUTE","granularityNative":"15-MIN","location":"FAR_END","locationNative":"FEND","longname":"USFB-C6500-1","networkElementID":"46147a67-1425-33bf-a847-7c08224a7811","networkElementName":"USFB-C6500-1","parameter":"SEVERELY_ERRORED_SECONDS_LINE","parameterNative":"SES-L","pmResourceId":"STTP-1-21-17","port":"17","shelf":"1","slot":"21"},"values":{"2025-09-17T00:00:00Z":{"value":0,"binStateNative":"ADJ","condition":"OK"}}}},{"attributes":{"tags":{"direction":"TRANSMIT","directionNative":"TRMT","displayName":"USFB-C6500-1","facilityName":"STTP-1-21-17","facilityNameNative":"STTP-1-21-17","granularity":"15_MINUTE","granularityNative":"15-MIN","location":"NEAR_END","locationNative":"NEND","longname":"USFB-C6500-1","networkElementID":"46147a67-1425-33bf-a847-7c08224a7811","networkElementName":"USFB-C6500-1","parameter":"SEVERELY_ERRORED_SECONDS_LINE","parameterNative":"SES-L","pmResourceId":"STTP-1-21-17","port":"17","shelf":"1","slot":"21"},"values":{"2025-09-17T00:00:00Z":{"value":0,"binStateNative":"COMPL","condition":"OK"}}}},{"attributes":{"tags":{"direction":"RECEIVE","directionNative":"RCV","displayName":"USFB-C6500-1","facilityName":"STTP-1-21-17","facilityNameNative":"STTP-1-21-17","granularity":"15_MINUTE","granularityNative":"15-MIN","location":"NEAR_END","locationNative":"NEND","longname":"USFB-C6500-1","networkElementID":"46147a67-1425-33bf-a847-7c08224a7811","networkElementName":"USFB-C6500-1","parameter":"UNAVAILABLE_SECONDS_LINE","parameterNative":"UAS-L","pmResourceId":"STTP-1-21-17","port":"17","shelf":"1","slot":"21"},"values":{"2025-09-17T00:00:00Z":{"value":900,"binStateNative":"COMPL","condition":"OK"}}}},{"attributes":{"tags":{"direction":"RECEIVE","directionNative":"RCV","displayName":"USFB-C6500-1","facilityName":"STTP-1-21-17","facilityNameNative":"STTP-1-21-17","granularity":"15_MINUTE","granularityNative":"15-MIN","location":"FAR_END","locationNative":"FEND","longname":"USFB-C6500-1","networkElementID":"46147a67-1425-33bf-a847-7c08224a7811","networkElementName":"USFB-C6500-1","parameter":"UNAVAILABLE_SECONDS_LINE","parameterNative":"UAS-L","pmResourceId":"STTP-1-21-17","port":"17","shelf":"1","slot":"21"},"values":{"2025-09-17T00:00:00Z":{"value":0,"binStateNative":"ADJ","condition":"OK"}}}},{"attributes":{"tags":{"direction":"TRANSMIT","directionNative":"TRMT","displayName":"USFB-C6500-1","facilityName":"STTP-1-21-17","facilityNameNative":"STTP-1-21-17","granularity":"15_MINUTE","granularityNative":"15-MIN","location":"NEAR_END","locationNative":"NEND","longname":"USFB-C6500-1","networkElementID":"46147a67-1425-33bf-a847-7c08224a7811","networkElementName":"USFB-C6500-1","parameter":"UNAVAILABLE_SECONDS_LINE","parameterNative":"UAS-L","pmResourceId":"STTP-1-21-17","port":"17","shelf":"1","slot":"21"},"values":{"2025-09-17T00:00:00Z":{"value":900,"binStateNative":"COMPL","condition":"OK"}}}}],"links":{"nextInterval":"/pm/api/v3/query/metrics?start=1758067200000\u0026end=1758067200000\u0026cursor=0","previousInterval":"/pm/api/v3/query/metrics?start=1758067200000\u0026end=1758067200000\u0026cursor=0","self":"/pm/api/v3/query/metrics?start=1758067200000\u0026end=1758067200000\u0026cursor=0"}}], [MMF-BX1117], [USFB:STTP-1-21-17], [STTP-1-21-17], [15_MINUTE], [UNAVAILABLE_SECONDS_LINE], [2025-09-17T00:00], [2025/09/17 00:00:00.000], [900], [USFB:STTP-1-21-17], [900.0], [900.0], [0.0], [0.0], [0.0], [0.0], [0.0], [0.0]
2025/09/17 03:37:16 - tems_och.0 - 
2025/09/17 03:37:16 - tems_och.0 - Error inserting/updating row
2025/09/17 03:37:16 - tems_och.0 - (conn=5569225) Duplicate entry '2025-09-17 00:00:00-USFB:STTP-1-21-17-46147a67-1425-33bf-a847...' for key 'dt_pms_UNIQUE'
2025/09/17 03:37:16 - tems_och.0 - Finished processing (I=0, O=2, R=2, W=2, U=0, E=0)
2025/09/17 03:37:16 - Mapping output specification.0 - Finished processing (I=0, O=0, R=2, W=2, U=0, E=0)
2025/09/17 03:37:16 - Ciena PM.0 - Finished processing (I=0, O=0, R=2, W=2, U=0, E=0)
2025/09/17 03:37:16 - REST_Call_and_Load_Ciena_to_DB - Starting entry [DUMMY 2]
2025/09/17 03:37:16 - REST_Call_and_Load_Ciena_to_DB - Finished job entry [DUMMY 2] (result=[true])
2025/09/17 03:37:16 - REST_Call_and_Load_Ciena_to_DB - Finished job entry [ExtractData-6500-STTP-Serv] (result=[true])
2025/09/17 03:37:16 - REST_Call_and_Load_Ciena_to_DB - Finished job entry [LoadConfiguration] (result=[true])
2025/09/17 03:37:16 - REST_Call_and_Load_Ciena_to_DB - Job execution finished
2025/09/17 03:37:16 - Kitchen - Finished!
2025/09/17 03:37:16 - Kitchen - Start=2025/09/17 03:37:12.419, Stop=2025/09/17 03:37:16.889
2025/09/17 03:37:16 - Kitchen - Processing ended after 4 seconds.
