#######################################################################
WARNING:  no libwebkitgtk-1.0 detected, some features will be unavailable
    Consider installing the package with apt-get or yum.
    e.g. 'sudo apt-get install libwebkitgtk-1.0-0'
#######################################################################
OpenJDK 64-Bit Server VM warning: ignoring option MaxPermSize=256m; support was removed in 8.0
06:00:04,205 INFO  [KarafBoot] Checking to see if org.pentaho.clean.karaf.cache is enabled
06:08:33,250 INFO  [KarafInstance] 
*******************************************************************************
*** Karaf Instance Number: 5 at /hawaiki_il/data-integration/./system/karaf ***
***   /caches/kitchen/data-5                                                ***
*** FastBin Provider Port:52905                                             ***
*** Karaf Port:8806                                                         ***
*** OSGI Service Port:9055                                                  ***
*******************************************************************************
Feb 01, 2024 6:08:33 AM org.apache.karaf.main.Main$KarafLockCallback lockAquired
INFO: Lock acquired. Setting startlevel to 100
2024/02/01 06:08:34 - Kitchen - Start of run.
06:08:35,614 ERROR [BootFeaturesInstaller] Error Boot feature pentaho-client-minimal not found
06:08:35,614 ERROR [BootFeaturesInstaller] Error Boot feature config not found
2024-02-01 06:08:36.634:INFO:oejs.Server:jetty-8.1.15.v20140411
2024-02-01 06:08:36.703:INFO:oejs.AbstractConnector:Started NIOSocketConnectorWrapper@0.0.0.0:9055
Feb 01, 2024 6:08:37 AM org.apache.cxf.bus.blueprint.NamespaceHandlerRegisterer register
INFO: Registered blueprint namespace handler for http://cxf.apache.org/blueprint/core
Feb 01, 2024 6:08:37 AM org.apache.cxf.bus.blueprint.NamespaceHandlerRegisterer register
INFO: Registered blueprint namespace handler for http://cxf.apache.org/configuration/beans
Feb 01, 2024 6:08:37 AM org.apache.cxf.bus.blueprint.NamespaceHandlerRegisterer register
INFO: Registered blueprint namespace handler for http://cxf.apache.org/configuration/parameterized-types
Feb 01, 2024 6:08:37 AM org.apache.cxf.bus.blueprint.NamespaceHandlerRegisterer register
INFO: Registered blueprint namespace handler for http://cxf.apache.org/configuration/security
Feb 01, 2024 6:08:37 AM org.apache.cxf.bus.blueprint.NamespaceHandlerRegisterer register
INFO: Registered blueprint namespace handler for http://schemas.xmlsoap.org/wsdl/
Feb 01, 2024 6:08:37 AM org.apache.cxf.bus.blueprint.NamespaceHandlerRegisterer register
INFO: Registered blueprint namespace handler for http://www.w3.org/2005/08/addressing
Feb 01, 2024 6:08:37 AM org.apache.cxf.bus.blueprint.NamespaceHandlerRegisterer register
INFO: Registered blueprint namespace handler for http://schemas.xmlsoap.org/ws/2004/08/addressing
Feb 01, 2024 6:08:37 AM org.apache.cxf.bus.osgi.CXFExtensionBundleListener addExtensions
INFO: Adding the extensions from bundle org.apache.cxf.cxf-rt-management (192) [org.apache.cxf.management.InstrumentationManager]
Feb 01, 2024 6:08:37 AM org.apache.cxf.bus.osgi.CXFExtensionBundleListener addExtensions
INFO: Adding the extensions from bundle org.apache.cxf.cxf-rt-wsdl (195) [org.apache.cxf.wsdl.WSDLManager]
Feb 01, 2024 6:08:37 AM org.apache.cxf.bus.osgi.CXFExtensionBundleListener addExtensions
INFO: Adding the extensions from bundle org.apache.cxf.cxf-rt-bindings-xml (197) [org.apache.cxf.binding.xml.XMLBindingFactory, org.apache.cxf.binding.xml.wsdl11.XMLWSDLExtensionLoader]
Feb 01, 2024 6:08:37 AM org.apache.cxf.bus.osgi.CXFExtensionBundleListener addExtensions
INFO: Adding the extensions from bundle org.apache.cxf.cxf-rt-bindings-soap (198) [org.apache.cxf.binding.soap.SoapBindingFactory, org.apache.cxf.binding.soap.SoapTransportFactory]
Feb 01, 2024 6:08:37 AM org.apache.cxf.bus.blueprint.NamespaceHandlerRegisterer register
INFO: Registered blueprint namespace handler for http://cxf.apache.org/blueprint/bindings/soap
Feb 01, 2024 6:08:37 AM org.apache.cxf.bus.osgi.CXFExtensionBundleListener addExtensions
INFO: Adding the extensions from bundle org.apache.cxf.cxf-rt-ws-policy (217) [org.apache.cxf.ws.policy.PolicyEngine, org.apache.cxf.policy.PolicyDataEngine, org.apache.cxf.ws.policy.AssertionBuilderRegistry, org.apache.cxf.ws.policy.PolicyInterceptorProviderRegistry, org.apache.cxf.ws.policy.PolicyBuilder, org.apache.cxf.ws.policy.PolicyAnnotationListener, org.apache.cxf.ws.policy.attachment.ServiceModelPolicyProvider, org.apache.cxf.ws.policy.attachment.external.DomainExpressionBuilderRegistry, org.apache.cxf.ws.policy.attachment.external.EndpointReferenceDomainExpressionBuilder, org.apache.cxf.ws.policy.attachment.external.URIDomainExpressionBuilder, org.apache.cxf.ws.policy.attachment.wsdl11.Wsdl11AttachmentPolicyProvider, org.apache.cxf.ws.policy.mtom.MTOMAssertionBuilder, org.apache.cxf.ws.policy.mtom.MTOMPolicyInterceptorProvider]
Feb 01, 2024 6:08:37 AM org.apache.cxf.bus.osgi.CXFExtensionBundleListener addExtensions
INFO: Adding the extensions from bundle org.apache.cxf.cxf-rt-transports-http (199) [org.apache.cxf.transport.http.HTTPTransportFactory, org.apache.cxf.transport.http.HTTPWSDLExtensionLoader, org.apache.cxf.transport.http.policy.HTTPClientAssertionBuilder, org.apache.cxf.transport.http.policy.HTTPServerAssertionBuilder, org.apache.cxf.transport.http.policy.NoOpPolicyInterceptorProvider]
Feb 01, 2024 6:08:37 AM org.apache.cxf.bus.blueprint.NamespaceHandlerRegisterer register
INFO: Registered blueprint namespace handler for http://cxf.apache.org/transports/http/configuration
Feb 01, 2024 6:08:37 AM org.apache.cxf.bus.blueprint.NamespaceHandlerRegisterer register
INFO: Registered blueprint namespace handler for http://cxf.apache.org/blueprint/simple
Feb 01, 2024 6:08:37 AM org.apache.cxf.bus.osgi.CXFExtensionBundleListener addExtensions
INFO: Adding the extensions from bundle org.apache.cxf.cxf-rt-frontend-jaxws (201) [org.apache.cxf.jaxws.context.WebServiceContextResourceResolver]
Feb 01, 2024 6:08:37 AM org.apache.cxf.bus.blueprint.NamespaceHandlerRegisterer register
INFO: Registered blueprint namespace handler for http://cxf.apache.org/blueprint/jaxws
Feb 01, 2024 6:08:37 AM org.apache.cxf.bus.blueprint.NamespaceHandlerRegisterer register
INFO: Registered blueprint namespace handler for http://cxf.apache.org/blueprint/jaxrs
Feb 01, 2024 6:08:37 AM org.apache.cxf.bus.blueprint.NamespaceHandlerRegisterer register
INFO: Registered blueprint namespace handler for http://cxf.apache.org/blueprint/jaxrs-client
Feb 01, 2024 6:08:37 AM org.apache.cxf.bus.blueprint.NamespaceHandlerRegisterer register
INFO: Registered blueprint namespace handler for http://cxf.apache.org/binding/coloc
Feb 01, 2024 6:08:37 AM org.apache.cxf.bus.osgi.CXFExtensionBundleListener addExtensions
INFO: Adding the extensions from bundle org.apache.cxf.cxf-rt-transports-local (213) [org.apache.cxf.transport.local.LocalTransportFactory]
Feb 01, 2024 6:08:37 AM org.apache.cxf.bus.osgi.CXFExtensionBundleListener addExtensions
INFO: Adding the extensions from bundle org.apache.cxf.cxf-rt-bindings-object (214) [org.apache.cxf.binding.object.ObjectBindingFactory]
Feb 01, 2024 6:08:37 AM org.apache.cxf.bus.blueprint.NamespaceHandlerRegisterer register
INFO: Registered blueprint namespace handler for http://cxf.apache.org/blueprint/binding/object
Feb 01, 2024 6:08:37 AM org.apache.cxf.bus.blueprint.NamespaceHandlerRegisterer register
INFO: Registered blueprint namespace handler for http://cxf.apache.org/policy
Feb 01, 2024 6:08:37 AM org.apache.cxf.bus.blueprint.NamespaceHandlerRegisterer register
INFO: Registered blueprint namespace handler for http://www.w3.org/ns/ws-policy
Feb 01, 2024 6:08:37 AM org.apache.cxf.bus.blueprint.NamespaceHandlerRegisterer register
INFO: Registered blueprint namespace handler for http://www.w3.org/2006/07/ws-policy
Feb 01, 2024 6:08:37 AM org.apache.cxf.bus.blueprint.NamespaceHandlerRegisterer register
INFO: Registered blueprint namespace handler for http://schemas.xmlsoap.org/ws/2004/09/policy
Feb 01, 2024 6:08:37 AM org.apache.cxf.bus.blueprint.NamespaceHandlerRegisterer register
INFO: Registered blueprint namespace handler for http://docs.oasis-open.org/wss/2004/01/oasis-200401-wss-wssecurity-secext-1.0.xsd
Feb 01, 2024 6:08:37 AM org.apache.cxf.bus.blueprint.NamespaceHandlerRegisterer register
INFO: Registered blueprint namespace handler for http://docs.oasis-open.org/wss/2004/01/oasis-200401-wss-wssecurity-utility-1.0.xsd
Feb 01, 2024 6:08:37 AM org.apache.cxf.bus.blueprint.NamespaceHandlerRegisterer register
INFO: Registered blueprint namespace handler for http://www.w3.org/2000/09/xmldsig#
Feb 01, 2024 6:08:37 AM org.apache.cxf.bus.blueprint.NamespaceHandlerRegisterer register
INFO: Registered blueprint namespace handler for http://docs.oasis-open.org/ws-sx/ws-securitypolicy/200702
Feb 01, 2024 6:08:37 AM org.apache.cxf.bus.osgi.CXFExtensionBundleListener addExtensions
INFO: Adding the extensions from bundle org.apache.cxf.cxf-rt-ws-addr (234) [org.apache.cxf.ws.addressing.policy.AddressingAssertionBuilder, org.apache.cxf.ws.addressing.policy.UsingAddressingAssertionBuilder, org.apache.cxf.ws.addressing.policy.AddressingPolicyInterceptorProvider, org.apache.cxf.ws.addressing.impl.AddressingWSDLExtensionLoader, org.apache.cxf.ws.addressing.WSAddressingFeature$WSAddressingFeatureApplier, org.apache.cxf.ws.addressing.MAPAggregator$MAPAggregatorLoader]
Feb 01, 2024 6:08:37 AM org.apache.cxf.bus.blueprint.NamespaceHandlerRegisterer register
INFO: Registered blueprint namespace handler for http://cxf.apache.org/ws/addressing
Feb 01, 2024 6:08:37 AM org.apache.cxf.bus.osgi.CXFExtensionBundleListener addExtensions
INFO: Adding the extensions from bundle org.apache.cxf.cxf-rt-ws-security (236) [org.apache.cxf.ws.security.policy.WSSecurityPolicyLoader, org.apache.cxf.ws.security.cache.CacheCleanupListener]
Feb 01, 2024 6:08:37 AM org.apache.cxf.bus.osgi.CXFExtensionBundleListener addExtensions
INFO: Adding the extensions from bundle org.apache.cxf.cxf-rt-ws-rm (238) [org.apache.cxf.ws.rm.RMManager, org.apache.cxf.ws.rm.policy.RMPolicyInterceptorProvider, org.apache.cxf.ws.rm.policy.RM10AssertionBuilder, org.apache.cxf.ws.rm.policy.RM12AssertionBuilder, org.apache.cxf.ws.rm.policy.WSRMP12PolicyLoader, org.apache.cxf.ws.rm.policy.MC11PolicyLoader, org.apache.cxf.ws.rm.policy.RSPPolicyLoader]
Feb 01, 2024 6:08:37 AM org.apache.cxf.bus.blueprint.NamespaceHandlerRegisterer register
INFO: Registered blueprint namespace handler for http://cxf.apache.org/ws/rm/manager
Feb 01, 2024 6:08:37 AM org.apache.cxf.bus.blueprint.NamespaceHandlerRegisterer register
INFO: Registered blueprint namespace handler for http://schemas.xmlsoap.org/ws/2005/02/rm/policy
Feb 01, 2024 6:08:37 AM org.apache.cxf.bus.osgi.CXFExtensionBundleListener addExtensions
INFO: Adding the extensions from bundle org.apache.cxf.cxf-rt-javascript (239) [org.apache.cxf.javascript.JavascriptServerListener]
Feb 01, 2024 6:08:37 AM org.pentaho.caching.impl.PentahoCacheManagerFactory$RegistrationHandler$1 onSuccess
INFO: New Caching Service registered
06:08:38,218 ERROR [KarafCapabilityProvider] No feature found matching id: pentaho-client
06:08:38,219 ERROR [KarafCapabilityProvider] No feature found matching id: pentaho-metaverse
06:08:38,219 ERROR [KarafCapabilityProvider] No feature found matching id: pentaho-dataservice
06:08:38,219 ERROR [KarafCapabilityProvider] No feature found matching id: pdi-data-refinery
06:08:38,219 ERROR [KarafCapabilityProvider] No feature found matching id: pdi-marketplace
06:08:38,219 ERROR [KarafCapabilityProvider] No feature found matching id: community-edition
SLF4J: Class path contains multiple SLF4J bindings.
SLF4J: Found binding in [jar:file:/hawaiki_il/data-integration/launcher/../lib/slf4j-log4j12-1.7.7.jar!/org/slf4j/impl/StaticLoggerBinder.class]
SLF4J: Found binding in [jar:file:/hawaiki_il/data-integration/plugins/pentaho-big-data-plugin/lib/slf4j-log4j12-1.7.7.jar!/org/slf4j/impl/StaticLoggerBinder.class]
SLF4J: See http://www.slf4j.org/codes.html#multiple_bindings for an explanation.
SLF4J: Actual binding is of type [org.slf4j.impl.Log4jLoggerFactory]
Feb 01, 2024 6:08:40 AM org.apache.cxf.endpoint.ServerImpl initDestination
INFO: Setting the server's publish address to be /lineage
Feb 01, 2024 6:08:40 AM org.apache.cxf.endpoint.ServerImpl initDestination
INFO: Setting the server's publish address to be /i18n
Feb 01, 2024 6:08:41 AM org.apache.cxf.endpoint.ServerImpl initDestination
INFO: Setting the server's publish address to be /marketplace
2024/02/01 06:08:42 - JOB_tesubcom - Start of job execution
2024/02/01 06:08:42 - Carte - Installing timer to purge stale objects after 1440 minutes.
2024/02/01 06:08:42 - JOB_tesubcom - Starting entry [LoadConfiguration]
2024/02/01 06:08:42 - LoadConfiguration - Loading transformation from XML file [file:///hawaiki_il/tesubcom/LoadConfiguration.ktr]
2024/02/01 06:08:42 - LoadConfiguration - Using run configuration [Pentaho local]
2024/02/01 06:08:42 - LoadConfiguration - Using legacy execution engine
2024/02/01 06:08:42 - LoadConfiguration - Dispatching started for transformation [LoadConfiguration]
2024/02/01 06:08:42 - Property Input.0 - Finished processing (I=21, O=0, R=0, W=21, U=0, E=0)
2024/02/01 06:08:42 - Row denormaliser.0 - Finished processing (I=0, O=0, R=21, W=1, U=0, E=0)
2024/02/01 06:08:42 - Set Variables.0 - Setting environment variables...
2024/02/01 06:08:42 - Set Variables.0 - Set variable TARGET_DB_IP to value [10.10.13.201]
2024/02/01 06:08:42 - Set Variables.0 - Set variable TARGET_DB_NAME to value [pm_db]
2024/02/01 06:08:42 - Set Variables.0 - Set variable TARGET_DB_PORT to value [3306]
2024/02/01 06:08:42 - Set Variables.0 - Set variable TARGET_DB_USER to value [mediation_rw]
2024/02/01 06:08:42 - Set Variables.0 - Set variable TARGET_DB_PASS to value [PqTLyM41TjEuiTfF]
2024/02/01 06:08:42 - Set Variables.0 - Set variable TARGET_FTP_SERVER_IP to value [172.29.136.30]
2024/02/01 06:08:42 - Set Variables.0 - Set variable TARGET_FTP_SERVER_PORT to value [21]
2024/02/01 06:08:42 - Set Variables.0 - Set variable TARGET_FTP_SERVER_USERNAME to value [tems_adm]
2024/02/01 06:08:42 - Set Variables.0 - Set variable TARGET_FTP_SERVER_PASSWORD to value [tems_adm]
2024/02/01 06:08:42 - Set Variables.0 - Set variable TARGET_FTP_SERVER_DIRECTORY to value [/home/tems_adm/temsNMS/schedReport/new/och]
2024/02/01 06:08:42 - Set Variables.0 - Set variable TARGET_LOCAL_FILE_DIRECTORY to value [/hawaiki_il/tesubcom/och]
2024/02/01 06:08:42 - Set Variables.0 - Set variable TARGET_FTP_LOGS_DIRECTORY to value [ftp_logs/ftp_logs.txt]
2024/02/01 06:08:42 - Set Variables.0 - Set variable TARGET_EMAIL_DESTINATION_ADDRESS to value [itdev@hawaikicable.co.nz]
2024/02/01 06:08:42 - Set Variables.0 - Set variable TARGET_EMAIL_SENDER_ADDRESS to value [no-reply@bw-digital.com]
2024/02/01 06:08:42 - Set Variables.0 - Set variable TARGET_SMTP_SERVER to value [smtp.office365.com]
2024/02/01 06:08:42 - Set Variables.0 - Set variable TARGET_PORT to value [587]
2024/02/01 06:08:42 - Set Variables.0 - Set variable TARGET_PASSWORD to value [JkKL7+su&=wybsLGjnY@&j5ZV^e_C^J&%LvqrdQk]
2024/02/01 06:08:42 - Set Variables.0 - Set variable TARGET_SUBJECT to value [Missing PM Sources - TEMS Pre production - 10.10.12.108]
2024/02/01 06:08:42 - Set Variables.0 - Set variable TARGET_SUBJECT_Q_FACTOR to value [Q Factor Report - TEMS Pre production - 10.10.12.108]
2024/02/01 06:08:42 - Set Variables.0 - Set variable TARGET_FILE_PATH_Q_FACTOR to value [/email/q_factor_report.txt]
2024/02/01 06:08:42 - Set Variables.0 - Set variable TARGET_EMAIL_QFACTOR_ADDRESS to value [itdev@hawaikicable.co.nz]
2024/02/01 06:08:42 - Set Variables.0 - Finished after 1 rows.
2024/02/01 06:08:42 - Set Variables.0 - Finished processing (I=0, O=0, R=1, W=1, U=0, E=0)
2024/02/01 06:08:42 - JOB_tesubcom - Starting entry [Create file]
2024/02/01 06:08:42 - Create file - File [file:///hawaiki_il/tesubcom/ftp_logs/ftp_logs.txt] already exists, not recreating.
2024/02/01 06:08:42 - JOB_tesubcom - Starting entry [Transformation]
2024/02/01 06:08:42 - Transformation - Loading transformation from XML file [file:///hawaiki_il/tesubcom/InitiateFTPlogs.ktr]
2024/02/01 06:08:42 - Transformation - Using run configuration [Pentaho local]
2024/02/01 06:08:42 - Transformation - Using legacy execution engine
2024/02/01 06:08:42 - InitiateFTPlogs - Dispatching started for transformation [InitiateFTPlogs]
2024/02/01 06:08:43 - Table input.0 - Finished reading query, closing connection.
2024/02/01 06:08:43 - Table input.0 - Finished processing (I=1, O=0, R=0, W=1, U=0, E=0)
2024/02/01 06:08:43 - Text file output.0 - Finished processing (I=0, O=2, R=1, W=1, U=0, E=0)
2024/02/01 06:08:43 - JOB_tesubcom - Starting entry [Set variables B1]
2024/02/01 06:08:43 - JOB_tesubcom - Starting entry [Job download B1]
2024/02/01 06:08:43 - Job download B1 - Using run configuration [Pentaho local]
2024/02/01 06:08:43 - DownloadFile - Starting entry [ftp log starting]
2024/02/01 06:08:43 - DownloadFile - Starting entry [Get och files 1]
2024/02/01 06:08:43 - Get och files 1 - Started FTP job to ${TARGET_FTP_SERVER_IP}
2024/02/01 06:08:54 - DownloadFile - Starting entry [Check if a folder is empty]
2024/02/01 06:08:54 - Check if a folder is empty - Total files
2024/02/01 06:08:54 - DownloadFile - Starting entry [Write To Log 2]
2024/02/01 06:08:54 - ----------------- In Dlownload file -------------------------------------- - </br><font color='green'>File successfully downloaded from folder B1 on 172.29.136.30</font>
2024/02/01 06:08:54 - DownloadFile - Starting entry [ftp log success]
2024/02/01 06:08:54 - DownloadFile - Finished job entry [ftp log success] (result=[true])
2024/02/01 06:08:54 - DownloadFile - Finished job entry [Write To Log 2] (result=[true])
2024/02/01 06:08:54 - DownloadFile - Finished job entry [Check if a folder is empty] (result=[true])
2024/02/01 06:08:54 - DownloadFile - Finished job entry [Get och files 1] (result=[true])
2024/02/01 06:08:54 - DownloadFile - Finished job entry [ftp log starting] (result=[true])
2024/02/01 06:08:54 - JOB_tesubcom - Starting entry [Transformation 1]
2024/02/01 06:08:54 - Transformation 1 - Loading transformation from XML file [file:///hawaiki_il/tesubcom/LoadTEMSFiles.ktr]
2024/02/01 06:08:54 - Transformation 1 - Using run configuration [Pentaho local]
2024/02/01 06:08:54 - Transformation 1 - Using legacy execution engine
2024/02/01 06:08:54 - LoadTEMSFiles - Dispatching started for transformation [LoadTEMSFiles]
2024/02/01 06:08:54 - Table output.0 - Connected to database [db] (commit=1000)
2024/02/01 06:08:54 - Write to log.0 - 
2024/02/01 06:08:54 - Write to log.0 - ------------> Linenr 1------------------------------
2024/02/01 06:08:54 - Write to log.0 - ------------------> File details in LoadTEMSFiles <-------------------------
2024/02/01 06:08:54 - Write to log.0 - 
2024/02/01 06:08:54 - Write to log.0 - type = General
2024/02/01 06:08:54 - Write to log.0 - filename = config.properties
2024/02/01 06:08:54 - Write to log.0 - path = file:///hawaiki_il/tesubcom/config.properties
2024/02/01 06:08:54 - Write to log.0 - parentorigin = LoadConfiguration
2024/02/01 06:08:54 - Write to log.0 - origin = Property Input
2024/02/01 06:08:54 - Write to log.0 - comment = File was read by a Property input step
2024/02/01 06:08:54 - Write to log.0 - timestamp = 2024/02/01 06:08:42.583
2024/02/01 06:08:54 - Write to log.0 - 
2024/02/01 06:08:54 - Write to log.0 - ====================
2024/02/01 06:08:54 - Get files from result.0 - Finished processing (I=0, O=0, R=3, W=3, U=0, E=0)
2024/02/01 06:08:54 - Write to log.0 - 
2024/02/01 06:08:54 - Write to log.0 - ------------> Linenr 2------------------------------
2024/02/01 06:08:54 - Write to log.0 - ------------------> File details in LoadTEMSFiles <-------------------------
2024/02/01 06:08:54 - Write to log.0 - 
2024/02/01 06:08:54 - Write to log.0 - type = General
2024/02/01 06:08:54 - Write to log.0 - filename = ftp_logs.txt
2024/02/01 06:08:54 - Write to log.0 - path = file:///hawaiki_il/tesubcom/ftp_logs/ftp_logs.txt
2024/02/01 06:08:54 - Write to log.0 - parentorigin = InitiateFTPlogs
2024/02/01 06:08:54 - Write to log.0 - origin = Text file output
2024/02/01 06:08:54 - Write to log.0 - comment = This file was created with a text file output step
2024/02/01 06:08:54 - Write to log.0 - timestamp = 2024/02/01 06:08:43.023
2024/02/01 06:08:54 - Write to log.0 - 
2024/02/01 06:08:54 - Write to log.0 - ====================
2024/02/01 06:08:54 - Write to log.0 - 
2024/02/01 06:08:54 - Write to log.0 - ------------> Linenr 3------------------------------
2024/02/01 06:08:54 - Write to log.0 - ------------------> File details in LoadTEMSFiles <-------------------------
2024/02/01 06:08:54 - Write to log.0 - 
2024/02/01 06:08:54 - Write to log.0 - type = General
2024/02/01 06:08:54 - Write to log.0 - filename = 01-Feb-2024.csv
2024/02/01 06:08:54 - Write to log.0 - path = file:///hawaiki_il/tesubcom/och/B1/01-Feb-2024.csv
2024/02/01 06:08:54 - Write to log.0 - parentorigin = DownloadFile
2024/02/01 06:08:54 - Write to log.0 - origin = Get och files 1
2024/02/01 06:08:54 - Write to log.0 - comment = Downloaded from ftp server ${TARGET_FTP_SERVER_IP}
2024/02/01 06:08:54 - Write to log.0 - timestamp = 2024/02/01 06:08:54.110
2024/02/01 06:08:54 - Write to log.0 - 
2024/02/01 06:08:54 - Write to log.0 - ====================
2024/02/01 06:08:54 - Write to log.0 - Finished processing (I=0, O=0, R=3, W=3, U=0, E=0)
2024/02/01 06:08:54 - Filter rows 2.0 - Finished processing (I=0, O=0, R=3, W=3, U=0, E=0)
2024/02/01 06:08:54 - Dummy (do nothing) 3.0 - Finished processing (I=0, O=0, R=1, W=1, U=0, E=0)
2024/02/01 06:08:54 - Text file input 2.0 - Opening file: file:///hawaiki_il/tesubcom/ftp_logs/ftp_logs.txt
2024/02/01 06:08:54 - Text file input 2.0 - Opening file: file:///hawaiki_il/tesubcom/och/B1/01-Feb-2024.csv
2024/02/01 06:08:55 - Text file input 2.0 - Finished processing (I=3174, O=0, R=2, W=3174, U=2, E=0)
2024/02/01 06:08:55 - Filter rows.0 - Finished processing (I=0, O=0, R=3174, W=3174, U=0, E=0)
2024/02/01 06:08:55 - Dummy (do nothing).0 - Finished processing (I=0, O=0, R=6, W=6, U=0, E=0)
2024/02/01 06:08:55 - Split Fields.0 - Finished processing (I=0, O=0, R=3168, W=3168, U=0, E=0)
2024/02/01 06:08:55 - Replace in string.0 - Finished processing (I=0, O=0, R=3168, W=3168, U=0, E=0)
2024/02/01 06:08:55 - Select values.0 - Finished processing (I=0, O=0, R=3168, W=3168, U=0, E=0)
2024/02/01 06:08:56 - Table output.0 - Finished processing (I=0, O=3168, R=3168, W=3168, U=0, E=0)
2024/02/01 06:08:56 - Dummy (do nothing) 2.0 - Finished processing (I=0, O=0, R=3168, W=3168, U=0, E=0)
2024/02/01 06:08:56 - JOB_tesubcom - Starting entry [Archive Files 1]
2024/02/01 06:08:56 - JOB_tesubcom - Starting entry [Success]
2024/02/01 06:08:56 - JOB_tesubcom - Starting entry [DUMMY]
2024/02/01 06:08:56 - JOB_tesubcom - Finished job entry [DUMMY] (result=[true])
2024/02/01 06:08:56 - JOB_tesubcom - Finished job entry [Success] (result=[true])
2024/02/01 06:08:56 - JOB_tesubcom - Finished job entry [Archive Files 1] (result=[true])
2024/02/01 06:08:56 - JOB_tesubcom - Finished job entry [Transformation 1] (result=[true])
2024/02/01 06:08:56 - JOB_tesubcom - Finished job entry [Job download B1] (result=[true])
2024/02/01 06:08:56 - JOB_tesubcom - Finished job entry [Set variables B1] (result=[true])
2024/02/01 06:08:56 - JOB_tesubcom - Finished job entry [Transformation] (result=[true])
2024/02/01 06:08:56 - JOB_tesubcom - Finished job entry [Create file] (result=[true])
2024/02/01 06:08:56 - JOB_tesubcom - Starting entry [Set variables T2]
2024/02/01 06:08:56 - JOB_tesubcom - Starting entry [Job download T2]
2024/02/01 06:08:56 - Job download T2 - Using run configuration [Pentaho local]
2024/02/01 06:08:56 - DownloadFile - Starting entry [ftp log starting]
2024/02/01 06:08:56 - DownloadFile - Starting entry [Get och files 1]
2024/02/01 06:08:56 - Get och files 1 - Started FTP job to ${TARGET_FTP_SERVER_IP}
2024/02/01 06:09:07 - DownloadFile - Starting entry [Check if a folder is empty]
2024/02/01 06:09:07 - Check if a folder is empty - Total files
2024/02/01 06:09:07 - DownloadFile - Starting entry [Write To Log 2]
2024/02/01 06:09:07 - ----------------- In Dlownload file -------------------------------------- - </br><font color='green'>File successfully downloaded from folder T2 on 172.29.136.30</font>
2024/02/01 06:09:07 - DownloadFile - Starting entry [ftp log success]
2024/02/01 06:09:07 - DownloadFile - Finished job entry [ftp log success] (result=[true])
2024/02/01 06:09:07 - DownloadFile - Finished job entry [Write To Log 2] (result=[true])
2024/02/01 06:09:07 - DownloadFile - Finished job entry [Check if a folder is empty] (result=[true])
2024/02/01 06:09:07 - DownloadFile - Finished job entry [Get och files 1] (result=[true])
2024/02/01 06:09:07 - DownloadFile - Finished job entry [ftp log starting] (result=[true])
2024/02/01 06:09:07 - JOB_tesubcom - Starting entry [Transformation 2]
2024/02/01 06:09:07 - Transformation 2 - Loading transformation from XML file [file:///hawaiki_il/tesubcom/LoadTEMSFiles.ktr]
2024/02/01 06:09:07 - Transformation 2 - Using run configuration [Pentaho local]
2024/02/01 06:09:07 - Transformation 2 - Using legacy execution engine
2024/02/01 06:09:07 - LoadTEMSFiles - Dispatching started for transformation [LoadTEMSFiles]
2024/02/01 06:09:07 - Table output.0 - Connected to database [db] (commit=1000)
2024/02/01 06:09:07 - Get files from result.0 - Finished processing (I=0, O=0, R=2, W=2, U=0, E=0)
2024/02/01 06:09:07 - Write to log.0 - 
2024/02/01 06:09:07 - Write to log.0 - ------------> Linenr 1------------------------------
2024/02/01 06:09:07 - Write to log.0 - ------------------> File details in LoadTEMSFiles <-------------------------
2024/02/01 06:09:07 - Write to log.0 - 
2024/02/01 06:09:07 - Write to log.0 - type = General
2024/02/01 06:09:07 - Write to log.0 - filename = 01-Feb-2024.csv
2024/02/01 06:09:07 - Write to log.0 - path = file:///hawaiki_il/tesubcom/och/T2/01-Feb-2024.csv
2024/02/01 06:09:07 - Write to log.0 - parentorigin = DownloadFile
2024/02/01 06:09:07 - Write to log.0 - origin = Get och files 1
2024/02/01 06:09:07 - Write to log.0 - comment = Downloaded from ftp server ${TARGET_FTP_SERVER_IP}
2024/02/01 06:09:07 - Write to log.0 - timestamp = 2024/02/01 06:09:07.661
2024/02/01 06:09:07 - Write to log.0 - 
2024/02/01 06:09:07 - Write to log.0 - ====================
2024/02/01 06:09:07 - Write to log.0 - 
2024/02/01 06:09:07 - Write to log.0 - ------------> Linenr 2------------------------------
2024/02/01 06:09:07 - Write to log.0 - ------------------> File details in LoadTEMSFiles <-------------------------
2024/02/01 06:09:07 - Write to log.0 - 
2024/02/01 06:09:07 - Write to log.0 - type = General
2024/02/01 06:09:07 - Write to log.0 - filename = config.properties
2024/02/01 06:09:07 - Write to log.0 - path = file:///hawaiki_il/tesubcom/config.properties
2024/02/01 06:09:07 - Write to log.0 - parentorigin = LoadConfiguration
2024/02/01 06:09:07 - Write to log.0 - origin = Property Input
2024/02/01 06:09:07 - Write to log.0 - comment = File was read by a Property input step
2024/02/01 06:09:07 - Write to log.0 - timestamp = 2024/02/01 06:08:42.583
2024/02/01 06:09:07 - Write to log.0 - 
2024/02/01 06:09:07 - Write to log.0 - ====================
2024/02/01 06:09:07 - Write to log.0 - Finished processing (I=0, O=0, R=2, W=2, U=0, E=0)
2024/02/01 06:09:07 - Filter rows 2.0 - Finished processing (I=0, O=0, R=2, W=2, U=0, E=0)
2024/02/01 06:09:07 - Dummy (do nothing) 3.0 - Finished processing (I=0, O=0, R=1, W=1, U=0, E=0)
2024/02/01 06:09:08 - Text file input 2.0 - Opening file: file:///hawaiki_il/tesubcom/och/T2/01-Feb-2024.csv
2024/02/01 06:09:08 - Text file input 2.0 - Finished processing (I=3460, O=0, R=1, W=3460, U=1, E=0)
2024/02/01 06:09:08 - Filter rows.0 - Finished processing (I=0, O=0, R=3460, W=3460, U=0, E=0)
2024/02/01 06:09:08 - Dummy (do nothing).0 - Finished processing (I=0, O=0, R=4, W=4, U=0, E=0)
2024/02/01 06:09:08 - Split Fields.0 - Finished processing (I=0, O=0, R=3456, W=3456, U=0, E=0)
2024/02/01 06:09:08 - Replace in string.0 - Finished processing (I=0, O=0, R=3456, W=3456, U=0, E=0)
2024/02/01 06:09:08 - Select values.0 - Finished processing (I=0, O=0, R=3456, W=3456, U=0, E=0)
2024/02/01 06:09:09 - Table output.0 - Finished processing (I=0, O=3456, R=3456, W=3456, U=0, E=0)
2024/02/01 06:09:09 - Dummy (do nothing) 2.0 - Finished processing (I=0, O=0, R=3456, W=3456, U=0, E=0)
2024/02/01 06:09:09 - JOB_tesubcom - Starting entry [Archive Files 1]
2024/02/01 06:09:09 - JOB_tesubcom - Starting entry [Success]
2024/02/01 06:09:09 - JOB_tesubcom - Starting entry [DUMMY]
2024/02/01 06:09:09 - JOB_tesubcom - Finished job entry [DUMMY] (result=[true])
2024/02/01 06:09:10 - JOB_tesubcom - Finished job entry [Success] (result=[true])
2024/02/01 06:09:10 - JOB_tesubcom - Finished job entry [Archive Files 1] (result=[true])
2024/02/01 06:09:10 - JOB_tesubcom - Finished job entry [Transformation 2] (result=[true])
2024/02/01 06:09:10 - JOB_tesubcom - Finished job entry [Job download T2] (result=[true])
2024/02/01 06:09:10 - JOB_tesubcom - Finished job entry [Set variables T2] (result=[true])
2024/02/01 06:09:10 - JOB_tesubcom - Starting entry [Set variables T3]
2024/02/01 06:09:10 - JOB_tesubcom - Starting entry [Job download T3]
2024/02/01 06:09:10 - Job download T3 - Using run configuration [Pentaho local]
2024/02/01 06:09:10 - DownloadFile - Starting entry [ftp log starting]
2024/02/01 06:09:10 - DownloadFile - Starting entry [Get och files 1]
2024/02/01 06:09:10 - Get och files 1 - Started FTP job to ${TARGET_FTP_SERVER_IP}
2024/02/01 06:09:21 - DownloadFile - Starting entry [Check if a folder is empty]
2024/02/01 06:09:21 - Check if a folder is empty - Total files
2024/02/01 06:09:21 - DownloadFile - Starting entry [Write To Log 2]
2024/02/01 06:09:21 - ----------------- In Dlownload file -------------------------------------- - </br><font color='green'>File successfully downloaded from folder T3 on 172.29.136.30</font>
2024/02/01 06:09:21 - DownloadFile - Starting entry [ftp log success]
2024/02/01 06:09:21 - DownloadFile - Finished job entry [ftp log success] (result=[true])
2024/02/01 06:09:21 - DownloadFile - Finished job entry [Write To Log 2] (result=[true])
2024/02/01 06:09:21 - DownloadFile - Finished job entry [Check if a folder is empty] (result=[true])
2024/02/01 06:09:21 - DownloadFile - Finished job entry [Get och files 1] (result=[true])
2024/02/01 06:09:21 - DownloadFile - Finished job entry [ftp log starting] (result=[true])
2024/02/01 06:09:21 - JOB_tesubcom - Starting entry [Transformation 3]
2024/02/01 06:09:21 - Transformation 3 - Loading transformation from XML file [file:///hawaiki_il/tesubcom/LoadTEMSFiles.ktr]
2024/02/01 06:09:21 - Transformation 3 - Using run configuration [Pentaho local]
2024/02/01 06:09:21 - Transformation 3 - Using legacy execution engine
2024/02/01 06:09:21 - LoadTEMSFiles - Dispatching started for transformation [LoadTEMSFiles]
2024/02/01 06:09:21 - Table output.0 - Connected to database [db] (commit=1000)
2024/02/01 06:09:21 - Get files from result.0 - Finished processing (I=0, O=0, R=2, W=2, U=0, E=0)
2024/02/01 06:09:21 - Write to log.0 - 
2024/02/01 06:09:21 - Write to log.0 - ------------> Linenr 1------------------------------
2024/02/01 06:09:21 - Write to log.0 - ------------------> File details in LoadTEMSFiles <-------------------------
2024/02/01 06:09:21 - Write to log.0 - 
2024/02/01 06:09:21 - Write to log.0 - type = General
2024/02/01 06:09:21 - Write to log.0 - filename = config.properties
2024/02/01 06:09:21 - Write to log.0 - path = file:///hawaiki_il/tesubcom/config.properties
2024/02/01 06:09:21 - Write to log.0 - parentorigin = LoadConfiguration
2024/02/01 06:09:21 - Write to log.0 - origin = Property Input
2024/02/01 06:09:21 - Write to log.0 - comment = File was read by a Property input step
2024/02/01 06:09:21 - Write to log.0 - timestamp = 2024/02/01 06:08:42.583
2024/02/01 06:09:21 - Write to log.0 - 
2024/02/01 06:09:21 - Write to log.0 - ====================
2024/02/01 06:09:21 - Write to log.0 - 
2024/02/01 06:09:21 - Write to log.0 - ------------> Linenr 2------------------------------
2024/02/01 06:09:21 - Write to log.0 - ------------------> File details in LoadTEMSFiles <-------------------------
2024/02/01 06:09:21 - Write to log.0 - 
2024/02/01 06:09:21 - Write to log.0 - type = General
2024/02/01 06:09:21 - Write to log.0 - filename = 01-Feb-2024.csv
2024/02/01 06:09:21 - Write to log.0 - path = file:///hawaiki_il/tesubcom/och/T3/01-Feb-2024.csv
2024/02/01 06:09:21 - Write to log.0 - parentorigin = DownloadFile
2024/02/01 06:09:21 - Write to log.0 - origin = Get och files 1
2024/02/01 06:09:21 - Write to log.0 - comment = Downloaded from ftp server ${TARGET_FTP_SERVER_IP}
2024/02/01 06:09:21 - Write to log.0 - timestamp = 2024/02/01 06:09:20.926
2024/02/01 06:09:21 - Write to log.0 - 
2024/02/01 06:09:21 - Write to log.0 - ====================
2024/02/01 06:09:21 - Write to log.0 - Finished processing (I=0, O=0, R=2, W=2, U=0, E=0)
2024/02/01 06:09:21 - Filter rows 2.0 - Finished processing (I=0, O=0, R=2, W=2, U=0, E=0)
2024/02/01 06:09:21 - Dummy (do nothing) 3.0 - Finished processing (I=0, O=0, R=1, W=1, U=0, E=0)
2024/02/01 06:09:21 - Text file input 2.0 - Opening file: file:///hawaiki_il/tesubcom/och/T3/01-Feb-2024.csv
2024/02/01 06:09:21 - Text file input 2.0 - Finished processing (I=2596, O=0, R=1, W=2596, U=1, E=0)
2024/02/01 06:09:21 - Filter rows.0 - Finished processing (I=0, O=0, R=2596, W=2596, U=0, E=0)
2024/02/01 06:09:21 - Dummy (do nothing).0 - Finished processing (I=0, O=0, R=4, W=4, U=0, E=0)
2024/02/01 06:09:21 - Split Fields.0 - Finished processing (I=0, O=0, R=2592, W=2592, U=0, E=0)
2024/02/01 06:09:21 - Replace in string.0 - Finished processing (I=0, O=0, R=2592, W=2592, U=0, E=0)
2024/02/01 06:09:21 - Select values.0 - Finished processing (I=0, O=0, R=2592, W=2592, U=0, E=0)
2024/02/01 06:09:23 - Table output.0 - Finished processing (I=0, O=2592, R=2592, W=2592, U=0, E=0)
2024/02/01 06:09:23 - Dummy (do nothing) 2.0 - Finished processing (I=0, O=0, R=2592, W=2592, U=0, E=0)
2024/02/01 06:09:23 - JOB_tesubcom - Starting entry [Archive Files 1]
2024/02/01 06:09:23 - JOB_tesubcom - Starting entry [Success]
2024/02/01 06:09:23 - JOB_tesubcom - Starting entry [DUMMY]
2024/02/01 06:09:23 - JOB_tesubcom - Finished job entry [DUMMY] (result=[true])
2024/02/01 06:09:23 - JOB_tesubcom - Finished job entry [Success] (result=[true])
2024/02/01 06:09:23 - JOB_tesubcom - Finished job entry [Archive Files 1] (result=[true])
2024/02/01 06:09:23 - JOB_tesubcom - Finished job entry [Transformation 3] (result=[true])
2024/02/01 06:09:23 - JOB_tesubcom - Finished job entry [Job download T3] (result=[true])
2024/02/01 06:09:23 - JOB_tesubcom - Finished job entry [Set variables T3] (result=[true])
2024/02/01 06:09:23 - JOB_tesubcom - Starting entry [Set variables T4]
2024/02/01 06:09:23 - JOB_tesubcom - Starting entry [Job download T4]
2024/02/01 06:09:23 - Job download T4 - Using run configuration [Pentaho local]
2024/02/01 06:09:23 - DownloadFile - Starting entry [ftp log starting]
2024/02/01 06:09:23 - DownloadFile - Starting entry [Get och files 1]
2024/02/01 06:09:23 - Get och files 1 - Started FTP job to ${TARGET_FTP_SERVER_IP}
2024/02/01 06:09:34 - DownloadFile - Starting entry [Check if a folder is empty]
2024/02/01 06:09:34 - Check if a folder is empty - Total files
2024/02/01 06:09:34 - DownloadFile - Starting entry [Write To Log 2]
2024/02/01 06:09:34 - ----------------- In Dlownload file -------------------------------------- - </br><font color='green'>File successfully downloaded from folder T4 on 172.29.136.30</font>
2024/02/01 06:09:34 - DownloadFile - Starting entry [ftp log success]
2024/02/01 06:09:34 - DownloadFile - Finished job entry [ftp log success] (result=[true])
2024/02/01 06:09:34 - DownloadFile - Finished job entry [Write To Log 2] (result=[true])
2024/02/01 06:09:34 - DownloadFile - Finished job entry [Check if a folder is empty] (result=[true])
2024/02/01 06:09:34 - DownloadFile - Finished job entry [Get och files 1] (result=[true])
2024/02/01 06:09:34 - DownloadFile - Finished job entry [ftp log starting] (result=[true])
2024/02/01 06:09:34 - JOB_tesubcom - Starting entry [Transformation 4]
2024/02/01 06:09:34 - Transformation 4 - Loading transformation from XML file [file:///hawaiki_il/tesubcom/LoadTEMSFiles.ktr]
2024/02/01 06:09:34 - Transformation 4 - Using run configuration [Pentaho local]
2024/02/01 06:09:34 - Transformation 4 - Using legacy execution engine
2024/02/01 06:09:34 - LoadTEMSFiles - Dispatching started for transformation [LoadTEMSFiles]
2024/02/01 06:09:34 - Table output.0 - Connected to database [db] (commit=1000)
2024/02/01 06:09:34 - Get files from result.0 - Finished processing (I=0, O=0, R=2, W=2, U=0, E=0)
2024/02/01 06:09:34 - Write to log.0 - 
2024/02/01 06:09:34 - Write to log.0 - ------------> Linenr 1------------------------------
2024/02/01 06:09:34 - Write to log.0 - ------------------> File details in LoadTEMSFiles <-------------------------
2024/02/01 06:09:34 - Write to log.0 - 
2024/02/01 06:09:34 - Write to log.0 - type = General
2024/02/01 06:09:34 - Write to log.0 - filename = config.properties
2024/02/01 06:09:34 - Write to log.0 - path = file:///hawaiki_il/tesubcom/config.properties
2024/02/01 06:09:34 - Write to log.0 - parentorigin = LoadConfiguration
2024/02/01 06:09:34 - Write to log.0 - origin = Property Input
2024/02/01 06:09:34 - Write to log.0 - comment = File was read by a Property input step
2024/02/01 06:09:34 - Write to log.0 - timestamp = 2024/02/01 06:08:42.583
2024/02/01 06:09:34 - Write to log.0 - 
2024/02/01 06:09:34 - Write to log.0 - ====================
2024/02/01 06:09:34 - Write to log.0 - 
2024/02/01 06:09:34 - Write to log.0 - ------------> Linenr 2------------------------------
2024/02/01 06:09:34 - Write to log.0 - ------------------> File details in LoadTEMSFiles <-------------------------
2024/02/01 06:09:34 - Write to log.0 - 
2024/02/01 06:09:34 - Write to log.0 - type = General
2024/02/01 06:09:34 - Write to log.0 - filename = 01-Feb-2024.csv
2024/02/01 06:09:34 - Write to log.0 - path = file:///hawaiki_il/tesubcom/och/T4/01-Feb-2024.csv
2024/02/01 06:09:34 - Write to log.0 - parentorigin = DownloadFile
2024/02/01 06:09:34 - Write to log.0 - origin = Get och files 1
2024/02/01 06:09:34 - Write to log.0 - comment = Downloaded from ftp server ${TARGET_FTP_SERVER_IP}
2024/02/01 06:09:34 - Write to log.0 - timestamp = 2024/02/01 06:09:34.080
2024/02/01 06:09:34 - Write to log.0 - 
2024/02/01 06:09:34 - Write to log.0 - ====================
2024/02/01 06:09:34 - Write to log.0 - Finished processing (I=0, O=0, R=2, W=2, U=0, E=0)
2024/02/01 06:09:34 - Filter rows 2.0 - Finished processing (I=0, O=0, R=2, W=2, U=0, E=0)
2024/02/01 06:09:34 - Dummy (do nothing) 3.0 - Finished processing (I=0, O=0, R=1, W=1, U=0, E=0)
2024/02/01 06:09:34 - Text file input 2.0 - Opening file: file:///hawaiki_il/tesubcom/och/T4/01-Feb-2024.csv
2024/02/01 06:09:34 - Text file input 2.0 - Finished processing (I=1252, O=0, R=1, W=1252, U=1, E=0)
2024/02/01 06:09:34 - Filter rows.0 - Finished processing (I=0, O=0, R=1252, W=1252, U=0, E=0)
2024/02/01 06:09:34 - Dummy (do nothing).0 - Finished processing (I=0, O=0, R=4, W=4, U=0, E=0)
2024/02/01 06:09:34 - Split Fields.0 - Finished processing (I=0, O=0, R=1248, W=1248, U=0, E=0)
2024/02/01 06:09:34 - Select values.0 - Finished processing (I=0, O=0, R=1248, W=1248, U=0, E=0)
2024/02/01 06:09:34 - Replace in string.0 - Finished processing (I=0, O=0, R=1248, W=1248, U=0, E=0)
2024/02/01 06:09:35 - Table output.0 - Finished processing (I=0, O=1248, R=1248, W=1248, U=0, E=0)
2024/02/01 06:09:35 - Dummy (do nothing) 2.0 - Finished processing (I=0, O=0, R=1248, W=1248, U=0, E=0)
2024/02/01 06:09:35 - JOB_tesubcom - Starting entry [Archive Files 1]
2024/02/01 06:09:35 - JOB_tesubcom - Starting entry [Success]
2024/02/01 06:09:35 - JOB_tesubcom - Starting entry [DUMMY]
2024/02/01 06:09:35 - JOB_tesubcom - Finished job entry [DUMMY] (result=[true])
2024/02/01 06:09:35 - JOB_tesubcom - Finished job entry [Success] (result=[true])
2024/02/01 06:09:35 - JOB_tesubcom - Finished job entry [Archive Files 1] (result=[true])
2024/02/01 06:09:35 - JOB_tesubcom - Finished job entry [Transformation 4] (result=[true])
2024/02/01 06:09:35 - JOB_tesubcom - Finished job entry [Job download T4] (result=[true])
2024/02/01 06:09:35 - JOB_tesubcom - Finished job entry [Set variables T4] (result=[true])
2024/02/01 06:09:35 - JOB_tesubcom - Starting entry [Set variables T50]
2024/02/01 06:09:35 - JOB_tesubcom - Starting entry [Job download T50]
2024/02/01 06:09:35 - Job download T50 - Using run configuration [Pentaho local]
2024/02/01 06:09:35 - DownloadFile - Starting entry [ftp log starting]
2024/02/01 06:09:35 - DownloadFile - Starting entry [Get och files 1]
2024/02/01 06:09:35 - Get och files 1 - Started FTP job to ${TARGET_FTP_SERVER_IP}
2024/02/01 06:09:46 - DownloadFile - Starting entry [Check if a folder is empty]
2024/02/01 06:09:46 - Check if a folder is empty - Total files
2024/02/01 06:09:46 - DownloadFile - Starting entry [Write To Log 2]
2024/02/01 06:09:46 - ----------------- In Dlownload file -------------------------------------- - </br><font color='green'>File successfully downloaded from folder T50 on 172.29.136.30</font>
2024/02/01 06:09:46 - DownloadFile - Starting entry [ftp log success]
2024/02/01 06:09:46 - DownloadFile - Finished job entry [ftp log success] (result=[true])
2024/02/01 06:09:46 - DownloadFile - Finished job entry [Write To Log 2] (result=[true])
2024/02/01 06:09:46 - DownloadFile - Finished job entry [Check if a folder is empty] (result=[true])
2024/02/01 06:09:46 - DownloadFile - Finished job entry [Get och files 1] (result=[true])
2024/02/01 06:09:46 - DownloadFile - Finished job entry [ftp log starting] (result=[true])
2024/02/01 06:09:46 - JOB_tesubcom - Starting entry [Transformation 5]
2024/02/01 06:09:46 - Transformation 5 - Loading transformation from XML file [file:///hawaiki_il/tesubcom/LoadTEMSFiles.ktr]
2024/02/01 06:09:46 - Transformation 5 - Using run configuration [Pentaho local]
2024/02/01 06:09:46 - Transformation 5 - Using legacy execution engine
2024/02/01 06:09:46 - LoadTEMSFiles - Dispatching started for transformation [LoadTEMSFiles]
2024/02/01 06:09:46 - Table output.0 - Connected to database [db] (commit=1000)
2024/02/01 06:09:46 - Get files from result.0 - Finished processing (I=0, O=0, R=2, W=2, U=0, E=0)
2024/02/01 06:09:46 - Write to log.0 - 
2024/02/01 06:09:46 - Write to log.0 - ------------> Linenr 1------------------------------
2024/02/01 06:09:46 - Write to log.0 - ------------------> File details in LoadTEMSFiles <-------------------------
2024/02/01 06:09:46 - Write to log.0 - 
2024/02/01 06:09:46 - Write to log.0 - type = General
2024/02/01 06:09:46 - Write to log.0 - filename = config.properties
2024/02/01 06:09:46 - Write to log.0 - path = file:///hawaiki_il/tesubcom/config.properties
2024/02/01 06:09:46 - Write to log.0 - parentorigin = LoadConfiguration
2024/02/01 06:09:46 - Write to log.0 - origin = Property Input
2024/02/01 06:09:46 - Write to log.0 - comment = File was read by a Property input step
2024/02/01 06:09:46 - Write to log.0 - timestamp = 2024/02/01 06:08:42.583
2024/02/01 06:09:46 - Write to log.0 - 
2024/02/01 06:09:46 - Write to log.0 - ====================
2024/02/01 06:09:46 - Write to log.0 - 
2024/02/01 06:09:46 - Write to log.0 - ------------> Linenr 2------------------------------
2024/02/01 06:09:46 - Write to log.0 - ------------------> File details in LoadTEMSFiles <-------------------------
2024/02/01 06:09:46 - Write to log.0 - 
2024/02/01 06:09:46 - Write to log.0 - type = General
2024/02/01 06:09:46 - Write to log.0 - filename = 01-Feb-2024.csv
2024/02/01 06:09:46 - Write to log.0 - path = file:///hawaiki_il/tesubcom/och/T50/01-Feb-2024.csv
2024/02/01 06:09:46 - Write to log.0 - parentorigin = DownloadFile
2024/02/01 06:09:46 - Write to log.0 - origin = Get och files 1
2024/02/01 06:09:46 - Write to log.0 - comment = Downloaded from ftp server ${TARGET_FTP_SERVER_IP}
2024/02/01 06:09:46 - Write to log.0 - timestamp = 2024/02/01 06:09:46.349
2024/02/01 06:09:46 - Write to log.0 - 
2024/02/01 06:09:46 - Write to log.0 - ====================
2024/02/01 06:09:46 - Write to log.0 - Finished processing (I=0, O=0, R=2, W=2, U=0, E=0)
2024/02/01 06:09:46 - Filter rows 2.0 - Finished processing (I=0, O=0, R=2, W=2, U=0, E=0)
2024/02/01 06:09:46 - Dummy (do nothing) 3.0 - Finished processing (I=0, O=0, R=1, W=1, U=0, E=0)
2024/02/01 06:09:46 - Text file input 2.0 - Opening file: file:///hawaiki_il/tesubcom/och/T50/01-Feb-2024.csv
2024/02/01 06:09:46 - Text file input 2.0 - Finished processing (I=1540, O=0, R=1, W=1540, U=1, E=0)
2024/02/01 06:09:46 - Filter rows.0 - Finished processing (I=0, O=0, R=1540, W=1540, U=0, E=0)
2024/02/01 06:09:46 - Dummy (do nothing).0 - Finished processing (I=0, O=0, R=4, W=4, U=0, E=0)
2024/02/01 06:09:46 - Split Fields.0 - Finished processing (I=0, O=0, R=1536, W=1536, U=0, E=0)
2024/02/01 06:09:46 - Replace in string.0 - Finished processing (I=0, O=0, R=1536, W=1536, U=0, E=0)
2024/02/01 06:09:46 - Select values.0 - Finished processing (I=0, O=0, R=1536, W=1536, U=0, E=0)
2024/02/01 06:09:47 - Table output.0 - Finished processing (I=0, O=1536, R=1536, W=1536, U=0, E=0)
2024/02/01 06:09:47 - Dummy (do nothing) 2.0 - Finished processing (I=0, O=0, R=1536, W=1536, U=0, E=0)
2024/02/01 06:09:47 - JOB_tesubcom - Starting entry [Archive Files 1]
2024/02/01 06:09:47 - JOB_tesubcom - Starting entry [Success]
2024/02/01 06:09:47 - JOB_tesubcom - Starting entry [DUMMY]
2024/02/01 06:09:47 - JOB_tesubcom - Finished job entry [DUMMY] (result=[true])
2024/02/01 06:09:47 - JOB_tesubcom - Finished job entry [Success] (result=[true])
2024/02/01 06:09:47 - JOB_tesubcom - Finished job entry [Archive Files 1] (result=[true])
2024/02/01 06:09:47 - JOB_tesubcom - Finished job entry [Transformation 5] (result=[true])
2024/02/01 06:09:47 - JOB_tesubcom - Finished job entry [Job download T50] (result=[true])
2024/02/01 06:09:47 - JOB_tesubcom - Finished job entry [Set variables T50] (result=[true])
2024/02/01 06:09:47 - JOB_tesubcom - Starting entry [Set variables T51]
2024/02/01 06:09:47 - JOB_tesubcom - Starting entry [Job download T51]
2024/02/01 06:09:47 - Job download T51 - Using run configuration [Pentaho local]
2024/02/01 06:09:47 - DownloadFile - Starting entry [ftp log starting]
2024/02/01 06:09:47 - DownloadFile - Starting entry [Get och files 1]
2024/02/01 06:09:47 - Get och files 1 - Started FTP job to ${TARGET_FTP_SERVER_IP}
2024/02/01 06:09:58 - DownloadFile - Starting entry [Check if a folder is empty]
2024/02/01 06:09:58 - Check if a folder is empty - Total files
2024/02/01 06:09:58 - DownloadFile - Starting entry [Write To Log 2]
2024/02/01 06:09:58 - ----------------- In Dlownload file -------------------------------------- - </br><font color='green'>File successfully downloaded from folder T51 on 172.29.136.30</font>
2024/02/01 06:09:58 - DownloadFile - Starting entry [ftp log success]
2024/02/01 06:09:58 - DownloadFile - Finished job entry [ftp log success] (result=[true])
2024/02/01 06:09:58 - DownloadFile - Finished job entry [Write To Log 2] (result=[true])
2024/02/01 06:09:58 - DownloadFile - Finished job entry [Check if a folder is empty] (result=[true])
2024/02/01 06:09:58 - DownloadFile - Finished job entry [Get och files 1] (result=[true])
2024/02/01 06:09:58 - DownloadFile - Finished job entry [ftp log starting] (result=[true])
2024/02/01 06:09:58 - JOB_tesubcom - Starting entry [Transformation 6]
2024/02/01 06:09:58 - Transformation 6 - Loading transformation from XML file [file:///hawaiki_il/tesubcom/LoadTEMSFiles.ktr]
2024/02/01 06:09:58 - Transformation 6 - Using run configuration [Pentaho local]
2024/02/01 06:09:58 - Transformation 6 - Using legacy execution engine
2024/02/01 06:09:58 - LoadTEMSFiles - Dispatching started for transformation [LoadTEMSFiles]
2024/02/01 06:09:58 - Table output.0 - Connected to database [db] (commit=1000)
2024/02/01 06:09:58 - Get files from result.0 - Finished processing (I=0, O=0, R=2, W=2, U=0, E=0)
2024/02/01 06:09:58 - Write to log.0 - 
2024/02/01 06:09:58 - Write to log.0 - ------------> Linenr 1------------------------------
2024/02/01 06:09:58 - Write to log.0 - ------------------> File details in LoadTEMSFiles <-------------------------
2024/02/01 06:09:58 - Write to log.0 - 
2024/02/01 06:09:58 - Write to log.0 - type = General
2024/02/01 06:09:58 - Write to log.0 - filename = config.properties
2024/02/01 06:09:58 - Write to log.0 - path = file:///hawaiki_il/tesubcom/config.properties
2024/02/01 06:09:58 - Write to log.0 - parentorigin = LoadConfiguration
2024/02/01 06:09:58 - Write to log.0 - origin = Property Input
2024/02/01 06:09:58 - Write to log.0 - comment = File was read by a Property input step
2024/02/01 06:09:58 - Write to log.0 - timestamp = 2024/02/01 06:08:42.583
2024/02/01 06:09:58 - Write to log.0 - 
2024/02/01 06:09:58 - Write to log.0 - ====================
2024/02/01 06:09:58 - Write to log.0 - 
2024/02/01 06:09:58 - Write to log.0 - ------------> Linenr 2------------------------------
2024/02/01 06:09:58 - Write to log.0 - ------------------> File details in LoadTEMSFiles <-------------------------
2024/02/01 06:09:58 - Write to log.0 - 
2024/02/01 06:09:58 - Write to log.0 - type = General
2024/02/01 06:09:58 - Write to log.0 - filename = 01-Feb-2024.csv
2024/02/01 06:09:58 - Write to log.0 - path = file:///hawaiki_il/tesubcom/och/T51/01-Feb-2024.csv
2024/02/01 06:09:58 - Write to log.0 - parentorigin = DownloadFile
2024/02/01 06:09:58 - Write to log.0 - origin = Get och files 1
2024/02/01 06:09:58 - Write to log.0 - comment = Downloaded from ftp server ${TARGET_FTP_SERVER_IP}
2024/02/01 06:09:58 - Write to log.0 - timestamp = 2024/02/01 06:09:58.603
2024/02/01 06:09:58 - Write to log.0 - 
2024/02/01 06:09:58 - Write to log.0 - ====================
2024/02/01 06:09:58 - Write to log.0 - Finished processing (I=0, O=0, R=2, W=2, U=0, E=0)
2024/02/01 06:09:58 - Filter rows 2.0 - Finished processing (I=0, O=0, R=2, W=2, U=0, E=0)
2024/02/01 06:09:58 - Dummy (do nothing) 3.0 - Finished processing (I=0, O=0, R=1, W=1, U=0, E=0)
2024/02/01 06:09:59 - Text file input 2.0 - Opening file: file:///hawaiki_il/tesubcom/och/T51/01-Feb-2024.csv
2024/02/01 06:09:59 - Text file input 2.0 - Finished processing (I=3748, O=0, R=1, W=3748, U=1, E=0)
2024/02/01 06:09:59 - Filter rows.0 - Finished processing (I=0, O=0, R=3748, W=3748, U=0, E=0)
2024/02/01 06:09:59 - Dummy (do nothing).0 - Finished processing (I=0, O=0, R=4, W=4, U=0, E=0)
2024/02/01 06:09:59 - Split Fields.0 - Finished processing (I=0, O=0, R=3744, W=3744, U=0, E=0)
2024/02/01 06:09:59 - Replace in string.0 - Finished processing (I=0, O=0, R=3744, W=3744, U=0, E=0)
2024/02/01 06:09:59 - Select values.0 - Finished processing (I=0, O=0, R=3744, W=3744, U=0, E=0)
2024/02/01 06:10:00 - Table output.0 - Finished processing (I=0, O=3744, R=3744, W=3744, U=0, E=0)
2024/02/01 06:10:00 - Dummy (do nothing) 2.0 - Finished processing (I=0, O=0, R=3744, W=3744, U=0, E=0)
2024/02/01 06:10:00 - JOB_tesubcom - Starting entry [Archive Files 1]
2024/02/01 06:10:00 - JOB_tesubcom - Starting entry [Success]
2024/02/01 06:10:00 - JOB_tesubcom - Starting entry [DUMMY]
2024/02/01 06:10:00 - JOB_tesubcom - Finished job entry [DUMMY] (result=[true])
2024/02/01 06:10:00 - JOB_tesubcom - Finished job entry [Success] (result=[true])
2024/02/01 06:10:00 - JOB_tesubcom - Finished job entry [Archive Files 1] (result=[true])
2024/02/01 06:10:00 - JOB_tesubcom - Finished job entry [Transformation 6] (result=[true])
2024/02/01 06:10:00 - JOB_tesubcom - Finished job entry [Job download T51] (result=[true])
2024/02/01 06:10:00 - JOB_tesubcom - Finished job entry [Set variables T51] (result=[true])
2024/02/01 06:10:00 - JOB_tesubcom - Starting entry [Set variables T52]
2024/02/01 06:10:00 - JOB_tesubcom - Starting entry [Job download T52]
2024/02/01 06:10:00 - Job download T52 - Using run configuration [Pentaho local]
2024/02/01 06:10:00 - DownloadFile - Starting entry [ftp log starting]
2024/02/01 06:10:00 - DownloadFile - Starting entry [Get och files 1]
2024/02/01 06:10:00 - Get och files 1 - Started FTP job to ${TARGET_FTP_SERVER_IP}
2024/02/01 06:10:11 - DownloadFile - Starting entry [Check if a folder is empty]
2024/02/01 06:10:11 - Check if a folder is empty - Total files
2024/02/01 06:10:11 - DownloadFile - Starting entry [Write To Log 2]
2024/02/01 06:10:11 - ----------------- In Dlownload file -------------------------------------- - </br><font color='green'>File successfully downloaded from folder T52 on 172.29.136.30</font>
2024/02/01 06:10:11 - DownloadFile - Starting entry [ftp log success]
2024/02/01 06:10:11 - DownloadFile - Finished job entry [ftp log success] (result=[true])
2024/02/01 06:10:11 - DownloadFile - Finished job entry [Write To Log 2] (result=[true])
2024/02/01 06:10:11 - DownloadFile - Finished job entry [Check if a folder is empty] (result=[true])
2024/02/01 06:10:11 - DownloadFile - Finished job entry [Get och files 1] (result=[true])
2024/02/01 06:10:11 - DownloadFile - Finished job entry [ftp log starting] (result=[true])
2024/02/01 06:10:11 - JOB_tesubcom - Starting entry [Transformation 7]
2024/02/01 06:10:11 - Transformation 7 - Loading transformation from XML file [file:///hawaiki_il/tesubcom/LoadTEMSFiles.ktr]
2024/02/01 06:10:12 - Transformation 7 - Using run configuration [Pentaho local]
2024/02/01 06:10:12 - Transformation 7 - Using legacy execution engine
2024/02/01 06:10:12 - LoadTEMSFiles - Dispatching started for transformation [LoadTEMSFiles]
2024/02/01 06:10:12 - Table output.0 - Connected to database [db] (commit=1000)
2024/02/01 06:10:12 - Write to log.0 - 
2024/02/01 06:10:12 - Write to log.0 - ------------> Linenr 1------------------------------
2024/02/01 06:10:12 - Write to log.0 - ------------------> File details in LoadTEMSFiles <-------------------------
2024/02/01 06:10:12 - Write to log.0 - 
2024/02/01 06:10:12 - Write to log.0 - type = General
2024/02/01 06:10:12 - Write to log.0 - filename = config.properties
2024/02/01 06:10:12 - Write to log.0 - path = file:///hawaiki_il/tesubcom/config.properties
2024/02/01 06:10:12 - Write to log.0 - parentorigin = LoadConfiguration
2024/02/01 06:10:12 - Write to log.0 - origin = Property Input
2024/02/01 06:10:12 - Write to log.0 - comment = File was read by a Property input step
2024/02/01 06:10:12 - Write to log.0 - timestamp = 2024/02/01 06:08:42.583
2024/02/01 06:10:12 - Write to log.0 - 
2024/02/01 06:10:12 - Write to log.0 - ====================
2024/02/01 06:10:12 - Get files from result.0 - Finished processing (I=0, O=0, R=2, W=2, U=0, E=0)
2024/02/01 06:10:12 - Write to log.0 - 
2024/02/01 06:10:12 - Write to log.0 - ------------> Linenr 2------------------------------
2024/02/01 06:10:12 - Write to log.0 - ------------------> File details in LoadTEMSFiles <-------------------------
2024/02/01 06:10:12 - Write to log.0 - 
2024/02/01 06:10:12 - Write to log.0 - type = General
2024/02/01 06:10:12 - Write to log.0 - filename = 01-Feb-2024.csv
2024/02/01 06:10:12 - Write to log.0 - path = file:///hawaiki_il/tesubcom/och/T52/01-Feb-2024.csv
2024/02/01 06:10:12 - Write to log.0 - parentorigin = DownloadFile
2024/02/01 06:10:12 - Write to log.0 - origin = Get och files 1
2024/02/01 06:10:12 - Write to log.0 - comment = Downloaded from ftp server ${TARGET_FTP_SERVER_IP}
2024/02/01 06:10:12 - Write to log.0 - timestamp = 2024/02/01 06:10:11.858
2024/02/01 06:10:12 - Write to log.0 - 
2024/02/01 06:10:12 - Write to log.0 - ====================
2024/02/01 06:10:12 - Write to log.0 - Finished processing (I=0, O=0, R=2, W=2, U=0, E=0)
2024/02/01 06:10:12 - Filter rows 2.0 - Finished processing (I=0, O=0, R=2, W=2, U=0, E=0)
2024/02/01 06:10:12 - Dummy (do nothing) 3.0 - Finished processing (I=0, O=0, R=1, W=1, U=0, E=0)
2024/02/01 06:10:12 - Text file input 2.0 - Opening file: file:///hawaiki_il/tesubcom/och/T52/01-Feb-2024.csv
2024/02/01 06:10:12 - Text file input 2.0 - Finished processing (I=1252, O=0, R=1, W=1252, U=1, E=0)
2024/02/01 06:10:12 - Filter rows.0 - Finished processing (I=0, O=0, R=1252, W=1252, U=0, E=0)
2024/02/01 06:10:12 - Dummy (do nothing).0 - Finished processing (I=0, O=0, R=4, W=4, U=0, E=0)
2024/02/01 06:10:12 - Split Fields.0 - Finished processing (I=0, O=0, R=1248, W=1248, U=0, E=0)
2024/02/01 06:10:12 - Replace in string.0 - Finished processing (I=0, O=0, R=1248, W=1248, U=0, E=0)
2024/02/01 06:10:12 - Select values.0 - Finished processing (I=0, O=0, R=1248, W=1248, U=0, E=0)
2024/02/01 06:10:12 - Table output.0 - Finished processing (I=0, O=1248, R=1248, W=1248, U=0, E=0)
2024/02/01 06:10:12 - Dummy (do nothing) 2.0 - Finished processing (I=0, O=0, R=1248, W=1248, U=0, E=0)
2024/02/01 06:10:12 - JOB_tesubcom - Starting entry [ftp log finised]
2024/02/01 06:10:12 - JOB_tesubcom - Starting entry [File backup ]
2024/02/01 06:10:12 - File backup  - Running on platform : Linux
2024/02/01 06:10:12 - File backup  - Executing command : /hawaiki_il/tesubcom/script/test-script.sh
2024/02/01 06:10:13 - File backup  - ERROR (version 8.1.0.0-365, build 8.1.0.0-365 from 2018-04-30 09.42.24 by buildguy) : (stderr) You are required to change your password immediately (password aged)
2024/02/01 06:10:13 - File backup  - ERROR (version 8.1.0.0-365, build 8.1.0.0-365 from 2018-04-30 09.42.24 by buildguy) : (stderr) su: Authentication token is no longer valid; new one required
2024/02/01 06:10:13 - File backup  - ERROR (version 8.1.0.0-365, build 8.1.0.0-365 from 2018-04-30 09.42.24 by buildguy) : (stderr) (Ignored)
2024/02/01 06:10:14 - File backup  - ERROR (version 8.1.0.0-365, build 8.1.0.0-365 from 2018-04-30 09.42.24 by buildguy) : (stderr) ********************************************************************
2024/02/01 06:10:14 - File backup  - ERROR (version 8.1.0.0-365, build 8.1.0.0-365 from 2018-04-30 09.42.24 by buildguy) : (stderr) *                                                                  *
2024/02/01 06:10:14 - File backup  - ERROR (version 8.1.0.0-365, build 8.1.0.0-365 from 2018-04-30 09.42.24 by buildguy) : (stderr) * This system is for the use of authorized users only.  Usage of   *
2024/02/01 06:10:14 - File backup  - ERROR (version 8.1.0.0-365, build 8.1.0.0-365 from 2018-04-30 09.42.24 by buildguy) : (stderr) * this system may be monitored and recorded by system personnel.   *
2024/02/01 06:10:14 - File backup  - ERROR (version 8.1.0.0-365, build 8.1.0.0-365 from 2018-04-30 09.42.24 by buildguy) : (stderr) *                                                                  *
2024/02/01 06:10:14 - File backup  - ERROR (version 8.1.0.0-365, build 8.1.0.0-365 from 2018-04-30 09.42.24 by buildguy) : (stderr) * Anyone using this system expressly consents to such monitoring   *
2024/02/01 06:10:14 - File backup  - ERROR (version 8.1.0.0-365, build 8.1.0.0-365 from 2018-04-30 09.42.24 by buildguy) : (stderr) * and is advised that if such monitoring reveals possible          *
2024/02/01 06:10:14 - File backup  - ERROR (version 8.1.0.0-365, build 8.1.0.0-365 from 2018-04-30 09.42.24 by buildguy) : (stderr) * evidence of criminal activity, system personnel may provide the  *
2024/02/01 06:10:14 - File backup  - ERROR (version 8.1.0.0-365, build 8.1.0.0-365 from 2018-04-30 09.42.24 by buildguy) : (stderr) * evidence from such monitoring to law enforcement officials.      *
2024/02/01 06:10:14 - File backup  - ERROR (version 8.1.0.0-365, build 8.1.0.0-365 from 2018-04-30 09.42.24 by buildguy) : (stderr) *                                                                  *
2024/02/01 06:10:14 - File backup  - ERROR (version 8.1.0.0-365, build 8.1.0.0-365 from 2018-04-30 09.42.24 by buildguy) : (stderr) ********************************************************************
2024/02/01 06:10:14 - File backup  - ERROR (version 8.1.0.0-365, build 8.1.0.0-365 from 2018-04-30 09.42.24 by buildguy) : (stderr) 
2024/02/01 06:10:15 - File backup  - (stdout) sending incremental file list
2024/02/01 06:10:15 - File backup  - (stdout) och/B1/
2024/02/01 06:10:15 - File backup  - (stdout) och/B1/old/
2024/02/01 06:10:15 - File backup  - (stdout) och/B1/old/01-Feb-2024.csv
2024/02/01 06:10:15 - File backup  - (stdout) och/T2/
2024/02/01 06:10:15 - File backup  - (stdout) och/T2/old/
2024/02/01 06:10:15 - File backup  - (stdout) och/T2/old/01-Feb-2024.csv
2024/02/01 06:10:15 - File backup  - (stdout) och/T3/
2024/02/01 06:10:15 - File backup  - (stdout) och/T3/old/
2024/02/01 06:10:15 - File backup  - (stdout) och/T3/old/01-Feb-2024.csv
2024/02/01 06:10:15 - File backup  - (stdout) och/T4/
2024/02/01 06:10:15 - File backup  - (stdout) och/T4/old/
2024/02/01 06:10:15 - File backup  - (stdout) och/T4/old/01-Feb-2024.csv
2024/02/01 06:10:15 - File backup  - (stdout) och/T50/
2024/02/01 06:10:15 - File backup  - (stdout) och/T50/old/
2024/02/01 06:10:15 - File backup  - (stdout) och/T50/old/01-Feb-2024.csv
2024/02/01 06:10:15 - File backup  - (stdout) och/T51/
2024/02/01 06:10:15 - File backup  - (stdout) och/T51/old/
2024/02/01 06:10:15 - File backup  - (stdout) och/T51/old/01-Feb-2024.csv
2024/02/01 06:10:15 - File backup  - (stdout) och/T52/
2024/02/01 06:10:15 - File backup  - (stdout) och/T52/01-Feb-2024.csv
2024/02/01 06:10:15 - File backup  - (stdout) 
2024/02/01 06:10:15 - File backup  - (stdout) sent 151,441 bytes  received 279 bytes  60,688.00 bytes/sec
2024/02/01 06:10:15 - File backup  - (stdout) total size is 13,206,777  speedup is 87.05
2024/02/01 06:10:15 - JOB_tesubcom - Starting entry [Archive Files 1]
2024/02/01 06:10:15 - JOB_tesubcom - Starting entry [Success]
2024/02/01 06:10:15 - JOB_tesubcom - Starting entry [DUMMY]
2024/02/01 06:10:15 - JOB_tesubcom - Finished job entry [DUMMY] (result=[true])
2024/02/01 06:10:15 - JOB_tesubcom - Finished job entry [Success] (result=[true])
2024/02/01 06:10:15 - JOB_tesubcom - Finished job entry [Archive Files 1] (result=[true])
2024/02/01 06:10:15 - JOB_tesubcom - Finished job entry [File backup ] (result=[true])
2024/02/01 06:10:15 - JOB_tesubcom - Finished job entry [ftp log finised] (result=[true])
2024/02/01 06:10:15 - JOB_tesubcom - Finished job entry [Transformation 7] (result=[true])
2024/02/01 06:10:15 - JOB_tesubcom - Finished job entry [Job download T52] (result=[true])
2024/02/01 06:10:15 - JOB_tesubcom - Finished job entry [Set variables T52] (result=[true])
2024/02/01 06:10:15 - JOB_tesubcom - Finished job entry [LoadConfiguration] (result=[true])
2024/02/01 06:10:15 - JOB_tesubcom - Job execution finished
2024/02/01 06:10:15 - Kitchen - Finished!
2024/02/01 06:10:15 - Kitchen - Start=2024/02/01 06:08:34.266, Stop=2024/02/01 06:10:15.944
2024/02/01 06:10:15 - Kitchen - Processing ended after 1 minutes and 41 seconds (101 seconds total).
#######################################################################
WARNING:  no libwebkitgtk-1.0 detected, some features will be unavailable
    Consider installing the package with apt-get or yum.
    e.g. 'sudo apt-get install libwebkitgtk-1.0-0'
#######################################################################
OpenJDK 64-Bit Server VM warning: ignoring option MaxPermSize=256m; support was removed in 8.0
06:00:04,218 INFO  [KarafBoot] Checking to see if org.pentaho.clean.karaf.cache is enabled
06:08:33,377 INFO  [KarafInstance] 
*******************************************************************************
*** Karaf Instance Number: 5 at /hawaiki_il/data-integration/./system/karaf ***
***   /caches/kitchen/data-5                                                ***
*** FastBin Provider Port:52905                                             ***
*** Karaf Port:8806                                                         ***
*** OSGI Service Port:9055                                                  ***
*******************************************************************************
Feb 02, 2024 6:08:34 AM org.apache.karaf.main.Main$KarafLockCallback lockAquired
INFO: Lock acquired. Setting startlevel to 100
2024/02/02 06:08:34 - Kitchen - Start of run.
06:08:35,846 ERROR [BootFeaturesInstaller] Error Boot feature pentaho-client-minimal not found
06:08:35,846 ERROR [BootFeaturesInstaller] Error Boot feature config not found
2024-02-02 06:08:36.844:INFO:oejs.Server:jetty-8.1.15.v20140411
2024-02-02 06:08:36.905:INFO:oejs.AbstractConnector:Started NIOSocketConnectorWrapper@0.0.0.0:9055
Feb 02, 2024 6:08:37 AM org.apache.cxf.bus.blueprint.NamespaceHandlerRegisterer register
INFO: Registered blueprint namespace handler for http://cxf.apache.org/blueprint/core
Feb 02, 2024 6:08:37 AM org.apache.cxf.bus.blueprint.NamespaceHandlerRegisterer register
INFO: Registered blueprint namespace handler for http://cxf.apache.org/configuration/beans
Feb 02, 2024 6:08:37 AM org.apache.cxf.bus.blueprint.NamespaceHandlerRegisterer register
INFO: Registered blueprint namespace handler for http://cxf.apache.org/configuration/parameterized-types
Feb 02, 2024 6:08:37 AM org.apache.cxf.bus.blueprint.NamespaceHandlerRegisterer register
INFO: Registered blueprint namespace handler for http://cxf.apache.org/configuration/security
Feb 02, 2024 6:08:37 AM org.apache.cxf.bus.blueprint.NamespaceHandlerRegisterer register
INFO: Registered blueprint namespace handler for http://schemas.xmlsoap.org/wsdl/
Feb 02, 2024 6:08:37 AM org.apache.cxf.bus.blueprint.NamespaceHandlerRegisterer register
INFO: Registered blueprint namespace handler for http://www.w3.org/2005/08/addressing
Feb 02, 2024 6:08:37 AM org.apache.cxf.bus.blueprint.NamespaceHandlerRegisterer register
INFO: Registered blueprint namespace handler for http://schemas.xmlsoap.org/ws/2004/08/addressing
Feb 02, 2024 6:08:37 AM org.apache.cxf.bus.osgi.CXFExtensionBundleListener addExtensions
INFO: Adding the extensions from bundle org.apache.cxf.cxf-rt-management (192) [org.apache.cxf.management.InstrumentationManager]
Feb 02, 2024 6:08:37 AM org.apache.cxf.bus.osgi.CXFExtensionBundleListener addExtensions
INFO: Adding the extensions from bundle org.apache.cxf.cxf-rt-wsdl (195) [org.apache.cxf.wsdl.WSDLManager]
Feb 02, 2024 6:08:37 AM org.apache.cxf.bus.osgi.CXFExtensionBundleListener addExtensions
INFO: Adding the extensions from bundle org.apache.cxf.cxf-rt-bindings-xml (197) [org.apache.cxf.binding.xml.XMLBindingFactory, org.apache.cxf.binding.xml.wsdl11.XMLWSDLExtensionLoader]
Feb 02, 2024 6:08:37 AM org.apache.cxf.bus.osgi.CXFExtensionBundleListener addExtensions
INFO: Adding the extensions from bundle org.apache.cxf.cxf-rt-bindings-soap (198) [org.apache.cxf.binding.soap.SoapBindingFactory, org.apache.cxf.binding.soap.SoapTransportFactory]
Feb 02, 2024 6:08:37 AM org.apache.cxf.bus.blueprint.NamespaceHandlerRegisterer register
INFO: Registered blueprint namespace handler for http://cxf.apache.org/blueprint/bindings/soap
Feb 02, 2024 6:08:37 AM org.apache.cxf.bus.osgi.CXFExtensionBundleListener addExtensions
INFO: Adding the extensions from bundle org.apache.cxf.cxf-rt-transports-http (199) [org.apache.cxf.transport.http.HTTPTransportFactory, org.apache.cxf.transport.http.HTTPWSDLExtensionLoader, org.apache.cxf.transport.http.policy.HTTPClientAssertionBuilder, org.apache.cxf.transport.http.policy.HTTPServerAssertionBuilder, org.apache.cxf.transport.http.policy.NoOpPolicyInterceptorProvider]
Feb 02, 2024 6:08:37 AM org.apache.cxf.bus.osgi.CXFExtensionBundleListener addExtensions
INFO: Adding the extensions from bundle org.apache.cxf.cxf-rt-ws-policy (217) [org.apache.cxf.ws.policy.PolicyEngine, org.apache.cxf.policy.PolicyDataEngine, org.apache.cxf.ws.policy.AssertionBuilderRegistry, org.apache.cxf.ws.policy.PolicyInterceptorProviderRegistry, org.apache.cxf.ws.policy.PolicyBuilder, org.apache.cxf.ws.policy.PolicyAnnotationListener, org.apache.cxf.ws.policy.attachment.ServiceModelPolicyProvider, org.apache.cxf.ws.policy.attachment.external.DomainExpressionBuilderRegistry, org.apache.cxf.ws.policy.attachment.external.EndpointReferenceDomainExpressionBuilder, org.apache.cxf.ws.policy.attachment.external.URIDomainExpressionBuilder, org.apache.cxf.ws.policy.attachment.wsdl11.Wsdl11AttachmentPolicyProvider, org.apache.cxf.ws.policy.mtom.MTOMAssertionBuilder, org.apache.cxf.ws.policy.mtom.MTOMPolicyInterceptorProvider]
Feb 02, 2024 6:08:37 AM org.apache.cxf.bus.blueprint.NamespaceHandlerRegisterer register
INFO: Registered blueprint namespace handler for http://cxf.apache.org/transports/http/configuration
Feb 02, 2024 6:08:37 AM org.apache.cxf.bus.blueprint.NamespaceHandlerRegisterer register
INFO: Registered blueprint namespace handler for http://cxf.apache.org/blueprint/simple
Feb 02, 2024 6:08:37 AM org.apache.cxf.bus.osgi.CXFExtensionBundleListener addExtensions
INFO: Adding the extensions from bundle org.apache.cxf.cxf-rt-frontend-jaxws (201) [org.apache.cxf.jaxws.context.WebServiceContextResourceResolver]
Feb 02, 2024 6:08:37 AM org.apache.cxf.bus.blueprint.NamespaceHandlerRegisterer register
INFO: Registered blueprint namespace handler for http://cxf.apache.org/blueprint/jaxws
Feb 02, 2024 6:08:37 AM org.apache.cxf.bus.blueprint.NamespaceHandlerRegisterer register
INFO: Registered blueprint namespace handler for http://cxf.apache.org/blueprint/jaxrs
Feb 02, 2024 6:08:37 AM org.apache.cxf.bus.blueprint.NamespaceHandlerRegisterer register
INFO: Registered blueprint namespace handler for http://cxf.apache.org/blueprint/jaxrs-client
Feb 02, 2024 6:08:37 AM org.apache.cxf.bus.blueprint.NamespaceHandlerRegisterer register
INFO: Registered blueprint namespace handler for http://cxf.apache.org/binding/coloc
Feb 02, 2024 6:08:37 AM org.apache.cxf.bus.osgi.CXFExtensionBundleListener addExtensions
INFO: Adding the extensions from bundle org.apache.cxf.cxf-rt-transports-local (213) [org.apache.cxf.transport.local.LocalTransportFactory]
Feb 02, 2024 6:08:37 AM org.apache.cxf.bus.osgi.CXFExtensionBundleListener addExtensions
INFO: Adding the extensions from bundle org.apache.cxf.cxf-rt-bindings-object (214) [org.apache.cxf.binding.object.ObjectBindingFactory]
Feb 02, 2024 6:08:37 AM org.apache.cxf.bus.blueprint.NamespaceHandlerRegisterer register
INFO: Registered blueprint namespace handler for http://cxf.apache.org/blueprint/binding/object
Feb 02, 2024 6:08:37 AM org.apache.cxf.bus.blueprint.NamespaceHandlerRegisterer register
INFO: Registered blueprint namespace handler for http://cxf.apache.org/policy
Feb 02, 2024 6:08:37 AM org.apache.cxf.bus.blueprint.NamespaceHandlerRegisterer register
INFO: Registered blueprint namespace handler for http://www.w3.org/ns/ws-policy
Feb 02, 2024 6:08:37 AM org.apache.cxf.bus.blueprint.NamespaceHandlerRegisterer register
INFO: Registered blueprint namespace handler for http://www.w3.org/2006/07/ws-policy
Feb 02, 2024 6:08:37 AM org.apache.cxf.bus.blueprint.NamespaceHandlerRegisterer register
INFO: Registered blueprint namespace handler for http://schemas.xmlsoap.org/ws/2004/09/policy
Feb 02, 2024 6:08:37 AM org.apache.cxf.bus.blueprint.NamespaceHandlerRegisterer register
INFO: Registered blueprint namespace handler for http://docs.oasis-open.org/wss/2004/01/oasis-200401-wss-wssecurity-secext-1.0.xsd
Feb 02, 2024 6:08:37 AM org.apache.cxf.bus.blueprint.NamespaceHandlerRegisterer register
INFO: Registered blueprint namespace handler for http://docs.oasis-open.org/wss/2004/01/oasis-200401-wss-wssecurity-utility-1.0.xsd
Feb 02, 2024 6:08:37 AM org.apache.cxf.bus.blueprint.NamespaceHandlerRegisterer register
INFO: Registered blueprint namespace handler for http://www.w3.org/2000/09/xmldsig#
Feb 02, 2024 6:08:37 AM org.apache.cxf.bus.blueprint.NamespaceHandlerRegisterer register
INFO: Registered blueprint namespace handler for http://docs.oasis-open.org/ws-sx/ws-securitypolicy/200702
Feb 02, 2024 6:08:37 AM org.apache.cxf.bus.osgi.CXFExtensionBundleListener addExtensions
INFO: Adding the extensions from bundle org.apache.cxf.cxf-rt-ws-addr (234) [org.apache.cxf.ws.addressing.policy.AddressingAssertionBuilder, org.apache.cxf.ws.addressing.policy.UsingAddressingAssertionBuilder, org.apache.cxf.ws.addressing.policy.AddressingPolicyInterceptorProvider, org.apache.cxf.ws.addressing.impl.AddressingWSDLExtensionLoader, org.apache.cxf.ws.addressing.WSAddressingFeature$WSAddressingFeatureApplier, org.apache.cxf.ws.addressing.MAPAggregator$MAPAggregatorLoader]
Feb 02, 2024 6:08:37 AM org.apache.cxf.bus.blueprint.NamespaceHandlerRegisterer register
INFO: Registered blueprint namespace handler for http://cxf.apache.org/ws/addressing
Feb 02, 2024 6:08:37 AM org.apache.cxf.bus.osgi.CXFExtensionBundleListener addExtensions
INFO: Adding the extensions from bundle org.apache.cxf.cxf-rt-ws-security (236) [org.apache.cxf.ws.security.policy.WSSecurityPolicyLoader, org.apache.cxf.ws.security.cache.CacheCleanupListener]
Feb 02, 2024 6:08:37 AM org.apache.cxf.bus.osgi.CXFExtensionBundleListener addExtensions
INFO: Adding the extensions from bundle org.apache.cxf.cxf-rt-ws-rm (238) [org.apache.cxf.ws.rm.RMManager, org.apache.cxf.ws.rm.policy.RMPolicyInterceptorProvider, org.apache.cxf.ws.rm.policy.RM10AssertionBuilder, org.apache.cxf.ws.rm.policy.RM12AssertionBuilder, org.apache.cxf.ws.rm.policy.WSRMP12PolicyLoader, org.apache.cxf.ws.rm.policy.MC11PolicyLoader, org.apache.cxf.ws.rm.policy.RSPPolicyLoader]
Feb 02, 2024 6:08:37 AM org.apache.cxf.bus.blueprint.NamespaceHandlerRegisterer register
INFO: Registered blueprint namespace handler for http://cxf.apache.org/ws/rm/manager
Feb 02, 2024 6:08:37 AM org.apache.cxf.bus.blueprint.NamespaceHandlerRegisterer register
INFO: Registered blueprint namespace handler for http://schemas.xmlsoap.org/ws/2005/02/rm/policy
Feb 02, 2024 6:08:37 AM org.apache.cxf.bus.osgi.CXFExtensionBundleListener addExtensions
INFO: Adding the extensions from bundle org.apache.cxf.cxf-rt-javascript (239) [org.apache.cxf.javascript.JavascriptServerListener]
Feb 02, 2024 6:08:38 AM org.pentaho.caching.impl.PentahoCacheManagerFactory$RegistrationHandler$1 onSuccess
INFO: New Caching Service registered
06:08:38,481 ERROR [KarafCapabilityProvider] No feature found matching id: pentaho-client
06:08:38,481 ERROR [KarafCapabilityProvider] No feature found matching id: pentaho-metaverse
06:08:38,481 ERROR [KarafCapabilityProvider] No feature found matching id: pentaho-dataservice
06:08:38,482 ERROR [KarafCapabilityProvider] No feature found matching id: pdi-data-refinery
06:08:38,482 ERROR [KarafCapabilityProvider] No feature found matching id: pdi-marketplace
06:08:38,482 ERROR [KarafCapabilityProvider] No feature found matching id: community-edition
SLF4J: Class path contains multiple SLF4J bindings.
SLF4J: Found binding in [jar:file:/hawaiki_il/data-integration/launcher/../lib/slf4j-log4j12-1.7.7.jar!/org/slf4j/impl/StaticLoggerBinder.class]
SLF4J: Found binding in [jar:file:/hawaiki_il/data-integration/plugins/pentaho-big-data-plugin/lib/slf4j-log4j12-1.7.7.jar!/org/slf4j/impl/StaticLoggerBinder.class]
SLF4J: See http://www.slf4j.org/codes.html#multiple_bindings for an explanation.
SLF4J: Actual binding is of type [org.slf4j.impl.Log4jLoggerFactory]
Feb 02, 2024 6:08:40 AM org.apache.cxf.endpoint.ServerImpl initDestination
INFO: Setting the server's publish address to be /lineage
Feb 02, 2024 6:08:40 AM org.apache.cxf.endpoint.ServerImpl initDestination
INFO: Setting the server's publish address to be /i18n
2024/02/02 06:08:41 - JOB_tesubcom - Start of job execution
2024/02/02 06:08:41 - JOB_tesubcom - Starting entry [LoadConfiguration]
2024/02/02 06:08:41 - LoadConfiguration - Loading transformation from XML file [file:///hawaiki_il/tesubcom/LoadConfiguration.ktr]
Feb 02, 2024 6:08:42 AM org.apache.cxf.endpoint.ServerImpl initDestination
INFO: Setting the server's publish address to be /marketplace
2024/02/02 06:08:42 - LoadConfiguration - Using run configuration [Pentaho local]
2024/02/02 06:08:42 - LoadConfiguration - Using legacy execution engine
2024/02/02 06:08:42 - LoadConfiguration - Dispatching started for transformation [LoadConfiguration]
2024/02/02 06:08:42 - Property Input.0 - Finished processing (I=21, O=0, R=0, W=21, U=0, E=0)
2024/02/02 06:08:42 - Row denormaliser.0 - Finished processing (I=0, O=0, R=21, W=1, U=0, E=0)
2024/02/02 06:08:42 - Set Variables.0 - Setting environment variables...
2024/02/02 06:08:42 - Set Variables.0 - Set variable TARGET_DB_IP to value [10.10.13.201]
2024/02/02 06:08:42 - Set Variables.0 - Set variable TARGET_DB_NAME to value [pm_db]
2024/02/02 06:08:42 - Set Variables.0 - Set variable TARGET_DB_PORT to value [3306]
2024/02/02 06:08:42 - Set Variables.0 - Set variable TARGET_DB_USER to value [mediation_rw]
2024/02/02 06:08:42 - Set Variables.0 - Set variable TARGET_DB_PASS to value [PqTLyM41TjEuiTfF]
2024/02/02 06:08:42 - Set Variables.0 - Set variable TARGET_FTP_SERVER_IP to value [172.29.136.30]
2024/02/02 06:08:42 - Set Variables.0 - Set variable TARGET_FTP_SERVER_PORT to value [21]
2024/02/02 06:08:42 - Set Variables.0 - Set variable TARGET_FTP_SERVER_USERNAME to value [tems_adm]
2024/02/02 06:08:42 - Set Variables.0 - Set variable TARGET_FTP_SERVER_PASSWORD to value [tems_adm]
2024/02/02 06:08:42 - Set Variables.0 - Set variable TARGET_FTP_SERVER_DIRECTORY to value [/home/tems_adm/temsNMS/schedReport/new/och]
2024/02/02 06:08:42 - Set Variables.0 - Set variable TARGET_LOCAL_FILE_DIRECTORY to value [/hawaiki_il/tesubcom/och]
2024/02/02 06:08:42 - Set Variables.0 - Set variable TARGET_FTP_LOGS_DIRECTORY to value [ftp_logs/ftp_logs.txt]
2024/02/02 06:08:42 - Set Variables.0 - Set variable TARGET_EMAIL_DESTINATION_ADDRESS to value [itdev@hawaikicable.co.nz]
2024/02/02 06:08:42 - Set Variables.0 - Set variable TARGET_EMAIL_SENDER_ADDRESS to value [no-reply@bw-digital.com]
2024/02/02 06:08:42 - Set Variables.0 - Set variable TARGET_SMTP_SERVER to value [smtp.office365.com]
2024/02/02 06:08:42 - Set Variables.0 - Set variable TARGET_PORT to value [587]
2024/02/02 06:08:42 - Set Variables.0 - Set variable TARGET_PASSWORD to value [JkKL7+su&=wybsLGjnY@&j5ZV^e_C^J&%LvqrdQk]
2024/02/02 06:08:42 - Set Variables.0 - Set variable TARGET_SUBJECT to value [Missing PM Sources - TEMS Pre production - 10.10.12.108]
2024/02/02 06:08:42 - Set Variables.0 - Set variable TARGET_SUBJECT_Q_FACTOR to value [Q Factor Report - TEMS Pre production - 10.10.12.108]
2024/02/02 06:08:42 - Set Variables.0 - Set variable TARGET_FILE_PATH_Q_FACTOR to value [/email/q_factor_report.txt]
2024/02/02 06:08:42 - Set Variables.0 - Set variable TARGET_EMAIL_QFACTOR_ADDRESS to value [itdev@hawaikicable.co.nz]
2024/02/02 06:08:42 - Set Variables.0 - Finished after 1 rows.
2024/02/02 06:08:42 - Set Variables.0 - Finished processing (I=0, O=0, R=1, W=1, U=0, E=0)
2024/02/02 06:08:42 - JOB_tesubcom - Starting entry [Create file]
2024/02/02 06:08:42 - Carte - Installing timer to purge stale objects after 1440 minutes.
2024/02/02 06:08:42 - Create file - File [file:///hawaiki_il/tesubcom/ftp_logs/ftp_logs.txt] already exists, not recreating.
2024/02/02 06:08:42 - JOB_tesubcom - Starting entry [Transformation]
2024/02/02 06:08:42 - Transformation - Loading transformation from XML file [file:///hawaiki_il/tesubcom/InitiateFTPlogs.ktr]
2024/02/02 06:08:43 - Transformation - Using run configuration [Pentaho local]
2024/02/02 06:08:43 - Transformation - Using legacy execution engine
2024/02/02 06:08:43 - InitiateFTPlogs - Dispatching started for transformation [InitiateFTPlogs]
2024/02/02 06:08:43 - Table input.0 - Finished reading query, closing connection.
2024/02/02 06:08:43 - Table input.0 - Finished processing (I=1, O=0, R=0, W=1, U=0, E=0)
2024/02/02 06:08:43 - Text file output.0 - Finished processing (I=0, O=2, R=1, W=1, U=0, E=0)
2024/02/02 06:08:43 - JOB_tesubcom - Starting entry [Set variables B1]
2024/02/02 06:08:43 - JOB_tesubcom - Starting entry [Job download B1]
2024/02/02 06:08:43 - Job download B1 - Using run configuration [Pentaho local]
2024/02/02 06:08:43 - DownloadFile - Starting entry [ftp log starting]
2024/02/02 06:08:43 - DownloadFile - Starting entry [Get och files 1]
2024/02/02 06:08:43 - Get och files 1 - Started FTP job to ${TARGET_FTP_SERVER_IP}
2024/02/02 06:08:54 - DownloadFile - Starting entry [Check if a folder is empty]
2024/02/02 06:08:54 - Check if a folder is empty - Total files
2024/02/02 06:08:54 - DownloadFile - Starting entry [Write To Log 2]
2024/02/02 06:08:54 - ----------------- In Dlownload file -------------------------------------- - </br><font color='green'>File successfully downloaded from folder B1 on 172.29.136.30</font>
2024/02/02 06:08:54 - DownloadFile - Starting entry [ftp log success]
2024/02/02 06:08:54 - DownloadFile - Finished job entry [ftp log success] (result=[true])
2024/02/02 06:08:54 - DownloadFile - Finished job entry [Write To Log 2] (result=[true])
2024/02/02 06:08:54 - DownloadFile - Finished job entry [Check if a folder is empty] (result=[true])
2024/02/02 06:08:54 - DownloadFile - Finished job entry [Get och files 1] (result=[true])
2024/02/02 06:08:54 - DownloadFile - Finished job entry [ftp log starting] (result=[true])
2024/02/02 06:08:54 - JOB_tesubcom - Starting entry [Transformation 1]
2024/02/02 06:08:54 - Transformation 1 - Loading transformation from XML file [file:///hawaiki_il/tesubcom/LoadTEMSFiles.ktr]
2024/02/02 06:08:54 - Transformation 1 - Using run configuration [Pentaho local]
2024/02/02 06:08:54 - Transformation 1 - Using legacy execution engine
2024/02/02 06:08:54 - LoadTEMSFiles - Dispatching started for transformation [LoadTEMSFiles]
2024/02/02 06:08:54 - Table output.0 - Connected to database [db] (commit=1000)
2024/02/02 06:08:54 - Get files from result.0 - Finished processing (I=0, O=0, R=3, W=3, U=0, E=0)
2024/02/02 06:08:54 - Write to log.0 - 
2024/02/02 06:08:54 - Write to log.0 - ------------> Linenr 1------------------------------
2024/02/02 06:08:54 - Write to log.0 - ------------------> File details in LoadTEMSFiles <-------------------------
2024/02/02 06:08:54 - Write to log.0 - 
2024/02/02 06:08:54 - Write to log.0 - type = General
2024/02/02 06:08:54 - Write to log.0 - filename = config.properties
2024/02/02 06:08:54 - Write to log.0 - path = file:///hawaiki_il/tesubcom/config.properties
2024/02/02 06:08:54 - Write to log.0 - parentorigin = LoadConfiguration
2024/02/02 06:08:54 - Write to log.0 - origin = Property Input
2024/02/02 06:08:54 - Write to log.0 - comment = File was read by a Property input step
2024/02/02 06:08:54 - Write to log.0 - timestamp = 2024/02/02 06:08:42.488
2024/02/02 06:08:54 - Write to log.0 - 
2024/02/02 06:08:54 - Write to log.0 - ====================
2024/02/02 06:08:54 - Write to log.0 - 
2024/02/02 06:08:54 - Write to log.0 - ------------> Linenr 2------------------------------
2024/02/02 06:08:54 - Write to log.0 - ------------------> File details in LoadTEMSFiles <-------------------------
2024/02/02 06:08:54 - Write to log.0 - 
2024/02/02 06:08:54 - Write to log.0 - type = General
2024/02/02 06:08:54 - Write to log.0 - filename = ftp_logs.txt
2024/02/02 06:08:54 - Write to log.0 - path = file:///hawaiki_il/tesubcom/ftp_logs/ftp_logs.txt
2024/02/02 06:08:54 - Write to log.0 - parentorigin = InitiateFTPlogs
2024/02/02 06:08:54 - Write to log.0 - origin = Text file output
2024/02/02 06:08:54 - Write to log.0 - comment = This file was created with a text file output step
2024/02/02 06:08:54 - Write to log.0 - timestamp = 2024/02/02 06:08:43.239
2024/02/02 06:08:54 - Write to log.0 - 
2024/02/02 06:08:54 - Write to log.0 - ====================
2024/02/02 06:08:54 - Write to log.0 - 
2024/02/02 06:08:54 - Write to log.0 - ------------> Linenr 3------------------------------
2024/02/02 06:08:54 - Write to log.0 - ------------------> File details in LoadTEMSFiles <-------------------------
2024/02/02 06:08:54 - Write to log.0 - 
2024/02/02 06:08:54 - Write to log.0 - type = General
2024/02/02 06:08:54 - Write to log.0 - filename = 02-Feb-2024.csv
2024/02/02 06:08:54 - Write to log.0 - path = file:///hawaiki_il/tesubcom/och/B1/02-Feb-2024.csv
2024/02/02 06:08:54 - Write to log.0 - parentorigin = DownloadFile
2024/02/02 06:08:54 - Write to log.0 - origin = Get och files 1
2024/02/02 06:08:54 - Write to log.0 - comment = Downloaded from ftp server ${TARGET_FTP_SERVER_IP}
2024/02/02 06:08:54 - Write to log.0 - timestamp = 2024/02/02 06:08:54.378
2024/02/02 06:08:54 - Write to log.0 - 
2024/02/02 06:08:54 - Write to log.0 - ====================
2024/02/02 06:08:54 - Write to log.0 - Finished processing (I=0, O=0, R=3, W=3, U=0, E=0)
2024/02/02 06:08:54 - Filter rows 2.0 - Finished processing (I=0, O=0, R=3, W=3, U=0, E=0)
2024/02/02 06:08:54 - Dummy (do nothing) 3.0 - Finished processing (I=0, O=0, R=1, W=1, U=0, E=0)
2024/02/02 06:08:54 - Text file input 2.0 - Opening file: file:///hawaiki_il/tesubcom/ftp_logs/ftp_logs.txt
2024/02/02 06:08:54 - Text file input 2.0 - Opening file: file:///hawaiki_il/tesubcom/och/B1/02-Feb-2024.csv
2024/02/02 06:08:55 - Text file input 2.0 - Finished processing (I=3174, O=0, R=2, W=3174, U=2, E=0)
2024/02/02 06:08:55 - Dummy (do nothing).0 - Finished processing (I=0, O=0, R=6, W=6, U=0, E=0)
2024/02/02 06:08:55 - Filter rows.0 - Finished processing (I=0, O=0, R=3174, W=3174, U=0, E=0)
2024/02/02 06:08:55 - Split Fields.0 - Finished processing (I=0, O=0, R=3168, W=3168, U=0, E=0)
2024/02/02 06:08:55 - Replace in string.0 - Finished processing (I=0, O=0, R=3168, W=3168, U=0, E=0)
2024/02/02 06:08:55 - Select values.0 - Finished processing (I=0, O=0, R=3168, W=3168, U=0, E=0)
2024/02/02 06:08:56 - Table output.0 - Finished processing (I=0, O=3168, R=3168, W=3168, U=0, E=0)
2024/02/02 06:08:56 - Dummy (do nothing) 2.0 - Finished processing (I=0, O=0, R=3168, W=3168, U=0, E=0)
2024/02/02 06:08:56 - JOB_tesubcom - Starting entry [Archive Files 1]
2024/02/02 06:08:56 - JOB_tesubcom - Starting entry [Success]
2024/02/02 06:08:56 - JOB_tesubcom - Starting entry [DUMMY]
2024/02/02 06:08:56 - JOB_tesubcom - Finished job entry [DUMMY] (result=[true])
2024/02/02 06:08:56 - JOB_tesubcom - Finished job entry [Success] (result=[true])
2024/02/02 06:08:56 - JOB_tesubcom - Finished job entry [Archive Files 1] (result=[true])
2024/02/02 06:08:56 - JOB_tesubcom - Finished job entry [Transformation 1] (result=[true])
2024/02/02 06:08:56 - JOB_tesubcom - Finished job entry [Job download B1] (result=[true])
2024/02/02 06:08:56 - JOB_tesubcom - Finished job entry [Set variables B1] (result=[true])
2024/02/02 06:08:56 - JOB_tesubcom - Finished job entry [Transformation] (result=[true])
2024/02/02 06:08:56 - JOB_tesubcom - Finished job entry [Create file] (result=[true])
2024/02/02 06:08:56 - JOB_tesubcom - Starting entry [Set variables T2]
2024/02/02 06:08:56 - JOB_tesubcom - Starting entry [Job download T2]
2024/02/02 06:08:56 - Job download T2 - Using run configuration [Pentaho local]
2024/02/02 06:08:56 - DownloadFile - Starting entry [ftp log starting]
2024/02/02 06:08:56 - DownloadFile - Starting entry [Get och files 1]
2024/02/02 06:08:56 - Get och files 1 - Started FTP job to ${TARGET_FTP_SERVER_IP}
2024/02/02 06:09:07 - DownloadFile - Starting entry [Check if a folder is empty]
2024/02/02 06:09:07 - Check if a folder is empty - Total files
2024/02/02 06:09:07 - DownloadFile - Starting entry [Write To Log 2]
2024/02/02 06:09:07 - ----------------- In Dlownload file -------------------------------------- - </br><font color='green'>File successfully downloaded from folder T2 on 172.29.136.30</font>
2024/02/02 06:09:07 - DownloadFile - Starting entry [ftp log success]
2024/02/02 06:09:07 - DownloadFile - Finished job entry [ftp log success] (result=[true])
2024/02/02 06:09:07 - DownloadFile - Finished job entry [Write To Log 2] (result=[true])
2024/02/02 06:09:07 - DownloadFile - Finished job entry [Check if a folder is empty] (result=[true])
2024/02/02 06:09:07 - DownloadFile - Finished job entry [Get och files 1] (result=[true])
2024/02/02 06:09:07 - DownloadFile - Finished job entry [ftp log starting] (result=[true])
2024/02/02 06:09:07 - JOB_tesubcom - Starting entry [Transformation 2]
2024/02/02 06:09:07 - Transformation 2 - Loading transformation from XML file [file:///hawaiki_il/tesubcom/LoadTEMSFiles.ktr]
2024/02/02 06:09:07 - Transformation 2 - Using run configuration [Pentaho local]
2024/02/02 06:09:07 - Transformation 2 - Using legacy execution engine
2024/02/02 06:09:07 - LoadTEMSFiles - Dispatching started for transformation [LoadTEMSFiles]
2024/02/02 06:09:07 - Table output.0 - Connected to database [db] (commit=1000)
2024/02/02 06:09:07 - Get files from result.0 - Finished processing (I=0, O=0, R=2, W=2, U=0, E=0)
2024/02/02 06:09:07 - Write to log.0 - 
2024/02/02 06:09:07 - Write to log.0 - ------------> Linenr 1------------------------------
2024/02/02 06:09:07 - Write to log.0 - ------------------> File details in LoadTEMSFiles <-------------------------
2024/02/02 06:09:07 - Write to log.0 - 
2024/02/02 06:09:07 - Write to log.0 - type = General
2024/02/02 06:09:07 - Write to log.0 - filename = 02-Feb-2024.csv
2024/02/02 06:09:07 - Write to log.0 - path = file:///hawaiki_il/tesubcom/och/T2/02-Feb-2024.csv
2024/02/02 06:09:07 - Write to log.0 - parentorigin = DownloadFile
2024/02/02 06:09:07 - Write to log.0 - origin = Get och files 1
2024/02/02 06:09:07 - Write to log.0 - comment = Downloaded from ftp server ${TARGET_FTP_SERVER_IP}
2024/02/02 06:09:07 - Write to log.0 - timestamp = 2024/02/02 06:09:07.718
2024/02/02 06:09:07 - Write to log.0 - 
2024/02/02 06:09:07 - Write to log.0 - ====================
2024/02/02 06:09:07 - Write to log.0 - 
2024/02/02 06:09:07 - Write to log.0 - ------------> Linenr 2------------------------------
2024/02/02 06:09:07 - Write to log.0 - ------------------> File details in LoadTEMSFiles <-------------------------
2024/02/02 06:09:07 - Write to log.0 - 
2024/02/02 06:09:07 - Write to log.0 - type = General
2024/02/02 06:09:07 - Write to log.0 - filename = config.properties
2024/02/02 06:09:07 - Write to log.0 - path = file:///hawaiki_il/tesubcom/config.properties
2024/02/02 06:09:07 - Write to log.0 - parentorigin = LoadConfiguration
2024/02/02 06:09:07 - Write to log.0 - origin = Property Input
2024/02/02 06:09:07 - Write to log.0 - comment = File was read by a Property input step
2024/02/02 06:09:07 - Write to log.0 - timestamp = 2024/02/02 06:08:42.488
2024/02/02 06:09:07 - Write to log.0 - 
2024/02/02 06:09:07 - Write to log.0 - ====================
2024/02/02 06:09:07 - Write to log.0 - Finished processing (I=0, O=0, R=2, W=2, U=0, E=0)
2024/02/02 06:09:07 - Filter rows 2.0 - Finished processing (I=0, O=0, R=2, W=2, U=0, E=0)
2024/02/02 06:09:07 - Dummy (do nothing) 3.0 - Finished processing (I=0, O=0, R=1, W=1, U=0, E=0)
2024/02/02 06:09:08 - Text file input 2.0 - Opening file: file:///hawaiki_il/tesubcom/och/T2/02-Feb-2024.csv
2024/02/02 06:09:08 - Text file input 2.0 - Finished processing (I=3460, O=0, R=1, W=3460, U=1, E=0)
2024/02/02 06:09:08 - Filter rows.0 - Finished processing (I=0, O=0, R=3460, W=3460, U=0, E=0)
2024/02/02 06:09:08 - Dummy (do nothing).0 - Finished processing (I=0, O=0, R=4, W=4, U=0, E=0)
2024/02/02 06:09:08 - Split Fields.0 - Finished processing (I=0, O=0, R=3456, W=3456, U=0, E=0)
2024/02/02 06:09:08 - Replace in string.0 - Finished processing (I=0, O=0, R=3456, W=3456, U=0, E=0)
2024/02/02 06:09:08 - Select values.0 - Finished processing (I=0, O=0, R=3456, W=3456, U=0, E=0)
2024/02/02 06:09:09 - Table output.0 - Finished processing (I=0, O=3456, R=3456, W=3456, U=0, E=0)
2024/02/02 06:09:09 - Dummy (do nothing) 2.0 - Finished processing (I=0, O=0, R=3456, W=3456, U=0, E=0)
2024/02/02 06:09:09 - JOB_tesubcom - Starting entry [Archive Files 1]
2024/02/02 06:09:09 - JOB_tesubcom - Starting entry [Success]
2024/02/02 06:09:09 - JOB_tesubcom - Starting entry [DUMMY]
2024/02/02 06:09:09 - JOB_tesubcom - Finished job entry [DUMMY] (result=[true])
2024/02/02 06:09:09 - JOB_tesubcom - Finished job entry [Success] (result=[true])
2024/02/02 06:09:09 - JOB_tesubcom - Finished job entry [Archive Files 1] (result=[true])
2024/02/02 06:09:09 - JOB_tesubcom - Finished job entry [Transformation 2] (result=[true])
2024/02/02 06:09:09 - JOB_tesubcom - Finished job entry [Job download T2] (result=[true])
2024/02/02 06:09:09 - JOB_tesubcom - Finished job entry [Set variables T2] (result=[true])
2024/02/02 06:09:09 - JOB_tesubcom - Starting entry [Set variables T3]
2024/02/02 06:09:09 - JOB_tesubcom - Starting entry [Job download T3]
2024/02/02 06:09:09 - Job download T3 - Using run configuration [Pentaho local]
2024/02/02 06:09:09 - DownloadFile - Starting entry [ftp log starting]
2024/02/02 06:09:09 - DownloadFile - Starting entry [Get och files 1]
2024/02/02 06:09:09 - Get och files 1 - Started FTP job to ${TARGET_FTP_SERVER_IP}
2024/02/02 06:09:20 - DownloadFile - Starting entry [Check if a folder is empty]
2024/02/02 06:09:20 - Check if a folder is empty - Total files
2024/02/02 06:09:20 - DownloadFile - Starting entry [Write To Log 2]
2024/02/02 06:09:20 - ----------------- In Dlownload file -------------------------------------- - </br><font color='green'>File successfully downloaded from folder T3 on 172.29.136.30</font>
2024/02/02 06:09:20 - DownloadFile - Starting entry [ftp log success]
2024/02/02 06:09:20 - DownloadFile - Finished job entry [ftp log success] (result=[true])
2024/02/02 06:09:20 - DownloadFile - Finished job entry [Write To Log 2] (result=[true])
2024/02/02 06:09:20 - DownloadFile - Finished job entry [Check if a folder is empty] (result=[true])
2024/02/02 06:09:20 - DownloadFile - Finished job entry [Get och files 1] (result=[true])
2024/02/02 06:09:20 - DownloadFile - Finished job entry [ftp log starting] (result=[true])
2024/02/02 06:09:20 - JOB_tesubcom - Starting entry [Transformation 3]
2024/02/02 06:09:20 - Transformation 3 - Loading transformation from XML file [file:///hawaiki_il/tesubcom/LoadTEMSFiles.ktr]
2024/02/02 06:09:20 - Transformation 3 - Using run configuration [Pentaho local]
2024/02/02 06:09:20 - Transformation 3 - Using legacy execution engine
2024/02/02 06:09:20 - LoadTEMSFiles - Dispatching started for transformation [LoadTEMSFiles]
2024/02/02 06:09:20 - Table output.0 - Connected to database [db] (commit=1000)
2024/02/02 06:09:20 - Write to log.0 - 
2024/02/02 06:09:20 - Write to log.0 - ------------> Linenr 1------------------------------
2024/02/02 06:09:20 - Write to log.0 - ------------------> File details in LoadTEMSFiles <-------------------------
2024/02/02 06:09:20 - Write to log.0 - 
2024/02/02 06:09:20 - Write to log.0 - type = General
2024/02/02 06:09:20 - Write to log.0 - filename = config.properties
2024/02/02 06:09:20 - Write to log.0 - path = file:///hawaiki_il/tesubcom/config.properties
2024/02/02 06:09:20 - Write to log.0 - parentorigin = LoadConfiguration
2024/02/02 06:09:20 - Write to log.0 - origin = Property Input
2024/02/02 06:09:20 - Write to log.0 - comment = File was read by a Property input step
2024/02/02 06:09:20 - Write to log.0 - timestamp = 2024/02/02 06:08:42.488
2024/02/02 06:09:20 - Write to log.0 - 
2024/02/02 06:09:20 - Write to log.0 - ====================
2024/02/02 06:09:20 - Get files from result.0 - Finished processing (I=0, O=0, R=2, W=2, U=0, E=0)
2024/02/02 06:09:20 - Write to log.0 - 
2024/02/02 06:09:20 - Write to log.0 - ------------> Linenr 2------------------------------
2024/02/02 06:09:20 - Write to log.0 - ------------------> File details in LoadTEMSFiles <-------------------------
2024/02/02 06:09:20 - Write to log.0 - 
2024/02/02 06:09:20 - Write to log.0 - type = General
2024/02/02 06:09:20 - Write to log.0 - filename = 02-Feb-2024.csv
2024/02/02 06:09:20 - Write to log.0 - path = file:///hawaiki_il/tesubcom/och/T3/02-Feb-2024.csv
2024/02/02 06:09:20 - Write to log.0 - parentorigin = DownloadFile
2024/02/02 06:09:20 - Write to log.0 - origin = Get och files 1
2024/02/02 06:09:20 - Write to log.0 - comment = Downloaded from ftp server ${TARGET_FTP_SERVER_IP}
2024/02/02 06:09:20 - Write to log.0 - timestamp = 2024/02/02 06:09:20.662
2024/02/02 06:09:20 - Write to log.0 - 
2024/02/02 06:09:20 - Write to log.0 - ====================
2024/02/02 06:09:20 - Write to log.0 - Finished processing (I=0, O=0, R=2, W=2, U=0, E=0)
2024/02/02 06:09:20 - Filter rows 2.0 - Finished processing (I=0, O=0, R=2, W=2, U=0, E=0)
2024/02/02 06:09:20 - Dummy (do nothing) 3.0 - Finished processing (I=0, O=0, R=1, W=1, U=0, E=0)
2024/02/02 06:09:21 - Text file input 2.0 - Opening file: file:///hawaiki_il/tesubcom/och/T3/02-Feb-2024.csv
2024/02/02 06:09:21 - Text file input 2.0 - Finished processing (I=2596, O=0, R=1, W=2596, U=1, E=0)
2024/02/02 06:09:21 - Filter rows.0 - Finished processing (I=0, O=0, R=2596, W=2596, U=0, E=0)
2024/02/02 06:09:21 - Dummy (do nothing).0 - Finished processing (I=0, O=0, R=4, W=4, U=0, E=0)
2024/02/02 06:09:21 - Split Fields.0 - Finished processing (I=0, O=0, R=2592, W=2592, U=0, E=0)
2024/02/02 06:09:21 - Replace in string.0 - Finished processing (I=0, O=0, R=2592, W=2592, U=0, E=0)
2024/02/02 06:09:21 - Select values.0 - Finished processing (I=0, O=0, R=2592, W=2592, U=0, E=0)
2024/02/02 06:09:22 - Table output.0 - Finished processing (I=0, O=2592, R=2592, W=2592, U=0, E=0)
2024/02/02 06:09:22 - Dummy (do nothing) 2.0 - Finished processing (I=0, O=0, R=2592, W=2592, U=0, E=0)
2024/02/02 06:09:22 - JOB_tesubcom - Starting entry [Archive Files 1]
2024/02/02 06:09:22 - JOB_tesubcom - Starting entry [Success]
2024/02/02 06:09:22 - JOB_tesubcom - Starting entry [DUMMY]
2024/02/02 06:09:22 - JOB_tesubcom - Finished job entry [DUMMY] (result=[true])
2024/02/02 06:09:22 - JOB_tesubcom - Finished job entry [Success] (result=[true])
2024/02/02 06:09:22 - JOB_tesubcom - Finished job entry [Archive Files 1] (result=[true])
2024/02/02 06:09:22 - JOB_tesubcom - Finished job entry [Transformation 3] (result=[true])
2024/02/02 06:09:22 - JOB_tesubcom - Finished job entry [Job download T3] (result=[true])
2024/02/02 06:09:22 - JOB_tesubcom - Finished job entry [Set variables T3] (result=[true])
2024/02/02 06:09:22 - JOB_tesubcom - Starting entry [Set variables T4]
2024/02/02 06:09:22 - JOB_tesubcom - Starting entry [Job download T4]
2024/02/02 06:09:22 - Job download T4 - Using run configuration [Pentaho local]
2024/02/02 06:09:22 - DownloadFile - Starting entry [ftp log starting]
2024/02/02 06:09:22 - DownloadFile - Starting entry [Get och files 1]
2024/02/02 06:09:22 - Get och files 1 - Started FTP job to ${TARGET_FTP_SERVER_IP}
2024/02/02 06:09:33 - DownloadFile - Starting entry [Check if a folder is empty]
2024/02/02 06:09:33 - Check if a folder is empty - Total files
2024/02/02 06:09:33 - DownloadFile - Starting entry [Write To Log 2]
2024/02/02 06:09:33 - ----------------- In Dlownload file -------------------------------------- - </br><font color='green'>File successfully downloaded from folder T4 on 172.29.136.30</font>
2024/02/02 06:09:33 - DownloadFile - Starting entry [ftp log success]
2024/02/02 06:09:33 - DownloadFile - Finished job entry [ftp log success] (result=[true])
2024/02/02 06:09:33 - DownloadFile - Finished job entry [Write To Log 2] (result=[true])
2024/02/02 06:09:33 - DownloadFile - Finished job entry [Check if a folder is empty] (result=[true])
2024/02/02 06:09:33 - DownloadFile - Finished job entry [Get och files 1] (result=[true])
2024/02/02 06:09:33 - DownloadFile - Finished job entry [ftp log starting] (result=[true])
2024/02/02 06:09:33 - JOB_tesubcom - Starting entry [Transformation 4]
2024/02/02 06:09:33 - Transformation 4 - Loading transformation from XML file [file:///hawaiki_il/tesubcom/LoadTEMSFiles.ktr]
2024/02/02 06:09:33 - Transformation 4 - Using run configuration [Pentaho local]
2024/02/02 06:09:33 - Transformation 4 - Using legacy execution engine
2024/02/02 06:09:33 - LoadTEMSFiles - Dispatching started for transformation [LoadTEMSFiles]
2024/02/02 06:09:33 - Table output.0 - Connected to database [db] (commit=1000)
2024/02/02 06:09:33 - Get files from result.0 - Finished processing (I=0, O=0, R=2, W=2, U=0, E=0)
2024/02/02 06:09:33 - Write to log.0 - 
2024/02/02 06:09:33 - Write to log.0 - ------------> Linenr 1------------------------------
2024/02/02 06:09:33 - Write to log.0 - ------------------> File details in LoadTEMSFiles <-------------------------
2024/02/02 06:09:33 - Write to log.0 - 
2024/02/02 06:09:33 - Write to log.0 - type = General
2024/02/02 06:09:33 - Write to log.0 - filename = config.properties
2024/02/02 06:09:33 - Write to log.0 - path = file:///hawaiki_il/tesubcom/config.properties
2024/02/02 06:09:33 - Write to log.0 - parentorigin = LoadConfiguration
2024/02/02 06:09:33 - Write to log.0 - origin = Property Input
2024/02/02 06:09:33 - Write to log.0 - comment = File was read by a Property input step
2024/02/02 06:09:33 - Write to log.0 - timestamp = 2024/02/02 06:08:42.488
2024/02/02 06:09:33 - Write to log.0 - 
2024/02/02 06:09:33 - Write to log.0 - ====================
2024/02/02 06:09:33 - Write to log.0 - 
2024/02/02 06:09:33 - Write to log.0 - ------------> Linenr 2------------------------------
2024/02/02 06:09:33 - Write to log.0 - ------------------> File details in LoadTEMSFiles <-------------------------
2024/02/02 06:09:33 - Write to log.0 - 
2024/02/02 06:09:33 - Write to log.0 - type = General
2024/02/02 06:09:33 - Write to log.0 - filename = 02-Feb-2024.csv
2024/02/02 06:09:33 - Write to log.0 - path = file:///hawaiki_il/tesubcom/och/T4/02-Feb-2024.csv
2024/02/02 06:09:33 - Write to log.0 - parentorigin = DownloadFile
2024/02/02 06:09:33 - Write to log.0 - origin = Get och files 1
2024/02/02 06:09:33 - Write to log.0 - comment = Downloaded from ftp server ${TARGET_FTP_SERVER_IP}
2024/02/02 06:09:33 - Write to log.0 - timestamp = 2024/02/02 06:09:32.968
2024/02/02 06:09:33 - Write to log.0 - 
2024/02/02 06:09:33 - Write to log.0 - ====================
2024/02/02 06:09:33 - Write to log.0 - Finished processing (I=0, O=0, R=2, W=2, U=0, E=0)
2024/02/02 06:09:33 - Filter rows 2.0 - Finished processing (I=0, O=0, R=2, W=2, U=0, E=0)
2024/02/02 06:09:33 - Dummy (do nothing) 3.0 - Finished processing (I=0, O=0, R=1, W=1, U=0, E=0)
2024/02/02 06:09:33 - Text file input 2.0 - Opening file: file:///hawaiki_il/tesubcom/och/T4/02-Feb-2024.csv
2024/02/02 06:09:33 - Text file input 2.0 - Finished processing (I=1252, O=0, R=1, W=1252, U=1, E=0)
2024/02/02 06:09:33 - Filter rows.0 - Finished processing (I=0, O=0, R=1252, W=1252, U=0, E=0)
2024/02/02 06:09:33 - Dummy (do nothing).0 - Finished processing (I=0, O=0, R=4, W=4, U=0, E=0)
2024/02/02 06:09:33 - Split Fields.0 - Finished processing (I=0, O=0, R=1248, W=1248, U=0, E=0)
2024/02/02 06:09:33 - Select values.0 - Finished processing (I=0, O=0, R=1248, W=1248, U=0, E=0)
2024/02/02 06:09:33 - Replace in string.0 - Finished processing (I=0, O=0, R=1248, W=1248, U=0, E=0)
2024/02/02 06:09:33 - Table output.0 - Finished processing (I=0, O=1248, R=1248, W=1248, U=0, E=0)
2024/02/02 06:09:33 - Dummy (do nothing) 2.0 - Finished processing (I=0, O=0, R=1248, W=1248, U=0, E=0)
2024/02/02 06:09:33 - JOB_tesubcom - Starting entry [Archive Files 1]
2024/02/02 06:09:33 - JOB_tesubcom - Starting entry [Success]
2024/02/02 06:09:33 - JOB_tesubcom - Starting entry [DUMMY]
2024/02/02 06:09:33 - JOB_tesubcom - Finished job entry [DUMMY] (result=[true])
2024/02/02 06:09:33 - JOB_tesubcom - Finished job entry [Success] (result=[true])
2024/02/02 06:09:33 - JOB_tesubcom - Finished job entry [Archive Files 1] (result=[true])
2024/02/02 06:09:33 - JOB_tesubcom - Finished job entry [Transformation 4] (result=[true])
2024/02/02 06:09:33 - JOB_tesubcom - Finished job entry [Job download T4] (result=[true])
2024/02/02 06:09:33 - JOB_tesubcom - Finished job entry [Set variables T4] (result=[true])
2024/02/02 06:09:33 - JOB_tesubcom - Starting entry [Set variables T50]
2024/02/02 06:09:33 - JOB_tesubcom - Starting entry [Job download T50]
2024/02/02 06:09:34 - Job download T50 - Using run configuration [Pentaho local]
2024/02/02 06:09:34 - DownloadFile - Starting entry [ftp log starting]
2024/02/02 06:09:34 - DownloadFile - Starting entry [Get och files 1]
2024/02/02 06:09:34 - Get och files 1 - Started FTP job to ${TARGET_FTP_SERVER_IP}
2024/02/02 06:09:44 - DownloadFile - Starting entry [Check if a folder is empty]
2024/02/02 06:09:44 - Check if a folder is empty - Total files
2024/02/02 06:09:44 - DownloadFile - Starting entry [Write To Log 2]
2024/02/02 06:09:44 - ----------------- In Dlownload file -------------------------------------- - </br><font color='green'>File successfully downloaded from folder T50 on 172.29.136.30</font>
2024/02/02 06:09:44 - DownloadFile - Starting entry [ftp log success]
2024/02/02 06:09:45 - DownloadFile - Finished job entry [ftp log success] (result=[true])
2024/02/02 06:09:45 - DownloadFile - Finished job entry [Write To Log 2] (result=[true])
2024/02/02 06:09:45 - DownloadFile - Finished job entry [Check if a folder is empty] (result=[true])
2024/02/02 06:09:45 - DownloadFile - Finished job entry [Get och files 1] (result=[true])
2024/02/02 06:09:45 - DownloadFile - Finished job entry [ftp log starting] (result=[true])
2024/02/02 06:09:45 - JOB_tesubcom - Starting entry [Transformation 5]
2024/02/02 06:09:45 - Transformation 5 - Loading transformation from XML file [file:///hawaiki_il/tesubcom/LoadTEMSFiles.ktr]
2024/02/02 06:09:45 - Transformation 5 - Using run configuration [Pentaho local]
2024/02/02 06:09:45 - Transformation 5 - Using legacy execution engine
2024/02/02 06:09:45 - LoadTEMSFiles - Dispatching started for transformation [LoadTEMSFiles]
2024/02/02 06:09:45 - Table output.0 - Connected to database [db] (commit=1000)
2024/02/02 06:09:45 - Get files from result.0 - Finished processing (I=0, O=0, R=2, W=2, U=0, E=0)
2024/02/02 06:09:45 - Write to log.0 - 
2024/02/02 06:09:45 - Write to log.0 - ------------> Linenr 1------------------------------
2024/02/02 06:09:45 - Write to log.0 - ------------------> File details in LoadTEMSFiles <-------------------------
2024/02/02 06:09:45 - Write to log.0 - 
2024/02/02 06:09:45 - Write to log.0 - type = General
2024/02/02 06:09:45 - Write to log.0 - filename = config.properties
2024/02/02 06:09:45 - Write to log.0 - path = file:///hawaiki_il/tesubcom/config.properties
2024/02/02 06:09:45 - Write to log.0 - parentorigin = LoadConfiguration
2024/02/02 06:09:45 - Write to log.0 - origin = Property Input
2024/02/02 06:09:45 - Write to log.0 - comment = File was read by a Property input step
2024/02/02 06:09:45 - Write to log.0 - timestamp = 2024/02/02 06:08:42.488
2024/02/02 06:09:45 - Write to log.0 - 
2024/02/02 06:09:45 - Write to log.0 - ====================
2024/02/02 06:09:45 - Write to log.0 - 
2024/02/02 06:09:45 - Write to log.0 - ------------> Linenr 2------------------------------
2024/02/02 06:09:45 - Write to log.0 - ------------------> File details in LoadTEMSFiles <-------------------------
2024/02/02 06:09:45 - Write to log.0 - 
2024/02/02 06:09:45 - Write to log.0 - type = General
2024/02/02 06:09:45 - Write to log.0 - filename = 02-Feb-2024.csv
2024/02/02 06:09:45 - Write to log.0 - path = file:///hawaiki_il/tesubcom/och/T50/02-Feb-2024.csv
2024/02/02 06:09:45 - Write to log.0 - parentorigin = DownloadFile
2024/02/02 06:09:45 - Write to log.0 - origin = Get och files 1
2024/02/02 06:09:45 - Write to log.0 - comment = Downloaded from ftp server ${TARGET_FTP_SERVER_IP}
2024/02/02 06:09:45 - Write to log.0 - timestamp = 2024/02/02 06:09:44.897
2024/02/02 06:09:45 - Write to log.0 - 
2024/02/02 06:09:45 - Write to log.0 - ====================
2024/02/02 06:09:45 - Write to log.0 - Finished processing (I=0, O=0, R=2, W=2, U=0, E=0)
2024/02/02 06:09:45 - Filter rows 2.0 - Finished processing (I=0, O=0, R=2, W=2, U=0, E=0)
2024/02/02 06:09:45 - Dummy (do nothing) 3.0 - Finished processing (I=0, O=0, R=1, W=1, U=0, E=0)
2024/02/02 06:09:45 - Text file input 2.0 - Opening file: file:///hawaiki_il/tesubcom/och/T50/02-Feb-2024.csv
2024/02/02 06:09:45 - Text file input 2.0 - Finished processing (I=1540, O=0, R=1, W=1540, U=1, E=0)
2024/02/02 06:09:45 - Filter rows.0 - Finished processing (I=0, O=0, R=1540, W=1540, U=0, E=0)
2024/02/02 06:09:45 - Dummy (do nothing).0 - Finished processing (I=0, O=0, R=4, W=4, U=0, E=0)
2024/02/02 06:09:45 - Split Fields.0 - Finished processing (I=0, O=0, R=1536, W=1536, U=0, E=0)
2024/02/02 06:09:45 - Replace in string.0 - Finished processing (I=0, O=0, R=1536, W=1536, U=0, E=0)
2024/02/02 06:09:45 - Select values.0 - Finished processing (I=0, O=0, R=1536, W=1536, U=0, E=0)
2024/02/02 06:09:45 - Table output.0 - Finished processing (I=0, O=1536, R=1536, W=1536, U=0, E=0)
2024/02/02 06:09:45 - Dummy (do nothing) 2.0 - Finished processing (I=0, O=0, R=1536, W=1536, U=0, E=0)
2024/02/02 06:09:45 - JOB_tesubcom - Starting entry [Archive Files 1]
2024/02/02 06:09:45 - JOB_tesubcom - Starting entry [Success]
2024/02/02 06:09:45 - JOB_tesubcom - Starting entry [DUMMY]
2024/02/02 06:09:45 - JOB_tesubcom - Finished job entry [DUMMY] (result=[true])
2024/02/02 06:09:45 - JOB_tesubcom - Finished job entry [Success] (result=[true])
2024/02/02 06:09:45 - JOB_tesubcom - Finished job entry [Archive Files 1] (result=[true])
2024/02/02 06:09:45 - JOB_tesubcom - Finished job entry [Transformation 5] (result=[true])
2024/02/02 06:09:45 - JOB_tesubcom - Finished job entry [Job download T50] (result=[true])
2024/02/02 06:09:45 - JOB_tesubcom - Finished job entry [Set variables T50] (result=[true])
2024/02/02 06:09:45 - JOB_tesubcom - Starting entry [Set variables T51]
2024/02/02 06:09:45 - JOB_tesubcom - Starting entry [Job download T51]
2024/02/02 06:09:46 - Job download T51 - Using run configuration [Pentaho local]
2024/02/02 06:09:46 - DownloadFile - Starting entry [ftp log starting]
2024/02/02 06:09:46 - DownloadFile - Starting entry [Get och files 1]
2024/02/02 06:09:46 - Get och files 1 - Started FTP job to ${TARGET_FTP_SERVER_IP}
2024/02/02 06:09:57 - DownloadFile - Starting entry [Check if a folder is empty]
2024/02/02 06:09:57 - Check if a folder is empty - Total files
2024/02/02 06:09:57 - DownloadFile - Starting entry [Write To Log 2]
2024/02/02 06:09:57 - ----------------- In Dlownload file -------------------------------------- - </br><font color='green'>File successfully downloaded from folder T51 on 172.29.136.30</font>
2024/02/02 06:09:57 - DownloadFile - Starting entry [ftp log success]
2024/02/02 06:09:57 - DownloadFile - Finished job entry [ftp log success] (result=[true])
2024/02/02 06:09:57 - DownloadFile - Finished job entry [Write To Log 2] (result=[true])
2024/02/02 06:09:57 - DownloadFile - Finished job entry [Check if a folder is empty] (result=[true])
2024/02/02 06:09:57 - DownloadFile - Finished job entry [Get och files 1] (result=[true])
2024/02/02 06:09:57 - DownloadFile - Finished job entry [ftp log starting] (result=[true])
2024/02/02 06:09:57 - JOB_tesubcom - Starting entry [Transformation 6]
2024/02/02 06:09:57 - Transformation 6 - Loading transformation from XML file [file:///hawaiki_il/tesubcom/LoadTEMSFiles.ktr]
2024/02/02 06:09:57 - Transformation 6 - Using run configuration [Pentaho local]
2024/02/02 06:09:57 - Transformation 6 - Using legacy execution engine
2024/02/02 06:09:57 - LoadTEMSFiles - Dispatching started for transformation [LoadTEMSFiles]
2024/02/02 06:09:57 - Table output.0 - Connected to database [db] (commit=1000)
2024/02/02 06:09:57 - Get files from result.0 - Finished processing (I=0, O=0, R=2, W=2, U=0, E=0)
2024/02/02 06:09:57 - Write to log.0 - 
2024/02/02 06:09:57 - Write to log.0 - ------------> Linenr 1------------------------------
2024/02/02 06:09:57 - Write to log.0 - ------------------> File details in LoadTEMSFiles <-------------------------
2024/02/02 06:09:57 - Write to log.0 - 
2024/02/02 06:09:57 - Write to log.0 - type = General
2024/02/02 06:09:57 - Write to log.0 - filename = config.properties
2024/02/02 06:09:57 - Write to log.0 - path = file:///hawaiki_il/tesubcom/config.properties
2024/02/02 06:09:57 - Write to log.0 - parentorigin = LoadConfiguration
2024/02/02 06:09:57 - Write to log.0 - origin = Property Input
2024/02/02 06:09:57 - Write to log.0 - comment = File was read by a Property input step
2024/02/02 06:09:57 - Write to log.0 - timestamp = 2024/02/02 06:08:42.488
2024/02/02 06:09:57 - Write to log.0 - 
2024/02/02 06:09:57 - Write to log.0 - ====================
2024/02/02 06:09:57 - Write to log.0 - 
2024/02/02 06:09:57 - Write to log.0 - ------------> Linenr 2------------------------------
2024/02/02 06:09:57 - Write to log.0 - ------------------> File details in LoadTEMSFiles <-------------------------
2024/02/02 06:09:57 - Write to log.0 - 
2024/02/02 06:09:57 - Write to log.0 - type = General
2024/02/02 06:09:57 - Write to log.0 - filename = 02-Feb-2024.csv
2024/02/02 06:09:57 - Write to log.0 - path = file:///hawaiki_il/tesubcom/och/T51/02-Feb-2024.csv
2024/02/02 06:09:57 - Write to log.0 - parentorigin = DownloadFile
2024/02/02 06:09:57 - Write to log.0 - origin = Get och files 1
2024/02/02 06:09:57 - Write to log.0 - comment = Downloaded from ftp server ${TARGET_FTP_SERVER_IP}
2024/02/02 06:09:57 - Write to log.0 - timestamp = 2024/02/02 06:09:56.960
2024/02/02 06:09:57 - Write to log.0 - 
2024/02/02 06:09:57 - Write to log.0 - ====================
2024/02/02 06:09:57 - Write to log.0 - Finished processing (I=0, O=0, R=2, W=2, U=0, E=0)
2024/02/02 06:09:57 - Filter rows 2.0 - Finished processing (I=0, O=0, R=2, W=2, U=0, E=0)
2024/02/02 06:09:57 - Dummy (do nothing) 3.0 - Finished processing (I=0, O=0, R=1, W=1, U=0, E=0)
2024/02/02 06:09:57 - Text file input 2.0 - Opening file: file:///hawaiki_il/tesubcom/och/T51/02-Feb-2024.csv
2024/02/02 06:09:57 - Text file input 2.0 - Finished processing (I=3748, O=0, R=1, W=3748, U=1, E=0)
2024/02/02 06:09:57 - Filter rows.0 - Finished processing (I=0, O=0, R=3748, W=3748, U=0, E=0)
2024/02/02 06:09:57 - Dummy (do nothing).0 - Finished processing (I=0, O=0, R=4, W=4, U=0, E=0)
2024/02/02 06:09:57 - Split Fields.0 - Finished processing (I=0, O=0, R=3744, W=3744, U=0, E=0)
2024/02/02 06:09:57 - Replace in string.0 - Finished processing (I=0, O=0, R=3744, W=3744, U=0, E=0)
2024/02/02 06:09:57 - Select values.0 - Finished processing (I=0, O=0, R=3744, W=3744, U=0, E=0)
2024/02/02 06:09:58 - Table output.0 - Finished processing (I=0, O=3744, R=3744, W=3744, U=0, E=0)
2024/02/02 06:09:58 - Dummy (do nothing) 2.0 - Finished processing (I=0, O=0, R=3744, W=3744, U=0, E=0)
2024/02/02 06:09:58 - JOB_tesubcom - Starting entry [Archive Files 1]
2024/02/02 06:09:58 - JOB_tesubcom - Starting entry [Success]
2024/02/02 06:09:58 - JOB_tesubcom - Starting entry [DUMMY]
2024/02/02 06:09:58 - JOB_tesubcom - Finished job entry [DUMMY] (result=[true])
2024/02/02 06:09:58 - JOB_tesubcom - Finished job entry [Success] (result=[true])
2024/02/02 06:09:58 - JOB_tesubcom - Finished job entry [Archive Files 1] (result=[true])
2024/02/02 06:09:58 - JOB_tesubcom - Finished job entry [Transformation 6] (result=[true])
2024/02/02 06:09:58 - JOB_tesubcom - Finished job entry [Job download T51] (result=[true])
2024/02/02 06:09:58 - JOB_tesubcom - Finished job entry [Set variables T51] (result=[true])
2024/02/02 06:09:58 - JOB_tesubcom - Starting entry [Set variables T52]
2024/02/02 06:09:58 - JOB_tesubcom - Starting entry [Job download T52]
2024/02/02 06:09:58 - Job download T52 - Using run configuration [Pentaho local]
2024/02/02 06:09:58 - DownloadFile - Starting entry [ftp log starting]
2024/02/02 06:09:58 - DownloadFile - Starting entry [Get och files 1]
2024/02/02 06:09:58 - Get och files 1 - Started FTP job to ${TARGET_FTP_SERVER_IP}
2024/02/02 06:10:09 - DownloadFile - Starting entry [Check if a folder is empty]
2024/02/02 06:10:09 - Check if a folder is empty - Total files
2024/02/02 06:10:09 - DownloadFile - Starting entry [Write To Log 2]
2024/02/02 06:10:09 - ----------------- In Dlownload file -------------------------------------- - </br><font color='green'>File successfully downloaded from folder T52 on 172.29.136.30</font>
2024/02/02 06:10:09 - DownloadFile - Starting entry [ftp log success]
2024/02/02 06:10:09 - DownloadFile - Finished job entry [ftp log success] (result=[true])
2024/02/02 06:10:09 - DownloadFile - Finished job entry [Write To Log 2] (result=[true])
2024/02/02 06:10:09 - DownloadFile - Finished job entry [Check if a folder is empty] (result=[true])
2024/02/02 06:10:09 - DownloadFile - Finished job entry [Get och files 1] (result=[true])
2024/02/02 06:10:09 - DownloadFile - Finished job entry [ftp log starting] (result=[true])
2024/02/02 06:10:09 - JOB_tesubcom - Starting entry [Transformation 7]
2024/02/02 06:10:09 - Transformation 7 - Loading transformation from XML file [file:///hawaiki_il/tesubcom/LoadTEMSFiles.ktr]
2024/02/02 06:10:10 - Transformation 7 - Using run configuration [Pentaho local]
2024/02/02 06:10:10 - Transformation 7 - Using legacy execution engine
2024/02/02 06:10:10 - LoadTEMSFiles - Dispatching started for transformation [LoadTEMSFiles]
2024/02/02 06:10:10 - Table output.0 - Connected to database [db] (commit=1000)
2024/02/02 06:10:10 - Get files from result.0 - Finished processing (I=0, O=0, R=2, W=2, U=0, E=0)
2024/02/02 06:10:10 - Write to log.0 - 
2024/02/02 06:10:10 - Write to log.0 - ------------> Linenr 1------------------------------
2024/02/02 06:10:10 - Write to log.0 - ------------------> File details in LoadTEMSFiles <-------------------------
2024/02/02 06:10:10 - Write to log.0 - 
2024/02/02 06:10:10 - Write to log.0 - type = General
2024/02/02 06:10:10 - Write to log.0 - filename = 02-Feb-2024.csv
2024/02/02 06:10:10 - Write to log.0 - path = file:///hawaiki_il/tesubcom/och/T52/02-Feb-2024.csv
2024/02/02 06:10:10 - Write to log.0 - parentorigin = DownloadFile
2024/02/02 06:10:10 - Write to log.0 - origin = Get och files 1
2024/02/02 06:10:10 - Write to log.0 - comment = Downloaded from ftp server ${TARGET_FTP_SERVER_IP}
2024/02/02 06:10:10 - Write to log.0 - timestamp = 2024/02/02 06:10:09.838
2024/02/02 06:10:10 - Write to log.0 - 
2024/02/02 06:10:10 - Write to log.0 - ====================
2024/02/02 06:10:10 - Write to log.0 - 
2024/02/02 06:10:10 - Write to log.0 - ------------> Linenr 2------------------------------
2024/02/02 06:10:10 - Write to log.0 - ------------------> File details in LoadTEMSFiles <-------------------------
2024/02/02 06:10:10 - Write to log.0 - 
2024/02/02 06:10:10 - Write to log.0 - type = General
2024/02/02 06:10:10 - Write to log.0 - filename = config.properties
2024/02/02 06:10:10 - Write to log.0 - path = file:///hawaiki_il/tesubcom/config.properties
2024/02/02 06:10:10 - Write to log.0 - parentorigin = LoadConfiguration
2024/02/02 06:10:10 - Write to log.0 - origin = Property Input
2024/02/02 06:10:10 - Write to log.0 - comment = File was read by a Property input step
2024/02/02 06:10:10 - Write to log.0 - timestamp = 2024/02/02 06:08:42.488
2024/02/02 06:10:10 - Write to log.0 - 
2024/02/02 06:10:10 - Write to log.0 - ====================
2024/02/02 06:10:10 - Write to log.0 - Finished processing (I=0, O=0, R=2, W=2, U=0, E=0)
2024/02/02 06:10:10 - Filter rows 2.0 - Finished processing (I=0, O=0, R=2, W=2, U=0, E=0)
2024/02/02 06:10:10 - Dummy (do nothing) 3.0 - Finished processing (I=0, O=0, R=1, W=1, U=0, E=0)
2024/02/02 06:10:10 - Text file input 2.0 - Opening file: file:///hawaiki_il/tesubcom/och/T52/02-Feb-2024.csv
2024/02/02 06:10:10 - Text file input 2.0 - Finished processing (I=1252, O=0, R=1, W=1252, U=1, E=0)
2024/02/02 06:10:10 - Filter rows.0 - Finished processing (I=0, O=0, R=1252, W=1252, U=0, E=0)
2024/02/02 06:10:10 - Dummy (do nothing).0 - Finished processing (I=0, O=0, R=4, W=4, U=0, E=0)
2024/02/02 06:10:10 - Split Fields.0 - Finished processing (I=0, O=0, R=1248, W=1248, U=0, E=0)
2024/02/02 06:10:10 - Replace in string.0 - Finished processing (I=0, O=0, R=1248, W=1248, U=0, E=0)
2024/02/02 06:10:10 - Select values.0 - Finished processing (I=0, O=0, R=1248, W=1248, U=0, E=0)
2024/02/02 06:10:11 - Table output.0 - Finished processing (I=0, O=1248, R=1248, W=1248, U=0, E=0)
2024/02/02 06:10:11 - Dummy (do nothing) 2.0 - Finished processing (I=0, O=0, R=1248, W=1248, U=0, E=0)
2024/02/02 06:10:11 - JOB_tesubcom - Starting entry [ftp log finised]
2024/02/02 06:10:11 - JOB_tesubcom - Starting entry [File backup ]
2024/02/02 06:10:11 - File backup  - Running on platform : Linux
2024/02/02 06:10:11 - File backup  - Executing command : /hawaiki_il/tesubcom/script/test-script.sh
2024/02/02 06:10:11 - File backup  - ERROR (version 8.1.0.0-365, build 8.1.0.0-365 from 2018-04-30 09.42.24 by buildguy) : (stderr) You are required to change your password immediately (password aged)
2024/02/02 06:10:11 - File backup  - ERROR (version 8.1.0.0-365, build 8.1.0.0-365 from 2018-04-30 09.42.24 by buildguy) : (stderr) su: Authentication token is no longer valid; new one required
2024/02/02 06:10:11 - File backup  - ERROR (version 8.1.0.0-365, build 8.1.0.0-365 from 2018-04-30 09.42.24 by buildguy) : (stderr) (Ignored)
2024/02/02 06:10:13 - File backup  - ERROR (version 8.1.0.0-365, build 8.1.0.0-365 from 2018-04-30 09.42.24 by buildguy) : (stderr) ********************************************************************
2024/02/02 06:10:13 - File backup  - ERROR (version 8.1.0.0-365, build 8.1.0.0-365 from 2018-04-30 09.42.24 by buildguy) : (stderr) *                                                                  *
2024/02/02 06:10:13 - File backup  - ERROR (version 8.1.0.0-365, build 8.1.0.0-365 from 2018-04-30 09.42.24 by buildguy) : (stderr) * This system is for the use of authorized users only.  Usage of   *
2024/02/02 06:10:13 - File backup  - ERROR (version 8.1.0.0-365, build 8.1.0.0-365 from 2018-04-30 09.42.24 by buildguy) : (stderr) * this system may be monitored and recorded by system personnel.   *
2024/02/02 06:10:13 - File backup  - ERROR (version 8.1.0.0-365, build 8.1.0.0-365 from 2018-04-30 09.42.24 by buildguy) : (stderr) *                                                                  *
2024/02/02 06:10:13 - File backup  - ERROR (version 8.1.0.0-365, build 8.1.0.0-365 from 2018-04-30 09.42.24 by buildguy) : (stderr) * Anyone using this system expressly consents to such monitoring   *
2024/02/02 06:10:13 - File backup  - ERROR (version 8.1.0.0-365, build 8.1.0.0-365 from 2018-04-30 09.42.24 by buildguy) : (stderr) * and is advised that if such monitoring reveals possible          *
2024/02/02 06:10:13 - File backup  - ERROR (version 8.1.0.0-365, build 8.1.0.0-365 from 2018-04-30 09.42.24 by buildguy) : (stderr) * evidence of criminal activity, system personnel may provide the  *
2024/02/02 06:10:13 - File backup  - ERROR (version 8.1.0.0-365, build 8.1.0.0-365 from 2018-04-30 09.42.24 by buildguy) : (stderr) * evidence from such monitoring to law enforcement officials.      *
2024/02/02 06:10:13 - File backup  - ERROR (version 8.1.0.0-365, build 8.1.0.0-365 from 2018-04-30 09.42.24 by buildguy) : (stderr) *                                                                  *
2024/02/02 06:10:13 - File backup  - ERROR (version 8.1.0.0-365, build 8.1.0.0-365 from 2018-04-30 09.42.24 by buildguy) : (stderr) ********************************************************************
2024/02/02 06:10:13 - File backup  - ERROR (version 8.1.0.0-365, build 8.1.0.0-365 from 2018-04-30 09.42.24 by buildguy) : (stderr) 
2024/02/02 06:10:14 - File backup  - (stdout) sending incremental file list
2024/02/02 06:10:14 - File backup  - (stdout) och/B1/
2024/02/02 06:10:14 - File backup  - (stdout) och/B1/old/
2024/02/02 06:10:14 - File backup  - (stdout) och/B1/old/02-Feb-2024.csv
2024/02/02 06:10:14 - File backup  - (stdout) och/T2/
2024/02/02 06:10:14 - File backup  - (stdout) och/T2/old/
2024/02/02 06:10:14 - File backup  - (stdout) och/T2/old/02-Feb-2024.csv
2024/02/02 06:10:14 - File backup  - (stdout) och/T3/
2024/02/02 06:10:14 - File backup  - (stdout) och/T3/old/
2024/02/02 06:10:14 - File backup  - (stdout) och/T3/old/02-Feb-2024.csv
2024/02/02 06:10:14 - File backup  - (stdout) och/T4/
2024/02/02 06:10:14 - File backup  - (stdout) och/T4/old/
2024/02/02 06:10:14 - File backup  - (stdout) och/T4/old/02-Feb-2024.csv
2024/02/02 06:10:14 - File backup  - (stdout) och/T50/
2024/02/02 06:10:14 - File backup  - (stdout) och/T50/old/
2024/02/02 06:10:14 - File backup  - (stdout) och/T50/old/02-Feb-2024.csv
2024/02/02 06:10:14 - File backup  - (stdout) och/T51/
2024/02/02 06:10:14 - File backup  - (stdout) och/T51/old/
2024/02/02 06:10:14 - File backup  - (stdout) och/T51/old/02-Feb-2024.csv
2024/02/02 06:10:14 - File backup  - (stdout) och/T52/
2024/02/02 06:10:14 - File backup  - (stdout) och/T52/02-Feb-2024.csv
2024/02/02 06:10:14 - File backup  - (stdout) 
2024/02/02 06:10:14 - File backup  - (stdout) sent 152,026 bytes  received 279 bytes  60,922.00 bytes/sec
2024/02/02 06:10:14 - File backup  - (stdout) total size is 13,206,833  speedup is 86.71
2024/02/02 06:10:14 - JOB_tesubcom - Starting entry [Archive Files 1]
2024/02/02 06:10:14 - JOB_tesubcom - Starting entry [Success]
2024/02/02 06:10:14 - JOB_tesubcom - Starting entry [DUMMY]
2024/02/02 06:10:14 - JOB_tesubcom - Finished job entry [DUMMY] (result=[true])
2024/02/02 06:10:14 - JOB_tesubcom - Finished job entry [Success] (result=[true])
2024/02/02 06:10:14 - JOB_tesubcom - Finished job entry [Archive Files 1] (result=[true])
2024/02/02 06:10:14 - JOB_tesubcom - Finished job entry [File backup ] (result=[true])
2024/02/02 06:10:14 - JOB_tesubcom - Finished job entry [ftp log finised] (result=[true])
2024/02/02 06:10:14 - JOB_tesubcom - Finished job entry [Transformation 7] (result=[true])
2024/02/02 06:10:14 - JOB_tesubcom - Finished job entry [Job download T52] (result=[true])
2024/02/02 06:10:14 - JOB_tesubcom - Finished job entry [Set variables T52] (result=[true])
2024/02/02 06:10:14 - JOB_tesubcom - Finished job entry [LoadConfiguration] (result=[true])
2024/02/02 06:10:14 - JOB_tesubcom - Job execution finished
2024/02/02 06:10:14 - Kitchen - Finished!
2024/02/02 06:10:14 - Kitchen - Start=2024/02/02 06:08:34.516, Stop=2024/02/02 06:10:14.642
2024/02/02 06:10:14 - Kitchen - Processing ended after 1 minutes and 40 seconds (100 seconds total).
#######################################################################
WARNING:  no libwebkitgtk-1.0 detected, some features will be unavailable
    Consider installing the package with apt-get or yum.
    e.g. 'sudo apt-get install libwebkitgtk-1.0-0'
#######################################################################
OpenJDK 64-Bit Server VM warning: ignoring option MaxPermSize=256m; support was removed in 8.0
06:00:04,519 INFO  [KarafBoot] Checking to see if org.pentaho.clean.karaf.cache is enabled
06:08:33,510 INFO  [KarafInstance] 
*******************************************************************************
*** Karaf Instance Number: 5 at /hawaiki_il/data-integration/./system/karaf ***
***   /caches/kitchen/data-5                                                ***
*** FastBin Provider Port:52905                                             ***
*** Karaf Port:8806                                                         ***
*** OSGI Service Port:9055                                                  ***
*******************************************************************************
Feb 03, 2024 6:08:34 AM org.apache.karaf.main.Main$KarafLockCallback lockAquired
INFO: Lock acquired. Setting startlevel to 100
2024/02/03 06:08:34 - Kitchen - Start of run.
06:08:36,164 ERROR [BootFeaturesInstaller] Error Boot feature pentaho-client-minimal not found
06:08:36,164 ERROR [BootFeaturesInstaller] Error Boot feature config not found
2024-02-03 06:08:37.183:INFO:oejs.Server:jetty-8.1.15.v20140411
2024-02-03 06:08:37.257:INFO:oejs.AbstractConnector:Started NIOSocketConnectorWrapper@0.0.0.0:9055
Feb 03, 2024 6:08:37 AM org.apache.cxf.bus.blueprint.NamespaceHandlerRegisterer register
INFO: Registered blueprint namespace handler for http://cxf.apache.org/blueprint/core
Feb 03, 2024 6:08:37 AM org.apache.cxf.bus.blueprint.NamespaceHandlerRegisterer register
INFO: Registered blueprint namespace handler for http://cxf.apache.org/configuration/beans
Feb 03, 2024 6:08:37 AM org.apache.cxf.bus.blueprint.NamespaceHandlerRegisterer register
INFO: Registered blueprint namespace handler for http://cxf.apache.org/configuration/parameterized-types
Feb 03, 2024 6:08:37 AM org.apache.cxf.bus.blueprint.NamespaceHandlerRegisterer register
INFO: Registered blueprint namespace handler for http://cxf.apache.org/configuration/security
Feb 03, 2024 6:08:37 AM org.apache.cxf.bus.blueprint.NamespaceHandlerRegisterer register
INFO: Registered blueprint namespace handler for http://schemas.xmlsoap.org/wsdl/
Feb 03, 2024 6:08:37 AM org.apache.cxf.bus.blueprint.NamespaceHandlerRegisterer register
INFO: Registered blueprint namespace handler for http://www.w3.org/2005/08/addressing
Feb 03, 2024 6:08:37 AM org.apache.cxf.bus.blueprint.NamespaceHandlerRegisterer register
INFO: Registered blueprint namespace handler for http://schemas.xmlsoap.org/ws/2004/08/addressing
Feb 03, 2024 6:08:37 AM org.apache.cxf.bus.osgi.CXFExtensionBundleListener addExtensions
INFO: Adding the extensions from bundle org.apache.cxf.cxf-rt-management (192) [org.apache.cxf.management.InstrumentationManager]
Feb 03, 2024 6:08:37 AM org.apache.cxf.bus.osgi.CXFExtensionBundleListener addExtensions
INFO: Adding the extensions from bundle org.apache.cxf.cxf-rt-wsdl (195) [org.apache.cxf.wsdl.WSDLManager]
Feb 03, 2024 6:08:37 AM org.apache.cxf.bus.osgi.CXFExtensionBundleListener addExtensions
INFO: Adding the extensions from bundle org.apache.cxf.cxf-rt-bindings-xml (197) [org.apache.cxf.binding.xml.XMLBindingFactory, org.apache.cxf.binding.xml.wsdl11.XMLWSDLExtensionLoader]
Feb 03, 2024 6:08:37 AM org.apache.cxf.bus.osgi.CXFExtensionBundleListener addExtensions
INFO: Adding the extensions from bundle org.apache.cxf.cxf-rt-bindings-soap (198) [org.apache.cxf.binding.soap.SoapBindingFactory, org.apache.cxf.binding.soap.SoapTransportFactory]
Feb 03, 2024 6:08:37 AM org.apache.cxf.bus.blueprint.NamespaceHandlerRegisterer register
INFO: Registered blueprint namespace handler for http://cxf.apache.org/blueprint/bindings/soap
Feb 03, 2024 6:08:38 AM org.apache.cxf.bus.osgi.CXFExtensionBundleListener addExtensions
INFO: Adding the extensions from bundle org.apache.cxf.cxf-rt-ws-policy (217) [org.apache.cxf.ws.policy.PolicyEngine, org.apache.cxf.policy.PolicyDataEngine, org.apache.cxf.ws.policy.AssertionBuilderRegistry, org.apache.cxf.ws.policy.PolicyInterceptorProviderRegistry, org.apache.cxf.ws.policy.PolicyBuilder, org.apache.cxf.ws.policy.PolicyAnnotationListener, org.apache.cxf.ws.policy.attachment.ServiceModelPolicyProvider, org.apache.cxf.ws.policy.attachment.external.DomainExpressionBuilderRegistry, org.apache.cxf.ws.policy.attachment.external.EndpointReferenceDomainExpressionBuilder, org.apache.cxf.ws.policy.attachment.external.URIDomainExpressionBuilder, org.apache.cxf.ws.policy.attachment.wsdl11.Wsdl11AttachmentPolicyProvider, org.apache.cxf.ws.policy.mtom.MTOMAssertionBuilder, org.apache.cxf.ws.policy.mtom.MTOMPolicyInterceptorProvider]
Feb 03, 2024 6:08:38 AM org.apache.cxf.bus.osgi.CXFExtensionBundleListener addExtensions
INFO: Adding the extensions from bundle org.apache.cxf.cxf-rt-transports-http (199) [org.apache.cxf.transport.http.HTTPTransportFactory, org.apache.cxf.transport.http.HTTPWSDLExtensionLoader, org.apache.cxf.transport.http.policy.HTTPClientAssertionBuilder, org.apache.cxf.transport.http.policy.HTTPServerAssertionBuilder, org.apache.cxf.transport.http.policy.NoOpPolicyInterceptorProvider]
Feb 03, 2024 6:08:38 AM org.apache.cxf.bus.blueprint.NamespaceHandlerRegisterer register
INFO: Registered blueprint namespace handler for http://cxf.apache.org/transports/http/configuration
Feb 03, 2024 6:08:38 AM org.apache.cxf.bus.blueprint.NamespaceHandlerRegisterer register
INFO: Registered blueprint namespace handler for http://cxf.apache.org/blueprint/simple
Feb 03, 2024 6:08:38 AM org.apache.cxf.bus.osgi.CXFExtensionBundleListener addExtensions
INFO: Adding the extensions from bundle org.apache.cxf.cxf-rt-frontend-jaxws (201) [org.apache.cxf.jaxws.context.WebServiceContextResourceResolver]
Feb 03, 2024 6:08:38 AM org.apache.cxf.bus.blueprint.NamespaceHandlerRegisterer register
INFO: Registered blueprint namespace handler for http://cxf.apache.org/blueprint/jaxws
Feb 03, 2024 6:08:38 AM org.apache.cxf.bus.blueprint.NamespaceHandlerRegisterer register
INFO: Registered blueprint namespace handler for http://cxf.apache.org/blueprint/jaxrs
Feb 03, 2024 6:08:38 AM org.apache.cxf.bus.blueprint.NamespaceHandlerRegisterer register
INFO: Registered blueprint namespace handler for http://cxf.apache.org/blueprint/jaxrs-client
Feb 03, 2024 6:08:38 AM org.apache.cxf.bus.blueprint.NamespaceHandlerRegisterer register
INFO: Registered blueprint namespace handler for http://cxf.apache.org/binding/coloc
Feb 03, 2024 6:08:38 AM org.apache.cxf.bus.osgi.CXFExtensionBundleListener addExtensions
INFO: Adding the extensions from bundle org.apache.cxf.cxf-rt-transports-local (213) [org.apache.cxf.transport.local.LocalTransportFactory]
Feb 03, 2024 6:08:38 AM org.apache.cxf.bus.osgi.CXFExtensionBundleListener addExtensions
INFO: Adding the extensions from bundle org.apache.cxf.cxf-rt-bindings-object (214) [org.apache.cxf.binding.object.ObjectBindingFactory]
Feb 03, 2024 6:08:38 AM org.apache.cxf.bus.blueprint.NamespaceHandlerRegisterer register
INFO: Registered blueprint namespace handler for http://cxf.apache.org/blueprint/binding/object
Feb 03, 2024 6:08:38 AM org.apache.cxf.bus.blueprint.NamespaceHandlerRegisterer register
INFO: Registered blueprint namespace handler for http://cxf.apache.org/policy
Feb 03, 2024 6:08:38 AM org.apache.cxf.bus.blueprint.NamespaceHandlerRegisterer register
INFO: Registered blueprint namespace handler for http://www.w3.org/ns/ws-policy
Feb 03, 2024 6:08:38 AM org.apache.cxf.bus.blueprint.NamespaceHandlerRegisterer register
INFO: Registered blueprint namespace handler for http://www.w3.org/2006/07/ws-policy
Feb 03, 2024 6:08:38 AM org.apache.cxf.bus.blueprint.NamespaceHandlerRegisterer register
INFO: Registered blueprint namespace handler for http://schemas.xmlsoap.org/ws/2004/09/policy
Feb 03, 2024 6:08:38 AM org.apache.cxf.bus.blueprint.NamespaceHandlerRegisterer register
INFO: Registered blueprint namespace handler for http://docs.oasis-open.org/wss/2004/01/oasis-200401-wss-wssecurity-secext-1.0.xsd
Feb 03, 2024 6:08:38 AM org.apache.cxf.bus.blueprint.NamespaceHandlerRegisterer register
INFO: Registered blueprint namespace handler for http://docs.oasis-open.org/wss/2004/01/oasis-200401-wss-wssecurity-utility-1.0.xsd
Feb 03, 2024 6:08:38 AM org.apache.cxf.bus.blueprint.NamespaceHandlerRegisterer register
INFO: Registered blueprint namespace handler for http://www.w3.org/2000/09/xmldsig#
Feb 03, 2024 6:08:38 AM org.apache.cxf.bus.blueprint.NamespaceHandlerRegisterer register
INFO: Registered blueprint namespace handler for http://docs.oasis-open.org/ws-sx/ws-securitypolicy/200702
Feb 03, 2024 6:08:38 AM org.apache.cxf.bus.osgi.CXFExtensionBundleListener addExtensions
INFO: Adding the extensions from bundle org.apache.cxf.cxf-rt-ws-addr (234) [org.apache.cxf.ws.addressing.policy.AddressingAssertionBuilder, org.apache.cxf.ws.addressing.policy.UsingAddressingAssertionBuilder, org.apache.cxf.ws.addressing.policy.AddressingPolicyInterceptorProvider, org.apache.cxf.ws.addressing.impl.AddressingWSDLExtensionLoader, org.apache.cxf.ws.addressing.WSAddressingFeature$WSAddressingFeatureApplier, org.apache.cxf.ws.addressing.MAPAggregator$MAPAggregatorLoader]
Feb 03, 2024 6:08:38 AM org.apache.cxf.bus.blueprint.NamespaceHandlerRegisterer register
INFO: Registered blueprint namespace handler for http://cxf.apache.org/ws/addressing
Feb 03, 2024 6:08:38 AM org.apache.cxf.bus.osgi.CXFExtensionBundleListener addExtensions
INFO: Adding the extensions from bundle org.apache.cxf.cxf-rt-ws-security (236) [org.apache.cxf.ws.security.policy.WSSecurityPolicyLoader, org.apache.cxf.ws.security.cache.CacheCleanupListener]
Feb 03, 2024 6:08:38 AM org.apache.cxf.bus.osgi.CXFExtensionBundleListener addExtensions
INFO: Adding the extensions from bundle org.apache.cxf.cxf-rt-ws-rm (238) [org.apache.cxf.ws.rm.RMManager, org.apache.cxf.ws.rm.policy.RMPolicyInterceptorProvider, org.apache.cxf.ws.rm.policy.RM10AssertionBuilder, org.apache.cxf.ws.rm.policy.RM12AssertionBuilder, org.apache.cxf.ws.rm.policy.WSRMP12PolicyLoader, org.apache.cxf.ws.rm.policy.MC11PolicyLoader, org.apache.cxf.ws.rm.policy.RSPPolicyLoader]
Feb 03, 2024 6:08:38 AM org.apache.cxf.bus.blueprint.NamespaceHandlerRegisterer register
INFO: Registered blueprint namespace handler for http://cxf.apache.org/ws/rm/manager
Feb 03, 2024 6:08:38 AM org.apache.cxf.bus.blueprint.NamespaceHandlerRegisterer register
INFO: Registered blueprint namespace handler for http://schemas.xmlsoap.org/ws/2005/02/rm/policy
Feb 03, 2024 6:08:38 AM org.apache.cxf.bus.osgi.CXFExtensionBundleListener addExtensions
INFO: Adding the extensions from bundle org.apache.cxf.cxf-rt-javascript (239) [org.apache.cxf.javascript.JavascriptServerListener]
Feb 03, 2024 6:08:38 AM org.pentaho.caching.impl.PentahoCacheManagerFactory$RegistrationHandler$1 onSuccess
INFO: New Caching Service registered
06:08:38,895 ERROR [KarafCapabilityProvider] No feature found matching id: pentaho-client
06:08:38,897 ERROR [KarafCapabilityProvider] No feature found matching id: pentaho-metaverse
06:08:38,897 ERROR [KarafCapabilityProvider] No feature found matching id: pentaho-dataservice
06:08:38,897 ERROR [KarafCapabilityProvider] No feature found matching id: pdi-data-refinery
06:08:38,897 ERROR [KarafCapabilityProvider] No feature found matching id: pdi-marketplace
06:08:38,897 ERROR [KarafCapabilityProvider] No feature found matching id: community-edition
2024/02/03 06:08:39 - JOB_tesubcom - Start of job execution
2024/02/03 06:08:39 - JOB_tesubcom - Starting entry [LoadConfiguration]
2024/02/03 06:08:39 - LoadConfiguration - Loading transformation from XML file [file:///hawaiki_il/tesubcom/LoadConfiguration.ktr]
SLF4J: Class path contains multiple SLF4J bindings.
SLF4J: Found binding in [jar:file:/hawaiki_il/data-integration/launcher/../lib/slf4j-log4j12-1.7.7.jar!/org/slf4j/impl/StaticLoggerBinder.class]
SLF4J: Found binding in [jar:file:/hawaiki_il/data-integration/plugins/pentaho-big-data-plugin/lib/slf4j-log4j12-1.7.7.jar!/org/slf4j/impl/StaticLoggerBinder.class]
SLF4J: See http://www.slf4j.org/codes.html#multiple_bindings for an explanation.
SLF4J: Actual binding is of type [org.slf4j.impl.Log4jLoggerFactory]
2024/02/03 06:08:41 - LoadConfiguration - Using run configuration [Pentaho local]
2024/02/03 06:08:41 - LoadConfiguration - Using legacy execution engine
2024/02/03 06:08:41 - LoadConfiguration - Dispatching started for transformation [LoadConfiguration]
Feb 03, 2024 6:08:41 AM org.apache.cxf.endpoint.ServerImpl initDestination
INFO: Setting the server's publish address to be /lineage
Feb 03, 2024 6:08:41 AM org.apache.cxf.endpoint.ServerImpl initDestination
INFO: Setting the server's publish address to be /i18n
Feb 03, 2024 6:08:42 AM org.apache.cxf.endpoint.ServerImpl initDestination
INFO: Setting the server's publish address to be /marketplace
2024/02/03 06:08:42 - Property Input.0 - Finished processing (I=21, O=0, R=0, W=21, U=0, E=0)
2024/02/03 06:08:42 - Row denormaliser.0 - Finished processing (I=0, O=0, R=21, W=1, U=0, E=0)
2024/02/03 06:08:42 - Set Variables.0 - Setting environment variables...
2024/02/03 06:08:42 - Set Variables.0 - Set variable TARGET_DB_IP to value [10.10.13.201]
2024/02/03 06:08:42 - Set Variables.0 - Set variable TARGET_DB_NAME to value [pm_db]
2024/02/03 06:08:42 - Set Variables.0 - Set variable TARGET_DB_PORT to value [3306]
2024/02/03 06:08:42 - Set Variables.0 - Set variable TARGET_DB_USER to value [mediation_rw]
2024/02/03 06:08:42 - Set Variables.0 - Set variable TARGET_DB_PASS to value [PqTLyM41TjEuiTfF]
2024/02/03 06:08:42 - Set Variables.0 - Set variable TARGET_FTP_SERVER_IP to value [172.29.136.30]
2024/02/03 06:08:42 - Set Variables.0 - Set variable TARGET_FTP_SERVER_PORT to value [21]
2024/02/03 06:08:42 - Set Variables.0 - Set variable TARGET_FTP_SERVER_USERNAME to value [tems_adm]
2024/02/03 06:08:42 - Set Variables.0 - Set variable TARGET_FTP_SERVER_PASSWORD to value [tems_adm]
2024/02/03 06:08:42 - Set Variables.0 - Set variable TARGET_FTP_SERVER_DIRECTORY to value [/home/tems_adm/temsNMS/schedReport/new/och]
2024/02/03 06:08:42 - Set Variables.0 - Set variable TARGET_LOCAL_FILE_DIRECTORY to value [/hawaiki_il/tesubcom/och]
2024/02/03 06:08:42 - Set Variables.0 - Set variable TARGET_FTP_LOGS_DIRECTORY to value [ftp_logs/ftp_logs.txt]
2024/02/03 06:08:42 - Set Variables.0 - Set variable TARGET_EMAIL_DESTINATION_ADDRESS to value [itdev@hawaikicable.co.nz]
2024/02/03 06:08:42 - Set Variables.0 - Set variable TARGET_EMAIL_SENDER_ADDRESS to value [no-reply@bw-digital.com]
2024/02/03 06:08:42 - Set Variables.0 - Set variable TARGET_SMTP_SERVER to value [smtp.office365.com]
2024/02/03 06:08:42 - Set Variables.0 - Set variable TARGET_PORT to value [587]
2024/02/03 06:08:42 - Set Variables.0 - Set variable TARGET_PASSWORD to value [JkKL7+su&=wybsLGjnY@&j5ZV^e_C^J&%LvqrdQk]
2024/02/03 06:08:42 - Set Variables.0 - Set variable TARGET_SUBJECT to value [Missing PM Sources - TEMS Pre production - 10.10.12.108]
2024/02/03 06:08:42 - Set Variables.0 - Set variable TARGET_SUBJECT_Q_FACTOR to value [Q Factor Report - TEMS Pre production - 10.10.12.108]
2024/02/03 06:08:42 - Set Variables.0 - Set variable TARGET_FILE_PATH_Q_FACTOR to value [/email/q_factor_report.txt]
2024/02/03 06:08:42 - Set Variables.0 - Set variable TARGET_EMAIL_QFACTOR_ADDRESS to value [itdev@hawaikicable.co.nz]
2024/02/03 06:08:42 - Set Variables.0 - Finished after 1 rows.
2024/02/03 06:08:42 - Set Variables.0 - Finished processing (I=0, O=0, R=1, W=1, U=0, E=0)
2024/02/03 06:08:42 - JOB_tesubcom - Starting entry [Create file]
2024/02/03 06:08:42 - Create file - File [file:///hawaiki_il/tesubcom/ftp_logs/ftp_logs.txt] already exists, not recreating.
2024/02/03 06:08:42 - JOB_tesubcom - Starting entry [Transformation]
2024/02/03 06:08:42 - Transformation - Loading transformation from XML file [file:///hawaiki_il/tesubcom/InitiateFTPlogs.ktr]
2024/02/03 06:08:43 - Transformation - Using run configuration [Pentaho local]
2024/02/03 06:08:43 - Transformation - Using legacy execution engine
2024/02/03 06:08:43 - InitiateFTPlogs - Dispatching started for transformation [InitiateFTPlogs]
2024/02/03 06:08:43 - Table input.0 - Finished reading query, closing connection.
2024/02/03 06:08:43 - Table input.0 - Finished processing (I=1, O=0, R=0, W=1, U=0, E=0)
2024/02/03 06:08:43 - Text file output.0 - Finished processing (I=0, O=2, R=1, W=1, U=0, E=0)
2024/02/03 06:08:43 - Carte - Installing timer to purge stale objects after 1440 minutes.
2024/02/03 06:08:43 - JOB_tesubcom - Starting entry [Set variables B1]
2024/02/03 06:08:43 - JOB_tesubcom - Starting entry [Job download B1]
2024/02/03 06:08:43 - Job download B1 - Using run configuration [Pentaho local]
2024/02/03 06:08:43 - DownloadFile - Starting entry [ftp log starting]
2024/02/03 06:08:43 - DownloadFile - Starting entry [Get och files 1]
2024/02/03 06:08:43 - Get och files 1 - Started FTP job to ${TARGET_FTP_SERVER_IP}
2024/02/03 06:08:54 - DownloadFile - Starting entry [Check if a folder is empty]
2024/02/03 06:08:54 - Check if a folder is empty - Total files
2024/02/03 06:08:54 - DownloadFile - Starting entry [Write To Log 2]
2024/02/03 06:08:54 - ----------------- In Dlownload file -------------------------------------- - </br><font color='green'>File successfully downloaded from folder B1 on 172.29.136.30</font>
2024/02/03 06:08:54 - DownloadFile - Starting entry [ftp log success]
2024/02/03 06:08:54 - DownloadFile - Finished job entry [ftp log success] (result=[true])
2024/02/03 06:08:54 - DownloadFile - Finished job entry [Write To Log 2] (result=[true])
2024/02/03 06:08:54 - DownloadFile - Finished job entry [Check if a folder is empty] (result=[true])
2024/02/03 06:08:54 - DownloadFile - Finished job entry [Get och files 1] (result=[true])
2024/02/03 06:08:54 - DownloadFile - Finished job entry [ftp log starting] (result=[true])
2024/02/03 06:08:54 - JOB_tesubcom - Starting entry [Transformation 1]
2024/02/03 06:08:54 - Transformation 1 - Loading transformation from XML file [file:///hawaiki_il/tesubcom/LoadTEMSFiles.ktr]
2024/02/03 06:08:55 - Transformation 1 - Using run configuration [Pentaho local]
2024/02/03 06:08:55 - Transformation 1 - Using legacy execution engine
2024/02/03 06:08:55 - LoadTEMSFiles - Dispatching started for transformation [LoadTEMSFiles]
2024/02/03 06:08:55 - Table output.0 - Connected to database [db] (commit=1000)
2024/02/03 06:08:55 - Write to log.0 - 
2024/02/03 06:08:55 - Write to log.0 - ------------> Linenr 1------------------------------
2024/02/03 06:08:55 - Write to log.0 - ------------------> File details in LoadTEMSFiles <-------------------------
2024/02/03 06:08:55 - Write to log.0 - 
2024/02/03 06:08:55 - Write to log.0 - type = General
2024/02/03 06:08:55 - Write to log.0 - filename = 03-Feb-2024.csv
2024/02/03 06:08:55 - Write to log.0 - path = file:///hawaiki_il/tesubcom/och/B1/03-Feb-2024.csv
2024/02/03 06:08:55 - Write to log.0 - parentorigin = DownloadFile
2024/02/03 06:08:55 - Write to log.0 - origin = Get och files 1
2024/02/03 06:08:55 - Write to log.0 - comment = Downloaded from ftp server ${TARGET_FTP_SERVER_IP}
2024/02/03 06:08:55 - Write to log.0 - timestamp = 2024/02/03 06:08:54.719
2024/02/03 06:08:55 - Write to log.0 - 
2024/02/03 06:08:55 - Write to log.0 - ====================
2024/02/03 06:08:55 - Get files from result.0 - Finished processing (I=0, O=0, R=3, W=3, U=0, E=0)
2024/02/03 06:08:55 - Write to log.0 - 
2024/02/03 06:08:55 - Write to log.0 - ------------> Linenr 2------------------------------
2024/02/03 06:08:55 - Write to log.0 - ------------------> File details in LoadTEMSFiles <-------------------------
2024/02/03 06:08:55 - Write to log.0 - 
2024/02/03 06:08:55 - Write to log.0 - type = General
2024/02/03 06:08:55 - Write to log.0 - filename = config.properties
2024/02/03 06:08:55 - Write to log.0 - path = file:///hawaiki_il/tesubcom/config.properties
2024/02/03 06:08:55 - Write to log.0 - parentorigin = LoadConfiguration
2024/02/03 06:08:55 - Write to log.0 - origin = Property Input
2024/02/03 06:08:55 - Write to log.0 - comment = File was read by a Property input step
2024/02/03 06:08:55 - Write to log.0 - timestamp = 2024/02/03 06:08:41.373
2024/02/03 06:08:55 - Write to log.0 - 
2024/02/03 06:08:55 - Write to log.0 - ====================
2024/02/03 06:08:55 - Write to log.0 - 
2024/02/03 06:08:55 - Write to log.0 - ------------> Linenr 3------------------------------
2024/02/03 06:08:55 - Write to log.0 - ------------------> File details in LoadTEMSFiles <-------------------------
2024/02/03 06:08:55 - Write to log.0 - 
2024/02/03 06:08:55 - Write to log.0 - type = General
2024/02/03 06:08:55 - Write to log.0 - filename = ftp_logs.txt
2024/02/03 06:08:55 - Write to log.0 - path = file:///hawaiki_il/tesubcom/ftp_logs/ftp_logs.txt
2024/02/03 06:08:55 - Write to log.0 - parentorigin = InitiateFTPlogs
2024/02/03 06:08:55 - Write to log.0 - origin = Text file output
2024/02/03 06:08:55 - Write to log.0 - comment = This file was created with a text file output step
2024/02/03 06:08:55 - Write to log.0 - timestamp = 2024/02/03 06:08:43.393
2024/02/03 06:08:55 - Write to log.0 - 
2024/02/03 06:08:55 - Write to log.0 - ====================
2024/02/03 06:08:55 - Write to log.0 - Finished processing (I=0, O=0, R=3, W=3, U=0, E=0)
2024/02/03 06:08:55 - Filter rows 2.0 - Finished processing (I=0, O=0, R=3, W=3, U=0, E=0)
2024/02/03 06:08:55 - Dummy (do nothing) 3.0 - Finished processing (I=0, O=0, R=1, W=1, U=0, E=0)
2024/02/03 06:08:55 - Text file input 2.0 - Opening file: file:///hawaiki_il/tesubcom/och/B1/03-Feb-2024.csv
2024/02/03 06:08:55 - Text file input 2.0 - Opening file: file:///hawaiki_il/tesubcom/ftp_logs/ftp_logs.txt
2024/02/03 06:08:55 - Text file input 2.0 - Finished processing (I=3174, O=0, R=2, W=3174, U=2, E=0)
2024/02/03 06:08:55 - Filter rows.0 - Finished processing (I=0, O=0, R=3174, W=3174, U=0, E=0)
2024/02/03 06:08:55 - Dummy (do nothing).0 - Finished processing (I=0, O=0, R=6, W=6, U=0, E=0)
2024/02/03 06:08:55 - Split Fields.0 - Finished processing (I=0, O=0, R=3168, W=3168, U=0, E=0)
2024/02/03 06:08:55 - Replace in string.0 - Finished processing (I=0, O=0, R=3168, W=3168, U=0, E=0)
2024/02/03 06:08:55 - Select values.0 - Finished processing (I=0, O=0, R=3168, W=3168, U=0, E=0)
2024/02/03 06:08:57 - Table output.0 - Finished processing (I=0, O=3168, R=3168, W=3168, U=0, E=0)
2024/02/03 06:08:57 - Dummy (do nothing) 2.0 - Finished processing (I=0, O=0, R=3168, W=3168, U=0, E=0)
2024/02/03 06:08:57 - JOB_tesubcom - Starting entry [Archive Files 1]
2024/02/03 06:08:57 - JOB_tesubcom - Starting entry [Success]
2024/02/03 06:08:57 - JOB_tesubcom - Starting entry [DUMMY]
2024/02/03 06:08:57 - JOB_tesubcom - Finished job entry [DUMMY] (result=[true])
2024/02/03 06:08:57 - JOB_tesubcom - Finished job entry [Success] (result=[true])
2024/02/03 06:08:57 - JOB_tesubcom - Finished job entry [Archive Files 1] (result=[true])
2024/02/03 06:08:57 - JOB_tesubcom - Finished job entry [Transformation 1] (result=[true])
2024/02/03 06:08:58 - JOB_tesubcom - Finished job entry [Job download B1] (result=[true])
2024/02/03 06:08:58 - JOB_tesubcom - Finished job entry [Set variables B1] (result=[true])
2024/02/03 06:08:58 - JOB_tesubcom - Finished job entry [Transformation] (result=[true])
2024/02/03 06:08:58 - JOB_tesubcom - Finished job entry [Create file] (result=[true])
2024/02/03 06:08:58 - JOB_tesubcom - Starting entry [Set variables T2]
2024/02/03 06:08:58 - JOB_tesubcom - Starting entry [Job download T2]
2024/02/03 06:08:58 - Job download T2 - Using run configuration [Pentaho local]
2024/02/03 06:08:58 - DownloadFile - Starting entry [ftp log starting]
2024/02/03 06:08:58 - DownloadFile - Starting entry [Get och files 1]
2024/02/03 06:08:58 - Get och files 1 - Started FTP job to ${TARGET_FTP_SERVER_IP}
2024/02/03 06:09:09 - DownloadFile - Starting entry [Check if a folder is empty]
2024/02/03 06:09:09 - Check if a folder is empty - Total files
2024/02/03 06:09:09 - DownloadFile - Starting entry [Write To Log 2]
2024/02/03 06:09:09 - ----------------- In Dlownload file -------------------------------------- - </br><font color='green'>File successfully downloaded from folder T2 on 172.29.136.30</font>
2024/02/03 06:09:09 - DownloadFile - Starting entry [ftp log success]
2024/02/03 06:09:09 - DownloadFile - Finished job entry [ftp log success] (result=[true])
2024/02/03 06:09:09 - DownloadFile - Finished job entry [Write To Log 2] (result=[true])
2024/02/03 06:09:09 - DownloadFile - Finished job entry [Check if a folder is empty] (result=[true])
2024/02/03 06:09:09 - DownloadFile - Finished job entry [Get och files 1] (result=[true])
2024/02/03 06:09:09 - DownloadFile - Finished job entry [ftp log starting] (result=[true])
2024/02/03 06:09:09 - JOB_tesubcom - Starting entry [Transformation 2]
2024/02/03 06:09:09 - Transformation 2 - Loading transformation from XML file [file:///hawaiki_il/tesubcom/LoadTEMSFiles.ktr]
2024/02/03 06:09:09 - Transformation 2 - Using run configuration [Pentaho local]
2024/02/03 06:09:09 - Transformation 2 - Using legacy execution engine
2024/02/03 06:09:09 - LoadTEMSFiles - Dispatching started for transformation [LoadTEMSFiles]
2024/02/03 06:09:09 - Table output.0 - Connected to database [db] (commit=1000)
2024/02/03 06:09:09 - Get files from result.0 - Finished processing (I=0, O=0, R=2, W=2, U=0, E=0)
2024/02/03 06:09:09 - Write to log.0 - 
2024/02/03 06:09:09 - Write to log.0 - ------------> Linenr 1------------------------------
2024/02/03 06:09:09 - Write to log.0 - ------------------> File details in LoadTEMSFiles <-------------------------
2024/02/03 06:09:09 - Write to log.0 - 
2024/02/03 06:09:09 - Write to log.0 - type = General
2024/02/03 06:09:09 - Write to log.0 - filename = 03-Feb-2024.csv
2024/02/03 06:09:09 - Write to log.0 - path = file:///hawaiki_il/tesubcom/och/T2/03-Feb-2024.csv
2024/02/03 06:09:09 - Write to log.0 - parentorigin = DownloadFile
2024/02/03 06:09:09 - Write to log.0 - origin = Get och files 1
2024/02/03 06:09:09 - Write to log.0 - comment = Downloaded from ftp server ${TARGET_FTP_SERVER_IP}
2024/02/03 06:09:09 - Write to log.0 - timestamp = 2024/02/03 06:09:09.250
2024/02/03 06:09:09 - Write to log.0 - 
2024/02/03 06:09:09 - Write to log.0 - ====================
2024/02/03 06:09:09 - Write to log.0 - 
2024/02/03 06:09:09 - Write to log.0 - ------------> Linenr 2------------------------------
2024/02/03 06:09:09 - Write to log.0 - ------------------> File details in LoadTEMSFiles <-------------------------
2024/02/03 06:09:09 - Write to log.0 - 
2024/02/03 06:09:09 - Write to log.0 - type = General
2024/02/03 06:09:09 - Write to log.0 - filename = config.properties
2024/02/03 06:09:09 - Write to log.0 - path = file:///hawaiki_il/tesubcom/config.properties
2024/02/03 06:09:09 - Write to log.0 - parentorigin = LoadConfiguration
2024/02/03 06:09:09 - Write to log.0 - origin = Property Input
2024/02/03 06:09:09 - Write to log.0 - comment = File was read by a Property input step
2024/02/03 06:09:09 - Write to log.0 - timestamp = 2024/02/03 06:08:41.373
2024/02/03 06:09:09 - Write to log.0 - 
2024/02/03 06:09:09 - Write to log.0 - ====================
2024/02/03 06:09:09 - Write to log.0 - Finished processing (I=0, O=0, R=2, W=2, U=0, E=0)
2024/02/03 06:09:09 - Filter rows 2.0 - Finished processing (I=0, O=0, R=2, W=2, U=0, E=0)
2024/02/03 06:09:09 - Dummy (do nothing) 3.0 - Finished processing (I=0, O=0, R=1, W=1, U=0, E=0)
2024/02/03 06:09:09 - Text file input 2.0 - Opening file: file:///hawaiki_il/tesubcom/och/T2/03-Feb-2024.csv
2024/02/03 06:09:09 - Text file input 2.0 - Finished processing (I=3460, O=0, R=1, W=3460, U=1, E=0)
2024/02/03 06:09:09 - Filter rows.0 - Finished processing (I=0, O=0, R=3460, W=3460, U=0, E=0)
2024/02/03 06:09:09 - Dummy (do nothing).0 - Finished processing (I=0, O=0, R=4, W=4, U=0, E=0)
2024/02/03 06:09:10 - Split Fields.0 - Finished processing (I=0, O=0, R=3456, W=3456, U=0, E=0)
2024/02/03 06:09:10 - Replace in string.0 - Finished processing (I=0, O=0, R=3456, W=3456, U=0, E=0)
2024/02/03 06:09:10 - Select values.0 - Finished processing (I=0, O=0, R=3456, W=3456, U=0, E=0)
2024/02/03 06:09:11 - Table output.0 - Finished processing (I=0, O=3456, R=3456, W=3456, U=0, E=0)
2024/02/03 06:09:11 - Dummy (do nothing) 2.0 - Finished processing (I=0, O=0, R=3456, W=3456, U=0, E=0)
2024/02/03 06:09:11 - JOB_tesubcom - Starting entry [Archive Files 1]
2024/02/03 06:09:11 - JOB_tesubcom - Starting entry [Success]
2024/02/03 06:09:11 - JOB_tesubcom - Starting entry [DUMMY]
2024/02/03 06:09:11 - JOB_tesubcom - Finished job entry [DUMMY] (result=[true])
2024/02/03 06:09:11 - JOB_tesubcom - Finished job entry [Success] (result=[true])
2024/02/03 06:09:11 - JOB_tesubcom - Finished job entry [Archive Files 1] (result=[true])
2024/02/03 06:09:11 - JOB_tesubcom - Finished job entry [Transformation 2] (result=[true])
2024/02/03 06:09:11 - JOB_tesubcom - Finished job entry [Job download T2] (result=[true])
2024/02/03 06:09:11 - JOB_tesubcom - Finished job entry [Set variables T2] (result=[true])
2024/02/03 06:09:11 - JOB_tesubcom - Starting entry [Set variables T3]
2024/02/03 06:09:11 - JOB_tesubcom - Starting entry [Job download T3]
2024/02/03 06:09:11 - Job download T3 - Using run configuration [Pentaho local]
2024/02/03 06:09:11 - DownloadFile - Starting entry [ftp log starting]
2024/02/03 06:09:11 - DownloadFile - Starting entry [Get och files 1]
2024/02/03 06:09:11 - Get och files 1 - Started FTP job to ${TARGET_FTP_SERVER_IP}
2024/02/03 06:09:22 - DownloadFile - Starting entry [Check if a folder is empty]
2024/02/03 06:09:22 - Check if a folder is empty - Total files
2024/02/03 06:09:22 - DownloadFile - Starting entry [Write To Log 2]
2024/02/03 06:09:22 - ----------------- In Dlownload file -------------------------------------- - </br><font color='green'>File successfully downloaded from folder T3 on 172.29.136.30</font>
2024/02/03 06:09:22 - DownloadFile - Starting entry [ftp log success]
2024/02/03 06:09:22 - DownloadFile - Finished job entry [ftp log success] (result=[true])
2024/02/03 06:09:22 - DownloadFile - Finished job entry [Write To Log 2] (result=[true])
2024/02/03 06:09:22 - DownloadFile - Finished job entry [Check if a folder is empty] (result=[true])
2024/02/03 06:09:22 - DownloadFile - Finished job entry [Get och files 1] (result=[true])
2024/02/03 06:09:22 - DownloadFile - Finished job entry [ftp log starting] (result=[true])
2024/02/03 06:09:22 - JOB_tesubcom - Starting entry [Transformation 3]
2024/02/03 06:09:23 - Transformation 3 - Loading transformation from XML file [file:///hawaiki_il/tesubcom/LoadTEMSFiles.ktr]
2024/02/03 06:09:23 - Transformation 3 - Using run configuration [Pentaho local]
2024/02/03 06:09:23 - Transformation 3 - Using legacy execution engine
2024/02/03 06:09:23 - LoadTEMSFiles - Dispatching started for transformation [LoadTEMSFiles]
2024/02/03 06:09:23 - Table output.0 - Connected to database [db] (commit=1000)
2024/02/03 06:09:23 - Get files from result.0 - Finished processing (I=0, O=0, R=2, W=2, U=0, E=0)
2024/02/03 06:09:23 - Write to log.0 - 
2024/02/03 06:09:23 - Write to log.0 - ------------> Linenr 1------------------------------
2024/02/03 06:09:23 - Write to log.0 - ------------------> File details in LoadTEMSFiles <-------------------------
2024/02/03 06:09:23 - Write to log.0 - 
2024/02/03 06:09:23 - Write to log.0 - type = General
2024/02/03 06:09:23 - Write to log.0 - filename = config.properties
2024/02/03 06:09:23 - Write to log.0 - path = file:///hawaiki_il/tesubcom/config.properties
2024/02/03 06:09:23 - Write to log.0 - parentorigin = LoadConfiguration
2024/02/03 06:09:23 - Write to log.0 - origin = Property Input
2024/02/03 06:09:23 - Write to log.0 - comment = File was read by a Property input step
2024/02/03 06:09:23 - Write to log.0 - timestamp = 2024/02/03 06:08:41.373
2024/02/03 06:09:23 - Write to log.0 - 
2024/02/03 06:09:23 - Write to log.0 - ====================
2024/02/03 06:09:23 - Write to log.0 - 
2024/02/03 06:09:23 - Write to log.0 - ------------> Linenr 2------------------------------
2024/02/03 06:09:23 - Write to log.0 - ------------------> File details in LoadTEMSFiles <-------------------------
2024/02/03 06:09:23 - Write to log.0 - 
2024/02/03 06:09:23 - Write to log.0 - type = General
2024/02/03 06:09:23 - Write to log.0 - filename = 03-Feb-2024.csv
2024/02/03 06:09:23 - Write to log.0 - path = file:///hawaiki_il/tesubcom/och/T3/03-Feb-2024.csv
2024/02/03 06:09:23 - Write to log.0 - parentorigin = DownloadFile
2024/02/03 06:09:23 - Write to log.0 - origin = Get och files 1
2024/02/03 06:09:23 - Write to log.0 - comment = Downloaded from ftp server ${TARGET_FTP_SERVER_IP}
2024/02/03 06:09:23 - Write to log.0 - timestamp = 2024/02/03 06:09:22.876
2024/02/03 06:09:23 - Write to log.0 - 
2024/02/03 06:09:23 - Write to log.0 - ====================
2024/02/03 06:09:23 - Write to log.0 - Finished processing (I=0, O=0, R=2, W=2, U=0, E=0)
2024/02/03 06:09:23 - Filter rows 2.0 - Finished processing (I=0, O=0, R=2, W=2, U=0, E=0)
2024/02/03 06:09:23 - Dummy (do nothing) 3.0 - Finished processing (I=0, O=0, R=1, W=1, U=0, E=0)
2024/02/03 06:09:23 - Text file input 2.0 - Opening file: file:///hawaiki_il/tesubcom/och/T3/03-Feb-2024.csv
2024/02/03 06:09:23 - Text file input 2.0 - Finished processing (I=2596, O=0, R=1, W=2596, U=1, E=0)
2024/02/03 06:09:23 - Filter rows.0 - Finished processing (I=0, O=0, R=2596, W=2596, U=0, E=0)
2024/02/03 06:09:23 - Dummy (do nothing).0 - Finished processing (I=0, O=0, R=4, W=4, U=0, E=0)
2024/02/03 06:09:23 - Split Fields.0 - Finished processing (I=0, O=0, R=2592, W=2592, U=0, E=0)
2024/02/03 06:09:23 - Replace in string.0 - Finished processing (I=0, O=0, R=2592, W=2592, U=0, E=0)
2024/02/03 06:09:23 - Select values.0 - Finished processing (I=0, O=0, R=2592, W=2592, U=0, E=0)
2024/02/03 06:09:24 - Table output.0 - Finished processing (I=0, O=2592, R=2592, W=2592, U=0, E=0)
2024/02/03 06:09:24 - Dummy (do nothing) 2.0 - Finished processing (I=0, O=0, R=2592, W=2592, U=0, E=0)
2024/02/03 06:09:24 - JOB_tesubcom - Starting entry [Archive Files 1]
2024/02/03 06:09:24 - JOB_tesubcom - Starting entry [Success]
2024/02/03 06:09:24 - JOB_tesubcom - Starting entry [DUMMY]
2024/02/03 06:09:24 - JOB_tesubcom - Finished job entry [DUMMY] (result=[true])
2024/02/03 06:09:24 - JOB_tesubcom - Finished job entry [Success] (result=[true])
2024/02/03 06:09:24 - JOB_tesubcom - Finished job entry [Archive Files 1] (result=[true])
2024/02/03 06:09:24 - JOB_tesubcom - Finished job entry [Transformation 3] (result=[true])
2024/02/03 06:09:24 - JOB_tesubcom - Finished job entry [Job download T3] (result=[true])
2024/02/03 06:09:24 - JOB_tesubcom - Finished job entry [Set variables T3] (result=[true])
2024/02/03 06:09:24 - JOB_tesubcom - Starting entry [Set variables T4]
2024/02/03 06:09:24 - JOB_tesubcom - Starting entry [Job download T4]
2024/02/03 06:09:24 - Job download T4 - Using run configuration [Pentaho local]
2024/02/03 06:09:24 - DownloadFile - Starting entry [ftp log starting]
2024/02/03 06:09:24 - DownloadFile - Starting entry [Get och files 1]
2024/02/03 06:09:24 - Get och files 1 - Started FTP job to ${TARGET_FTP_SERVER_IP}
2024/02/03 06:09:35 - DownloadFile - Starting entry [Check if a folder is empty]
2024/02/03 06:09:35 - Check if a folder is empty - Total files
2024/02/03 06:09:35 - DownloadFile - Starting entry [Write To Log 2]
2024/02/03 06:09:35 - ----------------- In Dlownload file -------------------------------------- - </br><font color='green'>File successfully downloaded from folder T4 on 172.29.136.30</font>
2024/02/03 06:09:35 - DownloadFile - Starting entry [ftp log success]
2024/02/03 06:09:35 - DownloadFile - Finished job entry [ftp log success] (result=[true])
2024/02/03 06:09:35 - DownloadFile - Finished job entry [Write To Log 2] (result=[true])
2024/02/03 06:09:35 - DownloadFile - Finished job entry [Check if a folder is empty] (result=[true])
2024/02/03 06:09:35 - DownloadFile - Finished job entry [Get och files 1] (result=[true])
2024/02/03 06:09:35 - DownloadFile - Finished job entry [ftp log starting] (result=[true])
2024/02/03 06:09:35 - JOB_tesubcom - Starting entry [Transformation 4]
2024/02/03 06:09:35 - Transformation 4 - Loading transformation from XML file [file:///hawaiki_il/tesubcom/LoadTEMSFiles.ktr]
2024/02/03 06:09:36 - Transformation 4 - Using run configuration [Pentaho local]
2024/02/03 06:09:36 - Transformation 4 - Using legacy execution engine
2024/02/03 06:09:36 - LoadTEMSFiles - Dispatching started for transformation [LoadTEMSFiles]
2024/02/03 06:09:36 - Table output.0 - Connected to database [db] (commit=1000)
2024/02/03 06:09:36 - Write to log.0 - 
2024/02/03 06:09:36 - Write to log.0 - ------------> Linenr 1------------------------------
2024/02/03 06:09:36 - Write to log.0 - ------------------> File details in LoadTEMSFiles <-------------------------
2024/02/03 06:09:36 - Write to log.0 - 
2024/02/03 06:09:36 - Write to log.0 - type = General
2024/02/03 06:09:36 - Write to log.0 - filename = 03-Feb-2024.csv
2024/02/03 06:09:36 - Write to log.0 - path = file:///hawaiki_il/tesubcom/och/T4/03-Feb-2024.csv
2024/02/03 06:09:36 - Write to log.0 - parentorigin = DownloadFile
2024/02/03 06:09:36 - Write to log.0 - origin = Get och files 1
2024/02/03 06:09:36 - Write to log.0 - comment = Downloaded from ftp server ${TARGET_FTP_SERVER_IP}
2024/02/03 06:09:36 - Write to log.0 - timestamp = 2024/02/03 06:09:35.765
2024/02/03 06:09:36 - Write to log.0 - 
2024/02/03 06:09:36 - Write to log.0 - ====================
2024/02/03 06:09:36 - Get files from result.0 - Finished processing (I=0, O=0, R=2, W=2, U=0, E=0)
2024/02/03 06:09:36 - Write to log.0 - 
2024/02/03 06:09:36 - Write to log.0 - ------------> Linenr 2------------------------------
2024/02/03 06:09:36 - Write to log.0 - ------------------> File details in LoadTEMSFiles <-------------------------
2024/02/03 06:09:36 - Write to log.0 - 
2024/02/03 06:09:36 - Write to log.0 - type = General
2024/02/03 06:09:36 - Write to log.0 - filename = config.properties
2024/02/03 06:09:36 - Write to log.0 - path = file:///hawaiki_il/tesubcom/config.properties
2024/02/03 06:09:36 - Write to log.0 - parentorigin = LoadConfiguration
2024/02/03 06:09:36 - Write to log.0 - origin = Property Input
2024/02/03 06:09:36 - Write to log.0 - comment = File was read by a Property input step
2024/02/03 06:09:36 - Write to log.0 - timestamp = 2024/02/03 06:08:41.373
2024/02/03 06:09:36 - Write to log.0 - 
2024/02/03 06:09:36 - Write to log.0 - ====================
2024/02/03 06:09:36 - Write to log.0 - Finished processing (I=0, O=0, R=2, W=2, U=0, E=0)
2024/02/03 06:09:36 - Filter rows 2.0 - Finished processing (I=0, O=0, R=2, W=2, U=0, E=0)
2024/02/03 06:09:36 - Dummy (do nothing) 3.0 - Finished processing (I=0, O=0, R=1, W=1, U=0, E=0)
2024/02/03 06:09:36 - Text file input 2.0 - Opening file: file:///hawaiki_il/tesubcom/och/T4/03-Feb-2024.csv
2024/02/03 06:09:36 - Text file input 2.0 - Finished processing (I=1252, O=0, R=1, W=1252, U=1, E=0)
2024/02/03 06:09:36 - Filter rows.0 - Finished processing (I=0, O=0, R=1252, W=1252, U=0, E=0)
2024/02/03 06:09:36 - Dummy (do nothing).0 - Finished processing (I=0, O=0, R=4, W=4, U=0, E=0)
2024/02/03 06:09:36 - Split Fields.0 - Finished processing (I=0, O=0, R=1248, W=1248, U=0, E=0)
2024/02/03 06:09:36 - Replace in string.0 - Finished processing (I=0, O=0, R=1248, W=1248, U=0, E=0)
2024/02/03 06:09:36 - Select values.0 - Finished processing (I=0, O=0, R=1248, W=1248, U=0, E=0)
2024/02/03 06:09:36 - Table output.0 - Finished processing (I=0, O=1248, R=1248, W=1248, U=0, E=0)
2024/02/03 06:09:36 - Dummy (do nothing) 2.0 - Finished processing (I=0, O=0, R=1248, W=1248, U=0, E=0)
2024/02/03 06:09:36 - JOB_tesubcom - Starting entry [Archive Files 1]
2024/02/03 06:09:36 - JOB_tesubcom - Starting entry [Success]
2024/02/03 06:09:36 - JOB_tesubcom - Starting entry [DUMMY]
2024/02/03 06:09:36 - JOB_tesubcom - Finished job entry [DUMMY] (result=[true])
2024/02/03 06:09:36 - JOB_tesubcom - Finished job entry [Success] (result=[true])
2024/02/03 06:09:36 - JOB_tesubcom - Finished job entry [Archive Files 1] (result=[true])
2024/02/03 06:09:36 - JOB_tesubcom - Finished job entry [Transformation 4] (result=[true])
2024/02/03 06:09:36 - JOB_tesubcom - Finished job entry [Job download T4] (result=[true])
2024/02/03 06:09:36 - JOB_tesubcom - Finished job entry [Set variables T4] (result=[true])
2024/02/03 06:09:36 - JOB_tesubcom - Starting entry [Set variables T50]
2024/02/03 06:09:36 - JOB_tesubcom - Starting entry [Job download T50]
2024/02/03 06:09:36 - Job download T50 - Using run configuration [Pentaho local]
2024/02/03 06:09:36 - DownloadFile - Starting entry [ftp log starting]
2024/02/03 06:09:36 - DownloadFile - Starting entry [Get och files 1]
2024/02/03 06:09:36 - Get och files 1 - Started FTP job to ${TARGET_FTP_SERVER_IP}
2024/02/03 06:09:47 - DownloadFile - Starting entry [Check if a folder is empty]
2024/02/03 06:09:47 - Check if a folder is empty - Total files
2024/02/03 06:09:47 - DownloadFile - Starting entry [Write To Log 2]
2024/02/03 06:09:47 - ----------------- In Dlownload file -------------------------------------- - </br><font color='green'>File successfully downloaded from folder T50 on 172.29.136.30</font>
2024/02/03 06:09:47 - DownloadFile - Starting entry [ftp log success]
2024/02/03 06:09:47 - DownloadFile - Finished job entry [ftp log success] (result=[true])
2024/02/03 06:09:47 - DownloadFile - Finished job entry [Write To Log 2] (result=[true])
2024/02/03 06:09:47 - DownloadFile - Finished job entry [Check if a folder is empty] (result=[true])
2024/02/03 06:09:47 - DownloadFile - Finished job entry [Get och files 1] (result=[true])
2024/02/03 06:09:47 - DownloadFile - Finished job entry [ftp log starting] (result=[true])
2024/02/03 06:09:47 - JOB_tesubcom - Starting entry [Transformation 5]
2024/02/03 06:09:47 - Transformation 5 - Loading transformation from XML file [file:///hawaiki_il/tesubcom/LoadTEMSFiles.ktr]
2024/02/03 06:09:48 - Transformation 5 - Using run configuration [Pentaho local]
2024/02/03 06:09:48 - Transformation 5 - Using legacy execution engine
2024/02/03 06:09:48 - LoadTEMSFiles - Dispatching started for transformation [LoadTEMSFiles]
2024/02/03 06:09:48 - Table output.0 - Connected to database [db] (commit=1000)
2024/02/03 06:09:48 - Get files from result.0 - Finished processing (I=0, O=0, R=2, W=2, U=0, E=0)
2024/02/03 06:09:48 - Write to log.0 - 
2024/02/03 06:09:48 - Write to log.0 - ------------> Linenr 1------------------------------
2024/02/03 06:09:48 - Write to log.0 - ------------------> File details in LoadTEMSFiles <-------------------------
2024/02/03 06:09:48 - Write to log.0 - 
2024/02/03 06:09:48 - Write to log.0 - type = General
2024/02/03 06:09:48 - Write to log.0 - filename = config.properties
2024/02/03 06:09:48 - Write to log.0 - path = file:///hawaiki_il/tesubcom/config.properties
2024/02/03 06:09:48 - Write to log.0 - parentorigin = LoadConfiguration
2024/02/03 06:09:48 - Write to log.0 - origin = Property Input
2024/02/03 06:09:48 - Write to log.0 - comment = File was read by a Property input step
2024/02/03 06:09:48 - Write to log.0 - timestamp = 2024/02/03 06:08:41.373
2024/02/03 06:09:48 - Write to log.0 - 
2024/02/03 06:09:48 - Write to log.0 - ====================
2024/02/03 06:09:48 - Write to log.0 - 
2024/02/03 06:09:48 - Write to log.0 - ------------> Linenr 2------------------------------
2024/02/03 06:09:48 - Write to log.0 - ------------------> File details in LoadTEMSFiles <-------------------------
2024/02/03 06:09:48 - Write to log.0 - 
2024/02/03 06:09:48 - Write to log.0 - type = General
2024/02/03 06:09:48 - Write to log.0 - filename = 03-Feb-2024.csv
2024/02/03 06:09:48 - Write to log.0 - path = file:///hawaiki_il/tesubcom/och/T50/03-Feb-2024.csv
2024/02/03 06:09:48 - Write to log.0 - parentorigin = DownloadFile
2024/02/03 06:09:48 - Write to log.0 - origin = Get och files 1
2024/02/03 06:09:48 - Write to log.0 - comment = Downloaded from ftp server ${TARGET_FTP_SERVER_IP}
2024/02/03 06:09:48 - Write to log.0 - timestamp = 2024/02/03 06:09:47.811
2024/02/03 06:09:48 - Write to log.0 - 
2024/02/03 06:09:48 - Write to log.0 - ====================
2024/02/03 06:09:48 - Write to log.0 - Finished processing (I=0, O=0, R=2, W=2, U=0, E=0)
2024/02/03 06:09:48 - Filter rows 2.0 - Finished processing (I=0, O=0, R=2, W=2, U=0, E=0)
2024/02/03 06:09:48 - Dummy (do nothing) 3.0 - Finished processing (I=0, O=0, R=1, W=1, U=0, E=0)
2024/02/03 06:09:48 - Text file input 2.0 - Opening file: file:///hawaiki_il/tesubcom/och/T50/03-Feb-2024.csv
2024/02/03 06:09:48 - Text file input 2.0 - Finished processing (I=1540, O=0, R=1, W=1540, U=1, E=0)
2024/02/03 06:09:48 - Filter rows.0 - Finished processing (I=0, O=0, R=1540, W=1540, U=0, E=0)
2024/02/03 06:09:48 - Dummy (do nothing).0 - Finished processing (I=0, O=0, R=4, W=4, U=0, E=0)
2024/02/03 06:09:48 - Split Fields.0 - Finished processing (I=0, O=0, R=1536, W=1536, U=0, E=0)
2024/02/03 06:09:48 - Replace in string.0 - Finished processing (I=0, O=0, R=1536, W=1536, U=0, E=0)
2024/02/03 06:09:48 - Select values.0 - Finished processing (I=0, O=0, R=1536, W=1536, U=0, E=0)
2024/02/03 06:09:49 - Table output.0 - Finished processing (I=0, O=1536, R=1536, W=1536, U=0, E=0)
2024/02/03 06:09:49 - Dummy (do nothing) 2.0 - Finished processing (I=0, O=0, R=1536, W=1536, U=0, E=0)
2024/02/03 06:09:49 - JOB_tesubcom - Starting entry [Archive Files 1]
2024/02/03 06:09:49 - JOB_tesubcom - Starting entry [Success]
2024/02/03 06:09:49 - JOB_tesubcom - Starting entry [DUMMY]
2024/02/03 06:09:49 - JOB_tesubcom - Finished job entry [DUMMY] (result=[true])
2024/02/03 06:09:49 - JOB_tesubcom - Finished job entry [Success] (result=[true])
2024/02/03 06:09:49 - JOB_tesubcom - Finished job entry [Archive Files 1] (result=[true])
2024/02/03 06:09:49 - JOB_tesubcom - Finished job entry [Transformation 5] (result=[true])
2024/02/03 06:09:49 - JOB_tesubcom - Finished job entry [Job download T50] (result=[true])
2024/02/03 06:09:49 - JOB_tesubcom - Finished job entry [Set variables T50] (result=[true])
2024/02/03 06:09:49 - JOB_tesubcom - Starting entry [Set variables T51]
2024/02/03 06:09:49 - JOB_tesubcom - Starting entry [Job download T51]
2024/02/03 06:09:49 - Job download T51 - Using run configuration [Pentaho local]
2024/02/03 06:09:49 - DownloadFile - Starting entry [ftp log starting]
2024/02/03 06:09:49 - DownloadFile - Starting entry [Get och files 1]
2024/02/03 06:09:49 - Get och files 1 - Started FTP job to ${TARGET_FTP_SERVER_IP}
2024/02/03 06:10:00 - DownloadFile - Starting entry [Check if a folder is empty]
2024/02/03 06:10:00 - Check if a folder is empty - Total files
2024/02/03 06:10:00 - DownloadFile - Starting entry [Write To Log 2]
2024/02/03 06:10:00 - ----------------- In Dlownload file -------------------------------------- - </br><font color='green'>File successfully downloaded from folder T51 on 172.29.136.30</font>
2024/02/03 06:10:00 - DownloadFile - Starting entry [ftp log success]
2024/02/03 06:10:00 - DownloadFile - Finished job entry [ftp log success] (result=[true])
2024/02/03 06:10:00 - DownloadFile - Finished job entry [Write To Log 2] (result=[true])
2024/02/03 06:10:00 - DownloadFile - Finished job entry [Check if a folder is empty] (result=[true])
2024/02/03 06:10:00 - DownloadFile - Finished job entry [Get och files 1] (result=[true])
2024/02/03 06:10:00 - DownloadFile - Finished job entry [ftp log starting] (result=[true])
2024/02/03 06:10:00 - JOB_tesubcom - Starting entry [Transformation 6]
2024/02/03 06:10:00 - Transformation 6 - Loading transformation from XML file [file:///hawaiki_il/tesubcom/LoadTEMSFiles.ktr]
2024/02/03 06:10:00 - Transformation 6 - Using run configuration [Pentaho local]
2024/02/03 06:10:00 - Transformation 6 - Using legacy execution engine
2024/02/03 06:10:00 - LoadTEMSFiles - Dispatching started for transformation [LoadTEMSFiles]
2024/02/03 06:10:00 - Table output.0 - Connected to database [db] (commit=1000)
2024/02/03 06:10:00 - Get files from result.0 - Finished processing (I=0, O=0, R=2, W=2, U=0, E=0)
2024/02/03 06:10:00 - Write to log.0 - 
2024/02/03 06:10:00 - Write to log.0 - ------------> Linenr 1------------------------------
2024/02/03 06:10:00 - Write to log.0 - ------------------> File details in LoadTEMSFiles <-------------------------
2024/02/03 06:10:00 - Write to log.0 - 
2024/02/03 06:10:00 - Write to log.0 - type = General
2024/02/03 06:10:00 - Write to log.0 - filename = 03-Feb-2024.csv
2024/02/03 06:10:00 - Write to log.0 - path = file:///hawaiki_il/tesubcom/och/T51/03-Feb-2024.csv
2024/02/03 06:10:00 - Write to log.0 - parentorigin = DownloadFile
2024/02/03 06:10:00 - Write to log.0 - origin = Get och files 1
2024/02/03 06:10:00 - Write to log.0 - comment = Downloaded from ftp server ${TARGET_FTP_SERVER_IP}
2024/02/03 06:10:00 - Write to log.0 - timestamp = 2024/02/03 06:10:00.380
2024/02/03 06:10:00 - Write to log.0 - 
2024/02/03 06:10:00 - Write to log.0 - ====================
2024/02/03 06:10:00 - Write to log.0 - 
2024/02/03 06:10:00 - Write to log.0 - ------------> Linenr 2------------------------------
2024/02/03 06:10:00 - Write to log.0 - ------------------> File details in LoadTEMSFiles <-------------------------
2024/02/03 06:10:00 - Write to log.0 - 
2024/02/03 06:10:00 - Write to log.0 - type = General
2024/02/03 06:10:00 - Write to log.0 - filename = config.properties
2024/02/03 06:10:00 - Write to log.0 - path = file:///hawaiki_il/tesubcom/config.properties
2024/02/03 06:10:00 - Write to log.0 - parentorigin = LoadConfiguration
2024/02/03 06:10:00 - Write to log.0 - origin = Property Input
2024/02/03 06:10:00 - Write to log.0 - comment = File was read by a Property input step
2024/02/03 06:10:00 - Write to log.0 - timestamp = 2024/02/03 06:08:41.373
2024/02/03 06:10:00 - Write to log.0 - 
2024/02/03 06:10:00 - Write to log.0 - ====================
2024/02/03 06:10:00 - Write to log.0 - Finished processing (I=0, O=0, R=2, W=2, U=0, E=0)
2024/02/03 06:10:00 - Filter rows 2.0 - Finished processing (I=0, O=0, R=2, W=2, U=0, E=0)
2024/02/03 06:10:00 - Dummy (do nothing) 3.0 - Finished processing (I=0, O=0, R=1, W=1, U=0, E=0)
2024/02/03 06:10:00 - Text file input 2.0 - Opening file: file:///hawaiki_il/tesubcom/och/T51/03-Feb-2024.csv
2024/02/03 06:10:00 - Text file input 2.0 - Finished processing (I=3748, O=0, R=1, W=3748, U=1, E=0)
2024/02/03 06:10:00 - Filter rows.0 - Finished processing (I=0, O=0, R=3748, W=3748, U=0, E=0)
2024/02/03 06:10:00 - Dummy (do nothing).0 - Finished processing (I=0, O=0, R=4, W=4, U=0, E=0)
2024/02/03 06:10:01 - Split Fields.0 - Finished processing (I=0, O=0, R=3744, W=3744, U=0, E=0)
2024/02/03 06:10:01 - Replace in string.0 - Finished processing (I=0, O=0, R=3744, W=3744, U=0, E=0)
2024/02/03 06:10:01 - Select values.0 - Finished processing (I=0, O=0, R=3744, W=3744, U=0, E=0)
2024/02/03 06:10:02 - Table output.0 - Finished processing (I=0, O=3744, R=3744, W=3744, U=0, E=0)
2024/02/03 06:10:02 - Dummy (do nothing) 2.0 - Finished processing (I=0, O=0, R=3744, W=3744, U=0, E=0)
2024/02/03 06:10:02 - JOB_tesubcom - Starting entry [Archive Files 1]
2024/02/03 06:10:02 - JOB_tesubcom - Starting entry [Success]
2024/02/03 06:10:02 - JOB_tesubcom - Starting entry [DUMMY]
2024/02/03 06:10:02 - JOB_tesubcom - Finished job entry [DUMMY] (result=[true])
2024/02/03 06:10:02 - JOB_tesubcom - Finished job entry [Success] (result=[true])
2024/02/03 06:10:02 - JOB_tesubcom - Finished job entry [Archive Files 1] (result=[true])
2024/02/03 06:10:02 - JOB_tesubcom - Finished job entry [Transformation 6] (result=[true])
2024/02/03 06:10:02 - JOB_tesubcom - Finished job entry [Job download T51] (result=[true])
2024/02/03 06:10:02 - JOB_tesubcom - Finished job entry [Set variables T51] (result=[true])
2024/02/03 06:10:02 - JOB_tesubcom - Starting entry [Set variables T52]
2024/02/03 06:10:02 - JOB_tesubcom - Starting entry [Job download T52]
2024/02/03 06:10:02 - Job download T52 - Using run configuration [Pentaho local]
2024/02/03 06:10:02 - DownloadFile - Starting entry [ftp log starting]
2024/02/03 06:10:02 - DownloadFile - Starting entry [Get och files 1]
2024/02/03 06:10:02 - Get och files 1 - Started FTP job to ${TARGET_FTP_SERVER_IP}
2024/02/03 06:10:13 - DownloadFile - Starting entry [Check if a folder is empty]
2024/02/03 06:10:13 - Check if a folder is empty - Total files
2024/02/03 06:10:13 - DownloadFile - Starting entry [Write To Log 2]
2024/02/03 06:10:13 - ----------------- In Dlownload file -------------------------------------- - </br><font color='green'>File successfully downloaded from folder T52 on 172.29.136.30</font>
2024/02/03 06:10:13 - DownloadFile - Starting entry [ftp log success]
2024/02/03 06:10:13 - DownloadFile - Finished job entry [ftp log success] (result=[true])
2024/02/03 06:10:13 - DownloadFile - Finished job entry [Write To Log 2] (result=[true])
2024/02/03 06:10:13 - DownloadFile - Finished job entry [Check if a folder is empty] (result=[true])
2024/02/03 06:10:13 - DownloadFile - Finished job entry [Get och files 1] (result=[true])
2024/02/03 06:10:13 - DownloadFile - Finished job entry [ftp log starting] (result=[true])
2024/02/03 06:10:13 - JOB_tesubcom - Starting entry [Transformation 7]
2024/02/03 06:10:13 - Transformation 7 - Loading transformation from XML file [file:///hawaiki_il/tesubcom/LoadTEMSFiles.ktr]
2024/02/03 06:10:13 - Transformation 7 - Using run configuration [Pentaho local]
2024/02/03 06:10:13 - Transformation 7 - Using legacy execution engine
2024/02/03 06:10:13 - LoadTEMSFiles - Dispatching started for transformation [LoadTEMSFiles]
2024/02/03 06:10:13 - Table output.0 - Connected to database [db] (commit=1000)
2024/02/03 06:10:13 - Get files from result.0 - Finished processing (I=0, O=0, R=2, W=2, U=0, E=0)
2024/02/03 06:10:13 - Write to log.0 - 
2024/02/03 06:10:13 - Write to log.0 - ------------> Linenr 1------------------------------
2024/02/03 06:10:13 - Write to log.0 - ------------------> File details in LoadTEMSFiles <-------------------------
2024/02/03 06:10:13 - Write to log.0 - 
2024/02/03 06:10:13 - Write to log.0 - type = General
2024/02/03 06:10:13 - Write to log.0 - filename = config.properties
2024/02/03 06:10:13 - Write to log.0 - path = file:///hawaiki_il/tesubcom/config.properties
2024/02/03 06:10:13 - Write to log.0 - parentorigin = LoadConfiguration
2024/02/03 06:10:13 - Write to log.0 - origin = Property Input
2024/02/03 06:10:13 - Write to log.0 - comment = File was read by a Property input step
2024/02/03 06:10:13 - Write to log.0 - timestamp = 2024/02/03 06:08:41.373
2024/02/03 06:10:13 - Write to log.0 - 
2024/02/03 06:10:13 - Write to log.0 - ====================
2024/02/03 06:10:13 - Write to log.0 - 
2024/02/03 06:10:13 - Write to log.0 - ------------> Linenr 2------------------------------
2024/02/03 06:10:13 - Write to log.0 - ------------------> File details in LoadTEMSFiles <-------------------------
2024/02/03 06:10:13 - Write to log.0 - 
2024/02/03 06:10:13 - Write to log.0 - type = General
2024/02/03 06:10:13 - Write to log.0 - filename = 03-Feb-2024.csv
2024/02/03 06:10:13 - Write to log.0 - path = file:///hawaiki_il/tesubcom/och/T52/03-Feb-2024.csv
2024/02/03 06:10:13 - Write to log.0 - parentorigin = DownloadFile
2024/02/03 06:10:13 - Write to log.0 - origin = Get och files 1
2024/02/03 06:10:13 - Write to log.0 - comment = Downloaded from ftp server ${TARGET_FTP_SERVER_IP}
2024/02/03 06:10:13 - Write to log.0 - timestamp = 2024/02/03 06:10:13.488
2024/02/03 06:10:13 - Write to log.0 - 
2024/02/03 06:10:13 - Write to log.0 - ====================
2024/02/03 06:10:13 - Write to log.0 - Finished processing (I=0, O=0, R=2, W=2, U=0, E=0)
2024/02/03 06:10:13 - Filter rows 2.0 - Finished processing (I=0, O=0, R=2, W=2, U=0, E=0)
2024/02/03 06:10:13 - Dummy (do nothing) 3.0 - Finished processing (I=0, O=0, R=1, W=1, U=0, E=0)
2024/02/03 06:10:13 - Text file input 2.0 - Opening file: file:///hawaiki_il/tesubcom/och/T52/03-Feb-2024.csv
2024/02/03 06:10:14 - Text file input 2.0 - Finished processing (I=1252, O=0, R=1, W=1252, U=1, E=0)
2024/02/03 06:10:14 - Filter rows.0 - Finished processing (I=0, O=0, R=1252, W=1252, U=0, E=0)
2024/02/03 06:10:14 - Dummy (do nothing).0 - Finished processing (I=0, O=0, R=4, W=4, U=0, E=0)
2024/02/03 06:10:14 - Split Fields.0 - Finished processing (I=0, O=0, R=1248, W=1248, U=0, E=0)
2024/02/03 06:10:14 - Replace in string.0 - Finished processing (I=0, O=0, R=1248, W=1248, U=0, E=0)
2024/02/03 06:10:14 - Select values.0 - Finished processing (I=0, O=0, R=1248, W=1248, U=0, E=0)
2024/02/03 06:10:15 - Table output.0 - Finished processing (I=0, O=1248, R=1248, W=1248, U=0, E=0)
2024/02/03 06:10:15 - Dummy (do nothing) 2.0 - Finished processing (I=0, O=0, R=1248, W=1248, U=0, E=0)
2024/02/03 06:10:15 - JOB_tesubcom - Starting entry [ftp log finised]
2024/02/03 06:10:15 - JOB_tesubcom - Starting entry [File backup ]
2024/02/03 06:10:15 - File backup  - Running on platform : Linux
2024/02/03 06:10:15 - File backup  - Executing command : /hawaiki_il/tesubcom/script/test-script.sh
2024/02/03 06:10:15 - File backup  - ERROR (version 8.1.0.0-365, build 8.1.0.0-365 from 2018-04-30 09.42.24 by buildguy) : (stderr) You are required to change your password immediately (password aged)
2024/02/03 06:10:15 - File backup  - ERROR (version 8.1.0.0-365, build 8.1.0.0-365 from 2018-04-30 09.42.24 by buildguy) : (stderr) su: Authentication token is no longer valid; new one required
2024/02/03 06:10:15 - File backup  - ERROR (version 8.1.0.0-365, build 8.1.0.0-365 from 2018-04-30 09.42.24 by buildguy) : (stderr) (Ignored)
2024/02/03 06:10:16 - File backup  - ERROR (version 8.1.0.0-365, build 8.1.0.0-365 from 2018-04-30 09.42.24 by buildguy) : (stderr) ********************************************************************
2024/02/03 06:10:16 - File backup  - ERROR (version 8.1.0.0-365, build 8.1.0.0-365 from 2018-04-30 09.42.24 by buildguy) : (stderr) *                                                                  *
2024/02/03 06:10:16 - File backup  - ERROR (version 8.1.0.0-365, build 8.1.0.0-365 from 2018-04-30 09.42.24 by buildguy) : (stderr) * This system is for the use of authorized users only.  Usage of   *
2024/02/03 06:10:16 - File backup  - ERROR (version 8.1.0.0-365, build 8.1.0.0-365 from 2018-04-30 09.42.24 by buildguy) : (stderr) * this system may be monitored and recorded by system personnel.   *
2024/02/03 06:10:16 - File backup  - ERROR (version 8.1.0.0-365, build 8.1.0.0-365 from 2018-04-30 09.42.24 by buildguy) : (stderr) *                                                                  *
2024/02/03 06:10:16 - File backup  - ERROR (version 8.1.0.0-365, build 8.1.0.0-365 from 2018-04-30 09.42.24 by buildguy) : (stderr) * Anyone using this system expressly consents to such monitoring   *
2024/02/03 06:10:16 - File backup  - ERROR (version 8.1.0.0-365, build 8.1.0.0-365 from 2018-04-30 09.42.24 by buildguy) : (stderr) * and is advised that if such monitoring reveals possible          *
2024/02/03 06:10:16 - File backup  - ERROR (version 8.1.0.0-365, build 8.1.0.0-365 from 2018-04-30 09.42.24 by buildguy) : (stderr) * evidence of criminal activity, system personnel may provide the  *
2024/02/03 06:10:16 - File backup  - ERROR (version 8.1.0.0-365, build 8.1.0.0-365 from 2018-04-30 09.42.24 by buildguy) : (stderr) * evidence from such monitoring to law enforcement officials.      *
2024/02/03 06:10:16 - File backup  - ERROR (version 8.1.0.0-365, build 8.1.0.0-365 from 2018-04-30 09.42.24 by buildguy) : (stderr) *                                                                  *
2024/02/03 06:10:16 - File backup  - ERROR (version 8.1.0.0-365, build 8.1.0.0-365 from 2018-04-30 09.42.24 by buildguy) : (stderr) ********************************************************************
2024/02/03 06:10:16 - File backup  - ERROR (version 8.1.0.0-365, build 8.1.0.0-365 from 2018-04-30 09.42.24 by buildguy) : (stderr) 
2024/02/03 06:10:18 - File backup  - (stdout) sending incremental file list
2024/02/03 06:10:18 - File backup  - (stdout) och/B1/
2024/02/03 06:10:18 - File backup  - (stdout) och/B1/old/
2024/02/03 06:10:18 - File backup  - (stdout) och/B1/old/03-Feb-2024.csv
2024/02/03 06:10:18 - File backup  - (stdout) och/T2/
2024/02/03 06:10:18 - File backup  - (stdout) och/T2/old/
2024/02/03 06:10:18 - File backup  - (stdout) och/T2/old/03-Feb-2024.csv
2024/02/03 06:10:18 - File backup  - (stdout) och/T3/
2024/02/03 06:10:18 - File backup  - (stdout) och/T3/old/
2024/02/03 06:10:18 - File backup  - (stdout) och/T3/old/03-Feb-2024.csv
2024/02/03 06:10:18 - File backup  - (stdout) och/T4/
2024/02/03 06:10:18 - File backup  - (stdout) och/T4/old/
2024/02/03 06:10:18 - File backup  - (stdout) och/T4/old/03-Feb-2024.csv
2024/02/03 06:10:18 - File backup  - (stdout) och/T50/
2024/02/03 06:10:18 - File backup  - (stdout) och/T50/old/
2024/02/03 06:10:18 - File backup  - (stdout) och/T50/old/03-Feb-2024.csv
2024/02/03 06:10:18 - File backup  - (stdout) och/T51/
2024/02/03 06:10:18 - File backup  - (stdout) och/T51/old/
2024/02/03 06:10:18 - File backup  - (stdout) och/T51/old/03-Feb-2024.csv
2024/02/03 06:10:18 - File backup  - (stdout) och/T52/
2024/02/03 06:10:18 - File backup  - (stdout) och/T52/03-Feb-2024.csv
2024/02/03 06:10:18 - File backup  - (stdout) 
2024/02/03 06:10:18 - File backup  - (stdout) sent 152,027 bytes  received 279 bytes  43,516.00 bytes/sec
2024/02/03 06:10:18 - File backup  - (stdout) total size is 13,206,903  speedup is 86.71
2024/02/03 06:10:18 - JOB_tesubcom - Starting entry [Archive Files 1]
2024/02/03 06:10:18 - JOB_tesubcom - Starting entry [Success]
2024/02/03 06:10:18 - JOB_tesubcom - Starting entry [DUMMY]
2024/02/03 06:10:18 - JOB_tesubcom - Finished job entry [DUMMY] (result=[true])
2024/02/03 06:10:18 - JOB_tesubcom - Finished job entry [Success] (result=[true])
2024/02/03 06:10:18 - JOB_tesubcom - Finished job entry [Archive Files 1] (result=[true])
2024/02/03 06:10:18 - JOB_tesubcom - Finished job entry [File backup ] (result=[true])
2024/02/03 06:10:18 - JOB_tesubcom - Finished job entry [ftp log finised] (result=[true])
2024/02/03 06:10:18 - JOB_tesubcom - Finished job entry [Transformation 7] (result=[true])
2024/02/03 06:10:18 - JOB_tesubcom - Finished job entry [Job download T52] (result=[true])
2024/02/03 06:10:18 - JOB_tesubcom - Finished job entry [Set variables T52] (result=[true])
2024/02/03 06:10:18 - JOB_tesubcom - Finished job entry [LoadConfiguration] (result=[true])
2024/02/03 06:10:18 - JOB_tesubcom - Job execution finished
2024/02/03 06:10:18 - Kitchen - Finished!
2024/02/03 06:10:18 - Kitchen - Start=2024/02/03 06:08:34.645, Stop=2024/02/03 06:10:18.393
2024/02/03 06:10:18 - Kitchen - Processing ended after 1 minutes and 43 seconds (103 seconds total).
#######################################################################
WARNING:  no libwebkitgtk-1.0 detected, some features will be unavailable
    Consider installing the package with apt-get or yum.
    e.g. 'sudo apt-get install libwebkitgtk-1.0-0'
#######################################################################
OpenJDK 64-Bit Server VM warning: ignoring option MaxPermSize=256m; support was removed in 8.0
06:00:03,760 INFO  [KarafBoot] Checking to see if org.pentaho.clean.karaf.cache is enabled
06:08:32,869 INFO  [KarafInstance] 
*******************************************************************************
*** Karaf Instance Number: 5 at /hawaiki_il/data-integration/./system/karaf ***
***   /caches/kitchen/data-5                                                ***
*** FastBin Provider Port:52905                                             ***
*** Karaf Port:8806                                                         ***
*** OSGI Service Port:9055                                                  ***
*******************************************************************************
Feb 04, 2024 6:08:33 AM org.apache.karaf.main.Main$KarafLockCallback lockAquired
INFO: Lock acquired. Setting startlevel to 100
2024/02/04 06:08:33 - Kitchen - Start of run.
06:08:35,196 ERROR [BootFeaturesInstaller] Error Boot feature pentaho-client-minimal not found
06:08:35,196 ERROR [BootFeaturesInstaller] Error Boot feature config not found
2024-02-04 06:08:36.264:INFO:oejs.Server:jetty-8.1.15.v20140411
2024-02-04 06:08:36.352:INFO:oejs.AbstractConnector:Started NIOSocketConnectorWrapper@0.0.0.0:9055
Feb 04, 2024 6:08:36 AM org.apache.cxf.bus.blueprint.NamespaceHandlerRegisterer register
INFO: Registered blueprint namespace handler for http://cxf.apache.org/blueprint/core
Feb 04, 2024 6:08:36 AM org.apache.cxf.bus.blueprint.NamespaceHandlerRegisterer register
INFO: Registered blueprint namespace handler for http://cxf.apache.org/configuration/beans
Feb 04, 2024 6:08:36 AM org.apache.cxf.bus.blueprint.NamespaceHandlerRegisterer register
INFO: Registered blueprint namespace handler for http://cxf.apache.org/configuration/parameterized-types
Feb 04, 2024 6:08:36 AM org.apache.cxf.bus.blueprint.NamespaceHandlerRegisterer register
INFO: Registered blueprint namespace handler for http://cxf.apache.org/configuration/security
Feb 04, 2024 6:08:36 AM org.apache.cxf.bus.blueprint.NamespaceHandlerRegisterer register
INFO: Registered blueprint namespace handler for http://schemas.xmlsoap.org/wsdl/
Feb 04, 2024 6:08:36 AM org.apache.cxf.bus.blueprint.NamespaceHandlerRegisterer register
INFO: Registered blueprint namespace handler for http://www.w3.org/2005/08/addressing
Feb 04, 2024 6:08:36 AM org.apache.cxf.bus.blueprint.NamespaceHandlerRegisterer register
INFO: Registered blueprint namespace handler for http://schemas.xmlsoap.org/ws/2004/08/addressing
Feb 04, 2024 6:08:36 AM org.apache.cxf.bus.osgi.CXFExtensionBundleListener addExtensions
INFO: Adding the extensions from bundle org.apache.cxf.cxf-rt-management (192) [org.apache.cxf.management.InstrumentationManager]
Feb 04, 2024 6:08:37 AM org.apache.cxf.bus.osgi.CXFExtensionBundleListener addExtensions
INFO: Adding the extensions from bundle org.apache.cxf.cxf-rt-wsdl (195) [org.apache.cxf.wsdl.WSDLManager]
Feb 04, 2024 6:08:37 AM org.apache.cxf.bus.osgi.CXFExtensionBundleListener addExtensions
INFO: Adding the extensions from bundle org.apache.cxf.cxf-rt-bindings-xml (197) [org.apache.cxf.binding.xml.XMLBindingFactory, org.apache.cxf.binding.xml.wsdl11.XMLWSDLExtensionLoader]
Feb 04, 2024 6:08:37 AM org.apache.cxf.bus.osgi.CXFExtensionBundleListener addExtensions
INFO: Adding the extensions from bundle org.apache.cxf.cxf-rt-bindings-soap (198) [org.apache.cxf.binding.soap.SoapBindingFactory, org.apache.cxf.binding.soap.SoapTransportFactory]
Feb 04, 2024 6:08:37 AM org.apache.cxf.bus.blueprint.NamespaceHandlerRegisterer register
INFO: Registered blueprint namespace handler for http://cxf.apache.org/blueprint/bindings/soap
Feb 04, 2024 6:08:37 AM org.apache.cxf.bus.osgi.CXFExtensionBundleListener addExtensions
INFO: Adding the extensions from bundle org.apache.cxf.cxf-rt-ws-policy (217) [org.apache.cxf.ws.policy.PolicyEngine, org.apache.cxf.policy.PolicyDataEngine, org.apache.cxf.ws.policy.AssertionBuilderRegistry, org.apache.cxf.ws.policy.PolicyInterceptorProviderRegistry, org.apache.cxf.ws.policy.PolicyBuilder, org.apache.cxf.ws.policy.PolicyAnnotationListener, org.apache.cxf.ws.policy.attachment.ServiceModelPolicyProvider, org.apache.cxf.ws.policy.attachment.external.DomainExpressionBuilderRegistry, org.apache.cxf.ws.policy.attachment.external.EndpointReferenceDomainExpressionBuilder, org.apache.cxf.ws.policy.attachment.external.URIDomainExpressionBuilder, org.apache.cxf.ws.policy.attachment.wsdl11.Wsdl11AttachmentPolicyProvider, org.apache.cxf.ws.policy.mtom.MTOMAssertionBuilder, org.apache.cxf.ws.policy.mtom.MTOMPolicyInterceptorProvider]
Feb 04, 2024 6:08:37 AM org.apache.cxf.bus.osgi.CXFExtensionBundleListener addExtensions
INFO: Adding the extensions from bundle org.apache.cxf.cxf-rt-transports-http (199) [org.apache.cxf.transport.http.HTTPTransportFactory, org.apache.cxf.transport.http.HTTPWSDLExtensionLoader, org.apache.cxf.transport.http.policy.HTTPClientAssertionBuilder, org.apache.cxf.transport.http.policy.HTTPServerAssertionBuilder, org.apache.cxf.transport.http.policy.NoOpPolicyInterceptorProvider]
Feb 04, 2024 6:08:37 AM org.apache.cxf.bus.blueprint.NamespaceHandlerRegisterer register
INFO: Registered blueprint namespace handler for http://cxf.apache.org/transports/http/configuration
Feb 04, 2024 6:08:37 AM org.apache.cxf.bus.blueprint.NamespaceHandlerRegisterer register
INFO: Registered blueprint namespace handler for http://cxf.apache.org/blueprint/simple
Feb 04, 2024 6:08:37 AM org.apache.cxf.bus.osgi.CXFExtensionBundleListener addExtensions
INFO: Adding the extensions from bundle org.apache.cxf.cxf-rt-frontend-jaxws (201) [org.apache.cxf.jaxws.context.WebServiceContextResourceResolver]
Feb 04, 2024 6:08:37 AM org.apache.cxf.bus.blueprint.NamespaceHandlerRegisterer register
INFO: Registered blueprint namespace handler for http://cxf.apache.org/blueprint/jaxws
Feb 04, 2024 6:08:37 AM org.apache.cxf.bus.blueprint.NamespaceHandlerRegisterer register
INFO: Registered blueprint namespace handler for http://cxf.apache.org/blueprint/jaxrs
Feb 04, 2024 6:08:37 AM org.apache.cxf.bus.blueprint.NamespaceHandlerRegisterer register
INFO: Registered blueprint namespace handler for http://cxf.apache.org/blueprint/jaxrs-client
Feb 04, 2024 6:08:37 AM org.apache.cxf.bus.blueprint.NamespaceHandlerRegisterer register
INFO: Registered blueprint namespace handler for http://cxf.apache.org/binding/coloc
Feb 04, 2024 6:08:37 AM org.apache.cxf.bus.osgi.CXFExtensionBundleListener addExtensions
INFO: Adding the extensions from bundle org.apache.cxf.cxf-rt-transports-local (213) [org.apache.cxf.transport.local.LocalTransportFactory]
Feb 04, 2024 6:08:37 AM org.apache.cxf.bus.osgi.CXFExtensionBundleListener addExtensions
INFO: Adding the extensions from bundle org.apache.cxf.cxf-rt-bindings-object (214) [org.apache.cxf.binding.object.ObjectBindingFactory]
Feb 04, 2024 6:08:37 AM org.apache.cxf.bus.blueprint.NamespaceHandlerRegisterer register
INFO: Registered blueprint namespace handler for http://cxf.apache.org/blueprint/binding/object
Feb 04, 2024 6:08:37 AM org.apache.cxf.bus.blueprint.NamespaceHandlerRegisterer register
INFO: Registered blueprint namespace handler for http://cxf.apache.org/policy
Feb 04, 2024 6:08:37 AM org.apache.cxf.bus.blueprint.NamespaceHandlerRegisterer register
INFO: Registered blueprint namespace handler for http://www.w3.org/ns/ws-policy
Feb 04, 2024 6:08:37 AM org.apache.cxf.bus.blueprint.NamespaceHandlerRegisterer register
INFO: Registered blueprint namespace handler for http://www.w3.org/2006/07/ws-policy
Feb 04, 2024 6:08:37 AM org.apache.cxf.bus.blueprint.NamespaceHandlerRegisterer register
INFO: Registered blueprint namespace handler for http://schemas.xmlsoap.org/ws/2004/09/policy
Feb 04, 2024 6:08:37 AM org.apache.cxf.bus.blueprint.NamespaceHandlerRegisterer register
INFO: Registered blueprint namespace handler for http://docs.oasis-open.org/wss/2004/01/oasis-200401-wss-wssecurity-secext-1.0.xsd
Feb 04, 2024 6:08:37 AM org.apache.cxf.bus.blueprint.NamespaceHandlerRegisterer register
INFO: Registered blueprint namespace handler for http://docs.oasis-open.org/wss/2004/01/oasis-200401-wss-wssecurity-utility-1.0.xsd
Feb 04, 2024 6:08:37 AM org.apache.cxf.bus.blueprint.NamespaceHandlerRegisterer register
INFO: Registered blueprint namespace handler for http://www.w3.org/2000/09/xmldsig#
Feb 04, 2024 6:08:37 AM org.apache.cxf.bus.blueprint.NamespaceHandlerRegisterer register
INFO: Registered blueprint namespace handler for http://docs.oasis-open.org/ws-sx/ws-securitypolicy/200702
Feb 04, 2024 6:08:37 AM org.apache.cxf.bus.osgi.CXFExtensionBundleListener addExtensions
INFO: Adding the extensions from bundle org.apache.cxf.cxf-rt-ws-addr (234) [org.apache.cxf.ws.addressing.policy.AddressingAssertionBuilder, org.apache.cxf.ws.addressing.policy.UsingAddressingAssertionBuilder, org.apache.cxf.ws.addressing.policy.AddressingPolicyInterceptorProvider, org.apache.cxf.ws.addressing.impl.AddressingWSDLExtensionLoader, org.apache.cxf.ws.addressing.WSAddressingFeature$WSAddressingFeatureApplier, org.apache.cxf.ws.addressing.MAPAggregator$MAPAggregatorLoader]
Feb 04, 2024 6:08:37 AM org.apache.cxf.bus.blueprint.NamespaceHandlerRegisterer register
INFO: Registered blueprint namespace handler for http://cxf.apache.org/ws/addressing
Feb 04, 2024 6:08:37 AM org.apache.cxf.bus.osgi.CXFExtensionBundleListener addExtensions
INFO: Adding the extensions from bundle org.apache.cxf.cxf-rt-ws-security (236) [org.apache.cxf.ws.security.policy.WSSecurityPolicyLoader, org.apache.cxf.ws.security.cache.CacheCleanupListener]
Feb 04, 2024 6:08:37 AM org.apache.cxf.bus.osgi.CXFExtensionBundleListener addExtensions
INFO: Adding the extensions from bundle org.apache.cxf.cxf-rt-ws-rm (238) [org.apache.cxf.ws.rm.RMManager, org.apache.cxf.ws.rm.policy.RMPolicyInterceptorProvider, org.apache.cxf.ws.rm.policy.RM10AssertionBuilder, org.apache.cxf.ws.rm.policy.RM12AssertionBuilder, org.apache.cxf.ws.rm.policy.WSRMP12PolicyLoader, org.apache.cxf.ws.rm.policy.MC11PolicyLoader, org.apache.cxf.ws.rm.policy.RSPPolicyLoader]
Feb 04, 2024 6:08:37 AM org.apache.cxf.bus.blueprint.NamespaceHandlerRegisterer register
INFO: Registered blueprint namespace handler for http://cxf.apache.org/ws/rm/manager
Feb 04, 2024 6:08:37 AM org.apache.cxf.bus.blueprint.NamespaceHandlerRegisterer register
INFO: Registered blueprint namespace handler for http://schemas.xmlsoap.org/ws/2005/02/rm/policy
Feb 04, 2024 6:08:37 AM org.apache.cxf.bus.osgi.CXFExtensionBundleListener addExtensions
INFO: Adding the extensions from bundle org.apache.cxf.cxf-rt-javascript (239) [org.apache.cxf.javascript.JavascriptServerListener]
Feb 04, 2024 6:08:37 AM org.pentaho.caching.impl.PentahoCacheManagerFactory$RegistrationHandler$1 onSuccess
INFO: New Caching Service registered
06:08:37,860 ERROR [KarafCapabilityProvider] No feature found matching id: pentaho-client
06:08:37,860 ERROR [KarafCapabilityProvider] No feature found matching id: pentaho-metaverse
06:08:37,861 ERROR [KarafCapabilityProvider] No feature found matching id: pentaho-dataservice
06:08:37,861 ERROR [KarafCapabilityProvider] No feature found matching id: pdi-data-refinery
06:08:37,861 ERROR [KarafCapabilityProvider] No feature found matching id: pdi-marketplace
06:08:37,861 ERROR [KarafCapabilityProvider] No feature found matching id: community-edition
SLF4J: Class path contains multiple SLF4J bindings.
SLF4J: Found binding in [jar:file:/hawaiki_il/data-integration/launcher/../lib/slf4j-log4j12-1.7.7.jar!/org/slf4j/impl/StaticLoggerBinder.class]
SLF4J: Found binding in [jar:file:/hawaiki_il/data-integration/plugins/pentaho-big-data-plugin/lib/slf4j-log4j12-1.7.7.jar!/org/slf4j/impl/StaticLoggerBinder.class]
SLF4J: See http://www.slf4j.org/codes.html#multiple_bindings for an explanation.
SLF4J: Actual binding is of type [org.slf4j.impl.Log4jLoggerFactory]
Feb 04, 2024 6:08:40 AM org.apache.cxf.endpoint.ServerImpl initDestination
INFO: Setting the server's publish address to be /lineage
Feb 04, 2024 6:08:40 AM org.apache.cxf.endpoint.ServerImpl initDestination
INFO: Setting the server's publish address to be /i18n
2024/02/04 06:08:40 - JOB_tesubcom - Start of job execution
2024/02/04 06:08:40 - JOB_tesubcom - Starting entry [LoadConfiguration]
2024/02/04 06:08:40 - LoadConfiguration - Loading transformation from XML file [file:///hawaiki_il/tesubcom/LoadConfiguration.ktr]
Feb 04, 2024 6:08:41 AM org.apache.cxf.endpoint.ServerImpl initDestination
INFO: Setting the server's publish address to be /marketplace
2024/02/04 06:08:41 - LoadConfiguration - Using run configuration [Pentaho local]
2024/02/04 06:08:41 - LoadConfiguration - Using legacy execution engine
2024/02/04 06:08:41 - LoadConfiguration - Dispatching started for transformation [LoadConfiguration]
2024/02/04 06:08:42 - Property Input.0 - Finished processing (I=21, O=0, R=0, W=21, U=0, E=0)
2024/02/04 06:08:42 - Row denormaliser.0 - Finished processing (I=0, O=0, R=21, W=1, U=0, E=0)
2024/02/04 06:08:42 - Set Variables.0 - Setting environment variables...
2024/02/04 06:08:42 - Set Variables.0 - Set variable TARGET_DB_IP to value [10.10.13.201]
2024/02/04 06:08:42 - Set Variables.0 - Set variable TARGET_DB_NAME to value [pm_db]
2024/02/04 06:08:42 - Set Variables.0 - Set variable TARGET_DB_PORT to value [3306]
2024/02/04 06:08:42 - Set Variables.0 - Set variable TARGET_DB_USER to value [mediation_rw]
2024/02/04 06:08:42 - Set Variables.0 - Set variable TARGET_DB_PASS to value [PqTLyM41TjEuiTfF]
2024/02/04 06:08:42 - Set Variables.0 - Set variable TARGET_FTP_SERVER_IP to value [172.29.136.30]
2024/02/04 06:08:42 - Set Variables.0 - Set variable TARGET_FTP_SERVER_PORT to value [21]
2024/02/04 06:08:42 - Set Variables.0 - Set variable TARGET_FTP_SERVER_USERNAME to value [tems_adm]
2024/02/04 06:08:42 - Set Variables.0 - Set variable TARGET_FTP_SERVER_PASSWORD to value [tems_adm]
2024/02/04 06:08:42 - Set Variables.0 - Set variable TARGET_FTP_SERVER_DIRECTORY to value [/home/tems_adm/temsNMS/schedReport/new/och]
2024/02/04 06:08:42 - Set Variables.0 - Set variable TARGET_LOCAL_FILE_DIRECTORY to value [/hawaiki_il/tesubcom/och]
2024/02/04 06:08:42 - Set Variables.0 - Set variable TARGET_FTP_LOGS_DIRECTORY to value [ftp_logs/ftp_logs.txt]
2024/02/04 06:08:42 - Set Variables.0 - Set variable TARGET_EMAIL_DESTINATION_ADDRESS to value [itdev@hawaikicable.co.nz]
2024/02/04 06:08:42 - Set Variables.0 - Set variable TARGET_EMAIL_SENDER_ADDRESS to value [no-reply@bw-digital.com]
2024/02/04 06:08:42 - Set Variables.0 - Set variable TARGET_SMTP_SERVER to value [smtp.office365.com]
2024/02/04 06:08:42 - Set Variables.0 - Set variable TARGET_PORT to value [587]
2024/02/04 06:08:42 - Set Variables.0 - Set variable TARGET_PASSWORD to value [JkKL7+su&=wybsLGjnY@&j5ZV^e_C^J&%LvqrdQk]
2024/02/04 06:08:42 - Set Variables.0 - Set variable TARGET_SUBJECT to value [Missing PM Sources - TEMS Pre production - 10.10.12.108]
2024/02/04 06:08:42 - Set Variables.0 - Set variable TARGET_SUBJECT_Q_FACTOR to value [Q Factor Report - TEMS Pre production - 10.10.12.108]
2024/02/04 06:08:42 - Set Variables.0 - Set variable TARGET_FILE_PATH_Q_FACTOR to value [/email/q_factor_report.txt]
2024/02/04 06:08:42 - Set Variables.0 - Set variable TARGET_EMAIL_QFACTOR_ADDRESS to value [itdev@hawaikicable.co.nz]
2024/02/04 06:08:42 - Set Variables.0 - Finished after 1 rows.
2024/02/04 06:08:42 - Set Variables.0 - Finished processing (I=0, O=0, R=1, W=1, U=0, E=0)
2024/02/04 06:08:42 - JOB_tesubcom - Starting entry [Create file]
2024/02/04 06:08:42 - Create file - File [file:///hawaiki_il/tesubcom/ftp_logs/ftp_logs.txt] already exists, not recreating.
2024/02/04 06:08:42 - JOB_tesubcom - Starting entry [Transformation]
2024/02/04 06:08:42 - Transformation - Loading transformation from XML file [file:///hawaiki_il/tesubcom/InitiateFTPlogs.ktr]
2024/02/04 06:08:42 - Transformation - Using run configuration [Pentaho local]
2024/02/04 06:08:42 - Transformation - Using legacy execution engine
2024/02/04 06:08:42 - Carte - Installing timer to purge stale objects after 1440 minutes.
2024/02/04 06:08:42 - InitiateFTPlogs - Dispatching started for transformation [InitiateFTPlogs]
2024/02/04 06:08:42 - Table input.0 - Finished reading query, closing connection.
2024/02/04 06:08:42 - Table input.0 - Finished processing (I=1, O=0, R=0, W=1, U=0, E=0)
2024/02/04 06:08:42 - Text file output.0 - Finished processing (I=0, O=2, R=1, W=1, U=0, E=0)
2024/02/04 06:08:42 - JOB_tesubcom - Starting entry [Set variables B1]
2024/02/04 06:08:42 - JOB_tesubcom - Starting entry [Job download B1]
2024/02/04 06:08:42 - Job download B1 - Using run configuration [Pentaho local]
2024/02/04 06:08:42 - DownloadFile - Starting entry [ftp log starting]
2024/02/04 06:08:42 - DownloadFile - Starting entry [Get och files 1]
2024/02/04 06:08:42 - Get och files 1 - Started FTP job to ${TARGET_FTP_SERVER_IP}
2024/02/04 06:08:53 - DownloadFile - Starting entry [Check if a folder is empty]
2024/02/04 06:08:54 - Check if a folder is empty - Total files
2024/02/04 06:08:54 - DownloadFile - Starting entry [Write To Log 2]
2024/02/04 06:08:54 - ----------------- In Dlownload file -------------------------------------- - </br><font color='green'>File successfully downloaded from folder B1 on 172.29.136.30</font>
2024/02/04 06:08:54 - DownloadFile - Starting entry [ftp log success]
2024/02/04 06:08:54 - DownloadFile - Finished job entry [ftp log success] (result=[true])
2024/02/04 06:08:54 - DownloadFile - Finished job entry [Write To Log 2] (result=[true])
2024/02/04 06:08:54 - DownloadFile - Finished job entry [Check if a folder is empty] (result=[true])
2024/02/04 06:08:54 - DownloadFile - Finished job entry [Get och files 1] (result=[true])
2024/02/04 06:08:54 - DownloadFile - Finished job entry [ftp log starting] (result=[true])
2024/02/04 06:08:54 - JOB_tesubcom - Starting entry [Transformation 1]
2024/02/04 06:08:54 - Transformation 1 - Loading transformation from XML file [file:///hawaiki_il/tesubcom/LoadTEMSFiles.ktr]
2024/02/04 06:08:54 - Transformation 1 - Using run configuration [Pentaho local]
2024/02/04 06:08:54 - Transformation 1 - Using legacy execution engine
2024/02/04 06:08:54 - LoadTEMSFiles - Dispatching started for transformation [LoadTEMSFiles]
2024/02/04 06:08:54 - Table output.0 - Connected to database [db] (commit=1000)
2024/02/04 06:08:54 - Get files from result.0 - Finished processing (I=0, O=0, R=3, W=3, U=0, E=0)
2024/02/04 06:08:54 - Write to log.0 - 
2024/02/04 06:08:54 - Write to log.0 - ------------> Linenr 1------------------------------
2024/02/04 06:08:54 - Write to log.0 - ------------------> File details in LoadTEMSFiles <-------------------------
2024/02/04 06:08:54 - Write to log.0 - 
2024/02/04 06:08:54 - Write to log.0 - type = General
2024/02/04 06:08:54 - Write to log.0 - filename = config.properties
2024/02/04 06:08:54 - Write to log.0 - path = file:///hawaiki_il/tesubcom/config.properties
2024/02/04 06:08:54 - Write to log.0 - parentorigin = LoadConfiguration
2024/02/04 06:08:54 - Write to log.0 - origin = Property Input
2024/02/04 06:08:54 - Write to log.0 - comment = File was read by a Property input step
2024/02/04 06:08:54 - Write to log.0 - timestamp = 2024/02/04 06:08:41.929
2024/02/04 06:08:54 - Write to log.0 - 
2024/02/04 06:08:54 - Write to log.0 - ====================
2024/02/04 06:08:54 - Write to log.0 - 
2024/02/04 06:08:54 - Write to log.0 - ------------> Linenr 2------------------------------
2024/02/04 06:08:54 - Write to log.0 - ------------------> File details in LoadTEMSFiles <-------------------------
2024/02/04 06:08:54 - Write to log.0 - 
2024/02/04 06:08:54 - Write to log.0 - type = General
2024/02/04 06:08:54 - Write to log.0 - filename = ftp_logs.txt
2024/02/04 06:08:54 - Write to log.0 - path = file:///hawaiki_il/tesubcom/ftp_logs/ftp_logs.txt
2024/02/04 06:08:54 - Write to log.0 - parentorigin = InitiateFTPlogs
2024/02/04 06:08:54 - Write to log.0 - origin = Text file output
2024/02/04 06:08:54 - Write to log.0 - comment = This file was created with a text file output step
2024/02/04 06:08:54 - Write to log.0 - timestamp = 2024/02/04 06:08:42.563
2024/02/04 06:08:54 - Write to log.0 - 
2024/02/04 06:08:54 - Write to log.0 - ====================
2024/02/04 06:08:54 - Write to log.0 - 
2024/02/04 06:08:54 - Write to log.0 - ------------> Linenr 3------------------------------
2024/02/04 06:08:54 - Write to log.0 - ------------------> File details in LoadTEMSFiles <-------------------------
2024/02/04 06:08:54 - Write to log.0 - 
2024/02/04 06:08:54 - Write to log.0 - type = General
2024/02/04 06:08:54 - Write to log.0 - filename = 04-Feb-2024.csv
2024/02/04 06:08:54 - Write to log.0 - path = file:///hawaiki_il/tesubcom/och/B1/04-Feb-2024.csv
2024/02/04 06:08:54 - Write to log.0 - parentorigin = DownloadFile
2024/02/04 06:08:54 - Write to log.0 - origin = Get och files 1
2024/02/04 06:08:54 - Write to log.0 - comment = Downloaded from ftp server ${TARGET_FTP_SERVER_IP}
2024/02/04 06:08:54 - Write to log.0 - timestamp = 2024/02/04 06:08:53.905
2024/02/04 06:08:54 - Write to log.0 - 
2024/02/04 06:08:54 - Write to log.0 - ====================
2024/02/04 06:08:54 - Write to log.0 - Finished processing (I=0, O=0, R=3, W=3, U=0, E=0)
2024/02/04 06:08:54 - Filter rows 2.0 - Finished processing (I=0, O=0, R=3, W=3, U=0, E=0)
2024/02/04 06:08:54 - Dummy (do nothing) 3.0 - Finished processing (I=0, O=0, R=1, W=1, U=0, E=0)
2024/02/04 06:08:54 - Text file input 2.0 - Opening file: file:///hawaiki_il/tesubcom/ftp_logs/ftp_logs.txt
2024/02/04 06:08:54 - Text file input 2.0 - Opening file: file:///hawaiki_il/tesubcom/och/B1/04-Feb-2024.csv
2024/02/04 06:08:54 - Text file input 2.0 - Finished processing (I=3174, O=0, R=2, W=3174, U=2, E=0)
2024/02/04 06:08:54 - Filter rows.0 - Finished processing (I=0, O=0, R=3174, W=3174, U=0, E=0)
2024/02/04 06:08:54 - Dummy (do nothing).0 - Finished processing (I=0, O=0, R=6, W=6, U=0, E=0)
2024/02/04 06:08:55 - Split Fields.0 - Finished processing (I=0, O=0, R=3168, W=3168, U=0, E=0)
2024/02/04 06:08:55 - Replace in string.0 - Finished processing (I=0, O=0, R=3168, W=3168, U=0, E=0)
2024/02/04 06:08:55 - Select values.0 - Finished processing (I=0, O=0, R=3168, W=3168, U=0, E=0)
2024/02/04 06:08:56 - Table output.0 - Finished processing (I=0, O=3168, R=3168, W=3168, U=0, E=0)
2024/02/04 06:08:56 - Dummy (do nothing) 2.0 - Finished processing (I=0, O=0, R=3168, W=3168, U=0, E=0)
2024/02/04 06:08:56 - JOB_tesubcom - Starting entry [Archive Files 1]
2024/02/04 06:08:56 - JOB_tesubcom - Starting entry [Success]
2024/02/04 06:08:56 - JOB_tesubcom - Starting entry [DUMMY]
2024/02/04 06:08:56 - JOB_tesubcom - Finished job entry [DUMMY] (result=[true])
2024/02/04 06:08:56 - JOB_tesubcom - Finished job entry [Success] (result=[true])
2024/02/04 06:08:56 - JOB_tesubcom - Finished job entry [Archive Files 1] (result=[true])
2024/02/04 06:08:56 - JOB_tesubcom - Finished job entry [Transformation 1] (result=[true])
2024/02/04 06:08:56 - JOB_tesubcom - Finished job entry [Job download B1] (result=[true])
2024/02/04 06:08:56 - JOB_tesubcom - Finished job entry [Set variables B1] (result=[true])
2024/02/04 06:08:56 - JOB_tesubcom - Finished job entry [Transformation] (result=[true])
2024/02/04 06:08:56 - JOB_tesubcom - Finished job entry [Create file] (result=[true])
2024/02/04 06:08:56 - JOB_tesubcom - Starting entry [Set variables T2]
2024/02/04 06:08:56 - JOB_tesubcom - Starting entry [Job download T2]
2024/02/04 06:08:56 - Job download T2 - Using run configuration [Pentaho local]
2024/02/04 06:08:56 - DownloadFile - Starting entry [ftp log starting]
2024/02/04 06:08:56 - DownloadFile - Starting entry [Get och files 1]
2024/02/04 06:08:56 - Get och files 1 - Started FTP job to ${TARGET_FTP_SERVER_IP}
2024/02/04 06:09:07 - DownloadFile - Starting entry [Check if a folder is empty]
2024/02/04 06:09:07 - Check if a folder is empty - Total files
2024/02/04 06:09:07 - DownloadFile - Starting entry [Write To Log 2]
2024/02/04 06:09:07 - ----------------- In Dlownload file -------------------------------------- - </br><font color='green'>File successfully downloaded from folder T2 on 172.29.136.30</font>
2024/02/04 06:09:07 - DownloadFile - Starting entry [ftp log success]
2024/02/04 06:09:07 - DownloadFile - Finished job entry [ftp log success] (result=[true])
2024/02/04 06:09:07 - DownloadFile - Finished job entry [Write To Log 2] (result=[true])
2024/02/04 06:09:07 - DownloadFile - Finished job entry [Check if a folder is empty] (result=[true])
2024/02/04 06:09:07 - DownloadFile - Finished job entry [Get och files 1] (result=[true])
2024/02/04 06:09:07 - DownloadFile - Finished job entry [ftp log starting] (result=[true])
2024/02/04 06:09:07 - JOB_tesubcom - Starting entry [Transformation 2]
2024/02/04 06:09:07 - Transformation 2 - Loading transformation from XML file [file:///hawaiki_il/tesubcom/LoadTEMSFiles.ktr]
2024/02/04 06:09:07 - Transformation 2 - Using run configuration [Pentaho local]
2024/02/04 06:09:07 - Transformation 2 - Using legacy execution engine
2024/02/04 06:09:07 - LoadTEMSFiles - Dispatching started for transformation [LoadTEMSFiles]
2024/02/04 06:09:07 - Table output.0 - Connected to database [db] (commit=1000)
2024/02/04 06:09:07 - Get files from result.0 - Finished processing (I=0, O=0, R=2, W=2, U=0, E=0)
2024/02/04 06:09:07 - Write to log.0 - 
2024/02/04 06:09:07 - Write to log.0 - ------------> Linenr 1------------------------------
2024/02/04 06:09:07 - Write to log.0 - ------------------> File details in LoadTEMSFiles <-------------------------
2024/02/04 06:09:07 - Write to log.0 - 
2024/02/04 06:09:07 - Write to log.0 - type = General
2024/02/04 06:09:07 - Write to log.0 - filename = 04-Feb-2024.csv
2024/02/04 06:09:07 - Write to log.0 - path = file:///hawaiki_il/tesubcom/och/T2/04-Feb-2024.csv
2024/02/04 06:09:07 - Write to log.0 - parentorigin = DownloadFile
2024/02/04 06:09:07 - Write to log.0 - origin = Get och files 1
2024/02/04 06:09:07 - Write to log.0 - comment = Downloaded from ftp server ${TARGET_FTP_SERVER_IP}
2024/02/04 06:09:07 - Write to log.0 - timestamp = 2024/02/04 06:09:07.405
2024/02/04 06:09:07 - Write to log.0 - 
2024/02/04 06:09:07 - Write to log.0 - ====================
2024/02/04 06:09:07 - Write to log.0 - 
2024/02/04 06:09:07 - Write to log.0 - ------------> Linenr 2------------------------------
2024/02/04 06:09:07 - Write to log.0 - ------------------> File details in LoadTEMSFiles <-------------------------
2024/02/04 06:09:07 - Write to log.0 - 
2024/02/04 06:09:07 - Write to log.0 - type = General
2024/02/04 06:09:07 - Write to log.0 - filename = config.properties
2024/02/04 06:09:07 - Write to log.0 - path = file:///hawaiki_il/tesubcom/config.properties
2024/02/04 06:09:07 - Write to log.0 - parentorigin = LoadConfiguration
2024/02/04 06:09:07 - Write to log.0 - origin = Property Input
2024/02/04 06:09:07 - Write to log.0 - comment = File was read by a Property input step
2024/02/04 06:09:07 - Write to log.0 - timestamp = 2024/02/04 06:08:41.929
2024/02/04 06:09:07 - Write to log.0 - 
2024/02/04 06:09:07 - Write to log.0 - ====================
2024/02/04 06:09:07 - Write to log.0 - Finished processing (I=0, O=0, R=2, W=2, U=0, E=0)
2024/02/04 06:09:07 - Dummy (do nothing) 3.0 - Finished processing (I=0, O=0, R=1, W=1, U=0, E=0)
2024/02/04 06:09:07 - Filter rows 2.0 - Finished processing (I=0, O=0, R=2, W=2, U=0, E=0)
2024/02/04 06:09:07 - Text file input 2.0 - Opening file: file:///hawaiki_il/tesubcom/och/T2/04-Feb-2024.csv
2024/02/04 06:09:08 - Text file input 2.0 - Finished processing (I=3460, O=0, R=1, W=3460, U=1, E=0)
2024/02/04 06:09:08 - Filter rows.0 - Finished processing (I=0, O=0, R=3460, W=3460, U=0, E=0)
2024/02/04 06:09:08 - Dummy (do nothing).0 - Finished processing (I=0, O=0, R=4, W=4, U=0, E=0)
2024/02/04 06:09:08 - Split Fields.0 - Finished processing (I=0, O=0, R=3456, W=3456, U=0, E=0)
2024/02/04 06:09:08 - Replace in string.0 - Finished processing (I=0, O=0, R=3456, W=3456, U=0, E=0)
2024/02/04 06:09:08 - Select values.0 - Finished processing (I=0, O=0, R=3456, W=3456, U=0, E=0)
2024/02/04 06:09:09 - Table output.0 - Finished processing (I=0, O=3456, R=3456, W=3456, U=0, E=0)
2024/02/04 06:09:09 - Dummy (do nothing) 2.0 - Finished processing (I=0, O=0, R=3456, W=3456, U=0, E=0)
2024/02/04 06:09:09 - JOB_tesubcom - Starting entry [Archive Files 1]
2024/02/04 06:09:09 - JOB_tesubcom - Starting entry [Success]
2024/02/04 06:09:09 - JOB_tesubcom - Starting entry [DUMMY]
2024/02/04 06:09:09 - JOB_tesubcom - Finished job entry [DUMMY] (result=[true])
2024/02/04 06:09:09 - JOB_tesubcom - Finished job entry [Success] (result=[true])
2024/02/04 06:09:09 - JOB_tesubcom - Finished job entry [Archive Files 1] (result=[true])
2024/02/04 06:09:09 - JOB_tesubcom - Finished job entry [Transformation 2] (result=[true])
2024/02/04 06:09:09 - JOB_tesubcom - Finished job entry [Job download T2] (result=[true])
2024/02/04 06:09:09 - JOB_tesubcom - Finished job entry [Set variables T2] (result=[true])
2024/02/04 06:09:09 - JOB_tesubcom - Starting entry [Set variables T3]
2024/02/04 06:09:09 - JOB_tesubcom - Starting entry [Job download T3]
2024/02/04 06:09:09 - Job download T3 - Using run configuration [Pentaho local]
2024/02/04 06:09:09 - DownloadFile - Starting entry [ftp log starting]
2024/02/04 06:09:09 - DownloadFile - Starting entry [Get och files 1]
2024/02/04 06:09:09 - Get och files 1 - Started FTP job to ${TARGET_FTP_SERVER_IP}
2024/02/04 06:09:20 - DownloadFile - Starting entry [Check if a folder is empty]
2024/02/04 06:09:20 - Check if a folder is empty - Total files
2024/02/04 06:09:20 - DownloadFile - Starting entry [Write To Log 2]
2024/02/04 06:09:20 - ----------------- In Dlownload file -------------------------------------- - </br><font color='green'>File successfully downloaded from folder T3 on 172.29.136.30</font>
2024/02/04 06:09:20 - DownloadFile - Starting entry [ftp log success]
2024/02/04 06:09:20 - DownloadFile - Finished job entry [ftp log success] (result=[true])
2024/02/04 06:09:20 - DownloadFile - Finished job entry [Write To Log 2] (result=[true])
2024/02/04 06:09:20 - DownloadFile - Finished job entry [Check if a folder is empty] (result=[true])
2024/02/04 06:09:20 - DownloadFile - Finished job entry [Get och files 1] (result=[true])
2024/02/04 06:09:20 - DownloadFile - Finished job entry [ftp log starting] (result=[true])
2024/02/04 06:09:20 - JOB_tesubcom - Starting entry [Transformation 3]
2024/02/04 06:09:20 - Transformation 3 - Loading transformation from XML file [file:///hawaiki_il/tesubcom/LoadTEMSFiles.ktr]
2024/02/04 06:09:21 - Transformation 3 - Using run configuration [Pentaho local]
2024/02/04 06:09:21 - Transformation 3 - Using legacy execution engine
2024/02/04 06:09:21 - LoadTEMSFiles - Dispatching started for transformation [LoadTEMSFiles]
2024/02/04 06:09:21 - Table output.0 - Connected to database [db] (commit=1000)
2024/02/04 06:09:21 - Get files from result.0 - Finished processing (I=0, O=0, R=2, W=2, U=0, E=0)
2024/02/04 06:09:21 - Write to log.0 - 
2024/02/04 06:09:21 - Write to log.0 - ------------> Linenr 1------------------------------
2024/02/04 06:09:21 - Write to log.0 - ------------------> File details in LoadTEMSFiles <-------------------------
2024/02/04 06:09:21 - Write to log.0 - 
2024/02/04 06:09:21 - Write to log.0 - type = General
2024/02/04 06:09:21 - Write to log.0 - filename = config.properties
2024/02/04 06:09:21 - Write to log.0 - path = file:///hawaiki_il/tesubcom/config.properties
2024/02/04 06:09:21 - Write to log.0 - parentorigin = LoadConfiguration
2024/02/04 06:09:21 - Write to log.0 - origin = Property Input
2024/02/04 06:09:21 - Write to log.0 - comment = File was read by a Property input step
2024/02/04 06:09:21 - Write to log.0 - timestamp = 2024/02/04 06:08:41.929
2024/02/04 06:09:21 - Write to log.0 - 
2024/02/04 06:09:21 - Write to log.0 - ====================
2024/02/04 06:09:21 - Write to log.0 - 
2024/02/04 06:09:21 - Write to log.0 - ------------> Linenr 2------------------------------
2024/02/04 06:09:21 - Write to log.0 - ------------------> File details in LoadTEMSFiles <-------------------------
2024/02/04 06:09:21 - Write to log.0 - 
2024/02/04 06:09:21 - Write to log.0 - type = General
2024/02/04 06:09:21 - Write to log.0 - filename = 04-Feb-2024.csv
2024/02/04 06:09:21 - Write to log.0 - path = file:///hawaiki_il/tesubcom/och/T3/04-Feb-2024.csv
2024/02/04 06:09:21 - Write to log.0 - parentorigin = DownloadFile
2024/02/04 06:09:21 - Write to log.0 - origin = Get och files 1
2024/02/04 06:09:21 - Write to log.0 - comment = Downloaded from ftp server ${TARGET_FTP_SERVER_IP}
2024/02/04 06:09:21 - Write to log.0 - timestamp = 2024/02/04 06:09:20.806
2024/02/04 06:09:21 - Write to log.0 - 
2024/02/04 06:09:21 - Write to log.0 - ====================
2024/02/04 06:09:21 - Write to log.0 - Finished processing (I=0, O=0, R=2, W=2, U=0, E=0)
2024/02/04 06:09:21 - Filter rows 2.0 - Finished processing (I=0, O=0, R=2, W=2, U=0, E=0)
2024/02/04 06:09:21 - Dummy (do nothing) 3.0 - Finished processing (I=0, O=0, R=1, W=1, U=0, E=0)
2024/02/04 06:09:21 - Text file input 2.0 - Opening file: file:///hawaiki_il/tesubcom/och/T3/04-Feb-2024.csv
2024/02/04 06:09:21 - Text file input 2.0 - Finished processing (I=2596, O=0, R=1, W=2596, U=1, E=0)
2024/02/04 06:09:21 - Filter rows.0 - Finished processing (I=0, O=0, R=2596, W=2596, U=0, E=0)
2024/02/04 06:09:21 - Dummy (do nothing).0 - Finished processing (I=0, O=0, R=4, W=4, U=0, E=0)
2024/02/04 06:09:21 - Split Fields.0 - Finished processing (I=0, O=0, R=2592, W=2592, U=0, E=0)
2024/02/04 06:09:21 - Replace in string.0 - Finished processing (I=0, O=0, R=2592, W=2592, U=0, E=0)
2024/02/04 06:09:21 - Select values.0 - Finished processing (I=0, O=0, R=2592, W=2592, U=0, E=0)
2024/02/04 06:09:22 - Table output.0 - Finished processing (I=0, O=2592, R=2592, W=2592, U=0, E=0)
2024/02/04 06:09:22 - Dummy (do nothing) 2.0 - Finished processing (I=0, O=0, R=2592, W=2592, U=0, E=0)
2024/02/04 06:09:22 - JOB_tesubcom - Starting entry [Archive Files 1]
2024/02/04 06:09:22 - JOB_tesubcom - Starting entry [Success]
2024/02/04 06:09:22 - JOB_tesubcom - Starting entry [DUMMY]
2024/02/04 06:09:22 - JOB_tesubcom - Finished job entry [DUMMY] (result=[true])
2024/02/04 06:09:22 - JOB_tesubcom - Finished job entry [Success] (result=[true])
2024/02/04 06:09:22 - JOB_tesubcom - Finished job entry [Archive Files 1] (result=[true])
2024/02/04 06:09:22 - JOB_tesubcom - Finished job entry [Transformation 3] (result=[true])
2024/02/04 06:09:22 - JOB_tesubcom - Finished job entry [Job download T3] (result=[true])
2024/02/04 06:09:22 - JOB_tesubcom - Finished job entry [Set variables T3] (result=[true])
2024/02/04 06:09:22 - JOB_tesubcom - Starting entry [Set variables T4]
2024/02/04 06:09:22 - JOB_tesubcom - Starting entry [Job download T4]
2024/02/04 06:09:22 - Job download T4 - Using run configuration [Pentaho local]
2024/02/04 06:09:22 - DownloadFile - Starting entry [ftp log starting]
2024/02/04 06:09:22 - DownloadFile - Starting entry [Get och files 1]
2024/02/04 06:09:22 - Get och files 1 - Started FTP job to ${TARGET_FTP_SERVER_IP}
2024/02/04 06:09:33 - DownloadFile - Starting entry [Check if a folder is empty]
2024/02/04 06:09:33 - Check if a folder is empty - Total files
2024/02/04 06:09:33 - DownloadFile - Starting entry [Write To Log 2]
2024/02/04 06:09:33 - ----------------- In Dlownload file -------------------------------------- - </br><font color='green'>File successfully downloaded from folder T4 on 172.29.136.30</font>
2024/02/04 06:09:33 - DownloadFile - Starting entry [ftp log success]
2024/02/04 06:09:33 - DownloadFile - Finished job entry [ftp log success] (result=[true])
2024/02/04 06:09:33 - DownloadFile - Finished job entry [Write To Log 2] (result=[true])
2024/02/04 06:09:33 - DownloadFile - Finished job entry [Check if a folder is empty] (result=[true])
2024/02/04 06:09:33 - DownloadFile - Finished job entry [Get och files 1] (result=[true])
2024/02/04 06:09:33 - DownloadFile - Finished job entry [ftp log starting] (result=[true])
2024/02/04 06:09:33 - JOB_tesubcom - Starting entry [Transformation 4]
2024/02/04 06:09:33 - Transformation 4 - Loading transformation from XML file [file:///hawaiki_il/tesubcom/LoadTEMSFiles.ktr]
2024/02/04 06:09:33 - Transformation 4 - Using run configuration [Pentaho local]
2024/02/04 06:09:33 - Transformation 4 - Using legacy execution engine
2024/02/04 06:09:33 - LoadTEMSFiles - Dispatching started for transformation [LoadTEMSFiles]
2024/02/04 06:09:33 - Table output.0 - Connected to database [db] (commit=1000)
2024/02/04 06:09:33 - Get files from result.0 - Finished processing (I=0, O=0, R=2, W=2, U=0, E=0)
2024/02/04 06:09:33 - Write to log.0 - 
2024/02/04 06:09:33 - Write to log.0 - ------------> Linenr 1------------------------------
2024/02/04 06:09:33 - Write to log.0 - ------------------> File details in LoadTEMSFiles <-------------------------
2024/02/04 06:09:33 - Write to log.0 - 
2024/02/04 06:09:33 - Write to log.0 - type = General
2024/02/04 06:09:33 - Write to log.0 - filename = 04-Feb-2024.csv
2024/02/04 06:09:33 - Write to log.0 - path = file:///hawaiki_il/tesubcom/och/T4/04-Feb-2024.csv
2024/02/04 06:09:33 - Write to log.0 - parentorigin = DownloadFile
2024/02/04 06:09:33 - Write to log.0 - origin = Get och files 1
2024/02/04 06:09:33 - Write to log.0 - comment = Downloaded from ftp server ${TARGET_FTP_SERVER_IP}
2024/02/04 06:09:33 - Write to log.0 - timestamp = 2024/02/04 06:09:33.181
2024/02/04 06:09:33 - Write to log.0 - 
2024/02/04 06:09:33 - Write to log.0 - ====================
2024/02/04 06:09:33 - Write to log.0 - 
2024/02/04 06:09:33 - Write to log.0 - ------------> Linenr 2------------------------------
2024/02/04 06:09:33 - Write to log.0 - ------------------> File details in LoadTEMSFiles <-------------------------
2024/02/04 06:09:33 - Write to log.0 - 
2024/02/04 06:09:33 - Write to log.0 - type = General
2024/02/04 06:09:33 - Write to log.0 - filename = config.properties
2024/02/04 06:09:33 - Write to log.0 - path = file:///hawaiki_il/tesubcom/config.properties
2024/02/04 06:09:33 - Write to log.0 - parentorigin = LoadConfiguration
2024/02/04 06:09:33 - Write to log.0 - origin = Property Input
2024/02/04 06:09:33 - Write to log.0 - comment = File was read by a Property input step
2024/02/04 06:09:33 - Write to log.0 - timestamp = 2024/02/04 06:08:41.929
2024/02/04 06:09:33 - Write to log.0 - 
2024/02/04 06:09:33 - Write to log.0 - ====================
2024/02/04 06:09:33 - Write to log.0 - Finished processing (I=0, O=0, R=2, W=2, U=0, E=0)
2024/02/04 06:09:33 - Filter rows 2.0 - Finished processing (I=0, O=0, R=2, W=2, U=0, E=0)
2024/02/04 06:09:33 - Dummy (do nothing) 3.0 - Finished processing (I=0, O=0, R=1, W=1, U=0, E=0)
2024/02/04 06:09:33 - Text file input 2.0 - Opening file: file:///hawaiki_il/tesubcom/och/T4/04-Feb-2024.csv
2024/02/04 06:09:33 - Text file input 2.0 - Finished processing (I=1252, O=0, R=1, W=1252, U=1, E=0)
2024/02/04 06:09:33 - Filter rows.0 - Finished processing (I=0, O=0, R=1252, W=1252, U=0, E=0)
2024/02/04 06:09:33 - Dummy (do nothing).0 - Finished processing (I=0, O=0, R=4, W=4, U=0, E=0)
2024/02/04 06:09:33 - Split Fields.0 - Finished processing (I=0, O=0, R=1248, W=1248, U=0, E=0)
2024/02/04 06:09:33 - Replace in string.0 - Finished processing (I=0, O=0, R=1248, W=1248, U=0, E=0)
2024/02/04 06:09:33 - Select values.0 - Finished processing (I=0, O=0, R=1248, W=1248, U=0, E=0)
2024/02/04 06:09:34 - Table output.0 - Finished processing (I=0, O=1248, R=1248, W=1248, U=0, E=0)
2024/02/04 06:09:34 - Dummy (do nothing) 2.0 - Finished processing (I=0, O=0, R=1248, W=1248, U=0, E=0)
2024/02/04 06:09:34 - JOB_tesubcom - Starting entry [Archive Files 1]
2024/02/04 06:09:34 - JOB_tesubcom - Starting entry [Success]
2024/02/04 06:09:34 - JOB_tesubcom - Starting entry [DUMMY]
2024/02/04 06:09:34 - JOB_tesubcom - Finished job entry [DUMMY] (result=[true])
2024/02/04 06:09:34 - JOB_tesubcom - Finished job entry [Success] (result=[true])
2024/02/04 06:09:34 - JOB_tesubcom - Finished job entry [Archive Files 1] (result=[true])
2024/02/04 06:09:34 - JOB_tesubcom - Finished job entry [Transformation 4] (result=[true])
2024/02/04 06:09:34 - JOB_tesubcom - Finished job entry [Job download T4] (result=[true])
2024/02/04 06:09:34 - JOB_tesubcom - Finished job entry [Set variables T4] (result=[true])
2024/02/04 06:09:34 - JOB_tesubcom - Starting entry [Set variables T50]
2024/02/04 06:09:34 - JOB_tesubcom - Starting entry [Job download T50]
2024/02/04 06:09:34 - Job download T50 - Using run configuration [Pentaho local]
2024/02/04 06:09:34 - DownloadFile - Starting entry [ftp log starting]
2024/02/04 06:09:34 - DownloadFile - Starting entry [Get och files 1]
2024/02/04 06:09:34 - Get och files 1 - Started FTP job to ${TARGET_FTP_SERVER_IP}
2024/02/04 06:09:45 - DownloadFile - Starting entry [Check if a folder is empty]
2024/02/04 06:09:45 - Check if a folder is empty - Total files
2024/02/04 06:09:45 - DownloadFile - Starting entry [Write To Log 2]
2024/02/04 06:09:45 - ----------------- In Dlownload file -------------------------------------- - </br><font color='green'>File successfully downloaded from folder T50 on 172.29.136.30</font>
2024/02/04 06:09:45 - DownloadFile - Starting entry [ftp log success]
2024/02/04 06:09:45 - DownloadFile - Finished job entry [ftp log success] (result=[true])
2024/02/04 06:09:45 - DownloadFile - Finished job entry [Write To Log 2] (result=[true])
2024/02/04 06:09:45 - DownloadFile - Finished job entry [Check if a folder is empty] (result=[true])
2024/02/04 06:09:45 - DownloadFile - Finished job entry [Get och files 1] (result=[true])
2024/02/04 06:09:45 - DownloadFile - Finished job entry [ftp log starting] (result=[true])
2024/02/04 06:09:45 - JOB_tesubcom - Starting entry [Transformation 5]
2024/02/04 06:09:45 - Transformation 5 - Loading transformation from XML file [file:///hawaiki_il/tesubcom/LoadTEMSFiles.ktr]
2024/02/04 06:09:45 - Transformation 5 - Using run configuration [Pentaho local]
2024/02/04 06:09:45 - Transformation 5 - Using legacy execution engine
2024/02/04 06:09:45 - LoadTEMSFiles - Dispatching started for transformation [LoadTEMSFiles]
2024/02/04 06:09:45 - Table output.0 - Connected to database [db] (commit=1000)
2024/02/04 06:09:45 - Get files from result.0 - Finished processing (I=0, O=0, R=2, W=2, U=0, E=0)
2024/02/04 06:09:45 - Write to log.0 - 
2024/02/04 06:09:45 - Write to log.0 - ------------> Linenr 1------------------------------
2024/02/04 06:09:45 - Write to log.0 - ------------------> File details in LoadTEMSFiles <-------------------------
2024/02/04 06:09:45 - Write to log.0 - 
2024/02/04 06:09:45 - Write to log.0 - type = General
2024/02/04 06:09:45 - Write to log.0 - filename = config.properties
2024/02/04 06:09:45 - Write to log.0 - path = file:///hawaiki_il/tesubcom/config.properties
2024/02/04 06:09:45 - Write to log.0 - parentorigin = LoadConfiguration
2024/02/04 06:09:45 - Write to log.0 - origin = Property Input
2024/02/04 06:09:45 - Write to log.0 - comment = File was read by a Property input step
2024/02/04 06:09:45 - Write to log.0 - timestamp = 2024/02/04 06:08:41.929
2024/02/04 06:09:45 - Write to log.0 - 
2024/02/04 06:09:45 - Write to log.0 - ====================
2024/02/04 06:09:45 - Write to log.0 - 
2024/02/04 06:09:45 - Write to log.0 - ------------> Linenr 2------------------------------
2024/02/04 06:09:45 - Write to log.0 - ------------------> File details in LoadTEMSFiles <-------------------------
2024/02/04 06:09:45 - Write to log.0 - 
2024/02/04 06:09:45 - Write to log.0 - type = General
2024/02/04 06:09:45 - Write to log.0 - filename = 04-Feb-2024.csv
2024/02/04 06:09:45 - Write to log.0 - path = file:///hawaiki_il/tesubcom/och/T50/04-Feb-2024.csv
2024/02/04 06:09:45 - Write to log.0 - parentorigin = DownloadFile
2024/02/04 06:09:45 - Write to log.0 - origin = Get och files 1
2024/02/04 06:09:45 - Write to log.0 - comment = Downloaded from ftp server ${TARGET_FTP_SERVER_IP}
2024/02/04 06:09:45 - Write to log.0 - timestamp = 2024/02/04 06:09:45.093
2024/02/04 06:09:45 - Write to log.0 - 
2024/02/04 06:09:45 - Write to log.0 - ====================
2024/02/04 06:09:45 - Write to log.0 - Finished processing (I=0, O=0, R=2, W=2, U=0, E=0)
2024/02/04 06:09:45 - Filter rows 2.0 - Finished processing (I=0, O=0, R=2, W=2, U=0, E=0)
2024/02/04 06:09:45 - Dummy (do nothing) 3.0 - Finished processing (I=0, O=0, R=1, W=1, U=0, E=0)
2024/02/04 06:09:45 - Text file input 2.0 - Opening file: file:///hawaiki_il/tesubcom/och/T50/04-Feb-2024.csv
2024/02/04 06:09:45 - Text file input 2.0 - Finished processing (I=1540, O=0, R=1, W=1540, U=1, E=0)
2024/02/04 06:09:45 - Filter rows.0 - Finished processing (I=0, O=0, R=1540, W=1540, U=0, E=0)
2024/02/04 06:09:45 - Dummy (do nothing).0 - Finished processing (I=0, O=0, R=4, W=4, U=0, E=0)
2024/02/04 06:09:45 - Split Fields.0 - Finished processing (I=0, O=0, R=1536, W=1536, U=0, E=0)
2024/02/04 06:09:45 - Replace in string.0 - Finished processing (I=0, O=0, R=1536, W=1536, U=0, E=0)
2024/02/04 06:09:45 - Select values.0 - Finished processing (I=0, O=0, R=1536, W=1536, U=0, E=0)
2024/02/04 06:09:46 - Table output.0 - Finished processing (I=0, O=1536, R=1536, W=1536, U=0, E=0)
2024/02/04 06:09:46 - Dummy (do nothing) 2.0 - Finished processing (I=0, O=0, R=1536, W=1536, U=0, E=0)
2024/02/04 06:09:46 - JOB_tesubcom - Starting entry [Archive Files 1]
2024/02/04 06:09:46 - JOB_tesubcom - Starting entry [Success]
2024/02/04 06:09:46 - JOB_tesubcom - Starting entry [DUMMY]
2024/02/04 06:09:46 - JOB_tesubcom - Finished job entry [DUMMY] (result=[true])
2024/02/04 06:09:46 - JOB_tesubcom - Finished job entry [Success] (result=[true])
2024/02/04 06:09:46 - JOB_tesubcom - Finished job entry [Archive Files 1] (result=[true])
2024/02/04 06:09:46 - JOB_tesubcom - Finished job entry [Transformation 5] (result=[true])
2024/02/04 06:09:46 - JOB_tesubcom - Finished job entry [Job download T50] (result=[true])
2024/02/04 06:09:46 - JOB_tesubcom - Finished job entry [Set variables T50] (result=[true])
2024/02/04 06:09:46 - JOB_tesubcom - Starting entry [Set variables T51]
2024/02/04 06:09:46 - JOB_tesubcom - Starting entry [Job download T51]
2024/02/04 06:09:46 - Job download T51 - Using run configuration [Pentaho local]
2024/02/04 06:09:46 - DownloadFile - Starting entry [ftp log starting]
2024/02/04 06:09:46 - DownloadFile - Starting entry [Get och files 1]
2024/02/04 06:09:46 - Get och files 1 - Started FTP job to ${TARGET_FTP_SERVER_IP}
2024/02/04 06:09:57 - DownloadFile - Starting entry [Check if a folder is empty]
2024/02/04 06:09:57 - Check if a folder is empty - Total files
2024/02/04 06:09:57 - DownloadFile - Starting entry [Write To Log 2]
2024/02/04 06:09:57 - ----------------- In Dlownload file -------------------------------------- - </br><font color='green'>File successfully downloaded from folder T51 on 172.29.136.30</font>
2024/02/04 06:09:57 - DownloadFile - Starting entry [ftp log success]
2024/02/04 06:09:57 - DownloadFile - Finished job entry [ftp log success] (result=[true])
2024/02/04 06:09:57 - DownloadFile - Finished job entry [Write To Log 2] (result=[true])
2024/02/04 06:09:57 - DownloadFile - Finished job entry [Check if a folder is empty] (result=[true])
2024/02/04 06:09:57 - DownloadFile - Finished job entry [Get och files 1] (result=[true])
2024/02/04 06:09:57 - DownloadFile - Finished job entry [ftp log starting] (result=[true])
2024/02/04 06:09:57 - JOB_tesubcom - Starting entry [Transformation 6]
2024/02/04 06:09:57 - Transformation 6 - Loading transformation from XML file [file:///hawaiki_il/tesubcom/LoadTEMSFiles.ktr]
2024/02/04 06:09:57 - Transformation 6 - Using run configuration [Pentaho local]
2024/02/04 06:09:57 - Transformation 6 - Using legacy execution engine
2024/02/04 06:09:57 - LoadTEMSFiles - Dispatching started for transformation [LoadTEMSFiles]
2024/02/04 06:09:57 - Table output.0 - Connected to database [db] (commit=1000)
2024/02/04 06:09:57 - Write to log.0 - 
2024/02/04 06:09:57 - Write to log.0 - ------------> Linenr 1------------------------------
2024/02/04 06:09:57 - Write to log.0 - ------------------> File details in LoadTEMSFiles <-------------------------
2024/02/04 06:09:57 - Write to log.0 - 
2024/02/04 06:09:57 - Write to log.0 - type = General
2024/02/04 06:09:57 - Write to log.0 - filename = 04-Feb-2024.csv
2024/02/04 06:09:57 - Write to log.0 - path = file:///hawaiki_il/tesubcom/och/T51/04-Feb-2024.csv
2024/02/04 06:09:57 - Write to log.0 - parentorigin = DownloadFile
2024/02/04 06:09:57 - Write to log.0 - origin = Get och files 1
2024/02/04 06:09:57 - Write to log.0 - comment = Downloaded from ftp server ${TARGET_FTP_SERVER_IP}
2024/02/04 06:09:57 - Write to log.0 - timestamp = 2024/02/04 06:09:57.032
2024/02/04 06:09:57 - Write to log.0 - 
2024/02/04 06:09:57 - Write to log.0 - ====================
2024/02/04 06:09:57 - Get files from result.0 - Finished processing (I=0, O=0, R=2, W=2, U=0, E=0)
2024/02/04 06:09:57 - Write to log.0 - 
2024/02/04 06:09:57 - Write to log.0 - ------------> Linenr 2------------------------------
2024/02/04 06:09:57 - Write to log.0 - ------------------> File details in LoadTEMSFiles <-------------------------
2024/02/04 06:09:57 - Write to log.0 - 
2024/02/04 06:09:57 - Write to log.0 - type = General
2024/02/04 06:09:57 - Write to log.0 - filename = config.properties
2024/02/04 06:09:57 - Write to log.0 - path = file:///hawaiki_il/tesubcom/config.properties
2024/02/04 06:09:57 - Write to log.0 - parentorigin = LoadConfiguration
2024/02/04 06:09:57 - Write to log.0 - origin = Property Input
2024/02/04 06:09:57 - Write to log.0 - comment = File was read by a Property input step
2024/02/04 06:09:57 - Write to log.0 - timestamp = 2024/02/04 06:08:41.929
2024/02/04 06:09:57 - Write to log.0 - 
2024/02/04 06:09:57 - Write to log.0 - ====================
2024/02/04 06:09:57 - Write to log.0 - Finished processing (I=0, O=0, R=2, W=2, U=0, E=0)
2024/02/04 06:09:57 - Filter rows 2.0 - Finished processing (I=0, O=0, R=2, W=2, U=0, E=0)
2024/02/04 06:09:57 - Dummy (do nothing) 3.0 - Finished processing (I=0, O=0, R=1, W=1, U=0, E=0)
2024/02/04 06:09:57 - Text file input 2.0 - Opening file: file:///hawaiki_il/tesubcom/och/T51/04-Feb-2024.csv
2024/02/04 06:09:57 - Text file input 2.0 - Finished processing (I=3748, O=0, R=1, W=3748, U=1, E=0)
2024/02/04 06:09:57 - Filter rows.0 - Finished processing (I=0, O=0, R=3748, W=3748, U=0, E=0)
2024/02/04 06:09:57 - Dummy (do nothing).0 - Finished processing (I=0, O=0, R=4, W=4, U=0, E=0)
2024/02/04 06:09:57 - Split Fields.0 - Finished processing (I=0, O=0, R=3744, W=3744, U=0, E=0)
2024/02/04 06:09:57 - Replace in string.0 - Finished processing (I=0, O=0, R=3744, W=3744, U=0, E=0)
2024/02/04 06:09:57 - Select values.0 - Finished processing (I=0, O=0, R=3744, W=3744, U=0, E=0)
2024/02/04 06:09:58 - Table output.0 - Finished processing (I=0, O=3744, R=3744, W=3744, U=0, E=0)
2024/02/04 06:09:58 - Dummy (do nothing) 2.0 - Finished processing (I=0, O=0, R=3744, W=3744, U=0, E=0)
2024/02/04 06:09:58 - JOB_tesubcom - Starting entry [Archive Files 1]
2024/02/04 06:09:58 - JOB_tesubcom - Starting entry [Success]
2024/02/04 06:09:58 - JOB_tesubcom - Starting entry [DUMMY]
2024/02/04 06:09:58 - JOB_tesubcom - Finished job entry [DUMMY] (result=[true])
2024/02/04 06:09:58 - JOB_tesubcom - Finished job entry [Success] (result=[true])
2024/02/04 06:09:58 - JOB_tesubcom - Finished job entry [Archive Files 1] (result=[true])
2024/02/04 06:09:58 - JOB_tesubcom - Finished job entry [Transformation 6] (result=[true])
2024/02/04 06:09:58 - JOB_tesubcom - Finished job entry [Job download T51] (result=[true])
2024/02/04 06:09:58 - JOB_tesubcom - Finished job entry [Set variables T51] (result=[true])
2024/02/04 06:09:58 - JOB_tesubcom - Starting entry [Set variables T52]
2024/02/04 06:09:58 - JOB_tesubcom - Starting entry [Job download T52]
2024/02/04 06:09:58 - Job download T52 - Using run configuration [Pentaho local]
2024/02/04 06:09:58 - DownloadFile - Starting entry [ftp log starting]
2024/02/04 06:09:58 - DownloadFile - Starting entry [Get och files 1]
2024/02/04 06:09:58 - Get och files 1 - Started FTP job to ${TARGET_FTP_SERVER_IP}
2024/02/04 06:10:09 - DownloadFile - Starting entry [Check if a folder is empty]
2024/02/04 06:10:09 - Check if a folder is empty - Total files
2024/02/04 06:10:09 - DownloadFile - Starting entry [Write To Log 2]
2024/02/04 06:10:09 - ----------------- In Dlownload file -------------------------------------- - </br><font color='green'>File successfully downloaded from folder T52 on 172.29.136.30</font>
2024/02/04 06:10:09 - DownloadFile - Starting entry [ftp log success]
2024/02/04 06:10:09 - DownloadFile - Finished job entry [ftp log success] (result=[true])
2024/02/04 06:10:09 - DownloadFile - Finished job entry [Write To Log 2] (result=[true])
2024/02/04 06:10:09 - DownloadFile - Finished job entry [Check if a folder is empty] (result=[true])
2024/02/04 06:10:09 - DownloadFile - Finished job entry [Get och files 1] (result=[true])
2024/02/04 06:10:09 - DownloadFile - Finished job entry [ftp log starting] (result=[true])
2024/02/04 06:10:09 - JOB_tesubcom - Starting entry [Transformation 7]
2024/02/04 06:10:09 - Transformation 7 - Loading transformation from XML file [file:///hawaiki_il/tesubcom/LoadTEMSFiles.ktr]
2024/02/04 06:10:10 - Transformation 7 - Using run configuration [Pentaho local]
2024/02/04 06:10:10 - Transformation 7 - Using legacy execution engine
2024/02/04 06:10:10 - LoadTEMSFiles - Dispatching started for transformation [LoadTEMSFiles]
2024/02/04 06:10:10 - Table output.0 - Connected to database [db] (commit=1000)
2024/02/04 06:10:10 - Write to log.0 - 
2024/02/04 06:10:10 - Write to log.0 - ------------> Linenr 1------------------------------
2024/02/04 06:10:10 - Write to log.0 - ------------------> File details in LoadTEMSFiles <-------------------------
2024/02/04 06:10:10 - Write to log.0 - 
2024/02/04 06:10:10 - Write to log.0 - type = General
2024/02/04 06:10:10 - Write to log.0 - filename = config.properties
2024/02/04 06:10:10 - Write to log.0 - path = file:///hawaiki_il/tesubcom/config.properties
2024/02/04 06:10:10 - Write to log.0 - parentorigin = LoadConfiguration
2024/02/04 06:10:10 - Write to log.0 - origin = Property Input
2024/02/04 06:10:10 - Write to log.0 - comment = File was read by a Property input step
2024/02/04 06:10:10 - Write to log.0 - timestamp = 2024/02/04 06:08:41.929
2024/02/04 06:10:10 - Write to log.0 - 
2024/02/04 06:10:10 - Write to log.0 - ====================
2024/02/04 06:10:10 - Get files from result.0 - Finished processing (I=0, O=0, R=2, W=2, U=0, E=0)
2024/02/04 06:10:10 - Write to log.0 - 
2024/02/04 06:10:10 - Write to log.0 - ------------> Linenr 2------------------------------
2024/02/04 06:10:10 - Write to log.0 - ------------------> File details in LoadTEMSFiles <-------------------------
2024/02/04 06:10:10 - Write to log.0 - 
2024/02/04 06:10:10 - Write to log.0 - type = General
2024/02/04 06:10:10 - Write to log.0 - filename = 04-Feb-2024.csv
2024/02/04 06:10:10 - Write to log.0 - path = file:///hawaiki_il/tesubcom/och/T52/04-Feb-2024.csv
2024/02/04 06:10:10 - Write to log.0 - parentorigin = DownloadFile
2024/02/04 06:10:10 - Write to log.0 - origin = Get och files 1
2024/02/04 06:10:10 - Write to log.0 - comment = Downloaded from ftp server ${TARGET_FTP_SERVER_IP}
2024/02/04 06:10:10 - Write to log.0 - timestamp = 2024/02/04 06:10:09.785
2024/02/04 06:10:10 - Write to log.0 - 
2024/02/04 06:10:10 - Write to log.0 - ====================
2024/02/04 06:10:10 - Write to log.0 - Finished processing (I=0, O=0, R=2, W=2, U=0, E=0)
2024/02/04 06:10:10 - Filter rows 2.0 - Finished processing (I=0, O=0, R=2, W=2, U=0, E=0)
2024/02/04 06:10:10 - Dummy (do nothing) 3.0 - Finished processing (I=0, O=0, R=1, W=1, U=0, E=0)
2024/02/04 06:10:10 - Text file input 2.0 - Opening file: file:///hawaiki_il/tesubcom/och/T52/04-Feb-2024.csv
2024/02/04 06:10:10 - Text file input 2.0 - Finished processing (I=1252, O=0, R=1, W=1252, U=1, E=0)
2024/02/04 06:10:10 - Filter rows.0 - Finished processing (I=0, O=0, R=1252, W=1252, U=0, E=0)
2024/02/04 06:10:10 - Dummy (do nothing).0 - Finished processing (I=0, O=0, R=4, W=4, U=0, E=0)
2024/02/04 06:10:10 - Split Fields.0 - Finished processing (I=0, O=0, R=1248, W=1248, U=0, E=0)
2024/02/04 06:10:10 - Replace in string.0 - Finished processing (I=0, O=0, R=1248, W=1248, U=0, E=0)
2024/02/04 06:10:10 - Select values.0 - Finished processing (I=0, O=0, R=1248, W=1248, U=0, E=0)
2024/02/04 06:10:10 - Table output.0 - Finished processing (I=0, O=1248, R=1248, W=1248, U=0, E=0)
2024/02/04 06:10:10 - Dummy (do nothing) 2.0 - Finished processing (I=0, O=0, R=1248, W=1248, U=0, E=0)
2024/02/04 06:10:10 - JOB_tesubcom - Starting entry [ftp log finised]
2024/02/04 06:10:10 - JOB_tesubcom - Starting entry [File backup ]
2024/02/04 06:10:10 - File backup  - Running on platform : Linux
2024/02/04 06:10:10 - File backup  - Executing command : /hawaiki_il/tesubcom/script/test-script.sh
2024/02/04 06:10:11 - File backup  - ERROR (version 8.1.0.0-365, build 8.1.0.0-365 from 2018-04-30 09.42.24 by buildguy) : (stderr) You are required to change your password immediately (password aged)
2024/02/04 06:10:11 - File backup  - ERROR (version 8.1.0.0-365, build 8.1.0.0-365 from 2018-04-30 09.42.24 by buildguy) : (stderr) su: Authentication token is no longer valid; new one required
2024/02/04 06:10:11 - File backup  - ERROR (version 8.1.0.0-365, build 8.1.0.0-365 from 2018-04-30 09.42.24 by buildguy) : (stderr) (Ignored)
2024/02/04 06:10:12 - File backup  - ERROR (version 8.1.0.0-365, build 8.1.0.0-365 from 2018-04-30 09.42.24 by buildguy) : (stderr) ********************************************************************
2024/02/04 06:10:12 - File backup  - ERROR (version 8.1.0.0-365, build 8.1.0.0-365 from 2018-04-30 09.42.24 by buildguy) : (stderr) *                                                                  *
2024/02/04 06:10:12 - File backup  - ERROR (version 8.1.0.0-365, build 8.1.0.0-365 from 2018-04-30 09.42.24 by buildguy) : (stderr) * This system is for the use of authorized users only.  Usage of   *
2024/02/04 06:10:12 - File backup  - ERROR (version 8.1.0.0-365, build 8.1.0.0-365 from 2018-04-30 09.42.24 by buildguy) : (stderr) * this system may be monitored and recorded by system personnel.   *
2024/02/04 06:10:12 - File backup  - ERROR (version 8.1.0.0-365, build 8.1.0.0-365 from 2018-04-30 09.42.24 by buildguy) : (stderr) *                                                                  *
2024/02/04 06:10:12 - File backup  - ERROR (version 8.1.0.0-365, build 8.1.0.0-365 from 2018-04-30 09.42.24 by buildguy) : (stderr) * Anyone using this system expressly consents to such monitoring   *
2024/02/04 06:10:12 - File backup  - ERROR (version 8.1.0.0-365, build 8.1.0.0-365 from 2018-04-30 09.42.24 by buildguy) : (stderr) * and is advised that if such monitoring reveals possible          *
2024/02/04 06:10:12 - File backup  - ERROR (version 8.1.0.0-365, build 8.1.0.0-365 from 2018-04-30 09.42.24 by buildguy) : (stderr) * evidence of criminal activity, system personnel may provide the  *
2024/02/04 06:10:12 - File backup  - ERROR (version 8.1.0.0-365, build 8.1.0.0-365 from 2018-04-30 09.42.24 by buildguy) : (stderr) * evidence from such monitoring to law enforcement officials.      *
2024/02/04 06:10:12 - File backup  - ERROR (version 8.1.0.0-365, build 8.1.0.0-365 from 2018-04-30 09.42.24 by buildguy) : (stderr) *                                                                  *
2024/02/04 06:10:12 - File backup  - ERROR (version 8.1.0.0-365, build 8.1.0.0-365 from 2018-04-30 09.42.24 by buildguy) : (stderr) ********************************************************************
2024/02/04 06:10:12 - File backup  - ERROR (version 8.1.0.0-365, build 8.1.0.0-365 from 2018-04-30 09.42.24 by buildguy) : (stderr) 
2024/02/04 06:10:13 - File backup  - (stdout) sending incremental file list
2024/02/04 06:10:13 - File backup  - (stdout) och/B1/
2024/02/04 06:10:13 - File backup  - (stdout) och/B1/old/
2024/02/04 06:10:13 - File backup  - (stdout) och/B1/old/04-Feb-2024.csv
2024/02/04 06:10:13 - File backup  - (stdout) och/T2/
2024/02/04 06:10:13 - File backup  - (stdout) och/T2/old/
2024/02/04 06:10:13 - File backup  - (stdout) och/T2/old/04-Feb-2024.csv
2024/02/04 06:10:13 - File backup  - (stdout) och/T3/
2024/02/04 06:10:13 - File backup  - (stdout) och/T3/old/
2024/02/04 06:10:13 - File backup  - (stdout) och/T3/old/04-Feb-2024.csv
2024/02/04 06:10:13 - File backup  - (stdout) och/T4/
2024/02/04 06:10:13 - File backup  - (stdout) och/T4/old/
2024/02/04 06:10:13 - File backup  - (stdout) och/T4/old/04-Feb-2024.csv
2024/02/04 06:10:13 - File backup  - (stdout) och/T50/
2024/02/04 06:10:13 - File backup  - (stdout) och/T50/old/
2024/02/04 06:10:13 - File backup  - (stdout) och/T50/old/04-Feb-2024.csv
2024/02/04 06:10:13 - File backup  - (stdout) och/T51/
2024/02/04 06:10:13 - File backup  - (stdout) och/T51/old/
2024/02/04 06:10:13 - File backup  - (stdout) och/T51/old/04-Feb-2024.csv
2024/02/04 06:10:13 - File backup  - (stdout) och/T52/
2024/02/04 06:10:13 - File backup  - (stdout) och/T52/04-Feb-2024.csv
2024/02/04 06:10:13 - File backup  - (stdout) 
2024/02/04 06:10:13 - File backup  - (stdout) sent 150,607 bytes  received 279 bytes  60,354.40 bytes/sec
2024/02/04 06:10:13 - File backup  - (stdout) total size is 13,206,830  speedup is 87.53
2024/02/04 06:10:13 - JOB_tesubcom - Starting entry [Archive Files 1]
2024/02/04 06:10:13 - JOB_tesubcom - Starting entry [Success]
2024/02/04 06:10:13 - JOB_tesubcom - Starting entry [DUMMY]
2024/02/04 06:10:13 - JOB_tesubcom - Finished job entry [DUMMY] (result=[true])
2024/02/04 06:10:13 - JOB_tesubcom - Finished job entry [Success] (result=[true])
2024/02/04 06:10:13 - JOB_tesubcom - Finished job entry [Archive Files 1] (result=[true])
2024/02/04 06:10:13 - JOB_tesubcom - Finished job entry [File backup ] (result=[true])
2024/02/04 06:10:13 - JOB_tesubcom - Finished job entry [ftp log finised] (result=[true])
2024/02/04 06:10:13 - JOB_tesubcom - Finished job entry [Transformation 7] (result=[true])
2024/02/04 06:10:13 - JOB_tesubcom - Finished job entry [Job download T52] (result=[true])
2024/02/04 06:10:13 - JOB_tesubcom - Finished job entry [Set variables T52] (result=[true])
2024/02/04 06:10:13 - JOB_tesubcom - Finished job entry [LoadConfiguration] (result=[true])
2024/02/04 06:10:13 - JOB_tesubcom - Job execution finished
2024/02/04 06:10:13 - Kitchen - Finished!
2024/02/04 06:10:13 - Kitchen - Start=2024/02/04 06:08:33.878, Stop=2024/02/04 06:10:13.601
2024/02/04 06:10:13 - Kitchen - Processing ended after 1 minutes and 39 seconds (99 seconds total).
#######################################################################
WARNING:  no libwebkitgtk-1.0 detected, some features will be unavailable
    Consider installing the package with apt-get or yum.
    e.g. 'sudo apt-get install libwebkitgtk-1.0-0'
#######################################################################
OpenJDK 64-Bit Server VM warning: ignoring option MaxPermSize=256m; support was removed in 8.0
06:00:04,034 INFO  [KarafBoot] Checking to see if org.pentaho.clean.karaf.cache is enabled
06:08:33,121 INFO  [KarafInstance] 
*******************************************************************************
*** Karaf Instance Number: 5 at /hawaiki_il/data-integration/./system/karaf ***
***   /caches/kitchen/data-5                                                ***
*** FastBin Provider Port:52905                                             ***
*** Karaf Port:8806                                                         ***
*** OSGI Service Port:9055                                                  ***
*******************************************************************************
Feb 05, 2024 6:08:33 AM org.apache.karaf.main.Main$KarafLockCallback lockAquired
INFO: Lock acquired. Setting startlevel to 100
2024/02/05 06:08:34 - Kitchen - Start of run.
06:08:35,575 ERROR [BootFeaturesInstaller] Error Boot feature pentaho-client-minimal not found
06:08:35,575 ERROR [BootFeaturesInstaller] Error Boot feature config not found
2024-02-05 06:08:36.858:INFO:oejs.Server:jetty-8.1.15.v20140411
2024-02-05 06:08:36.899:INFO:oejs.AbstractConnector:Started NIOSocketConnectorWrapper@0.0.0.0:9055
Feb 05, 2024 6:08:37 AM org.apache.cxf.bus.blueprint.NamespaceHandlerRegisterer register
INFO: Registered blueprint namespace handler for http://cxf.apache.org/blueprint/core
Feb 05, 2024 6:08:37 AM org.apache.cxf.bus.blueprint.NamespaceHandlerRegisterer register
INFO: Registered blueprint namespace handler for http://cxf.apache.org/configuration/beans
Feb 05, 2024 6:08:37 AM org.apache.cxf.bus.blueprint.NamespaceHandlerRegisterer register
INFO: Registered blueprint namespace handler for http://cxf.apache.org/configuration/parameterized-types
Feb 05, 2024 6:08:37 AM org.apache.cxf.bus.blueprint.NamespaceHandlerRegisterer register
INFO: Registered blueprint namespace handler for http://cxf.apache.org/configuration/security
Feb 05, 2024 6:08:37 AM org.apache.cxf.bus.blueprint.NamespaceHandlerRegisterer register
INFO: Registered blueprint namespace handler for http://schemas.xmlsoap.org/wsdl/
Feb 05, 2024 6:08:37 AM org.apache.cxf.bus.blueprint.NamespaceHandlerRegisterer register
INFO: Registered blueprint namespace handler for http://www.w3.org/2005/08/addressing
Feb 05, 2024 6:08:37 AM org.apache.cxf.bus.blueprint.NamespaceHandlerRegisterer register
INFO: Registered blueprint namespace handler for http://schemas.xmlsoap.org/ws/2004/08/addressing
Feb 05, 2024 6:08:37 AM org.apache.cxf.bus.osgi.CXFExtensionBundleListener addExtensions
INFO: Adding the extensions from bundle org.apache.cxf.cxf-rt-management (192) [org.apache.cxf.management.InstrumentationManager]
Feb 05, 2024 6:08:37 AM org.apache.cxf.bus.osgi.CXFExtensionBundleListener addExtensions
INFO: Adding the extensions from bundle org.apache.cxf.cxf-rt-wsdl (195) [org.apache.cxf.wsdl.WSDLManager]
Feb 05, 2024 6:08:37 AM org.apache.cxf.bus.osgi.CXFExtensionBundleListener addExtensions
INFO: Adding the extensions from bundle org.apache.cxf.cxf-rt-bindings-xml (197) [org.apache.cxf.binding.xml.XMLBindingFactory, org.apache.cxf.binding.xml.wsdl11.XMLWSDLExtensionLoader]
Feb 05, 2024 6:08:37 AM org.apache.cxf.bus.osgi.CXFExtensionBundleListener addExtensions
INFO: Adding the extensions from bundle org.apache.cxf.cxf-rt-bindings-soap (198) [org.apache.cxf.binding.soap.SoapBindingFactory, org.apache.cxf.binding.soap.SoapTransportFactory]
Feb 05, 2024 6:08:37 AM org.apache.cxf.bus.blueprint.NamespaceHandlerRegisterer register
INFO: Registered blueprint namespace handler for http://cxf.apache.org/blueprint/bindings/soap
Feb 05, 2024 6:08:37 AM org.apache.cxf.bus.osgi.CXFExtensionBundleListener addExtensions
INFO: Adding the extensions from bundle org.apache.cxf.cxf-rt-ws-policy (217) [org.apache.cxf.ws.policy.PolicyEngine, org.apache.cxf.policy.PolicyDataEngine, org.apache.cxf.ws.policy.AssertionBuilderRegistry, org.apache.cxf.ws.policy.PolicyInterceptorProviderRegistry, org.apache.cxf.ws.policy.PolicyBuilder, org.apache.cxf.ws.policy.PolicyAnnotationListener, org.apache.cxf.ws.policy.attachment.ServiceModelPolicyProvider, org.apache.cxf.ws.policy.attachment.external.DomainExpressionBuilderRegistry, org.apache.cxf.ws.policy.attachment.external.EndpointReferenceDomainExpressionBuilder, org.apache.cxf.ws.policy.attachment.external.URIDomainExpressionBuilder, org.apache.cxf.ws.policy.attachment.wsdl11.Wsdl11AttachmentPolicyProvider, org.apache.cxf.ws.policy.mtom.MTOMAssertionBuilder, org.apache.cxf.ws.policy.mtom.MTOMPolicyInterceptorProvider]
Feb 05, 2024 6:08:37 AM org.apache.cxf.bus.osgi.CXFExtensionBundleListener addExtensions
INFO: Adding the extensions from bundle org.apache.cxf.cxf-rt-transports-http (199) [org.apache.cxf.transport.http.HTTPTransportFactory, org.apache.cxf.transport.http.HTTPWSDLExtensionLoader, org.apache.cxf.transport.http.policy.HTTPClientAssertionBuilder, org.apache.cxf.transport.http.policy.HTTPServerAssertionBuilder, org.apache.cxf.transport.http.policy.NoOpPolicyInterceptorProvider]
Feb 05, 2024 6:08:37 AM org.apache.cxf.bus.blueprint.NamespaceHandlerRegisterer register
INFO: Registered blueprint namespace handler for http://cxf.apache.org/transports/http/configuration
Feb 05, 2024 6:08:37 AM org.apache.cxf.bus.blueprint.NamespaceHandlerRegisterer register
INFO: Registered blueprint namespace handler for http://cxf.apache.org/blueprint/simple
Feb 05, 2024 6:08:37 AM org.apache.cxf.bus.osgi.CXFExtensionBundleListener addExtensions
INFO: Adding the extensions from bundle org.apache.cxf.cxf-rt-frontend-jaxws (201) [org.apache.cxf.jaxws.context.WebServiceContextResourceResolver]
Feb 05, 2024 6:08:37 AM org.apache.cxf.bus.blueprint.NamespaceHandlerRegisterer register
INFO: Registered blueprint namespace handler for http://cxf.apache.org/blueprint/jaxws
Feb 05, 2024 6:08:37 AM org.apache.cxf.bus.blueprint.NamespaceHandlerRegisterer register
INFO: Registered blueprint namespace handler for http://cxf.apache.org/blueprint/jaxrs
Feb 05, 2024 6:08:37 AM org.apache.cxf.bus.blueprint.NamespaceHandlerRegisterer register
INFO: Registered blueprint namespace handler for http://cxf.apache.org/blueprint/jaxrs-client
Feb 05, 2024 6:08:37 AM org.apache.cxf.bus.blueprint.NamespaceHandlerRegisterer register
INFO: Registered blueprint namespace handler for http://cxf.apache.org/binding/coloc
Feb 05, 2024 6:08:37 AM org.apache.cxf.bus.osgi.CXFExtensionBundleListener addExtensions
INFO: Adding the extensions from bundle org.apache.cxf.cxf-rt-transports-local (213) [org.apache.cxf.transport.local.LocalTransportFactory]
Feb 05, 2024 6:08:37 AM org.apache.cxf.bus.osgi.CXFExtensionBundleListener addExtensions
INFO: Adding the extensions from bundle org.apache.cxf.cxf-rt-bindings-object (214) [org.apache.cxf.binding.object.ObjectBindingFactory]
Feb 05, 2024 6:08:37 AM org.apache.cxf.bus.blueprint.NamespaceHandlerRegisterer register
INFO: Registered blueprint namespace handler for http://cxf.apache.org/blueprint/binding/object
Feb 05, 2024 6:08:37 AM org.apache.cxf.bus.blueprint.NamespaceHandlerRegisterer register
INFO: Registered blueprint namespace handler for http://cxf.apache.org/policy
Feb 05, 2024 6:08:37 AM org.apache.cxf.bus.blueprint.NamespaceHandlerRegisterer register
INFO: Registered blueprint namespace handler for http://www.w3.org/ns/ws-policy
Feb 05, 2024 6:08:37 AM org.apache.cxf.bus.blueprint.NamespaceHandlerRegisterer register
INFO: Registered blueprint namespace handler for http://www.w3.org/2006/07/ws-policy
Feb 05, 2024 6:08:37 AM org.apache.cxf.bus.blueprint.NamespaceHandlerRegisterer register
INFO: Registered blueprint namespace handler for http://schemas.xmlsoap.org/ws/2004/09/policy
Feb 05, 2024 6:08:37 AM org.apache.cxf.bus.blueprint.NamespaceHandlerRegisterer register
INFO: Registered blueprint namespace handler for http://docs.oasis-open.org/wss/2004/01/oasis-200401-wss-wssecurity-secext-1.0.xsd
Feb 05, 2024 6:08:37 AM org.apache.cxf.bus.blueprint.NamespaceHandlerRegisterer register
INFO: Registered blueprint namespace handler for http://docs.oasis-open.org/wss/2004/01/oasis-200401-wss-wssecurity-utility-1.0.xsd
Feb 05, 2024 6:08:37 AM org.apache.cxf.bus.blueprint.NamespaceHandlerRegisterer register
INFO: Registered blueprint namespace handler for http://www.w3.org/2000/09/xmldsig#
Feb 05, 2024 6:08:37 AM org.apache.cxf.bus.blueprint.NamespaceHandlerRegisterer register
INFO: Registered blueprint namespace handler for http://docs.oasis-open.org/ws-sx/ws-securitypolicy/200702
Feb 05, 2024 6:08:37 AM org.apache.cxf.bus.osgi.CXFExtensionBundleListener addExtensions
INFO: Adding the extensions from bundle org.apache.cxf.cxf-rt-ws-addr (234) [org.apache.cxf.ws.addressing.policy.AddressingAssertionBuilder, org.apache.cxf.ws.addressing.policy.UsingAddressingAssertionBuilder, org.apache.cxf.ws.addressing.policy.AddressingPolicyInterceptorProvider, org.apache.cxf.ws.addressing.impl.AddressingWSDLExtensionLoader, org.apache.cxf.ws.addressing.WSAddressingFeature$WSAddressingFeatureApplier, org.apache.cxf.ws.addressing.MAPAggregator$MAPAggregatorLoader]
Feb 05, 2024 6:08:37 AM org.apache.cxf.bus.blueprint.NamespaceHandlerRegisterer register
INFO: Registered blueprint namespace handler for http://cxf.apache.org/ws/addressing
Feb 05, 2024 6:08:37 AM org.apache.cxf.bus.osgi.CXFExtensionBundleListener addExtensions
INFO: Adding the extensions from bundle org.apache.cxf.cxf-rt-ws-security (236) [org.apache.cxf.ws.security.policy.WSSecurityPolicyLoader, org.apache.cxf.ws.security.cache.CacheCleanupListener]
Feb 05, 2024 6:08:37 AM org.apache.cxf.bus.osgi.CXFExtensionBundleListener addExtensions
INFO: Adding the extensions from bundle org.apache.cxf.cxf-rt-ws-rm (238) [org.apache.cxf.ws.rm.RMManager, org.apache.cxf.ws.rm.policy.RMPolicyInterceptorProvider, org.apache.cxf.ws.rm.policy.RM10AssertionBuilder, org.apache.cxf.ws.rm.policy.RM12AssertionBuilder, org.apache.cxf.ws.rm.policy.WSRMP12PolicyLoader, org.apache.cxf.ws.rm.policy.MC11PolicyLoader, org.apache.cxf.ws.rm.policy.RSPPolicyLoader]
Feb 05, 2024 6:08:37 AM org.apache.cxf.bus.blueprint.NamespaceHandlerRegisterer register
INFO: Registered blueprint namespace handler for http://cxf.apache.org/ws/rm/manager
Feb 05, 2024 6:08:37 AM org.apache.cxf.bus.blueprint.NamespaceHandlerRegisterer register
INFO: Registered blueprint namespace handler for http://schemas.xmlsoap.org/ws/2005/02/rm/policy
Feb 05, 2024 6:08:37 AM org.apache.cxf.bus.osgi.CXFExtensionBundleListener addExtensions
INFO: Adding the extensions from bundle org.apache.cxf.cxf-rt-javascript (239) [org.apache.cxf.javascript.JavascriptServerListener]
Feb 05, 2024 6:08:38 AM org.pentaho.caching.impl.PentahoCacheManagerFactory$RegistrationHandler$1 onSuccess
INFO: New Caching Service registered
06:08:38,605 ERROR [KarafCapabilityProvider] No feature found matching id: pentaho-client
06:08:38,608 ERROR [KarafCapabilityProvider] No feature found matching id: pentaho-metaverse
06:08:38,609 ERROR [KarafCapabilityProvider] No feature found matching id: pentaho-dataservice
06:08:38,610 ERROR [KarafCapabilityProvider] No feature found matching id: pdi-data-refinery
06:08:38,610 ERROR [KarafCapabilityProvider] No feature found matching id: pdi-marketplace
06:08:38,611 ERROR [KarafCapabilityProvider] No feature found matching id: community-edition
SLF4J: Class path contains multiple SLF4J bindings.
SLF4J: Found binding in [jar:file:/hawaiki_il/data-integration/launcher/../lib/slf4j-log4j12-1.7.7.jar!/org/slf4j/impl/StaticLoggerBinder.class]
SLF4J: Found binding in [jar:file:/hawaiki_il/data-integration/plugins/pentaho-big-data-plugin/lib/slf4j-log4j12-1.7.7.jar!/org/slf4j/impl/StaticLoggerBinder.class]
SLF4J: See http://www.slf4j.org/codes.html#multiple_bindings for an explanation.
SLF4J: Actual binding is of type [org.slf4j.impl.Log4jLoggerFactory]
Feb 05, 2024 6:08:40 AM org.apache.cxf.endpoint.ServerImpl initDestination
INFO: Setting the server's publish address to be /lineage
Feb 05, 2024 6:08:40 AM org.apache.cxf.endpoint.ServerImpl initDestination
INFO: Setting the server's publish address to be /i18n
Feb 05, 2024 6:08:41 AM org.apache.cxf.endpoint.ServerImpl initDestination
INFO: Setting the server's publish address to be /marketplace
2024/02/05 06:08:42 - JOB_tesubcom - Start of job execution
2024/02/05 06:08:42 - Carte - Installing timer to purge stale objects after 1440 minutes.
2024/02/05 06:08:42 - JOB_tesubcom - Starting entry [LoadConfiguration]
2024/02/05 06:08:42 - LoadConfiguration - Loading transformation from XML file [file:///hawaiki_il/tesubcom/LoadConfiguration.ktr]
2024/02/05 06:08:43 - LoadConfiguration - Using run configuration [Pentaho local]
2024/02/05 06:08:43 - LoadConfiguration - Using legacy execution engine
2024/02/05 06:08:43 - LoadConfiguration - Dispatching started for transformation [LoadConfiguration]
2024/02/05 06:08:43 - Property Input.0 - Finished processing (I=21, O=0, R=0, W=21, U=0, E=0)
2024/02/05 06:08:43 - Row denormaliser.0 - Finished processing (I=0, O=0, R=21, W=1, U=0, E=0)
2024/02/05 06:08:43 - Set Variables.0 - Setting environment variables...
2024/02/05 06:08:43 - Set Variables.0 - Set variable TARGET_DB_IP to value [10.10.13.201]
2024/02/05 06:08:43 - Set Variables.0 - Set variable TARGET_DB_NAME to value [pm_db]
2024/02/05 06:08:43 - Set Variables.0 - Set variable TARGET_DB_PORT to value [3306]
2024/02/05 06:08:43 - Set Variables.0 - Set variable TARGET_DB_USER to value [mediation_rw]
2024/02/05 06:08:43 - Set Variables.0 - Set variable TARGET_DB_PASS to value [PqTLyM41TjEuiTfF]
2024/02/05 06:08:43 - Set Variables.0 - Set variable TARGET_FTP_SERVER_IP to value [172.29.136.30]
2024/02/05 06:08:43 - Set Variables.0 - Set variable TARGET_FTP_SERVER_PORT to value [21]
2024/02/05 06:08:43 - Set Variables.0 - Set variable TARGET_FTP_SERVER_USERNAME to value [tems_adm]
2024/02/05 06:08:43 - Set Variables.0 - Set variable TARGET_FTP_SERVER_PASSWORD to value [tems_adm]
2024/02/05 06:08:43 - Set Variables.0 - Set variable TARGET_FTP_SERVER_DIRECTORY to value [/home/tems_adm/temsNMS/schedReport/new/och]
2024/02/05 06:08:43 - Set Variables.0 - Set variable TARGET_LOCAL_FILE_DIRECTORY to value [/hawaiki_il/tesubcom/och]
2024/02/05 06:08:43 - Set Variables.0 - Set variable TARGET_FTP_LOGS_DIRECTORY to value [ftp_logs/ftp_logs.txt]
2024/02/05 06:08:43 - Set Variables.0 - Set variable TARGET_EMAIL_DESTINATION_ADDRESS to value [itdev@hawaikicable.co.nz]
2024/02/05 06:08:43 - Set Variables.0 - Set variable TARGET_EMAIL_SENDER_ADDRESS to value [no-reply@bw-digital.com]
2024/02/05 06:08:43 - Set Variables.0 - Set variable TARGET_SMTP_SERVER to value [smtp.office365.com]
2024/02/05 06:08:43 - Set Variables.0 - Set variable TARGET_PORT to value [587]
2024/02/05 06:08:43 - Set Variables.0 - Set variable TARGET_PASSWORD to value [JkKL7+su&=wybsLGjnY@&j5ZV^e_C^J&%LvqrdQk]
2024/02/05 06:08:43 - Set Variables.0 - Set variable TARGET_SUBJECT to value [Missing PM Sources - TEMS Pre production - 10.10.12.108]
2024/02/05 06:08:43 - Set Variables.0 - Set variable TARGET_SUBJECT_Q_FACTOR to value [Q Factor Report - TEMS Pre production - 10.10.12.108]
2024/02/05 06:08:43 - Set Variables.0 - Set variable TARGET_FILE_PATH_Q_FACTOR to value [/email/q_factor_report.txt]
2024/02/05 06:08:43 - Set Variables.0 - Set variable TARGET_EMAIL_QFACTOR_ADDRESS to value [itdev@hawaikicable.co.nz]
2024/02/05 06:08:43 - Set Variables.0 - Finished after 1 rows.
2024/02/05 06:08:43 - Set Variables.0 - Finished processing (I=0, O=0, R=1, W=1, U=0, E=0)
2024/02/05 06:08:43 - JOB_tesubcom - Starting entry [Create file]
2024/02/05 06:08:43 - Create file - File [file:///hawaiki_il/tesubcom/ftp_logs/ftp_logs.txt] already exists, not recreating.
2024/02/05 06:08:43 - JOB_tesubcom - Starting entry [Transformation]
2024/02/05 06:08:43 - Transformation - Loading transformation from XML file [file:///hawaiki_il/tesubcom/InitiateFTPlogs.ktr]
2024/02/05 06:08:43 - Transformation - Using run configuration [Pentaho local]
2024/02/05 06:08:43 - Transformation - Using legacy execution engine
2024/02/05 06:08:43 - InitiateFTPlogs - Dispatching started for transformation [InitiateFTPlogs]
2024/02/05 06:08:43 - Table input.0 - Finished reading query, closing connection.
2024/02/05 06:08:43 - Table input.0 - Finished processing (I=1, O=0, R=0, W=1, U=0, E=0)
2024/02/05 06:08:43 - Text file output.0 - Finished processing (I=0, O=2, R=1, W=1, U=0, E=0)
2024/02/05 06:08:43 - JOB_tesubcom - Starting entry [Set variables B1]
2024/02/05 06:08:43 - JOB_tesubcom - Starting entry [Job download B1]
2024/02/05 06:08:43 - Job download B1 - Using run configuration [Pentaho local]
2024/02/05 06:08:43 - DownloadFile - Starting entry [ftp log starting]
2024/02/05 06:08:43 - DownloadFile - Starting entry [Get och files 1]
2024/02/05 06:08:43 - Get och files 1 - Started FTP job to ${TARGET_FTP_SERVER_IP}
2024/02/05 06:08:54 - DownloadFile - Starting entry [Check if a folder is empty]
2024/02/05 06:08:54 - Check if a folder is empty - Total files
2024/02/05 06:08:54 - DownloadFile - Starting entry [Write To Log 2]
2024/02/05 06:08:54 - ----------------- In Dlownload file -------------------------------------- - </br><font color='green'>File successfully downloaded from folder B1 on 172.29.136.30</font>
2024/02/05 06:08:54 - DownloadFile - Starting entry [ftp log success]
2024/02/05 06:08:54 - DownloadFile - Finished job entry [ftp log success] (result=[true])
2024/02/05 06:08:54 - DownloadFile - Finished job entry [Write To Log 2] (result=[true])
2024/02/05 06:08:54 - DownloadFile - Finished job entry [Check if a folder is empty] (result=[true])
2024/02/05 06:08:54 - DownloadFile - Finished job entry [Get och files 1] (result=[true])
2024/02/05 06:08:54 - DownloadFile - Finished job entry [ftp log starting] (result=[true])
2024/02/05 06:08:54 - JOB_tesubcom - Starting entry [Transformation 1]
2024/02/05 06:08:54 - Transformation 1 - Loading transformation from XML file [file:///hawaiki_il/tesubcom/LoadTEMSFiles.ktr]
2024/02/05 06:08:55 - Transformation 1 - Using run configuration [Pentaho local]
2024/02/05 06:08:55 - Transformation 1 - Using legacy execution engine
2024/02/05 06:08:55 - LoadTEMSFiles - Dispatching started for transformation [LoadTEMSFiles]
2024/02/05 06:08:55 - Table output.0 - Connected to database [db] (commit=1000)
2024/02/05 06:08:55 - Get files from result.0 - Finished processing (I=0, O=0, R=3, W=3, U=0, E=0)
2024/02/05 06:08:55 - Write to log.0 - 
2024/02/05 06:08:55 - Write to log.0 - ------------> Linenr 1------------------------------
2024/02/05 06:08:55 - Write to log.0 - ------------------> File details in LoadTEMSFiles <-------------------------
2024/02/05 06:08:55 - Write to log.0 - 
2024/02/05 06:08:55 - Write to log.0 - type = General
2024/02/05 06:08:55 - Write to log.0 - filename = 05-Feb-2024.csv
2024/02/05 06:08:55 - Write to log.0 - path = file:///hawaiki_il/tesubcom/och/B1/05-Feb-2024.csv
2024/02/05 06:08:55 - Write to log.0 - parentorigin = DownloadFile
2024/02/05 06:08:55 - Write to log.0 - origin = Get och files 1
2024/02/05 06:08:55 - Write to log.0 - comment = Downloaded from ftp server ${TARGET_FTP_SERVER_IP}
2024/02/05 06:08:55 - Write to log.0 - timestamp = 2024/02/05 06:08:54.770
2024/02/05 06:08:55 - Write to log.0 - 
2024/02/05 06:08:55 - Write to log.0 - ====================
2024/02/05 06:08:55 - Write to log.0 - 
2024/02/05 06:08:55 - Write to log.0 - ------------> Linenr 2------------------------------
2024/02/05 06:08:55 - Write to log.0 - ------------------> File details in LoadTEMSFiles <-------------------------
2024/02/05 06:08:55 - Write to log.0 - 
2024/02/05 06:08:55 - Write to log.0 - type = General
2024/02/05 06:08:55 - Write to log.0 - filename = config.properties
2024/02/05 06:08:55 - Write to log.0 - path = file:///hawaiki_il/tesubcom/config.properties
2024/02/05 06:08:55 - Write to log.0 - parentorigin = LoadConfiguration
2024/02/05 06:08:55 - Write to log.0 - origin = Property Input
2024/02/05 06:08:55 - Write to log.0 - comment = File was read by a Property input step
2024/02/05 06:08:55 - Write to log.0 - timestamp = 2024/02/05 06:08:43.136
2024/02/05 06:08:55 - Write to log.0 - 
2024/02/05 06:08:55 - Write to log.0 - ====================
2024/02/05 06:08:55 - Write to log.0 - 
2024/02/05 06:08:55 - Write to log.0 - ------------> Linenr 3------------------------------
2024/02/05 06:08:55 - Write to log.0 - ------------------> File details in LoadTEMSFiles <-------------------------
2024/02/05 06:08:55 - Write to log.0 - 
2024/02/05 06:08:55 - Write to log.0 - type = General
2024/02/05 06:08:55 - Write to log.0 - filename = ftp_logs.txt
2024/02/05 06:08:55 - Write to log.0 - path = file:///hawaiki_il/tesubcom/ftp_logs/ftp_logs.txt
2024/02/05 06:08:55 - Write to log.0 - parentorigin = InitiateFTPlogs
2024/02/05 06:08:55 - Write to log.0 - origin = Text file output
2024/02/05 06:08:55 - Write to log.0 - comment = This file was created with a text file output step
2024/02/05 06:08:55 - Write to log.0 - timestamp = 2024/02/05 06:08:43.633
2024/02/05 06:08:55 - Write to log.0 - 
2024/02/05 06:08:55 - Write to log.0 - ====================
2024/02/05 06:08:55 - Write to log.0 - Finished processing (I=0, O=0, R=3, W=3, U=0, E=0)
2024/02/05 06:08:55 - Filter rows 2.0 - Finished processing (I=0, O=0, R=3, W=3, U=0, E=0)
2024/02/05 06:08:55 - Dummy (do nothing) 3.0 - Finished processing (I=0, O=0, R=1, W=1, U=0, E=0)
2024/02/05 06:08:55 - Text file input 2.0 - Opening file: file:///hawaiki_il/tesubcom/och/B1/05-Feb-2024.csv
2024/02/05 06:08:55 - Text file input 2.0 - Opening file: file:///hawaiki_il/tesubcom/ftp_logs/ftp_logs.txt
2024/02/05 06:08:55 - Text file input 2.0 - Finished processing (I=3174, O=0, R=2, W=3174, U=2, E=0)
2024/02/05 06:08:55 - Filter rows.0 - Finished processing (I=0, O=0, R=3174, W=3174, U=0, E=0)
2024/02/05 06:08:55 - Dummy (do nothing).0 - Finished processing (I=0, O=0, R=6, W=6, U=0, E=0)
2024/02/05 06:08:55 - Split Fields.0 - Finished processing (I=0, O=0, R=3168, W=3168, U=0, E=0)
2024/02/05 06:08:55 - Replace in string.0 - Finished processing (I=0, O=0, R=3168, W=3168, U=0, E=0)
2024/02/05 06:08:55 - Select values.0 - Finished processing (I=0, O=0, R=3168, W=3168, U=0, E=0)
2024/02/05 06:08:57 - Table output.0 - Finished processing (I=0, O=3168, R=3168, W=3168, U=0, E=0)
2024/02/05 06:08:57 - Dummy (do nothing) 2.0 - Finished processing (I=0, O=0, R=3168, W=3168, U=0, E=0)
2024/02/05 06:08:57 - JOB_tesubcom - Starting entry [Archive Files 1]
2024/02/05 06:08:57 - JOB_tesubcom - Starting entry [Success]
2024/02/05 06:08:57 - JOB_tesubcom - Starting entry [DUMMY]
2024/02/05 06:08:57 - JOB_tesubcom - Finished job entry [DUMMY] (result=[true])
2024/02/05 06:08:57 - JOB_tesubcom - Finished job entry [Success] (result=[true])
2024/02/05 06:08:57 - JOB_tesubcom - Finished job entry [Archive Files 1] (result=[true])
2024/02/05 06:08:57 - JOB_tesubcom - Finished job entry [Transformation 1] (result=[true])
2024/02/05 06:08:57 - JOB_tesubcom - Finished job entry [Job download B1] (result=[true])
2024/02/05 06:08:57 - JOB_tesubcom - Finished job entry [Set variables B1] (result=[true])
2024/02/05 06:08:57 - JOB_tesubcom - Finished job entry [Transformation] (result=[true])
2024/02/05 06:08:57 - JOB_tesubcom - Finished job entry [Create file] (result=[true])
2024/02/05 06:08:57 - JOB_tesubcom - Starting entry [Set variables T2]
2024/02/05 06:08:57 - JOB_tesubcom - Starting entry [Job download T2]
2024/02/05 06:08:57 - Job download T2 - Using run configuration [Pentaho local]
2024/02/05 06:08:57 - DownloadFile - Starting entry [ftp log starting]
2024/02/05 06:08:57 - DownloadFile - Starting entry [Get och files 1]
2024/02/05 06:08:57 - Get och files 1 - Started FTP job to ${TARGET_FTP_SERVER_IP}
2024/02/05 06:09:08 - DownloadFile - Starting entry [Check if a folder is empty]
2024/02/05 06:09:08 - Check if a folder is empty - Total files
2024/02/05 06:09:08 - DownloadFile - Starting entry [Write To Log 2]
2024/02/05 06:09:08 - ----------------- In Dlownload file -------------------------------------- - </br><font color='green'>File successfully downloaded from folder T2 on 172.29.136.30</font>
2024/02/05 06:09:08 - DownloadFile - Starting entry [ftp log success]
2024/02/05 06:09:08 - DownloadFile - Finished job entry [ftp log success] (result=[true])
2024/02/05 06:09:08 - DownloadFile - Finished job entry [Write To Log 2] (result=[true])
2024/02/05 06:09:08 - DownloadFile - Finished job entry [Check if a folder is empty] (result=[true])
2024/02/05 06:09:08 - DownloadFile - Finished job entry [Get och files 1] (result=[true])
2024/02/05 06:09:08 - DownloadFile - Finished job entry [ftp log starting] (result=[true])
2024/02/05 06:09:08 - JOB_tesubcom - Starting entry [Transformation 2]
2024/02/05 06:09:08 - Transformation 2 - Loading transformation from XML file [file:///hawaiki_il/tesubcom/LoadTEMSFiles.ktr]
2024/02/05 06:09:09 - Transformation 2 - Using run configuration [Pentaho local]
2024/02/05 06:09:09 - Transformation 2 - Using legacy execution engine
2024/02/05 06:09:09 - LoadTEMSFiles - Dispatching started for transformation [LoadTEMSFiles]
2024/02/05 06:09:09 - Table output.0 - Connected to database [db] (commit=1000)
2024/02/05 06:09:09 - Get files from result.0 - Finished processing (I=0, O=0, R=2, W=2, U=0, E=0)
2024/02/05 06:09:09 - Write to log.0 - 
2024/02/05 06:09:09 - Write to log.0 - ------------> Linenr 1------------------------------
2024/02/05 06:09:09 - Write to log.0 - ------------------> File details in LoadTEMSFiles <-------------------------
2024/02/05 06:09:09 - Write to log.0 - 
2024/02/05 06:09:09 - Write to log.0 - type = General
2024/02/05 06:09:09 - Write to log.0 - filename = config.properties
2024/02/05 06:09:09 - Write to log.0 - path = file:///hawaiki_il/tesubcom/config.properties
2024/02/05 06:09:09 - Write to log.0 - parentorigin = LoadConfiguration
2024/02/05 06:09:09 - Write to log.0 - origin = Property Input
2024/02/05 06:09:09 - Write to log.0 - comment = File was read by a Property input step
2024/02/05 06:09:09 - Write to log.0 - timestamp = 2024/02/05 06:08:43.136
2024/02/05 06:09:09 - Write to log.0 - 
2024/02/05 06:09:09 - Write to log.0 - ====================
2024/02/05 06:09:09 - Write to log.0 - 
2024/02/05 06:09:09 - Write to log.0 - ------------> Linenr 2------------------------------
2024/02/05 06:09:09 - Write to log.0 - ------------------> File details in LoadTEMSFiles <-------------------------
2024/02/05 06:09:09 - Write to log.0 - 
2024/02/05 06:09:09 - Write to log.0 - type = General
2024/02/05 06:09:09 - Write to log.0 - filename = 05-Feb-2024.csv
2024/02/05 06:09:09 - Write to log.0 - path = file:///hawaiki_il/tesubcom/och/T2/05-Feb-2024.csv
2024/02/05 06:09:09 - Write to log.0 - parentorigin = DownloadFile
2024/02/05 06:09:09 - Write to log.0 - origin = Get och files 1
2024/02/05 06:09:09 - Write to log.0 - comment = Downloaded from ftp server ${TARGET_FTP_SERVER_IP}
2024/02/05 06:09:09 - Write to log.0 - timestamp = 2024/02/05 06:09:08.815
2024/02/05 06:09:09 - Write to log.0 - 
2024/02/05 06:09:09 - Write to log.0 - ====================
2024/02/05 06:09:09 - Write to log.0 - Finished processing (I=0, O=0, R=2, W=2, U=0, E=0)
2024/02/05 06:09:09 - Filter rows 2.0 - Finished processing (I=0, O=0, R=2, W=2, U=0, E=0)
2024/02/05 06:09:09 - Dummy (do nothing) 3.0 - Finished processing (I=0, O=0, R=1, W=1, U=0, E=0)
2024/02/05 06:09:09 - Text file input 2.0 - Opening file: file:///hawaiki_il/tesubcom/och/T2/05-Feb-2024.csv
2024/02/05 06:09:09 - Text file input 2.0 - Finished processing (I=3460, O=0, R=1, W=3460, U=1, E=0)
2024/02/05 06:09:09 - Filter rows.0 - Finished processing (I=0, O=0, R=3460, W=3460, U=0, E=0)
2024/02/05 06:09:09 - Dummy (do nothing).0 - Finished processing (I=0, O=0, R=4, W=4, U=0, E=0)
2024/02/05 06:09:09 - Split Fields.0 - Finished processing (I=0, O=0, R=3456, W=3456, U=0, E=0)
2024/02/05 06:09:09 - Replace in string.0 - Finished processing (I=0, O=0, R=3456, W=3456, U=0, E=0)
2024/02/05 06:09:09 - Select values.0 - Finished processing (I=0, O=0, R=3456, W=3456, U=0, E=0)
2024/02/05 06:09:11 - Table output.0 - Finished processing (I=0, O=3456, R=3456, W=3456, U=0, E=0)
2024/02/05 06:09:11 - Dummy (do nothing) 2.0 - Finished processing (I=0, O=0, R=3456, W=3456, U=0, E=0)
2024/02/05 06:09:11 - JOB_tesubcom - Starting entry [Archive Files 1]
2024/02/05 06:09:11 - JOB_tesubcom - Starting entry [Success]
2024/02/05 06:09:11 - JOB_tesubcom - Starting entry [DUMMY]
2024/02/05 06:09:11 - JOB_tesubcom - Finished job entry [DUMMY] (result=[true])
2024/02/05 06:09:11 - JOB_tesubcom - Finished job entry [Success] (result=[true])
2024/02/05 06:09:11 - JOB_tesubcom - Finished job entry [Archive Files 1] (result=[true])
2024/02/05 06:09:11 - JOB_tesubcom - Finished job entry [Transformation 2] (result=[true])
2024/02/05 06:09:11 - JOB_tesubcom - Finished job entry [Job download T2] (result=[true])
2024/02/05 06:09:11 - JOB_tesubcom - Finished job entry [Set variables T2] (result=[true])
2024/02/05 06:09:11 - JOB_tesubcom - Starting entry [Set variables T3]
2024/02/05 06:09:11 - JOB_tesubcom - Starting entry [Job download T3]
2024/02/05 06:09:11 - Job download T3 - Using run configuration [Pentaho local]
2024/02/05 06:09:11 - DownloadFile - Starting entry [ftp log starting]
2024/02/05 06:09:11 - DownloadFile - Starting entry [Get och files 1]
2024/02/05 06:09:11 - Get och files 1 - Started FTP job to ${TARGET_FTP_SERVER_IP}
2024/02/05 06:09:22 - DownloadFile - Starting entry [Check if a folder is empty]
2024/02/05 06:09:22 - Check if a folder is empty - Total files
2024/02/05 06:09:22 - DownloadFile - Starting entry [Write To Log 2]
2024/02/05 06:09:22 - ----------------- In Dlownload file -------------------------------------- - </br><font color='green'>File successfully downloaded from folder T3 on 172.29.136.30</font>
2024/02/05 06:09:22 - DownloadFile - Starting entry [ftp log success]
2024/02/05 06:09:22 - DownloadFile - Finished job entry [ftp log success] (result=[true])
2024/02/05 06:09:22 - DownloadFile - Finished job entry [Write To Log 2] (result=[true])
2024/02/05 06:09:22 - DownloadFile - Finished job entry [Check if a folder is empty] (result=[true])
2024/02/05 06:09:22 - DownloadFile - Finished job entry [Get och files 1] (result=[true])
2024/02/05 06:09:22 - DownloadFile - Finished job entry [ftp log starting] (result=[true])
2024/02/05 06:09:22 - JOB_tesubcom - Starting entry [Transformation 3]
2024/02/05 06:09:22 - Transformation 3 - Loading transformation from XML file [file:///hawaiki_il/tesubcom/LoadTEMSFiles.ktr]
2024/02/05 06:09:22 - Transformation 3 - Using run configuration [Pentaho local]
2024/02/05 06:09:22 - Transformation 3 - Using legacy execution engine
2024/02/05 06:09:22 - LoadTEMSFiles - Dispatching started for transformation [LoadTEMSFiles]
2024/02/05 06:09:22 - Table output.0 - Connected to database [db] (commit=1000)
2024/02/05 06:09:22 - Get files from result.0 - Finished processing (I=0, O=0, R=2, W=2, U=0, E=0)
2024/02/05 06:09:22 - Write to log.0 - 
2024/02/05 06:09:22 - Write to log.0 - ------------> Linenr 1------------------------------
2024/02/05 06:09:22 - Write to log.0 - ------------------> File details in LoadTEMSFiles <-------------------------
2024/02/05 06:09:22 - Write to log.0 - 
2024/02/05 06:09:22 - Write to log.0 - type = General
2024/02/05 06:09:22 - Write to log.0 - filename = config.properties
2024/02/05 06:09:22 - Write to log.0 - path = file:///hawaiki_il/tesubcom/config.properties
2024/02/05 06:09:22 - Write to log.0 - parentorigin = LoadConfiguration
2024/02/05 06:09:22 - Write to log.0 - origin = Property Input
2024/02/05 06:09:22 - Write to log.0 - comment = File was read by a Property input step
2024/02/05 06:09:22 - Write to log.0 - timestamp = 2024/02/05 06:08:43.136
2024/02/05 06:09:22 - Write to log.0 - 
2024/02/05 06:09:22 - Write to log.0 - ====================
2024/02/05 06:09:22 - Write to log.0 - 
2024/02/05 06:09:22 - Write to log.0 - ------------> Linenr 2------------------------------
2024/02/05 06:09:22 - Write to log.0 - ------------------> File details in LoadTEMSFiles <-------------------------
2024/02/05 06:09:22 - Write to log.0 - 
2024/02/05 06:09:22 - Write to log.0 - type = General
2024/02/05 06:09:22 - Write to log.0 - filename = 05-Feb-2024.csv
2024/02/05 06:09:22 - Write to log.0 - path = file:///hawaiki_il/tesubcom/och/T3/05-Feb-2024.csv
2024/02/05 06:09:22 - Write to log.0 - parentorigin = DownloadFile
2024/02/05 06:09:22 - Write to log.0 - origin = Get och files 1
2024/02/05 06:09:22 - Write to log.0 - comment = Downloaded from ftp server ${TARGET_FTP_SERVER_IP}
2024/02/05 06:09:22 - Write to log.0 - timestamp = 2024/02/05 06:09:22.250
2024/02/05 06:09:22 - Write to log.0 - 
2024/02/05 06:09:22 - Write to log.0 - ====================
2024/02/05 06:09:22 - Write to log.0 - Finished processing (I=0, O=0, R=2, W=2, U=0, E=0)
2024/02/05 06:09:22 - Filter rows 2.0 - Finished processing (I=0, O=0, R=2, W=2, U=0, E=0)
2024/02/05 06:09:22 - Dummy (do nothing) 3.0 - Finished processing (I=0, O=0, R=1, W=1, U=0, E=0)
2024/02/05 06:09:22 - Text file input 2.0 - Opening file: file:///hawaiki_il/tesubcom/och/T3/05-Feb-2024.csv
2024/02/05 06:09:22 - Text file input 2.0 - Finished processing (I=2596, O=0, R=1, W=2596, U=1, E=0)
2024/02/05 06:09:22 - Filter rows.0 - Finished processing (I=0, O=0, R=2596, W=2596, U=0, E=0)
2024/02/05 06:09:22 - Dummy (do nothing).0 - Finished processing (I=0, O=0, R=4, W=4, U=0, E=0)
2024/02/05 06:09:22 - Split Fields.0 - Finished processing (I=0, O=0, R=2592, W=2592, U=0, E=0)
2024/02/05 06:09:22 - Replace in string.0 - Finished processing (I=0, O=0, R=2592, W=2592, U=0, E=0)
2024/02/05 06:09:22 - Select values.0 - Finished processing (I=0, O=0, R=2592, W=2592, U=0, E=0)
2024/02/05 06:09:24 - Table output.0 - Finished processing (I=0, O=2592, R=2592, W=2592, U=0, E=0)
2024/02/05 06:09:24 - Dummy (do nothing) 2.0 - Finished processing (I=0, O=0, R=2592, W=2592, U=0, E=0)
2024/02/05 06:09:24 - JOB_tesubcom - Starting entry [Archive Files 1]
2024/02/05 06:09:24 - JOB_tesubcom - Starting entry [Success]
2024/02/05 06:09:24 - JOB_tesubcom - Starting entry [DUMMY]
2024/02/05 06:09:24 - JOB_tesubcom - Finished job entry [DUMMY] (result=[true])
2024/02/05 06:09:24 - JOB_tesubcom - Finished job entry [Success] (result=[true])
2024/02/05 06:09:24 - JOB_tesubcom - Finished job entry [Archive Files 1] (result=[true])
2024/02/05 06:09:24 - JOB_tesubcom - Finished job entry [Transformation 3] (result=[true])
2024/02/05 06:09:24 - JOB_tesubcom - Finished job entry [Job download T3] (result=[true])
2024/02/05 06:09:24 - JOB_tesubcom - Finished job entry [Set variables T3] (result=[true])
2024/02/05 06:09:24 - JOB_tesubcom - Starting entry [Set variables T4]
2024/02/05 06:09:24 - JOB_tesubcom - Starting entry [Job download T4]
2024/02/05 06:09:24 - Job download T4 - Using run configuration [Pentaho local]
2024/02/05 06:09:24 - DownloadFile - Starting entry [ftp log starting]
2024/02/05 06:09:24 - DownloadFile - Starting entry [Get och files 1]
2024/02/05 06:09:24 - Get och files 1 - Started FTP job to ${TARGET_FTP_SERVER_IP}
2024/02/05 06:09:35 - DownloadFile - Starting entry [Check if a folder is empty]
2024/02/05 06:09:35 - Check if a folder is empty - Total files
2024/02/05 06:09:35 - DownloadFile - Starting entry [Write To Log 2]
2024/02/05 06:09:35 - ----------------- In Dlownload file -------------------------------------- - </br><font color='green'>File successfully downloaded from folder T4 on 172.29.136.30</font>
2024/02/05 06:09:35 - DownloadFile - Starting entry [ftp log success]
2024/02/05 06:09:35 - DownloadFile - Finished job entry [ftp log success] (result=[true])
2024/02/05 06:09:35 - DownloadFile - Finished job entry [Write To Log 2] (result=[true])
2024/02/05 06:09:35 - DownloadFile - Finished job entry [Check if a folder is empty] (result=[true])
2024/02/05 06:09:35 - DownloadFile - Finished job entry [Get och files 1] (result=[true])
2024/02/05 06:09:35 - DownloadFile - Finished job entry [ftp log starting] (result=[true])
2024/02/05 06:09:35 - JOB_tesubcom - Starting entry [Transformation 4]
2024/02/05 06:09:35 - Transformation 4 - Loading transformation from XML file [file:///hawaiki_il/tesubcom/LoadTEMSFiles.ktr]
2024/02/05 06:09:35 - Transformation 4 - Using run configuration [Pentaho local]
2024/02/05 06:09:35 - Transformation 4 - Using legacy execution engine
2024/02/05 06:09:35 - LoadTEMSFiles - Dispatching started for transformation [LoadTEMSFiles]
2024/02/05 06:09:35 - Table output.0 - Connected to database [db] (commit=1000)
2024/02/05 06:09:35 - Write to log.0 - 
2024/02/05 06:09:35 - Write to log.0 - ------------> Linenr 1------------------------------
2024/02/05 06:09:35 - Write to log.0 - ------------------> File details in LoadTEMSFiles <-------------------------
2024/02/05 06:09:35 - Write to log.0 - 
2024/02/05 06:09:35 - Write to log.0 - type = General
2024/02/05 06:09:35 - Write to log.0 - filename = 05-Feb-2024.csv
2024/02/05 06:09:35 - Write to log.0 - path = file:///hawaiki_il/tesubcom/och/T4/05-Feb-2024.csv
2024/02/05 06:09:35 - Write to log.0 - parentorigin = DownloadFile
2024/02/05 06:09:35 - Write to log.0 - origin = Get och files 1
2024/02/05 06:09:35 - Write to log.0 - comment = Downloaded from ftp server ${TARGET_FTP_SERVER_IP}
2024/02/05 06:09:35 - Write to log.0 - timestamp = 2024/02/05 06:09:35.265
2024/02/05 06:09:35 - Write to log.0 - 
2024/02/05 06:09:35 - Write to log.0 - ====================
2024/02/05 06:09:35 - Get files from result.0 - Finished processing (I=0, O=0, R=2, W=2, U=0, E=0)
2024/02/05 06:09:35 - Write to log.0 - 
2024/02/05 06:09:35 - Write to log.0 - ------------> Linenr 2------------------------------
2024/02/05 06:09:35 - Write to log.0 - ------------------> File details in LoadTEMSFiles <-------------------------
2024/02/05 06:09:35 - Write to log.0 - 
2024/02/05 06:09:35 - Write to log.0 - type = General
2024/02/05 06:09:35 - Write to log.0 - filename = config.properties
2024/02/05 06:09:35 - Write to log.0 - path = file:///hawaiki_il/tesubcom/config.properties
2024/02/05 06:09:35 - Write to log.0 - parentorigin = LoadConfiguration
2024/02/05 06:09:35 - Write to log.0 - origin = Property Input
2024/02/05 06:09:35 - Write to log.0 - comment = File was read by a Property input step
2024/02/05 06:09:35 - Write to log.0 - timestamp = 2024/02/05 06:08:43.136
2024/02/05 06:09:35 - Write to log.0 - 
2024/02/05 06:09:35 - Write to log.0 - ====================
2024/02/05 06:09:35 - Write to log.0 - Finished processing (I=0, O=0, R=2, W=2, U=0, E=0)
2024/02/05 06:09:35 - Filter rows 2.0 - Finished processing (I=0, O=0, R=2, W=2, U=0, E=0)
2024/02/05 06:09:35 - Dummy (do nothing) 3.0 - Finished processing (I=0, O=0, R=1, W=1, U=0, E=0)
2024/02/05 06:09:35 - Text file input 2.0 - Opening file: file:///hawaiki_il/tesubcom/och/T4/05-Feb-2024.csv
2024/02/05 06:09:35 - Text file input 2.0 - Finished processing (I=1252, O=0, R=1, W=1252, U=1, E=0)
2024/02/05 06:09:35 - Filter rows.0 - Finished processing (I=0, O=0, R=1252, W=1252, U=0, E=0)
2024/02/05 06:09:35 - Dummy (do nothing).0 - Finished processing (I=0, O=0, R=4, W=4, U=0, E=0)
2024/02/05 06:09:35 - Split Fields.0 - Finished processing (I=0, O=0, R=1248, W=1248, U=0, E=0)
2024/02/05 06:09:35 - Replace in string.0 - Finished processing (I=0, O=0, R=1248, W=1248, U=0, E=0)
2024/02/05 06:09:35 - Select values.0 - Finished processing (I=0, O=0, R=1248, W=1248, U=0, E=0)
2024/02/05 06:09:36 - Table output.0 - Finished processing (I=0, O=1248, R=1248, W=1248, U=0, E=0)
2024/02/05 06:09:36 - Dummy (do nothing) 2.0 - Finished processing (I=0, O=0, R=1248, W=1248, U=0, E=0)
2024/02/05 06:09:36 - JOB_tesubcom - Starting entry [Archive Files 1]
2024/02/05 06:09:36 - JOB_tesubcom - Starting entry [Success]
2024/02/05 06:09:36 - JOB_tesubcom - Starting entry [DUMMY]
2024/02/05 06:09:36 - JOB_tesubcom - Finished job entry [DUMMY] (result=[true])
2024/02/05 06:09:36 - JOB_tesubcom - Finished job entry [Success] (result=[true])
2024/02/05 06:09:36 - JOB_tesubcom - Finished job entry [Archive Files 1] (result=[true])
2024/02/05 06:09:36 - JOB_tesubcom - Finished job entry [Transformation 4] (result=[true])
2024/02/05 06:09:36 - JOB_tesubcom - Finished job entry [Job download T4] (result=[true])
2024/02/05 06:09:36 - JOB_tesubcom - Finished job entry [Set variables T4] (result=[true])
2024/02/05 06:09:36 - JOB_tesubcom - Starting entry [Set variables T50]
2024/02/05 06:09:36 - JOB_tesubcom - Starting entry [Job download T50]
2024/02/05 06:09:36 - Job download T50 - Using run configuration [Pentaho local]
2024/02/05 06:09:36 - DownloadFile - Starting entry [ftp log starting]
2024/02/05 06:09:36 - DownloadFile - Starting entry [Get och files 1]
2024/02/05 06:09:36 - Get och files 1 - Started FTP job to ${TARGET_FTP_SERVER_IP}
2024/02/05 06:09:47 - DownloadFile - Starting entry [Check if a folder is empty]
2024/02/05 06:09:47 - Check if a folder is empty - Total files
2024/02/05 06:09:47 - DownloadFile - Starting entry [Write To Log 2]
2024/02/05 06:09:47 - ----------------- In Dlownload file -------------------------------------- - </br><font color='green'>File successfully downloaded from folder T50 on 172.29.136.30</font>
2024/02/05 06:09:47 - DownloadFile - Starting entry [ftp log success]
2024/02/05 06:09:47 - DownloadFile - Finished job entry [ftp log success] (result=[true])
2024/02/05 06:09:47 - DownloadFile - Finished job entry [Write To Log 2] (result=[true])
2024/02/05 06:09:47 - DownloadFile - Finished job entry [Check if a folder is empty] (result=[true])
2024/02/05 06:09:47 - DownloadFile - Finished job entry [Get och files 1] (result=[true])
2024/02/05 06:09:47 - DownloadFile - Finished job entry [ftp log starting] (result=[true])
2024/02/05 06:09:47 - JOB_tesubcom - Starting entry [Transformation 5]
2024/02/05 06:09:47 - Transformation 5 - Loading transformation from XML file [file:///hawaiki_il/tesubcom/LoadTEMSFiles.ktr]
2024/02/05 06:09:47 - Transformation 5 - Using run configuration [Pentaho local]
2024/02/05 06:09:47 - Transformation 5 - Using legacy execution engine
2024/02/05 06:09:47 - LoadTEMSFiles - Dispatching started for transformation [LoadTEMSFiles]
2024/02/05 06:09:47 - Table output.0 - Connected to database [db] (commit=1000)
2024/02/05 06:09:47 - Get files from result.0 - Finished processing (I=0, O=0, R=2, W=2, U=0, E=0)
2024/02/05 06:09:47 - Write to log.0 - 
2024/02/05 06:09:47 - Write to log.0 - ------------> Linenr 1------------------------------
2024/02/05 06:09:47 - Write to log.0 - ------------------> File details in LoadTEMSFiles <-------------------------
2024/02/05 06:09:47 - Write to log.0 - 
2024/02/05 06:09:47 - Write to log.0 - type = General
2024/02/05 06:09:47 - Write to log.0 - filename = config.properties
2024/02/05 06:09:47 - Write to log.0 - path = file:///hawaiki_il/tesubcom/config.properties
2024/02/05 06:09:47 - Write to log.0 - parentorigin = LoadConfiguration
2024/02/05 06:09:47 - Write to log.0 - origin = Property Input
2024/02/05 06:09:47 - Write to log.0 - comment = File was read by a Property input step
2024/02/05 06:09:47 - Write to log.0 - timestamp = 2024/02/05 06:08:43.136
2024/02/05 06:09:47 - Write to log.0 - 
2024/02/05 06:09:47 - Write to log.0 - ====================
2024/02/05 06:09:47 - Write to log.0 - 
2024/02/05 06:09:47 - Write to log.0 - ------------> Linenr 2------------------------------
2024/02/05 06:09:47 - Write to log.0 - ------------------> File details in LoadTEMSFiles <-------------------------
2024/02/05 06:09:47 - Write to log.0 - 
2024/02/05 06:09:47 - Write to log.0 - type = General
2024/02/05 06:09:47 - Write to log.0 - filename = 05-Feb-2024.csv
2024/02/05 06:09:47 - Write to log.0 - path = file:///hawaiki_il/tesubcom/och/T50/05-Feb-2024.csv
2024/02/05 06:09:47 - Write to log.0 - parentorigin = DownloadFile
2024/02/05 06:09:47 - Write to log.0 - origin = Get och files 1
2024/02/05 06:09:47 - Write to log.0 - comment = Downloaded from ftp server ${TARGET_FTP_SERVER_IP}
2024/02/05 06:09:47 - Write to log.0 - timestamp = 2024/02/05 06:09:47.310
2024/02/05 06:09:47 - Write to log.0 - 
2024/02/05 06:09:47 - Write to log.0 - ====================
2024/02/05 06:09:47 - Write to log.0 - Finished processing (I=0, O=0, R=2, W=2, U=0, E=0)
2024/02/05 06:09:47 - Filter rows 2.0 - Finished processing (I=0, O=0, R=2, W=2, U=0, E=0)
2024/02/05 06:09:47 - Dummy (do nothing) 3.0 - Finished processing (I=0, O=0, R=1, W=1, U=0, E=0)
2024/02/05 06:09:47 - Text file input 2.0 - Opening file: file:///hawaiki_il/tesubcom/och/T50/05-Feb-2024.csv
2024/02/05 06:09:47 - Text file input 2.0 - Finished processing (I=1540, O=0, R=1, W=1540, U=1, E=0)
2024/02/05 06:09:47 - Filter rows.0 - Finished processing (I=0, O=0, R=1540, W=1540, U=0, E=0)
2024/02/05 06:09:47 - Dummy (do nothing).0 - Finished processing (I=0, O=0, R=4, W=4, U=0, E=0)
2024/02/05 06:09:47 - Split Fields.0 - Finished processing (I=0, O=0, R=1536, W=1536, U=0, E=0)
2024/02/05 06:09:47 - Replace in string.0 - Finished processing (I=0, O=0, R=1536, W=1536, U=0, E=0)
2024/02/05 06:09:47 - Select values.0 - Finished processing (I=0, O=0, R=1536, W=1536, U=0, E=0)
2024/02/05 06:09:48 - Table output.0 - Finished processing (I=0, O=1536, R=1536, W=1536, U=0, E=0)
2024/02/05 06:09:48 - Dummy (do nothing) 2.0 - Finished processing (I=0, O=0, R=1536, W=1536, U=0, E=0)
2024/02/05 06:09:48 - JOB_tesubcom - Starting entry [Archive Files 1]
2024/02/05 06:09:48 - JOB_tesubcom - Starting entry [Success]
2024/02/05 06:09:48 - JOB_tesubcom - Starting entry [DUMMY]
2024/02/05 06:09:48 - JOB_tesubcom - Finished job entry [DUMMY] (result=[true])
2024/02/05 06:09:48 - JOB_tesubcom - Finished job entry [Success] (result=[true])
2024/02/05 06:09:48 - JOB_tesubcom - Finished job entry [Archive Files 1] (result=[true])
2024/02/05 06:09:48 - JOB_tesubcom - Finished job entry [Transformation 5] (result=[true])
2024/02/05 06:09:48 - JOB_tesubcom - Finished job entry [Job download T50] (result=[true])
2024/02/05 06:09:48 - JOB_tesubcom - Finished job entry [Set variables T50] (result=[true])
2024/02/05 06:09:48 - JOB_tesubcom - Starting entry [Set variables T51]
2024/02/05 06:09:48 - JOB_tesubcom - Starting entry [Job download T51]
2024/02/05 06:09:48 - Job download T51 - Using run configuration [Pentaho local]
2024/02/05 06:09:48 - DownloadFile - Starting entry [ftp log starting]
2024/02/05 06:09:48 - DownloadFile - Starting entry [Get och files 1]
2024/02/05 06:09:48 - Get och files 1 - Started FTP job to ${TARGET_FTP_SERVER_IP}
2024/02/05 06:09:59 - DownloadFile - Starting entry [Check if a folder is empty]
2024/02/05 06:09:59 - Check if a folder is empty - Total files
2024/02/05 06:09:59 - DownloadFile - Starting entry [Write To Log 2]
2024/02/05 06:09:59 - ----------------- In Dlownload file -------------------------------------- - </br><font color='green'>File successfully downloaded from folder T51 on 172.29.136.30</font>
2024/02/05 06:09:59 - DownloadFile - Starting entry [ftp log success]
2024/02/05 06:09:59 - DownloadFile - Finished job entry [ftp log success] (result=[true])
2024/02/05 06:09:59 - DownloadFile - Finished job entry [Write To Log 2] (result=[true])
2024/02/05 06:09:59 - DownloadFile - Finished job entry [Check if a folder is empty] (result=[true])
2024/02/05 06:09:59 - DownloadFile - Finished job entry [Get och files 1] (result=[true])
2024/02/05 06:09:59 - DownloadFile - Finished job entry [ftp log starting] (result=[true])
2024/02/05 06:09:59 - JOB_tesubcom - Starting entry [Transformation 6]
2024/02/05 06:09:59 - Transformation 6 - Loading transformation from XML file [file:///hawaiki_il/tesubcom/LoadTEMSFiles.ktr]
2024/02/05 06:09:59 - Transformation 6 - Using run configuration [Pentaho local]
2024/02/05 06:09:59 - Transformation 6 - Using legacy execution engine
2024/02/05 06:09:59 - LoadTEMSFiles - Dispatching started for transformation [LoadTEMSFiles]
2024/02/05 06:09:59 - Table output.0 - Connected to database [db] (commit=1000)
2024/02/05 06:09:59 - Get files from result.0 - Finished processing (I=0, O=0, R=2, W=2, U=0, E=0)
2024/02/05 06:09:59 - Write to log.0 - 
2024/02/05 06:09:59 - Write to log.0 - ------------> Linenr 1------------------------------
2024/02/05 06:09:59 - Write to log.0 - ------------------> File details in LoadTEMSFiles <-------------------------
2024/02/05 06:09:59 - Write to log.0 - 
2024/02/05 06:09:59 - Write to log.0 - type = General
2024/02/05 06:09:59 - Write to log.0 - filename = 05-Feb-2024.csv
2024/02/05 06:09:59 - Write to log.0 - path = file:///hawaiki_il/tesubcom/och/T51/05-Feb-2024.csv
2024/02/05 06:09:59 - Write to log.0 - parentorigin = DownloadFile
2024/02/05 06:09:59 - Write to log.0 - origin = Get och files 1
2024/02/05 06:09:59 - Write to log.0 - comment = Downloaded from ftp server ${TARGET_FTP_SERVER_IP}
2024/02/05 06:09:59 - Write to log.0 - timestamp = 2024/02/05 06:09:59.622
2024/02/05 06:09:59 - Write to log.0 - 
2024/02/05 06:09:59 - Write to log.0 - ====================
2024/02/05 06:09:59 - Write to log.0 - 
2024/02/05 06:09:59 - Write to log.0 - ------------> Linenr 2------------------------------
2024/02/05 06:09:59 - Write to log.0 - ------------------> File details in LoadTEMSFiles <-------------------------
2024/02/05 06:09:59 - Write to log.0 - 
2024/02/05 06:09:59 - Write to log.0 - type = General
2024/02/05 06:09:59 - Write to log.0 - filename = config.properties
2024/02/05 06:09:59 - Write to log.0 - path = file:///hawaiki_il/tesubcom/config.properties
2024/02/05 06:09:59 - Write to log.0 - parentorigin = LoadConfiguration
2024/02/05 06:09:59 - Write to log.0 - origin = Property Input
2024/02/05 06:09:59 - Write to log.0 - comment = File was read by a Property input step
2024/02/05 06:09:59 - Write to log.0 - timestamp = 2024/02/05 06:08:43.136
2024/02/05 06:09:59 - Write to log.0 - 
2024/02/05 06:09:59 - Write to log.0 - ====================
2024/02/05 06:09:59 - Write to log.0 - Finished processing (I=0, O=0, R=2, W=2, U=0, E=0)
2024/02/05 06:09:59 - Filter rows 2.0 - Finished processing (I=0, O=0, R=2, W=2, U=0, E=0)
2024/02/05 06:09:59 - Dummy (do nothing) 3.0 - Finished processing (I=0, O=0, R=1, W=1, U=0, E=0)
2024/02/05 06:10:00 - Text file input 2.0 - Opening file: file:///hawaiki_il/tesubcom/och/T51/05-Feb-2024.csv
2024/02/05 06:10:00 - Text file input 2.0 - Finished processing (I=3748, O=0, R=1, W=3748, U=1, E=0)
2024/02/05 06:10:00 - Filter rows.0 - Finished processing (I=0, O=0, R=3748, W=3748, U=0, E=0)
2024/02/05 06:10:00 - Dummy (do nothing).0 - Finished processing (I=0, O=0, R=4, W=4, U=0, E=0)
2024/02/05 06:10:00 - Split Fields.0 - Finished processing (I=0, O=0, R=3744, W=3744, U=0, E=0)
2024/02/05 06:10:00 - Replace in string.0 - Finished processing (I=0, O=0, R=3744, W=3744, U=0, E=0)
2024/02/05 06:10:00 - Select values.0 - Finished processing (I=0, O=0, R=3744, W=3744, U=0, E=0)
2024/02/05 06:10:02 - Table output.0 - Finished processing (I=0, O=3744, R=3744, W=3744, U=0, E=0)
2024/02/05 06:10:02 - Dummy (do nothing) 2.0 - Finished processing (I=0, O=0, R=3744, W=3744, U=0, E=0)
2024/02/05 06:10:02 - JOB_tesubcom - Starting entry [Archive Files 1]
2024/02/05 06:10:02 - JOB_tesubcom - Starting entry [Success]
2024/02/05 06:10:02 - JOB_tesubcom - Starting entry [DUMMY]
2024/02/05 06:10:02 - JOB_tesubcom - Finished job entry [DUMMY] (result=[true])
2024/02/05 06:10:02 - JOB_tesubcom - Finished job entry [Success] (result=[true])
2024/02/05 06:10:02 - JOB_tesubcom - Finished job entry [Archive Files 1] (result=[true])
2024/02/05 06:10:02 - JOB_tesubcom - Finished job entry [Transformation 6] (result=[true])
2024/02/05 06:10:02 - JOB_tesubcom - Finished job entry [Job download T51] (result=[true])
2024/02/05 06:10:02 - JOB_tesubcom - Finished job entry [Set variables T51] (result=[true])
2024/02/05 06:10:02 - JOB_tesubcom - Starting entry [Set variables T52]
2024/02/05 06:10:02 - JOB_tesubcom - Starting entry [Job download T52]
2024/02/05 06:10:02 - Job download T52 - Using run configuration [Pentaho local]
2024/02/05 06:10:02 - DownloadFile - Starting entry [ftp log starting]
2024/02/05 06:10:02 - DownloadFile - Starting entry [Get och files 1]
2024/02/05 06:10:02 - Get och files 1 - Started FTP job to ${TARGET_FTP_SERVER_IP}
2024/02/05 06:10:13 - DownloadFile - Starting entry [Check if a folder is empty]
2024/02/05 06:10:13 - Check if a folder is empty - Total files
2024/02/05 06:10:13 - DownloadFile - Starting entry [Write To Log 2]
2024/02/05 06:10:13 - ----------------- In Dlownload file -------------------------------------- - </br><font color='green'>File successfully downloaded from folder T52 on 172.29.136.30</font>
2024/02/05 06:10:13 - DownloadFile - Starting entry [ftp log success]
2024/02/05 06:10:13 - DownloadFile - Finished job entry [ftp log success] (result=[true])
2024/02/05 06:10:13 - DownloadFile - Finished job entry [Write To Log 2] (result=[true])
2024/02/05 06:10:13 - DownloadFile - Finished job entry [Check if a folder is empty] (result=[true])
2024/02/05 06:10:13 - DownloadFile - Finished job entry [Get och files 1] (result=[true])
2024/02/05 06:10:13 - DownloadFile - Finished job entry [ftp log starting] (result=[true])
2024/02/05 06:10:13 - JOB_tesubcom - Starting entry [Transformation 7]
2024/02/05 06:10:13 - Transformation 7 - Loading transformation from XML file [file:///hawaiki_il/tesubcom/LoadTEMSFiles.ktr]
2024/02/05 06:10:13 - Transformation 7 - Using run configuration [Pentaho local]
2024/02/05 06:10:13 - Transformation 7 - Using legacy execution engine
2024/02/05 06:10:13 - LoadTEMSFiles - Dispatching started for transformation [LoadTEMSFiles]
2024/02/05 06:10:13 - Table output.0 - Connected to database [db] (commit=1000)
2024/02/05 06:10:13 - Write to log.0 - 
2024/02/05 06:10:13 - Write to log.0 - ------------> Linenr 1------------------------------
2024/02/05 06:10:13 - Write to log.0 - ------------------> File details in LoadTEMSFiles <-------------------------
2024/02/05 06:10:13 - Write to log.0 - 
2024/02/05 06:10:13 - Write to log.0 - type = General
2024/02/05 06:10:13 - Write to log.0 - filename = config.properties
2024/02/05 06:10:13 - Write to log.0 - path = file:///hawaiki_il/tesubcom/config.properties
2024/02/05 06:10:13 - Write to log.0 - parentorigin = LoadConfiguration
2024/02/05 06:10:13 - Write to log.0 - origin = Property Input
2024/02/05 06:10:13 - Write to log.0 - comment = File was read by a Property input step
2024/02/05 06:10:13 - Write to log.0 - timestamp = 2024/02/05 06:08:43.136
2024/02/05 06:10:13 - Write to log.0 - 
2024/02/05 06:10:13 - Write to log.0 - ====================
2024/02/05 06:10:13 - Get files from result.0 - Finished processing (I=0, O=0, R=2, W=2, U=0, E=0)
2024/02/05 06:10:13 - Write to log.0 - 
2024/02/05 06:10:13 - Write to log.0 - ------------> Linenr 2------------------------------
2024/02/05 06:10:13 - Write to log.0 - ------------------> File details in LoadTEMSFiles <-------------------------
2024/02/05 06:10:13 - Write to log.0 - 
2024/02/05 06:10:13 - Write to log.0 - type = General
2024/02/05 06:10:13 - Write to log.0 - filename = 05-Feb-2024.csv
2024/02/05 06:10:13 - Write to log.0 - path = file:///hawaiki_il/tesubcom/och/T52/05-Feb-2024.csv
2024/02/05 06:10:13 - Write to log.0 - parentorigin = DownloadFile
2024/02/05 06:10:13 - Write to log.0 - origin = Get och files 1
2024/02/05 06:10:13 - Write to log.0 - comment = Downloaded from ftp server ${TARGET_FTP_SERVER_IP}
2024/02/05 06:10:13 - Write to log.0 - timestamp = 2024/02/05 06:10:13.313
2024/02/05 06:10:13 - Write to log.0 - 
2024/02/05 06:10:13 - Write to log.0 - ====================
2024/02/05 06:10:13 - Write to log.0 - Finished processing (I=0, O=0, R=2, W=2, U=0, E=0)
2024/02/05 06:10:13 - Dummy (do nothing) 3.0 - Finished processing (I=0, O=0, R=1, W=1, U=0, E=0)
2024/02/05 06:10:13 - Filter rows 2.0 - Finished processing (I=0, O=0, R=2, W=2, U=0, E=0)
2024/02/05 06:10:13 - Text file input 2.0 - Opening file: file:///hawaiki_il/tesubcom/och/T52/05-Feb-2024.csv
2024/02/05 06:10:13 - Text file input 2.0 - Finished processing (I=1252, O=0, R=1, W=1252, U=1, E=0)
2024/02/05 06:10:13 - Filter rows.0 - Finished processing (I=0, O=0, R=1252, W=1252, U=0, E=0)
2024/02/05 06:10:13 - Dummy (do nothing).0 - Finished processing (I=0, O=0, R=4, W=4, U=0, E=0)
2024/02/05 06:10:13 - Split Fields.0 - Finished processing (I=0, O=0, R=1248, W=1248, U=0, E=0)
2024/02/05 06:10:13 - Replace in string.0 - Finished processing (I=0, O=0, R=1248, W=1248, U=0, E=0)
2024/02/05 06:10:13 - Select values.0 - Finished processing (I=0, O=0, R=1248, W=1248, U=0, E=0)
2024/02/05 06:10:14 - Table output.0 - Finished processing (I=0, O=1248, R=1248, W=1248, U=0, E=0)
2024/02/05 06:10:14 - Dummy (do nothing) 2.0 - Finished processing (I=0, O=0, R=1248, W=1248, U=0, E=0)
2024/02/05 06:10:14 - JOB_tesubcom - Starting entry [ftp log finised]
2024/02/05 06:10:14 - JOB_tesubcom - Starting entry [File backup ]
2024/02/05 06:10:14 - File backup  - Running on platform : Linux
2024/02/05 06:10:14 - File backup  - Executing command : /hawaiki_il/tesubcom/script/test-script.sh
2024/02/05 06:10:14 - File backup  - ERROR (version 8.1.0.0-365, build 8.1.0.0-365 from 2018-04-30 09.42.24 by buildguy) : (stderr) You are required to change your password immediately (password aged)
2024/02/05 06:10:14 - File backup  - ERROR (version 8.1.0.0-365, build 8.1.0.0-365 from 2018-04-30 09.42.24 by buildguy) : (stderr) su: Authentication token is no longer valid; new one required
2024/02/05 06:10:14 - File backup  - ERROR (version 8.1.0.0-365, build 8.1.0.0-365 from 2018-04-30 09.42.24 by buildguy) : (stderr) (Ignored)
2024/02/05 06:10:16 - File backup  - ERROR (version 8.1.0.0-365, build 8.1.0.0-365 from 2018-04-30 09.42.24 by buildguy) : (stderr) ********************************************************************
2024/02/05 06:10:16 - File backup  - ERROR (version 8.1.0.0-365, build 8.1.0.0-365 from 2018-04-30 09.42.24 by buildguy) : (stderr) *                                                                  *
2024/02/05 06:10:16 - File backup  - ERROR (version 8.1.0.0-365, build 8.1.0.0-365 from 2018-04-30 09.42.24 by buildguy) : (stderr) * This system is for the use of authorized users only.  Usage of   *
2024/02/05 06:10:16 - File backup  - ERROR (version 8.1.0.0-365, build 8.1.0.0-365 from 2018-04-30 09.42.24 by buildguy) : (stderr) * this system may be monitored and recorded by system personnel.   *
2024/02/05 06:10:16 - File backup  - ERROR (version 8.1.0.0-365, build 8.1.0.0-365 from 2018-04-30 09.42.24 by buildguy) : (stderr) *                                                                  *
2024/02/05 06:10:16 - File backup  - ERROR (version 8.1.0.0-365, build 8.1.0.0-365 from 2018-04-30 09.42.24 by buildguy) : (stderr) * Anyone using this system expressly consents to such monitoring   *
2024/02/05 06:10:16 - File backup  - ERROR (version 8.1.0.0-365, build 8.1.0.0-365 from 2018-04-30 09.42.24 by buildguy) : (stderr) * and is advised that if such monitoring reveals possible          *
2024/02/05 06:10:16 - File backup  - ERROR (version 8.1.0.0-365, build 8.1.0.0-365 from 2018-04-30 09.42.24 by buildguy) : (stderr) * evidence of criminal activity, system personnel may provide the  *
2024/02/05 06:10:16 - File backup  - ERROR (version 8.1.0.0-365, build 8.1.0.0-365 from 2018-04-30 09.42.24 by buildguy) : (stderr) * evidence from such monitoring to law enforcement officials.      *
2024/02/05 06:10:16 - File backup  - ERROR (version 8.1.0.0-365, build 8.1.0.0-365 from 2018-04-30 09.42.24 by buildguy) : (stderr) *                                                                  *
2024/02/05 06:10:16 - File backup  - ERROR (version 8.1.0.0-365, build 8.1.0.0-365 from 2018-04-30 09.42.24 by buildguy) : (stderr) ********************************************************************
2024/02/05 06:10:16 - File backup  - ERROR (version 8.1.0.0-365, build 8.1.0.0-365 from 2018-04-30 09.42.24 by buildguy) : (stderr) 
2024/02/05 06:10:17 - File backup  - (stdout) sending incremental file list
2024/02/05 06:10:17 - File backup  - (stdout) och/B1/
2024/02/05 06:10:17 - File backup  - (stdout) och/B1/old/
2024/02/05 06:10:17 - File backup  - (stdout) och/B1/old/05-Feb-2024.csv
2024/02/05 06:10:17 - File backup  - (stdout) och/T2/
2024/02/05 06:10:17 - File backup  - (stdout) och/T2/old/
2024/02/05 06:10:17 - File backup  - (stdout) och/T2/old/05-Feb-2024.csv
2024/02/05 06:10:17 - File backup  - (stdout) och/T3/
2024/02/05 06:10:17 - File backup  - (stdout) och/T3/old/
2024/02/05 06:10:17 - File backup  - (stdout) och/T3/old/05-Feb-2024.csv
2024/02/05 06:10:17 - File backup  - (stdout) och/T4/
2024/02/05 06:10:17 - File backup  - (stdout) och/T4/old/
2024/02/05 06:10:17 - File backup  - (stdout) och/T4/old/05-Feb-2024.csv
2024/02/05 06:10:17 - File backup  - (stdout) och/T50/
2024/02/05 06:10:17 - File backup  - (stdout) och/T50/old/
2024/02/05 06:10:17 - File backup  - (stdout) och/T50/old/05-Feb-2024.csv
2024/02/05 06:10:17 - File backup  - (stdout) och/T51/
2024/02/05 06:10:17 - File backup  - (stdout) och/T51/old/
2024/02/05 06:10:17 - File backup  - (stdout) och/T51/old/05-Feb-2024.csv
2024/02/05 06:10:17 - File backup  - (stdout) och/T52/
2024/02/05 06:10:17 - File backup  - (stdout) och/T52/05-Feb-2024.csv
2024/02/05 06:10:17 - File backup  - (stdout) 
2024/02/05 06:10:17 - File backup  - (stdout) sent 150,584 bytes  received 279 bytes  60,345.20 bytes/sec
2024/02/05 06:10:17 - File backup  - (stdout) total size is 13,206,619  speedup is 87.54
2024/02/05 06:10:17 - JOB_tesubcom - Starting entry [Archive Files 1]
2024/02/05 06:10:17 - JOB_tesubcom - Starting entry [Success]
2024/02/05 06:10:17 - JOB_tesubcom - Starting entry [DUMMY]
2024/02/05 06:10:17 - JOB_tesubcom - Finished job entry [DUMMY] (result=[true])
2024/02/05 06:10:17 - JOB_tesubcom - Finished job entry [Success] (result=[true])
2024/02/05 06:10:17 - JOB_tesubcom - Finished job entry [Archive Files 1] (result=[true])
2024/02/05 06:10:17 - JOB_tesubcom - Finished job entry [File backup ] (result=[true])
2024/02/05 06:10:17 - JOB_tesubcom - Finished job entry [ftp log finised] (result=[true])
2024/02/05 06:10:17 - JOB_tesubcom - Finished job entry [Transformation 7] (result=[true])
2024/02/05 06:10:17 - JOB_tesubcom - Finished job entry [Job download T52] (result=[true])
2024/02/05 06:10:17 - JOB_tesubcom - Finished job entry [Set variables T52] (result=[true])
2024/02/05 06:10:17 - JOB_tesubcom - Finished job entry [LoadConfiguration] (result=[true])
2024/02/05 06:10:17 - JOB_tesubcom - Job execution finished
2024/02/05 06:10:17 - Kitchen - Finished!
2024/02/05 06:10:17 - Kitchen - Start=2024/02/05 06:08:34.222, Stop=2024/02/05 06:10:17.777
2024/02/05 06:10:17 - Kitchen - Processing ended after 1 minutes and 43 seconds (103 seconds total).
#######################################################################
WARNING:  no libwebkitgtk-1.0 detected, some features will be unavailable
    Consider installing the package with apt-get or yum.
    e.g. 'sudo apt-get install libwebkitgtk-1.0-0'
#######################################################################
OpenJDK 64-Bit Server VM warning: ignoring option MaxPermSize=256m; support was removed in 8.0
06:00:03,962 INFO  [KarafBoot] Checking to see if org.pentaho.clean.karaf.cache is enabled
06:08:32,993 INFO  [KarafInstance] 
*******************************************************************************
*** Karaf Instance Number: 5 at /hawaiki_il/data-integration/./system/karaf ***
***   /caches/kitchen/data-5                                                ***
*** FastBin Provider Port:52905                                             ***
*** Karaf Port:8806                                                         ***
*** OSGI Service Port:9055                                                  ***
*******************************************************************************
Feb 06, 2024 6:08:33 AM org.apache.karaf.main.Main$KarafLockCallback lockAquired
INFO: Lock acquired. Setting startlevel to 100
2024/02/06 06:08:34 - Kitchen - Start of run.
06:08:35,635 ERROR [BootFeaturesInstaller] Error Boot feature pentaho-client-minimal not found
06:08:35,635 ERROR [BootFeaturesInstaller] Error Boot feature config not found
2024-02-06 06:08:36.663:INFO:oejs.Server:jetty-8.1.15.v20140411
2024-02-06 06:08:36.696:INFO:oejs.AbstractConnector:Started NIOSocketConnectorWrapper@0.0.0.0:9055
Feb 06, 2024 6:08:37 AM org.apache.cxf.bus.blueprint.NamespaceHandlerRegisterer register
INFO: Registered blueprint namespace handler for http://cxf.apache.org/blueprint/core
Feb 06, 2024 6:08:37 AM org.apache.cxf.bus.blueprint.NamespaceHandlerRegisterer register
INFO: Registered blueprint namespace handler for http://cxf.apache.org/configuration/beans
Feb 06, 2024 6:08:37 AM org.apache.cxf.bus.blueprint.NamespaceHandlerRegisterer register
INFO: Registered blueprint namespace handler for http://cxf.apache.org/configuration/parameterized-types
Feb 06, 2024 6:08:37 AM org.apache.cxf.bus.blueprint.NamespaceHandlerRegisterer register
INFO: Registered blueprint namespace handler for http://cxf.apache.org/configuration/security
Feb 06, 2024 6:08:37 AM org.apache.cxf.bus.blueprint.NamespaceHandlerRegisterer register
INFO: Registered blueprint namespace handler for http://schemas.xmlsoap.org/wsdl/
Feb 06, 2024 6:08:37 AM org.apache.cxf.bus.blueprint.NamespaceHandlerRegisterer register
INFO: Registered blueprint namespace handler for http://www.w3.org/2005/08/addressing
Feb 06, 2024 6:08:37 AM org.apache.cxf.bus.blueprint.NamespaceHandlerRegisterer register
INFO: Registered blueprint namespace handler for http://schemas.xmlsoap.org/ws/2004/08/addressing
Feb 06, 2024 6:08:37 AM org.apache.cxf.bus.osgi.CXFExtensionBundleListener addExtensions
INFO: Adding the extensions from bundle org.apache.cxf.cxf-rt-management (192) [org.apache.cxf.management.InstrumentationManager]
Feb 06, 2024 6:08:37 AM org.apache.cxf.bus.osgi.CXFExtensionBundleListener addExtensions
INFO: Adding the extensions from bundle org.apache.cxf.cxf-rt-wsdl (195) [org.apache.cxf.wsdl.WSDLManager]
Feb 06, 2024 6:08:37 AM org.apache.cxf.bus.osgi.CXFExtensionBundleListener addExtensions
INFO: Adding the extensions from bundle org.apache.cxf.cxf-rt-bindings-xml (197) [org.apache.cxf.binding.xml.XMLBindingFactory, org.apache.cxf.binding.xml.wsdl11.XMLWSDLExtensionLoader]
Feb 06, 2024 6:08:37 AM org.apache.cxf.bus.osgi.CXFExtensionBundleListener addExtensions
INFO: Adding the extensions from bundle org.apache.cxf.cxf-rt-bindings-soap (198) [org.apache.cxf.binding.soap.SoapBindingFactory, org.apache.cxf.binding.soap.SoapTransportFactory]
Feb 06, 2024 6:08:37 AM org.apache.cxf.bus.blueprint.NamespaceHandlerRegisterer register
INFO: Registered blueprint namespace handler for http://cxf.apache.org/blueprint/bindings/soap
Feb 06, 2024 6:08:37 AM org.apache.cxf.bus.osgi.CXFExtensionBundleListener addExtensions
INFO: Adding the extensions from bundle org.apache.cxf.cxf-rt-ws-policy (217) [org.apache.cxf.ws.policy.PolicyEngine, org.apache.cxf.policy.PolicyDataEngine, org.apache.cxf.ws.policy.AssertionBuilderRegistry, org.apache.cxf.ws.policy.PolicyInterceptorProviderRegistry, org.apache.cxf.ws.policy.PolicyBuilder, org.apache.cxf.ws.policy.PolicyAnnotationListener, org.apache.cxf.ws.policy.attachment.ServiceModelPolicyProvider, org.apache.cxf.ws.policy.attachment.external.DomainExpressionBuilderRegistry, org.apache.cxf.ws.policy.attachment.external.EndpointReferenceDomainExpressionBuilder, org.apache.cxf.ws.policy.attachment.external.URIDomainExpressionBuilder, org.apache.cxf.ws.policy.attachment.wsdl11.Wsdl11AttachmentPolicyProvider, org.apache.cxf.ws.policy.mtom.MTOMAssertionBuilder, org.apache.cxf.ws.policy.mtom.MTOMPolicyInterceptorProvider]
Feb 06, 2024 6:08:37 AM org.apache.cxf.bus.osgi.CXFExtensionBundleListener addExtensions
INFO: Adding the extensions from bundle org.apache.cxf.cxf-rt-transports-http (199) [org.apache.cxf.transport.http.HTTPTransportFactory, org.apache.cxf.transport.http.HTTPWSDLExtensionLoader, org.apache.cxf.transport.http.policy.HTTPClientAssertionBuilder, org.apache.cxf.transport.http.policy.HTTPServerAssertionBuilder, org.apache.cxf.transport.http.policy.NoOpPolicyInterceptorProvider]
Feb 06, 2024 6:08:37 AM org.apache.cxf.bus.blueprint.NamespaceHandlerRegisterer register
INFO: Registered blueprint namespace handler for http://cxf.apache.org/transports/http/configuration
Feb 06, 2024 6:08:37 AM org.apache.cxf.bus.blueprint.NamespaceHandlerRegisterer register
INFO: Registered blueprint namespace handler for http://cxf.apache.org/blueprint/simple
Feb 06, 2024 6:08:37 AM org.apache.cxf.bus.osgi.CXFExtensionBundleListener addExtensions
INFO: Adding the extensions from bundle org.apache.cxf.cxf-rt-frontend-jaxws (201) [org.apache.cxf.jaxws.context.WebServiceContextResourceResolver]
Feb 06, 2024 6:08:37 AM org.apache.cxf.bus.blueprint.NamespaceHandlerRegisterer register
INFO: Registered blueprint namespace handler for http://cxf.apache.org/blueprint/jaxws
Feb 06, 2024 6:08:37 AM org.apache.cxf.bus.blueprint.NamespaceHandlerRegisterer register
INFO: Registered blueprint namespace handler for http://cxf.apache.org/blueprint/jaxrs
Feb 06, 2024 6:08:37 AM org.apache.cxf.bus.blueprint.NamespaceHandlerRegisterer register
INFO: Registered blueprint namespace handler for http://cxf.apache.org/blueprint/jaxrs-client
Feb 06, 2024 6:08:37 AM org.apache.cxf.bus.blueprint.NamespaceHandlerRegisterer register
INFO: Registered blueprint namespace handler for http://cxf.apache.org/binding/coloc
Feb 06, 2024 6:08:37 AM org.apache.cxf.bus.osgi.CXFExtensionBundleListener addExtensions
INFO: Adding the extensions from bundle org.apache.cxf.cxf-rt-transports-local (213) [org.apache.cxf.transport.local.LocalTransportFactory]
Feb 06, 2024 6:08:37 AM org.apache.cxf.bus.osgi.CXFExtensionBundleListener addExtensions
INFO: Adding the extensions from bundle org.apache.cxf.cxf-rt-bindings-object (214) [org.apache.cxf.binding.object.ObjectBindingFactory]
Feb 06, 2024 6:08:37 AM org.apache.cxf.bus.blueprint.NamespaceHandlerRegisterer register
INFO: Registered blueprint namespace handler for http://cxf.apache.org/blueprint/binding/object
Feb 06, 2024 6:08:37 AM org.apache.cxf.bus.blueprint.NamespaceHandlerRegisterer register
INFO: Registered blueprint namespace handler for http://cxf.apache.org/policy
Feb 06, 2024 6:08:37 AM org.apache.cxf.bus.blueprint.NamespaceHandlerRegisterer register
INFO: Registered blueprint namespace handler for http://www.w3.org/ns/ws-policy
Feb 06, 2024 6:08:37 AM org.apache.cxf.bus.blueprint.NamespaceHandlerRegisterer register
INFO: Registered blueprint namespace handler for http://www.w3.org/2006/07/ws-policy
Feb 06, 2024 6:08:37 AM org.apache.cxf.bus.blueprint.NamespaceHandlerRegisterer register
INFO: Registered blueprint namespace handler for http://schemas.xmlsoap.org/ws/2004/09/policy
Feb 06, 2024 6:08:37 AM org.apache.cxf.bus.blueprint.NamespaceHandlerRegisterer register
INFO: Registered blueprint namespace handler for http://docs.oasis-open.org/wss/2004/01/oasis-200401-wss-wssecurity-secext-1.0.xsd
Feb 06, 2024 6:08:37 AM org.apache.cxf.bus.blueprint.NamespaceHandlerRegisterer register
INFO: Registered blueprint namespace handler for http://docs.oasis-open.org/wss/2004/01/oasis-200401-wss-wssecurity-utility-1.0.xsd
Feb 06, 2024 6:08:37 AM org.apache.cxf.bus.blueprint.NamespaceHandlerRegisterer register
INFO: Registered blueprint namespace handler for http://www.w3.org/2000/09/xmldsig#
Feb 06, 2024 6:08:37 AM org.apache.cxf.bus.blueprint.NamespaceHandlerRegisterer register
INFO: Registered blueprint namespace handler for http://docs.oasis-open.org/ws-sx/ws-securitypolicy/200702
Feb 06, 2024 6:08:37 AM org.apache.cxf.bus.osgi.CXFExtensionBundleListener addExtensions
INFO: Adding the extensions from bundle org.apache.cxf.cxf-rt-ws-addr (234) [org.apache.cxf.ws.addressing.policy.AddressingAssertionBuilder, org.apache.cxf.ws.addressing.policy.UsingAddressingAssertionBuilder, org.apache.cxf.ws.addressing.policy.AddressingPolicyInterceptorProvider, org.apache.cxf.ws.addressing.impl.AddressingWSDLExtensionLoader, org.apache.cxf.ws.addressing.WSAddressingFeature$WSAddressingFeatureApplier, org.apache.cxf.ws.addressing.MAPAggregator$MAPAggregatorLoader]
Feb 06, 2024 6:08:37 AM org.apache.cxf.bus.blueprint.NamespaceHandlerRegisterer register
INFO: Registered blueprint namespace handler for http://cxf.apache.org/ws/addressing
Feb 06, 2024 6:08:37 AM org.apache.cxf.bus.osgi.CXFExtensionBundleListener addExtensions
INFO: Adding the extensions from bundle org.apache.cxf.cxf-rt-ws-security (236) [org.apache.cxf.ws.security.policy.WSSecurityPolicyLoader, org.apache.cxf.ws.security.cache.CacheCleanupListener]
Feb 06, 2024 6:08:37 AM org.apache.cxf.bus.osgi.CXFExtensionBundleListener addExtensions
INFO: Adding the extensions from bundle org.apache.cxf.cxf-rt-ws-rm (238) [org.apache.cxf.ws.rm.RMManager, org.apache.cxf.ws.rm.policy.RMPolicyInterceptorProvider, org.apache.cxf.ws.rm.policy.RM10AssertionBuilder, org.apache.cxf.ws.rm.policy.RM12AssertionBuilder, org.apache.cxf.ws.rm.policy.WSRMP12PolicyLoader, org.apache.cxf.ws.rm.policy.MC11PolicyLoader, org.apache.cxf.ws.rm.policy.RSPPolicyLoader]
Feb 06, 2024 6:08:37 AM org.apache.cxf.bus.blueprint.NamespaceHandlerRegisterer register
INFO: Registered blueprint namespace handler for http://cxf.apache.org/ws/rm/manager
Feb 06, 2024 6:08:37 AM org.apache.cxf.bus.blueprint.NamespaceHandlerRegisterer register
INFO: Registered blueprint namespace handler for http://schemas.xmlsoap.org/ws/2005/02/rm/policy
Feb 06, 2024 6:08:37 AM org.apache.cxf.bus.osgi.CXFExtensionBundleListener addExtensions
INFO: Adding the extensions from bundle org.apache.cxf.cxf-rt-javascript (239) [org.apache.cxf.javascript.JavascriptServerListener]
Feb 06, 2024 6:08:37 AM org.pentaho.caching.impl.PentahoCacheManagerFactory$RegistrationHandler$1 onSuccess
INFO: New Caching Service registered
06:08:38,312 ERROR [KarafCapabilityProvider] No feature found matching id: pentaho-client
06:08:38,313 ERROR [KarafCapabilityProvider] No feature found matching id: pentaho-metaverse
06:08:38,313 ERROR [KarafCapabilityProvider] No feature found matching id: pentaho-dataservice
06:08:38,313 ERROR [KarafCapabilityProvider] No feature found matching id: pdi-data-refinery
06:08:38,313 ERROR [KarafCapabilityProvider] No feature found matching id: pdi-marketplace
06:08:38,313 ERROR [KarafCapabilityProvider] No feature found matching id: community-edition
SLF4J: Class path contains multiple SLF4J bindings.
SLF4J: Found binding in [jar:file:/hawaiki_il/data-integration/launcher/../lib/slf4j-log4j12-1.7.7.jar!/org/slf4j/impl/StaticLoggerBinder.class]
SLF4J: Found binding in [jar:file:/hawaiki_il/data-integration/plugins/pentaho-big-data-plugin/lib/slf4j-log4j12-1.7.7.jar!/org/slf4j/impl/StaticLoggerBinder.class]
SLF4J: See http://www.slf4j.org/codes.html#multiple_bindings for an explanation.
SLF4J: Actual binding is of type [org.slf4j.impl.Log4jLoggerFactory]
2024/02/06 06:08:39 - JOB_tesubcom - Start of job execution
2024/02/06 06:08:39 - JOB_tesubcom - Starting entry [LoadConfiguration]
2024/02/06 06:08:39 - LoadConfiguration - Loading transformation from XML file [file:///hawaiki_il/tesubcom/LoadConfiguration.ktr]
2024/02/06 06:08:40 - LoadConfiguration - Using run configuration [Pentaho local]
2024/02/06 06:08:40 - LoadConfiguration - Using legacy execution engine
2024/02/06 06:08:40 - LoadConfiguration - Dispatching started for transformation [LoadConfiguration]
Feb 06, 2024 6:08:40 AM org.apache.cxf.endpoint.ServerImpl initDestination
INFO: Setting the server's publish address to be /lineage
Feb 06, 2024 6:08:40 AM org.apache.cxf.endpoint.ServerImpl initDestination
INFO: Setting the server's publish address to be /i18n
Feb 06, 2024 6:08:41 AM org.apache.cxf.endpoint.ServerImpl initDestination
INFO: Setting the server's publish address to be /marketplace
2024/02/06 06:08:41 - Property Input.0 - Finished processing (I=21, O=0, R=0, W=21, U=0, E=0)
2024/02/06 06:08:41 - Row denormaliser.0 - Finished processing (I=0, O=0, R=21, W=1, U=0, E=0)
2024/02/06 06:08:41 - Set Variables.0 - Setting environment variables...
2024/02/06 06:08:41 - Set Variables.0 - Set variable TARGET_DB_IP to value [10.10.13.201]
2024/02/06 06:08:41 - Set Variables.0 - Set variable TARGET_DB_NAME to value [pm_db]
2024/02/06 06:08:41 - Set Variables.0 - Set variable TARGET_DB_PORT to value [3306]
2024/02/06 06:08:41 - Set Variables.0 - Set variable TARGET_DB_USER to value [mediation_rw]
2024/02/06 06:08:41 - Set Variables.0 - Set variable TARGET_DB_PASS to value [PqTLyM41TjEuiTfF]
2024/02/06 06:08:41 - Set Variables.0 - Set variable TARGET_FTP_SERVER_IP to value [172.29.136.30]
2024/02/06 06:08:41 - Set Variables.0 - Set variable TARGET_FTP_SERVER_PORT to value [21]
2024/02/06 06:08:41 - Set Variables.0 - Set variable TARGET_FTP_SERVER_USERNAME to value [tems_adm]
2024/02/06 06:08:41 - Set Variables.0 - Set variable TARGET_FTP_SERVER_PASSWORD to value [tems_adm]
2024/02/06 06:08:41 - Set Variables.0 - Set variable TARGET_FTP_SERVER_DIRECTORY to value [/home/tems_adm/temsNMS/schedReport/new/och]
2024/02/06 06:08:41 - Set Variables.0 - Set variable TARGET_LOCAL_FILE_DIRECTORY to value [/hawaiki_il/tesubcom/och]
2024/02/06 06:08:41 - Set Variables.0 - Set variable TARGET_FTP_LOGS_DIRECTORY to value [ftp_logs/ftp_logs.txt]
2024/02/06 06:08:41 - Set Variables.0 - Set variable TARGET_EMAIL_DESTINATION_ADDRESS to value [itdev@hawaikicable.co.nz]
2024/02/06 06:08:41 - Set Variables.0 - Set variable TARGET_EMAIL_SENDER_ADDRESS to value [no-reply@bw-digital.com]
2024/02/06 06:08:41 - Set Variables.0 - Set variable TARGET_SMTP_SERVER to value [smtp.office365.com]
2024/02/06 06:08:41 - Set Variables.0 - Set variable TARGET_PORT to value [587]
2024/02/06 06:08:41 - Set Variables.0 - Set variable TARGET_PASSWORD to value [JkKL7+su&=wybsLGjnY@&j5ZV^e_C^J&%LvqrdQk]
2024/02/06 06:08:41 - Set Variables.0 - Set variable TARGET_SUBJECT to value [Missing PM Sources - TEMS Pre production - 10.10.12.108]
2024/02/06 06:08:41 - Set Variables.0 - Set variable TARGET_SUBJECT_Q_FACTOR to value [Q Factor Report - TEMS Pre production - 10.10.12.108]
2024/02/06 06:08:41 - Set Variables.0 - Set variable TARGET_FILE_PATH_Q_FACTOR to value [/email/q_factor_report.txt]
2024/02/06 06:08:41 - Set Variables.0 - Set variable TARGET_EMAIL_QFACTOR_ADDRESS to value [itdev@hawaikicable.co.nz]
2024/02/06 06:08:41 - Set Variables.0 - Finished after 1 rows.
2024/02/06 06:08:41 - Set Variables.0 - Finished processing (I=0, O=0, R=1, W=1, U=0, E=0)
2024/02/06 06:08:41 - JOB_tesubcom - Starting entry [Create file]
2024/02/06 06:08:41 - Create file - File [file:///hawaiki_il/tesubcom/ftp_logs/ftp_logs.txt] already exists, not recreating.
2024/02/06 06:08:41 - JOB_tesubcom - Starting entry [Transformation]
2024/02/06 06:08:41 - Transformation - Loading transformation from XML file [file:///hawaiki_il/tesubcom/InitiateFTPlogs.ktr]
2024/02/06 06:08:42 - Transformation - Using run configuration [Pentaho local]
2024/02/06 06:08:42 - Transformation - Using legacy execution engine
2024/02/06 06:08:42 - InitiateFTPlogs - Dispatching started for transformation [InitiateFTPlogs]
2024/02/06 06:08:42 - Table input.0 - Finished reading query, closing connection.
2024/02/06 06:08:42 - Table input.0 - Finished processing (I=1, O=0, R=0, W=1, U=0, E=0)
2024/02/06 06:08:42 - Text file output.0 - Finished processing (I=0, O=2, R=1, W=1, U=0, E=0)
2024/02/06 06:08:42 - Carte - Installing timer to purge stale objects after 1440 minutes.
2024/02/06 06:08:42 - JOB_tesubcom - Starting entry [Set variables B1]
2024/02/06 06:08:42 - JOB_tesubcom - Starting entry [Job download B1]
2024/02/06 06:08:42 - Job download B1 - Using run configuration [Pentaho local]
2024/02/06 06:08:42 - DownloadFile - Starting entry [ftp log starting]
2024/02/06 06:08:42 - DownloadFile - Starting entry [Get och files 1]
2024/02/06 06:08:42 - Get och files 1 - Started FTP job to ${TARGET_FTP_SERVER_IP}
2024/02/06 06:08:54 - DownloadFile - Starting entry [Check if a folder is empty]
2024/02/06 06:08:54 - Check if a folder is empty - Total files
2024/02/06 06:08:54 - DownloadFile - Starting entry [Write To Log 2]
2024/02/06 06:08:54 - ----------------- In Dlownload file -------------------------------------- - </br><font color='green'>File successfully downloaded from folder B1 on 172.29.136.30</font>
2024/02/06 06:08:54 - DownloadFile - Starting entry [ftp log success]
2024/02/06 06:08:54 - DownloadFile - Finished job entry [ftp log success] (result=[true])
2024/02/06 06:08:54 - DownloadFile - Finished job entry [Write To Log 2] (result=[true])
2024/02/06 06:08:54 - DownloadFile - Finished job entry [Check if a folder is empty] (result=[true])
2024/02/06 06:08:54 - DownloadFile - Finished job entry [Get och files 1] (result=[true])
2024/02/06 06:08:54 - DownloadFile - Finished job entry [ftp log starting] (result=[true])
2024/02/06 06:08:54 - JOB_tesubcom - Starting entry [Transformation 1]
2024/02/06 06:08:54 - Transformation 1 - Loading transformation from XML file [file:///hawaiki_il/tesubcom/LoadTEMSFiles.ktr]
2024/02/06 06:08:54 - Transformation 1 - Using run configuration [Pentaho local]
2024/02/06 06:08:54 - Transformation 1 - Using legacy execution engine
2024/02/06 06:08:54 - LoadTEMSFiles - Dispatching started for transformation [LoadTEMSFiles]
2024/02/06 06:08:54 - Table output.0 - Connected to database [db] (commit=1000)
2024/02/06 06:08:54 - Get files from result.0 - Finished processing (I=0, O=0, R=3, W=3, U=0, E=0)
2024/02/06 06:08:54 - Write to log.0 - 
2024/02/06 06:08:54 - Write to log.0 - ------------> Linenr 1------------------------------
2024/02/06 06:08:54 - Write to log.0 - ------------------> File details in LoadTEMSFiles <-------------------------
2024/02/06 06:08:54 - Write to log.0 - 
2024/02/06 06:08:54 - Write to log.0 - type = General
2024/02/06 06:08:54 - Write to log.0 - filename = 06-Feb-2024.csv
2024/02/06 06:08:54 - Write to log.0 - path = file:///hawaiki_il/tesubcom/och/B1/06-Feb-2024.csv
2024/02/06 06:08:54 - Write to log.0 - parentorigin = DownloadFile
2024/02/06 06:08:54 - Write to log.0 - origin = Get och files 1
2024/02/06 06:08:54 - Write to log.0 - comment = Downloaded from ftp server ${TARGET_FTP_SERVER_IP}
2024/02/06 06:08:54 - Write to log.0 - timestamp = 2024/02/06 06:08:53.943
2024/02/06 06:08:54 - Write to log.0 - 
2024/02/06 06:08:54 - Write to log.0 - ====================
2024/02/06 06:08:54 - Write to log.0 - 
2024/02/06 06:08:54 - Write to log.0 - ------------> Linenr 2------------------------------
2024/02/06 06:08:54 - Write to log.0 - ------------------> File details in LoadTEMSFiles <-------------------------
2024/02/06 06:08:54 - Write to log.0 - 
2024/02/06 06:08:54 - Write to log.0 - type = General
2024/02/06 06:08:54 - Write to log.0 - filename = config.properties
2024/02/06 06:08:54 - Write to log.0 - path = file:///hawaiki_il/tesubcom/config.properties
2024/02/06 06:08:54 - Write to log.0 - parentorigin = LoadConfiguration
2024/02/06 06:08:54 - Write to log.0 - origin = Property Input
2024/02/06 06:08:54 - Write to log.0 - comment = File was read by a Property input step
2024/02/06 06:08:54 - Write to log.0 - timestamp = 2024/02/06 06:08:40.649
2024/02/06 06:08:54 - Write to log.0 - 
2024/02/06 06:08:54 - Write to log.0 - ====================
2024/02/06 06:08:54 - Write to log.0 - 
2024/02/06 06:08:54 - Write to log.0 - ------------> Linenr 3------------------------------
2024/02/06 06:08:54 - Write to log.0 - ------------------> File details in LoadTEMSFiles <-------------------------
2024/02/06 06:08:54 - Write to log.0 - 
2024/02/06 06:08:54 - Write to log.0 - type = General
2024/02/06 06:08:54 - Write to log.0 - filename = ftp_logs.txt
2024/02/06 06:08:54 - Write to log.0 - path = file:///hawaiki_il/tesubcom/ftp_logs/ftp_logs.txt
2024/02/06 06:08:54 - Write to log.0 - parentorigin = InitiateFTPlogs
2024/02/06 06:08:54 - Write to log.0 - origin = Text file output
2024/02/06 06:08:54 - Write to log.0 - comment = This file was created with a text file output step
2024/02/06 06:08:54 - Write to log.0 - timestamp = 2024/02/06 06:08:42.630
2024/02/06 06:08:54 - Write to log.0 - 
2024/02/06 06:08:54 - Write to log.0 - ====================
2024/02/06 06:08:54 - Write to log.0 - Finished processing (I=0, O=0, R=3, W=3, U=0, E=0)
2024/02/06 06:08:54 - Filter rows 2.0 - Finished processing (I=0, O=0, R=3, W=3, U=0, E=0)
2024/02/06 06:08:54 - Dummy (do nothing) 3.0 - Finished processing (I=0, O=0, R=1, W=1, U=0, E=0)
2024/02/06 06:08:54 - Text file input 2.0 - Opening file: file:///hawaiki_il/tesubcom/och/B1/06-Feb-2024.csv
2024/02/06 06:08:54 - Text file input 2.0 - Opening file: file:///hawaiki_il/tesubcom/ftp_logs/ftp_logs.txt
2024/02/06 06:08:54 - Text file input 2.0 - Finished processing (I=3174, O=0, R=2, W=3174, U=2, E=0)
2024/02/06 06:08:54 - Filter rows.0 - Finished processing (I=0, O=0, R=3174, W=3174, U=0, E=0)
2024/02/06 06:08:54 - Dummy (do nothing).0 - Finished processing (I=0, O=0, R=6, W=6, U=0, E=0)
2024/02/06 06:08:55 - Split Fields.0 - Finished processing (I=0, O=0, R=3168, W=3168, U=0, E=0)
2024/02/06 06:08:55 - Replace in string.0 - Finished processing (I=0, O=0, R=3168, W=3168, U=0, E=0)
2024/02/06 06:08:55 - Select values.0 - Finished processing (I=0, O=0, R=3168, W=3168, U=0, E=0)
2024/02/06 06:08:56 - Table output.0 - Finished processing (I=0, O=3168, R=3168, W=3168, U=0, E=0)
2024/02/06 06:08:56 - Dummy (do nothing) 2.0 - Finished processing (I=0, O=0, R=3168, W=3168, U=0, E=0)
2024/02/06 06:08:56 - JOB_tesubcom - Starting entry [Archive Files 1]
2024/02/06 06:08:56 - JOB_tesubcom - Starting entry [Success]
2024/02/06 06:08:56 - JOB_tesubcom - Starting entry [DUMMY]
2024/02/06 06:08:56 - JOB_tesubcom - Finished job entry [DUMMY] (result=[true])
2024/02/06 06:08:56 - JOB_tesubcom - Finished job entry [Success] (result=[true])
2024/02/06 06:08:56 - JOB_tesubcom - Finished job entry [Archive Files 1] (result=[true])
2024/02/06 06:08:56 - JOB_tesubcom - Finished job entry [Transformation 1] (result=[true])
2024/02/06 06:08:56 - JOB_tesubcom - Finished job entry [Job download B1] (result=[true])
2024/02/06 06:08:56 - JOB_tesubcom - Finished job entry [Set variables B1] (result=[true])
2024/02/06 06:08:56 - JOB_tesubcom - Finished job entry [Transformation] (result=[true])
2024/02/06 06:08:56 - JOB_tesubcom - Finished job entry [Create file] (result=[true])
2024/02/06 06:08:56 - JOB_tesubcom - Starting entry [Set variables T2]
2024/02/06 06:08:56 - JOB_tesubcom - Starting entry [Job download T2]
2024/02/06 06:08:56 - Job download T2 - Using run configuration [Pentaho local]
2024/02/06 06:08:56 - DownloadFile - Starting entry [ftp log starting]
2024/02/06 06:08:56 - DownloadFile - Starting entry [Get och files 1]
2024/02/06 06:08:56 - Get och files 1 - Started FTP job to ${TARGET_FTP_SERVER_IP}
2024/02/06 06:09:07 - DownloadFile - Starting entry [Check if a folder is empty]
2024/02/06 06:09:07 - Check if a folder is empty - Total files
2024/02/06 06:09:07 - DownloadFile - Starting entry [Write To Log 2]
2024/02/06 06:09:07 - ----------------- In Dlownload file -------------------------------------- - </br><font color='green'>File successfully downloaded from folder T2 on 172.29.136.30</font>
2024/02/06 06:09:07 - DownloadFile - Starting entry [ftp log success]
2024/02/06 06:09:07 - DownloadFile - Finished job entry [ftp log success] (result=[true])
2024/02/06 06:09:07 - DownloadFile - Finished job entry [Write To Log 2] (result=[true])
2024/02/06 06:09:07 - DownloadFile - Finished job entry [Check if a folder is empty] (result=[true])
2024/02/06 06:09:07 - DownloadFile - Finished job entry [Get och files 1] (result=[true])
2024/02/06 06:09:07 - DownloadFile - Finished job entry [ftp log starting] (result=[true])
2024/02/06 06:09:07 - JOB_tesubcom - Starting entry [Transformation 2]
2024/02/06 06:09:07 - Transformation 2 - Loading transformation from XML file [file:///hawaiki_il/tesubcom/LoadTEMSFiles.ktr]
2024/02/06 06:09:07 - Transformation 2 - Using run configuration [Pentaho local]
2024/02/06 06:09:07 - Transformation 2 - Using legacy execution engine
2024/02/06 06:09:07 - LoadTEMSFiles - Dispatching started for transformation [LoadTEMSFiles]
2024/02/06 06:09:07 - Table output.0 - Connected to database [db] (commit=1000)
2024/02/06 06:09:07 - Get files from result.0 - Finished processing (I=0, O=0, R=2, W=2, U=0, E=0)
2024/02/06 06:09:07 - Write to log.0 - 
2024/02/06 06:09:07 - Write to log.0 - ------------> Linenr 1------------------------------
2024/02/06 06:09:07 - Write to log.0 - ------------------> File details in LoadTEMSFiles <-------------------------
2024/02/06 06:09:07 - Write to log.0 - 
2024/02/06 06:09:07 - Write to log.0 - type = General
2024/02/06 06:09:07 - Write to log.0 - filename = config.properties
2024/02/06 06:09:07 - Write to log.0 - path = file:///hawaiki_il/tesubcom/config.properties
2024/02/06 06:09:07 - Write to log.0 - parentorigin = LoadConfiguration
2024/02/06 06:09:07 - Write to log.0 - origin = Property Input
2024/02/06 06:09:07 - Write to log.0 - comment = File was read by a Property input step
2024/02/06 06:09:07 - Write to log.0 - timestamp = 2024/02/06 06:08:40.649
2024/02/06 06:09:07 - Write to log.0 - 
2024/02/06 06:09:07 - Write to log.0 - ====================
2024/02/06 06:09:07 - Write to log.0 - 
2024/02/06 06:09:07 - Write to log.0 - ------------> Linenr 2------------------------------
2024/02/06 06:09:07 - Write to log.0 - ------------------> File details in LoadTEMSFiles <-------------------------
2024/02/06 06:09:07 - Write to log.0 - 
2024/02/06 06:09:07 - Write to log.0 - type = General
2024/02/06 06:09:07 - Write to log.0 - filename = 06-Feb-2024.csv
2024/02/06 06:09:07 - Write to log.0 - path = file:///hawaiki_il/tesubcom/och/T2/06-Feb-2024.csv
2024/02/06 06:09:07 - Write to log.0 - parentorigin = DownloadFile
2024/02/06 06:09:07 - Write to log.0 - origin = Get och files 1
2024/02/06 06:09:07 - Write to log.0 - comment = Downloaded from ftp server ${TARGET_FTP_SERVER_IP}
2024/02/06 06:09:07 - Write to log.0 - timestamp = 2024/02/06 06:09:07.267
2024/02/06 06:09:07 - Write to log.0 - 
2024/02/06 06:09:07 - Write to log.0 - ====================
2024/02/06 06:09:07 - Write to log.0 - Finished processing (I=0, O=0, R=2, W=2, U=0, E=0)
2024/02/06 06:09:07 - Filter rows 2.0 - Finished processing (I=0, O=0, R=2, W=2, U=0, E=0)
2024/02/06 06:09:07 - Dummy (do nothing) 3.0 - Finished processing (I=0, O=0, R=1, W=1, U=0, E=0)
2024/02/06 06:09:07 - Text file input 2.0 - Opening file: file:///hawaiki_il/tesubcom/och/T2/06-Feb-2024.csv
2024/02/06 06:09:07 - Text file input 2.0 - Finished processing (I=3460, O=0, R=1, W=3460, U=1, E=0)
2024/02/06 06:09:07 - Filter rows.0 - Finished processing (I=0, O=0, R=3460, W=3460, U=0, E=0)
2024/02/06 06:09:07 - Dummy (do nothing).0 - Finished processing (I=0, O=0, R=4, W=4, U=0, E=0)
2024/02/06 06:09:08 - Split Fields.0 - Finished processing (I=0, O=0, R=3456, W=3456, U=0, E=0)
2024/02/06 06:09:08 - Replace in string.0 - Finished processing (I=0, O=0, R=3456, W=3456, U=0, E=0)
2024/02/06 06:09:08 - Select values.0 - Finished processing (I=0, O=0, R=3456, W=3456, U=0, E=0)
2024/02/06 06:09:09 - Table output.0 - Finished processing (I=0, O=3456, R=3456, W=3456, U=0, E=0)
2024/02/06 06:09:09 - Dummy (do nothing) 2.0 - Finished processing (I=0, O=0, R=3456, W=3456, U=0, E=0)
2024/02/06 06:09:09 - JOB_tesubcom - Starting entry [Archive Files 1]
2024/02/06 06:09:09 - JOB_tesubcom - Starting entry [Success]
2024/02/06 06:09:09 - JOB_tesubcom - Starting entry [DUMMY]
2024/02/06 06:09:09 - JOB_tesubcom - Finished job entry [DUMMY] (result=[true])
2024/02/06 06:09:09 - JOB_tesubcom - Finished job entry [Success] (result=[true])
2024/02/06 06:09:09 - JOB_tesubcom - Finished job entry [Archive Files 1] (result=[true])
2024/02/06 06:09:09 - JOB_tesubcom - Finished job entry [Transformation 2] (result=[true])
2024/02/06 06:09:09 - JOB_tesubcom - Finished job entry [Job download T2] (result=[true])
2024/02/06 06:09:09 - JOB_tesubcom - Finished job entry [Set variables T2] (result=[true])
2024/02/06 06:09:09 - JOB_tesubcom - Starting entry [Set variables T3]
2024/02/06 06:09:09 - JOB_tesubcom - Starting entry [Job download T3]
2024/02/06 06:09:09 - Job download T3 - Using run configuration [Pentaho local]
2024/02/06 06:09:09 - DownloadFile - Starting entry [ftp log starting]
2024/02/06 06:09:09 - DownloadFile - Starting entry [Get och files 1]
2024/02/06 06:09:09 - Get och files 1 - Started FTP job to ${TARGET_FTP_SERVER_IP}
2024/02/06 06:09:20 - DownloadFile - Starting entry [Check if a folder is empty]
2024/02/06 06:09:20 - Check if a folder is empty - Total files
2024/02/06 06:09:20 - DownloadFile - Starting entry [Write To Log 2]
2024/02/06 06:09:20 - ----------------- In Dlownload file -------------------------------------- - </br><font color='green'>File successfully downloaded from folder T3 on 172.29.136.30</font>
2024/02/06 06:09:20 - DownloadFile - Starting entry [ftp log success]
2024/02/06 06:09:20 - DownloadFile - Finished job entry [ftp log success] (result=[true])
2024/02/06 06:09:20 - DownloadFile - Finished job entry [Write To Log 2] (result=[true])
2024/02/06 06:09:20 - DownloadFile - Finished job entry [Check if a folder is empty] (result=[true])
2024/02/06 06:09:20 - DownloadFile - Finished job entry [Get och files 1] (result=[true])
2024/02/06 06:09:20 - DownloadFile - Finished job entry [ftp log starting] (result=[true])
2024/02/06 06:09:20 - JOB_tesubcom - Starting entry [Transformation 3]
2024/02/06 06:09:20 - Transformation 3 - Loading transformation from XML file [file:///hawaiki_il/tesubcom/LoadTEMSFiles.ktr]
2024/02/06 06:09:20 - Transformation 3 - Using run configuration [Pentaho local]
2024/02/06 06:09:20 - Transformation 3 - Using legacy execution engine
2024/02/06 06:09:20 - LoadTEMSFiles - Dispatching started for transformation [LoadTEMSFiles]
2024/02/06 06:09:20 - Table output.0 - Connected to database [db] (commit=1000)
2024/02/06 06:09:20 - Get files from result.0 - Finished processing (I=0, O=0, R=2, W=2, U=0, E=0)
2024/02/06 06:09:20 - Write to log.0 - 
2024/02/06 06:09:20 - Write to log.0 - ------------> Linenr 1------------------------------
2024/02/06 06:09:20 - Write to log.0 - ------------------> File details in LoadTEMSFiles <-------------------------
2024/02/06 06:09:20 - Write to log.0 - 
2024/02/06 06:09:20 - Write to log.0 - type = General
2024/02/06 06:09:20 - Write to log.0 - filename = config.properties
2024/02/06 06:09:20 - Write to log.0 - path = file:///hawaiki_il/tesubcom/config.properties
2024/02/06 06:09:20 - Write to log.0 - parentorigin = LoadConfiguration
2024/02/06 06:09:20 - Write to log.0 - origin = Property Input
2024/02/06 06:09:20 - Write to log.0 - comment = File was read by a Property input step
2024/02/06 06:09:20 - Write to log.0 - timestamp = 2024/02/06 06:08:40.649
2024/02/06 06:09:20 - Write to log.0 - 
2024/02/06 06:09:20 - Write to log.0 - ====================
2024/02/06 06:09:20 - Write to log.0 - 
2024/02/06 06:09:20 - Write to log.0 - ------------> Linenr 2------------------------------
2024/02/06 06:09:20 - Write to log.0 - ------------------> File details in LoadTEMSFiles <-------------------------
2024/02/06 06:09:20 - Write to log.0 - 
2024/02/06 06:09:20 - Write to log.0 - type = General
2024/02/06 06:09:20 - Write to log.0 - filename = 06-Feb-2024.csv
2024/02/06 06:09:20 - Write to log.0 - path = file:///hawaiki_il/tesubcom/och/T3/06-Feb-2024.csv
2024/02/06 06:09:20 - Write to log.0 - parentorigin = DownloadFile
2024/02/06 06:09:20 - Write to log.0 - origin = Get och files 1
2024/02/06 06:09:20 - Write to log.0 - comment = Downloaded from ftp server ${TARGET_FTP_SERVER_IP}
2024/02/06 06:09:20 - Write to log.0 - timestamp = 2024/02/06 06:09:20.108
2024/02/06 06:09:20 - Write to log.0 - 
2024/02/06 06:09:20 - Write to log.0 - ====================
2024/02/06 06:09:20 - Write to log.0 - Finished processing (I=0, O=0, R=2, W=2, U=0, E=0)
2024/02/06 06:09:20 - Filter rows 2.0 - Finished processing (I=0, O=0, R=2, W=2, U=0, E=0)
2024/02/06 06:09:20 - Dummy (do nothing) 3.0 - Finished processing (I=0, O=0, R=1, W=1, U=0, E=0)
2024/02/06 06:09:20 - Text file input 2.0 - Opening file: file:///hawaiki_il/tesubcom/och/T3/06-Feb-2024.csv
2024/02/06 06:09:20 - Text file input 2.0 - Finished processing (I=2596, O=0, R=1, W=2596, U=1, E=0)
2024/02/06 06:09:20 - Dummy (do nothing).0 - Finished processing (I=0, O=0, R=4, W=4, U=0, E=0)
2024/02/06 06:09:20 - Filter rows.0 - Finished processing (I=0, O=0, R=2596, W=2596, U=0, E=0)
2024/02/06 06:09:20 - Split Fields.0 - Finished processing (I=0, O=0, R=2592, W=2592, U=0, E=0)
2024/02/06 06:09:20 - Replace in string.0 - Finished processing (I=0, O=0, R=2592, W=2592, U=0, E=0)
2024/02/06 06:09:20 - Select values.0 - Finished processing (I=0, O=0, R=2592, W=2592, U=0, E=0)
2024/02/06 06:09:21 - Table output.0 - Finished processing (I=0, O=2592, R=2592, W=2592, U=0, E=0)
2024/02/06 06:09:21 - Dummy (do nothing) 2.0 - Finished processing (I=0, O=0, R=2592, W=2592, U=0, E=0)
2024/02/06 06:09:21 - JOB_tesubcom - Starting entry [Archive Files 1]
2024/02/06 06:09:21 - JOB_tesubcom - Starting entry [Success]
2024/02/06 06:09:21 - JOB_tesubcom - Starting entry [DUMMY]
2024/02/06 06:09:21 - JOB_tesubcom - Finished job entry [DUMMY] (result=[true])
2024/02/06 06:09:21 - JOB_tesubcom - Finished job entry [Success] (result=[true])
2024/02/06 06:09:21 - JOB_tesubcom - Finished job entry [Archive Files 1] (result=[true])
2024/02/06 06:09:21 - JOB_tesubcom - Finished job entry [Transformation 3] (result=[true])
2024/02/06 06:09:21 - JOB_tesubcom - Finished job entry [Job download T3] (result=[true])
2024/02/06 06:09:21 - JOB_tesubcom - Finished job entry [Set variables T3] (result=[true])
2024/02/06 06:09:21 - JOB_tesubcom - Starting entry [Set variables T4]
2024/02/06 06:09:21 - JOB_tesubcom - Starting entry [Job download T4]
2024/02/06 06:09:21 - Job download T4 - Using run configuration [Pentaho local]
2024/02/06 06:09:21 - DownloadFile - Starting entry [ftp log starting]
2024/02/06 06:09:21 - DownloadFile - Starting entry [Get och files 1]
2024/02/06 06:09:21 - Get och files 1 - Started FTP job to ${TARGET_FTP_SERVER_IP}
2024/02/06 06:09:32 - DownloadFile - Starting entry [Check if a folder is empty]
2024/02/06 06:09:32 - Check if a folder is empty - Total files
2024/02/06 06:09:32 - DownloadFile - Starting entry [Write To Log 2]
2024/02/06 06:09:32 - ----------------- In Dlownload file -------------------------------------- - </br><font color='green'>File successfully downloaded from folder T4 on 172.29.136.30</font>
2024/02/06 06:09:32 - DownloadFile - Starting entry [ftp log success]
2024/02/06 06:09:32 - DownloadFile - Finished job entry [ftp log success] (result=[true])
2024/02/06 06:09:32 - DownloadFile - Finished job entry [Write To Log 2] (result=[true])
2024/02/06 06:09:32 - DownloadFile - Finished job entry [Check if a folder is empty] (result=[true])
2024/02/06 06:09:32 - DownloadFile - Finished job entry [Get och files 1] (result=[true])
2024/02/06 06:09:32 - DownloadFile - Finished job entry [ftp log starting] (result=[true])
2024/02/06 06:09:32 - JOB_tesubcom - Starting entry [Transformation 4]
2024/02/06 06:09:32 - Transformation 4 - Loading transformation from XML file [file:///hawaiki_il/tesubcom/LoadTEMSFiles.ktr]
2024/02/06 06:09:32 - Transformation 4 - Using run configuration [Pentaho local]
2024/02/06 06:09:32 - Transformation 4 - Using legacy execution engine
2024/02/06 06:09:32 - LoadTEMSFiles - Dispatching started for transformation [LoadTEMSFiles]
2024/02/06 06:09:32 - Table output.0 - Connected to database [db] (commit=1000)
2024/02/06 06:09:32 - Get files from result.0 - Finished processing (I=0, O=0, R=2, W=2, U=0, E=0)
2024/02/06 06:09:32 - Write to log.0 - 
2024/02/06 06:09:32 - Write to log.0 - ------------> Linenr 1------------------------------
2024/02/06 06:09:32 - Write to log.0 - ------------------> File details in LoadTEMSFiles <-------------------------
2024/02/06 06:09:32 - Write to log.0 - 
2024/02/06 06:09:32 - Write to log.0 - type = General
2024/02/06 06:09:32 - Write to log.0 - filename = config.properties
2024/02/06 06:09:32 - Write to log.0 - path = file:///hawaiki_il/tesubcom/config.properties
2024/02/06 06:09:32 - Write to log.0 - parentorigin = LoadConfiguration
2024/02/06 06:09:32 - Write to log.0 - origin = Property Input
2024/02/06 06:09:32 - Write to log.0 - comment = File was read by a Property input step
2024/02/06 06:09:32 - Write to log.0 - timestamp = 2024/02/06 06:08:40.649
2024/02/06 06:09:32 - Write to log.0 - 
2024/02/06 06:09:32 - Write to log.0 - ====================
2024/02/06 06:09:32 - Write to log.0 - 
2024/02/06 06:09:32 - Write to log.0 - ------------> Linenr 2------------------------------
2024/02/06 06:09:32 - Write to log.0 - ------------------> File details in LoadTEMSFiles <-------------------------
2024/02/06 06:09:32 - Write to log.0 - 
2024/02/06 06:09:32 - Write to log.0 - type = General
2024/02/06 06:09:32 - Write to log.0 - filename = 06-Feb-2024.csv
2024/02/06 06:09:32 - Write to log.0 - path = file:///hawaiki_il/tesubcom/och/T4/06-Feb-2024.csv
2024/02/06 06:09:32 - Write to log.0 - parentorigin = DownloadFile
2024/02/06 06:09:32 - Write to log.0 - origin = Get och files 1
2024/02/06 06:09:32 - Write to log.0 - comment = Downloaded from ftp server ${TARGET_FTP_SERVER_IP}
2024/02/06 06:09:32 - Write to log.0 - timestamp = 2024/02/06 06:09:32.676
2024/02/06 06:09:32 - Write to log.0 - 
2024/02/06 06:09:32 - Write to log.0 - ====================
2024/02/06 06:09:32 - Write to log.0 - Finished processing (I=0, O=0, R=2, W=2, U=0, E=0)
2024/02/06 06:09:32 - Filter rows 2.0 - Finished processing (I=0, O=0, R=2, W=2, U=0, E=0)
2024/02/06 06:09:32 - Dummy (do nothing) 3.0 - Finished processing (I=0, O=0, R=1, W=1, U=0, E=0)
2024/02/06 06:09:33 - Text file input 2.0 - Opening file: file:///hawaiki_il/tesubcom/och/T4/06-Feb-2024.csv
2024/02/06 06:09:33 - Text file input 2.0 - Finished processing (I=1252, O=0, R=1, W=1252, U=1, E=0)
2024/02/06 06:09:33 - Filter rows.0 - Finished processing (I=0, O=0, R=1252, W=1252, U=0, E=0)
2024/02/06 06:09:33 - Dummy (do nothing).0 - Finished processing (I=0, O=0, R=4, W=4, U=0, E=0)
2024/02/06 06:09:33 - Split Fields.0 - Finished processing (I=0, O=0, R=1248, W=1248, U=0, E=0)
2024/02/06 06:09:33 - Replace in string.0 - Finished processing (I=0, O=0, R=1248, W=1248, U=0, E=0)
2024/02/06 06:09:33 - Select values.0 - Finished processing (I=0, O=0, R=1248, W=1248, U=0, E=0)
2024/02/06 06:09:33 - Table output.0 - Finished processing (I=0, O=1248, R=1248, W=1248, U=0, E=0)
2024/02/06 06:09:33 - Dummy (do nothing) 2.0 - Finished processing (I=0, O=0, R=1248, W=1248, U=0, E=0)
2024/02/06 06:09:33 - JOB_tesubcom - Starting entry [Archive Files 1]
2024/02/06 06:09:33 - JOB_tesubcom - Starting entry [Success]
2024/02/06 06:09:33 - JOB_tesubcom - Starting entry [DUMMY]
2024/02/06 06:09:33 - JOB_tesubcom - Finished job entry [DUMMY] (result=[true])
2024/02/06 06:09:33 - JOB_tesubcom - Finished job entry [Success] (result=[true])
2024/02/06 06:09:33 - JOB_tesubcom - Finished job entry [Archive Files 1] (result=[true])
2024/02/06 06:09:33 - JOB_tesubcom - Finished job entry [Transformation 4] (result=[true])
2024/02/06 06:09:33 - JOB_tesubcom - Finished job entry [Job download T4] (result=[true])
2024/02/06 06:09:33 - JOB_tesubcom - Finished job entry [Set variables T4] (result=[true])
2024/02/06 06:09:33 - JOB_tesubcom - Starting entry [Set variables T50]
2024/02/06 06:09:33 - JOB_tesubcom - Starting entry [Job download T50]
2024/02/06 06:09:33 - Job download T50 - Using run configuration [Pentaho local]
2024/02/06 06:09:33 - DownloadFile - Starting entry [ftp log starting]
2024/02/06 06:09:33 - DownloadFile - Starting entry [Get och files 1]
2024/02/06 06:09:33 - Get och files 1 - Started FTP job to ${TARGET_FTP_SERVER_IP}
2024/02/06 06:09:44 - DownloadFile - Starting entry [Check if a folder is empty]
2024/02/06 06:09:44 - Check if a folder is empty - Total files
2024/02/06 06:09:44 - DownloadFile - Starting entry [Write To Log 2]
2024/02/06 06:09:44 - ----------------- In Dlownload file -------------------------------------- - </br><font color='green'>File successfully downloaded from folder T50 on 172.29.136.30</font>
2024/02/06 06:09:44 - DownloadFile - Starting entry [ftp log success]
2024/02/06 06:09:44 - DownloadFile - Finished job entry [ftp log success] (result=[true])
2024/02/06 06:09:44 - DownloadFile - Finished job entry [Write To Log 2] (result=[true])
2024/02/06 06:09:44 - DownloadFile - Finished job entry [Check if a folder is empty] (result=[true])
2024/02/06 06:09:44 - DownloadFile - Finished job entry [Get och files 1] (result=[true])
2024/02/06 06:09:44 - DownloadFile - Finished job entry [ftp log starting] (result=[true])
2024/02/06 06:09:44 - JOB_tesubcom - Starting entry [Transformation 5]
2024/02/06 06:09:44 - Transformation 5 - Loading transformation from XML file [file:///hawaiki_il/tesubcom/LoadTEMSFiles.ktr]
2024/02/06 06:09:45 - Transformation 5 - Using run configuration [Pentaho local]
2024/02/06 06:09:45 - Transformation 5 - Using legacy execution engine
2024/02/06 06:09:45 - LoadTEMSFiles - Dispatching started for transformation [LoadTEMSFiles]
2024/02/06 06:09:45 - Table output.0 - Connected to database [db] (commit=1000)
2024/02/06 06:09:45 - Write to log.0 - 
2024/02/06 06:09:45 - Write to log.0 - ------------> Linenr 1------------------------------
2024/02/06 06:09:45 - Write to log.0 - ------------------> File details in LoadTEMSFiles <-------------------------
2024/02/06 06:09:45 - Write to log.0 - 
2024/02/06 06:09:45 - Write to log.0 - type = General
2024/02/06 06:09:45 - Write to log.0 - filename = config.properties
2024/02/06 06:09:45 - Write to log.0 - path = file:///hawaiki_il/tesubcom/config.properties
2024/02/06 06:09:45 - Write to log.0 - parentorigin = LoadConfiguration
2024/02/06 06:09:45 - Write to log.0 - origin = Property Input
2024/02/06 06:09:45 - Write to log.0 - comment = File was read by a Property input step
2024/02/06 06:09:45 - Write to log.0 - timestamp = 2024/02/06 06:08:40.649
2024/02/06 06:09:45 - Write to log.0 - 
2024/02/06 06:09:45 - Write to log.0 - ====================
2024/02/06 06:09:45 - Get files from result.0 - Finished processing (I=0, O=0, R=2, W=2, U=0, E=0)
2024/02/06 06:09:45 - Write to log.0 - 
2024/02/06 06:09:45 - Write to log.0 - ------------> Linenr 2------------------------------
2024/02/06 06:09:45 - Write to log.0 - ------------------> File details in LoadTEMSFiles <-------------------------
2024/02/06 06:09:45 - Write to log.0 - 
2024/02/06 06:09:45 - Write to log.0 - type = General
2024/02/06 06:09:45 - Write to log.0 - filename = 06-Feb-2024.csv
2024/02/06 06:09:45 - Write to log.0 - path = file:///hawaiki_il/tesubcom/och/T50/06-Feb-2024.csv
2024/02/06 06:09:45 - Write to log.0 - parentorigin = DownloadFile
2024/02/06 06:09:45 - Write to log.0 - origin = Get och files 1
2024/02/06 06:09:45 - Write to log.0 - comment = Downloaded from ftp server ${TARGET_FTP_SERVER_IP}
2024/02/06 06:09:45 - Write to log.0 - timestamp = 2024/02/06 06:09:44.758
2024/02/06 06:09:45 - Write to log.0 - 
2024/02/06 06:09:45 - Write to log.0 - ====================
2024/02/06 06:09:45 - Write to log.0 - Finished processing (I=0, O=0, R=2, W=2, U=0, E=0)
2024/02/06 06:09:45 - Filter rows 2.0 - Finished processing (I=0, O=0, R=2, W=2, U=0, E=0)
2024/02/06 06:09:45 - Dummy (do nothing) 3.0 - Finished processing (I=0, O=0, R=1, W=1, U=0, E=0)
2024/02/06 06:09:45 - Text file input 2.0 - Opening file: file:///hawaiki_il/tesubcom/och/T50/06-Feb-2024.csv
2024/02/06 06:09:45 - Text file input 2.0 - Finished processing (I=1540, O=0, R=1, W=1540, U=1, E=0)
2024/02/06 06:09:45 - Filter rows.0 - Finished processing (I=0, O=0, R=1540, W=1540, U=0, E=0)
2024/02/06 06:09:45 - Dummy (do nothing).0 - Finished processing (I=0, O=0, R=4, W=4, U=0, E=0)
2024/02/06 06:09:45 - Split Fields.0 - Finished processing (I=0, O=0, R=1536, W=1536, U=0, E=0)
2024/02/06 06:09:45 - Replace in string.0 - Finished processing (I=0, O=0, R=1536, W=1536, U=0, E=0)
2024/02/06 06:09:45 - Select values.0 - Finished processing (I=0, O=0, R=1536, W=1536, U=0, E=0)
2024/02/06 06:09:45 - Table output.0 - Finished processing (I=0, O=1536, R=1536, W=1536, U=0, E=0)
2024/02/06 06:09:45 - Dummy (do nothing) 2.0 - Finished processing (I=0, O=0, R=1536, W=1536, U=0, E=0)
2024/02/06 06:09:45 - JOB_tesubcom - Starting entry [Archive Files 1]
2024/02/06 06:09:45 - JOB_tesubcom - Starting entry [Success]
2024/02/06 06:09:45 - JOB_tesubcom - Starting entry [DUMMY]
2024/02/06 06:09:45 - JOB_tesubcom - Finished job entry [DUMMY] (result=[true])
2024/02/06 06:09:45 - JOB_tesubcom - Finished job entry [Success] (result=[true])
2024/02/06 06:09:45 - JOB_tesubcom - Finished job entry [Archive Files 1] (result=[true])
2024/02/06 06:09:45 - JOB_tesubcom - Finished job entry [Transformation 5] (result=[true])
2024/02/06 06:09:45 - JOB_tesubcom - Finished job entry [Job download T50] (result=[true])
2024/02/06 06:09:45 - JOB_tesubcom - Finished job entry [Set variables T50] (result=[true])
2024/02/06 06:09:45 - JOB_tesubcom - Starting entry [Set variables T51]
2024/02/06 06:09:45 - JOB_tesubcom - Starting entry [Job download T51]
2024/02/06 06:09:45 - Job download T51 - Using run configuration [Pentaho local]
2024/02/06 06:09:45 - DownloadFile - Starting entry [ftp log starting]
2024/02/06 06:09:45 - DownloadFile - Starting entry [Get och files 1]
2024/02/06 06:09:45 - Get och files 1 - Started FTP job to ${TARGET_FTP_SERVER_IP}
2024/02/06 06:09:56 - DownloadFile - Starting entry [Check if a folder is empty]
2024/02/06 06:09:56 - Check if a folder is empty - Total files
2024/02/06 06:09:56 - DownloadFile - Starting entry [Write To Log 2]
2024/02/06 06:09:56 - ----------------- In Dlownload file -------------------------------------- - </br><font color='green'>File successfully downloaded from folder T51 on 172.29.136.30</font>
2024/02/06 06:09:56 - DownloadFile - Starting entry [ftp log success]
2024/02/06 06:09:56 - DownloadFile - Finished job entry [ftp log success] (result=[true])
2024/02/06 06:09:56 - DownloadFile - Finished job entry [Write To Log 2] (result=[true])
2024/02/06 06:09:56 - DownloadFile - Finished job entry [Check if a folder is empty] (result=[true])
2024/02/06 06:09:56 - DownloadFile - Finished job entry [Get och files 1] (result=[true])
2024/02/06 06:09:56 - DownloadFile - Finished job entry [ftp log starting] (result=[true])
2024/02/06 06:09:56 - JOB_tesubcom - Starting entry [Transformation 6]
2024/02/06 06:09:56 - Transformation 6 - Loading transformation from XML file [file:///hawaiki_il/tesubcom/LoadTEMSFiles.ktr]
2024/02/06 06:09:57 - Transformation 6 - Using run configuration [Pentaho local]
2024/02/06 06:09:57 - Transformation 6 - Using legacy execution engine
2024/02/06 06:09:57 - LoadTEMSFiles - Dispatching started for transformation [LoadTEMSFiles]
2024/02/06 06:09:57 - Table output.0 - Connected to database [db] (commit=1000)
2024/02/06 06:09:57 - Get files from result.0 - Finished processing (I=0, O=0, R=2, W=2, U=0, E=0)
2024/02/06 06:09:57 - Write to log.0 - 
2024/02/06 06:09:57 - Write to log.0 - ------------> Linenr 1------------------------------
2024/02/06 06:09:57 - Write to log.0 - ------------------> File details in LoadTEMSFiles <-------------------------
2024/02/06 06:09:57 - Write to log.0 - 
2024/02/06 06:09:57 - Write to log.0 - type = General
2024/02/06 06:09:57 - Write to log.0 - filename = 06-Feb-2024.csv
2024/02/06 06:09:57 - Write to log.0 - path = file:///hawaiki_il/tesubcom/och/T51/06-Feb-2024.csv
2024/02/06 06:09:57 - Write to log.0 - parentorigin = DownloadFile
2024/02/06 06:09:57 - Write to log.0 - origin = Get och files 1
2024/02/06 06:09:57 - Write to log.0 - comment = Downloaded from ftp server ${TARGET_FTP_SERVER_IP}
2024/02/06 06:09:57 - Write to log.0 - timestamp = 2024/02/06 06:09:56.849
2024/02/06 06:09:57 - Write to log.0 - 
2024/02/06 06:09:57 - Write to log.0 - ====================
2024/02/06 06:09:57 - Write to log.0 - 
2024/02/06 06:09:57 - Write to log.0 - ------------> Linenr 2------------------------------
2024/02/06 06:09:57 - Write to log.0 - ------------------> File details in LoadTEMSFiles <-------------------------
2024/02/06 06:09:57 - Write to log.0 - 
2024/02/06 06:09:57 - Write to log.0 - type = General
2024/02/06 06:09:57 - Write to log.0 - filename = config.properties
2024/02/06 06:09:57 - Write to log.0 - path = file:///hawaiki_il/tesubcom/config.properties
2024/02/06 06:09:57 - Write to log.0 - parentorigin = LoadConfiguration
2024/02/06 06:09:57 - Write to log.0 - origin = Property Input
2024/02/06 06:09:57 - Write to log.0 - comment = File was read by a Property input step
2024/02/06 06:09:57 - Write to log.0 - timestamp = 2024/02/06 06:08:40.649
2024/02/06 06:09:57 - Write to log.0 - 
2024/02/06 06:09:57 - Write to log.0 - ====================
2024/02/06 06:09:57 - Write to log.0 - Finished processing (I=0, O=0, R=2, W=2, U=0, E=0)
2024/02/06 06:09:57 - Filter rows 2.0 - Finished processing (I=0, O=0, R=2, W=2, U=0, E=0)
2024/02/06 06:09:57 - Dummy (do nothing) 3.0 - Finished processing (I=0, O=0, R=1, W=1, U=0, E=0)
2024/02/06 06:09:57 - Text file input 2.0 - Opening file: file:///hawaiki_il/tesubcom/och/T51/06-Feb-2024.csv
2024/02/06 06:09:57 - Text file input 2.0 - Finished processing (I=3748, O=0, R=1, W=3748, U=1, E=0)
2024/02/06 06:09:57 - Filter rows.0 - Finished processing (I=0, O=0, R=3748, W=3748, U=0, E=0)
2024/02/06 06:09:57 - Dummy (do nothing).0 - Finished processing (I=0, O=0, R=4, W=4, U=0, E=0)
2024/02/06 06:09:57 - Split Fields.0 - Finished processing (I=0, O=0, R=3744, W=3744, U=0, E=0)
2024/02/06 06:09:57 - Replace in string.0 - Finished processing (I=0, O=0, R=3744, W=3744, U=0, E=0)
2024/02/06 06:09:57 - Select values.0 - Finished processing (I=0, O=0, R=3744, W=3744, U=0, E=0)
2024/02/06 06:09:58 - Table output.0 - Finished processing (I=0, O=3744, R=3744, W=3744, U=0, E=0)
2024/02/06 06:09:58 - Dummy (do nothing) 2.0 - Finished processing (I=0, O=0, R=3744, W=3744, U=0, E=0)
2024/02/06 06:09:58 - JOB_tesubcom - Starting entry [Archive Files 1]
2024/02/06 06:09:58 - JOB_tesubcom - Starting entry [Success]
2024/02/06 06:09:58 - JOB_tesubcom - Starting entry [DUMMY]
2024/02/06 06:09:58 - JOB_tesubcom - Finished job entry [DUMMY] (result=[true])
2024/02/06 06:09:58 - JOB_tesubcom - Finished job entry [Success] (result=[true])
2024/02/06 06:09:58 - JOB_tesubcom - Finished job entry [Archive Files 1] (result=[true])
2024/02/06 06:09:58 - JOB_tesubcom - Finished job entry [Transformation 6] (result=[true])
2024/02/06 06:09:58 - JOB_tesubcom - Finished job entry [Job download T51] (result=[true])
2024/02/06 06:09:58 - JOB_tesubcom - Finished job entry [Set variables T51] (result=[true])
2024/02/06 06:09:58 - JOB_tesubcom - Starting entry [Set variables T52]
2024/02/06 06:09:58 - JOB_tesubcom - Starting entry [Job download T52]
2024/02/06 06:09:58 - Job download T52 - Using run configuration [Pentaho local]
2024/02/06 06:09:58 - DownloadFile - Starting entry [ftp log starting]
2024/02/06 06:09:58 - DownloadFile - Starting entry [Get och files 1]
2024/02/06 06:09:58 - Get och files 1 - Started FTP job to ${TARGET_FTP_SERVER_IP}
2024/02/06 06:10:09 - DownloadFile - Starting entry [Check if a folder is empty]
2024/02/06 06:10:09 - Check if a folder is empty - Total files
2024/02/06 06:10:09 - DownloadFile - Starting entry [Write To Log 2]
2024/02/06 06:10:09 - ----------------- In Dlownload file -------------------------------------- - </br><font color='green'>File successfully downloaded from folder T52 on 172.29.136.30</font>
2024/02/06 06:10:09 - DownloadFile - Starting entry [ftp log success]
2024/02/06 06:10:09 - DownloadFile - Finished job entry [ftp log success] (result=[true])
2024/02/06 06:10:09 - DownloadFile - Finished job entry [Write To Log 2] (result=[true])
2024/02/06 06:10:09 - DownloadFile - Finished job entry [Check if a folder is empty] (result=[true])
2024/02/06 06:10:09 - DownloadFile - Finished job entry [Get och files 1] (result=[true])
2024/02/06 06:10:09 - DownloadFile - Finished job entry [ftp log starting] (result=[true])
2024/02/06 06:10:09 - JOB_tesubcom - Starting entry [Transformation 7]
2024/02/06 06:10:09 - Transformation 7 - Loading transformation from XML file [file:///hawaiki_il/tesubcom/LoadTEMSFiles.ktr]
2024/02/06 06:10:09 - Transformation 7 - Using run configuration [Pentaho local]
2024/02/06 06:10:09 - Transformation 7 - Using legacy execution engine
2024/02/06 06:10:09 - LoadTEMSFiles - Dispatching started for transformation [LoadTEMSFiles]
2024/02/06 06:10:09 - Table output.0 - Connected to database [db] (commit=1000)
2024/02/06 06:10:09 - Get files from result.0 - Finished processing (I=0, O=0, R=2, W=2, U=0, E=0)
2024/02/06 06:10:09 - Write to log.0 - 
2024/02/06 06:10:09 - Write to log.0 - ------------> Linenr 1------------------------------
2024/02/06 06:10:09 - Write to log.0 - ------------------> File details in LoadTEMSFiles <-------------------------
2024/02/06 06:10:09 - Write to log.0 - 
2024/02/06 06:10:09 - Write to log.0 - type = General
2024/02/06 06:10:09 - Write to log.0 - filename = config.properties
2024/02/06 06:10:09 - Write to log.0 - path = file:///hawaiki_il/tesubcom/config.properties
2024/02/06 06:10:09 - Write to log.0 - parentorigin = LoadConfiguration
2024/02/06 06:10:09 - Write to log.0 - origin = Property Input
2024/02/06 06:10:09 - Write to log.0 - comment = File was read by a Property input step
2024/02/06 06:10:09 - Write to log.0 - timestamp = 2024/02/06 06:08:40.649
2024/02/06 06:10:09 - Write to log.0 - 
2024/02/06 06:10:09 - Write to log.0 - ====================
2024/02/06 06:10:09 - Write to log.0 - 
2024/02/06 06:10:09 - Write to log.0 - ------------> Linenr 2------------------------------
2024/02/06 06:10:09 - Write to log.0 - ------------------> File details in LoadTEMSFiles <-------------------------
2024/02/06 06:10:09 - Write to log.0 - 
2024/02/06 06:10:09 - Write to log.0 - type = General
2024/02/06 06:10:09 - Write to log.0 - filename = 06-Feb-2024.csv
2024/02/06 06:10:09 - Write to log.0 - path = file:///hawaiki_il/tesubcom/och/T52/06-Feb-2024.csv
2024/02/06 06:10:09 - Write to log.0 - parentorigin = DownloadFile
2024/02/06 06:10:09 - Write to log.0 - origin = Get och files 1
2024/02/06 06:10:09 - Write to log.0 - comment = Downloaded from ftp server ${TARGET_FTP_SERVER_IP}
2024/02/06 06:10:09 - Write to log.0 - timestamp = 2024/02/06 06:10:09.483
2024/02/06 06:10:09 - Write to log.0 - 
2024/02/06 06:10:09 - Write to log.0 - ====================
2024/02/06 06:10:09 - Write to log.0 - Finished processing (I=0, O=0, R=2, W=2, U=0, E=0)
2024/02/06 06:10:09 - Filter rows 2.0 - Finished processing (I=0, O=0, R=2, W=2, U=0, E=0)
2024/02/06 06:10:09 - Dummy (do nothing) 3.0 - Finished processing (I=0, O=0, R=1, W=1, U=0, E=0)
2024/02/06 06:10:09 - Text file input 2.0 - Opening file: file:///hawaiki_il/tesubcom/och/T52/06-Feb-2024.csv
2024/02/06 06:10:09 - Text file input 2.0 - Finished processing (I=1252, O=0, R=1, W=1252, U=1, E=0)
2024/02/06 06:10:09 - Dummy (do nothing).0 - Finished processing (I=0, O=0, R=4, W=4, U=0, E=0)
2024/02/06 06:10:09 - Filter rows.0 - Finished processing (I=0, O=0, R=1252, W=1252, U=0, E=0)
2024/02/06 06:10:09 - Split Fields.0 - Finished processing (I=0, O=0, R=1248, W=1248, U=0, E=0)
2024/02/06 06:10:09 - Replace in string.0 - Finished processing (I=0, O=0, R=1248, W=1248, U=0, E=0)
2024/02/06 06:10:09 - Select values.0 - Finished processing (I=0, O=0, R=1248, W=1248, U=0, E=0)
2024/02/06 06:10:10 - Table output.0 - Finished processing (I=0, O=1248, R=1248, W=1248, U=0, E=0)
2024/02/06 06:10:10 - Dummy (do nothing) 2.0 - Finished processing (I=0, O=0, R=1248, W=1248, U=0, E=0)
2024/02/06 06:10:10 - JOB_tesubcom - Starting entry [ftp log finised]
2024/02/06 06:10:10 - JOB_tesubcom - Starting entry [File backup ]
2024/02/06 06:10:10 - File backup  - Running on platform : Linux
2024/02/06 06:10:10 - File backup  - Executing command : /hawaiki_il/tesubcom/script/test-script.sh
2024/02/06 06:10:10 - File backup  - ERROR (version 8.1.0.0-365, build 8.1.0.0-365 from 2018-04-30 09.42.24 by buildguy) : (stderr) You are required to change your password immediately (password aged)
2024/02/06 06:10:10 - File backup  - ERROR (version 8.1.0.0-365, build 8.1.0.0-365 from 2018-04-30 09.42.24 by buildguy) : (stderr) su: Authentication token is no longer valid; new one required
2024/02/06 06:10:10 - File backup  - ERROR (version 8.1.0.0-365, build 8.1.0.0-365 from 2018-04-30 09.42.24 by buildguy) : (stderr) (Ignored)
2024/02/06 06:10:11 - File backup  - ERROR (version 8.1.0.0-365, build 8.1.0.0-365 from 2018-04-30 09.42.24 by buildguy) : (stderr) ********************************************************************
2024/02/06 06:10:11 - File backup  - ERROR (version 8.1.0.0-365, build 8.1.0.0-365 from 2018-04-30 09.42.24 by buildguy) : (stderr) *                                                                  *
2024/02/06 06:10:11 - File backup  - ERROR (version 8.1.0.0-365, build 8.1.0.0-365 from 2018-04-30 09.42.24 by buildguy) : (stderr) * This system is for the use of authorized users only.  Usage of   *
2024/02/06 06:10:11 - File backup  - ERROR (version 8.1.0.0-365, build 8.1.0.0-365 from 2018-04-30 09.42.24 by buildguy) : (stderr) * this system may be monitored and recorded by system personnel.   *
2024/02/06 06:10:11 - File backup  - ERROR (version 8.1.0.0-365, build 8.1.0.0-365 from 2018-04-30 09.42.24 by buildguy) : (stderr) *                                                                  *
2024/02/06 06:10:11 - File backup  - ERROR (version 8.1.0.0-365, build 8.1.0.0-365 from 2018-04-30 09.42.24 by buildguy) : (stderr) * Anyone using this system expressly consents to such monitoring   *
2024/02/06 06:10:11 - File backup  - ERROR (version 8.1.0.0-365, build 8.1.0.0-365 from 2018-04-30 09.42.24 by buildguy) : (stderr) * and is advised that if such monitoring reveals possible          *
2024/02/06 06:10:11 - File backup  - ERROR (version 8.1.0.0-365, build 8.1.0.0-365 from 2018-04-30 09.42.24 by buildguy) : (stderr) * evidence of criminal activity, system personnel may provide the  *
2024/02/06 06:10:11 - File backup  - ERROR (version 8.1.0.0-365, build 8.1.0.0-365 from 2018-04-30 09.42.24 by buildguy) : (stderr) * evidence from such monitoring to law enforcement officials.      *
2024/02/06 06:10:11 - File backup  - ERROR (version 8.1.0.0-365, build 8.1.0.0-365 from 2018-04-30 09.42.24 by buildguy) : (stderr) *                                                                  *
2024/02/06 06:10:11 - File backup  - ERROR (version 8.1.0.0-365, build 8.1.0.0-365 from 2018-04-30 09.42.24 by buildguy) : (stderr) ********************************************************************
2024/02/06 06:10:11 - File backup  - ERROR (version 8.1.0.0-365, build 8.1.0.0-365 from 2018-04-30 09.42.24 by buildguy) : (stderr) 
2024/02/06 06:10:12 - File backup  - (stdout) sending incremental file list
2024/02/06 06:10:12 - File backup  - (stdout) och/B1/
2024/02/06 06:10:12 - File backup  - (stdout) och/B1/old/
2024/02/06 06:10:12 - File backup  - (stdout) och/B1/old/06-Feb-2024.csv
2024/02/06 06:10:12 - File backup  - (stdout) och/T2/
2024/02/06 06:10:12 - File backup  - (stdout) och/T2/old/
2024/02/06 06:10:12 - File backup  - (stdout) och/T2/old/06-Feb-2024.csv
2024/02/06 06:10:12 - File backup  - (stdout) och/T3/
2024/02/06 06:10:12 - File backup  - (stdout) och/T3/old/
2024/02/06 06:10:12 - File backup  - (stdout) och/T3/old/06-Feb-2024.csv
2024/02/06 06:10:12 - File backup  - (stdout) och/T4/
2024/02/06 06:10:12 - File backup  - (stdout) och/T4/old/
2024/02/06 06:10:12 - File backup  - (stdout) och/T4/old/06-Feb-2024.csv
2024/02/06 06:10:12 - File backup  - (stdout) och/T50/
2024/02/06 06:10:12 - File backup  - (stdout) och/T50/old/
2024/02/06 06:10:12 - File backup  - (stdout) och/T50/old/06-Feb-2024.csv
2024/02/06 06:10:12 - File backup  - (stdout) och/T51/
2024/02/06 06:10:12 - File backup  - (stdout) och/T51/old/
2024/02/06 06:10:12 - File backup  - (stdout) och/T51/old/06-Feb-2024.csv
2024/02/06 06:10:12 - File backup  - (stdout) och/T52/
2024/02/06 06:10:12 - File backup  - (stdout) och/T52/06-Feb-2024.csv
2024/02/06 06:10:12 - File backup  - (stdout) 
2024/02/06 06:10:12 - File backup  - (stdout) sent 151,648 bytes  received 279 bytes  60,770.80 bytes/sec
2024/02/06 06:10:12 - File backup  - (stdout) total size is 13,206,829  speedup is 86.93
2024/02/06 06:10:12 - JOB_tesubcom - Starting entry [Archive Files 1]
2024/02/06 06:10:12 - JOB_tesubcom - Starting entry [Success]
2024/02/06 06:10:12 - JOB_tesubcom - Starting entry [DUMMY]
2024/02/06 06:10:12 - JOB_tesubcom - Finished job entry [DUMMY] (result=[true])
2024/02/06 06:10:12 - JOB_tesubcom - Finished job entry [Success] (result=[true])
2024/02/06 06:10:12 - JOB_tesubcom - Finished job entry [Archive Files 1] (result=[true])
2024/02/06 06:10:12 - JOB_tesubcom - Finished job entry [File backup ] (result=[true])
2024/02/06 06:10:12 - JOB_tesubcom - Finished job entry [ftp log finised] (result=[true])
2024/02/06 06:10:12 - JOB_tesubcom - Finished job entry [Transformation 7] (result=[true])
2024/02/06 06:10:12 - JOB_tesubcom - Finished job entry [Job download T52] (result=[true])
2024/02/06 06:10:12 - JOB_tesubcom - Finished job entry [Set variables T52] (result=[true])
2024/02/06 06:10:12 - JOB_tesubcom - Finished job entry [LoadConfiguration] (result=[true])
2024/02/06 06:10:12 - JOB_tesubcom - Job execution finished
2024/02/06 06:10:12 - Kitchen - Finished!
2024/02/06 06:10:12 - Kitchen - Start=2024/02/06 06:08:34.155, Stop=2024/02/06 06:10:12.791
2024/02/06 06:10:12 - Kitchen - Processing ended after 1 minutes and 38 seconds (98 seconds total).
#######################################################################
WARNING:  no libwebkitgtk-1.0 detected, some features will be unavailable
    Consider installing the package with apt-get or yum.
    e.g. 'sudo apt-get install libwebkitgtk-1.0-0'
#######################################################################
OpenJDK 64-Bit Server VM warning: ignoring option MaxPermSize=256m; support was removed in 8.0
06:00:04,162 INFO  [KarafBoot] Checking to see if org.pentaho.clean.karaf.cache is enabled
06:08:33,250 INFO  [KarafInstance] 
*******************************************************************************
*** Karaf Instance Number: 5 at /hawaiki_il/data-integration/./system/karaf ***
***   /caches/kitchen/data-5                                                ***
*** FastBin Provider Port:52905                                             ***
*** Karaf Port:8806                                                         ***
*** OSGI Service Port:9055                                                  ***
*******************************************************************************
Feb 07, 2024 6:08:34 AM org.apache.karaf.main.Main$KarafLockCallback lockAquired
INFO: Lock acquired. Setting startlevel to 100
2024/02/07 06:08:34 - Kitchen - Start of run.
06:08:36,121 ERROR [BootFeaturesInstaller] Error Boot feature pentaho-client-minimal not found
06:08:36,121 ERROR [BootFeaturesInstaller] Error Boot feature config not found
2024-02-07 06:08:37.137:INFO:oejs.Server:jetty-8.1.15.v20140411
2024-02-07 06:08:37.209:INFO:oejs.AbstractConnector:Started NIOSocketConnectorWrapper@0.0.0.0:9055
Feb 07, 2024 6:08:37 AM org.apache.cxf.bus.blueprint.NamespaceHandlerRegisterer register
INFO: Registered blueprint namespace handler for http://cxf.apache.org/blueprint/core
Feb 07, 2024 6:08:37 AM org.apache.cxf.bus.blueprint.NamespaceHandlerRegisterer register
INFO: Registered blueprint namespace handler for http://cxf.apache.org/configuration/beans
Feb 07, 2024 6:08:37 AM org.apache.cxf.bus.blueprint.NamespaceHandlerRegisterer register
INFO: Registered blueprint namespace handler for http://cxf.apache.org/configuration/parameterized-types
Feb 07, 2024 6:08:37 AM org.apache.cxf.bus.blueprint.NamespaceHandlerRegisterer register
INFO: Registered blueprint namespace handler for http://cxf.apache.org/configuration/security
Feb 07, 2024 6:08:37 AM org.apache.cxf.bus.blueprint.NamespaceHandlerRegisterer register
INFO: Registered blueprint namespace handler for http://schemas.xmlsoap.org/wsdl/
Feb 07, 2024 6:08:37 AM org.apache.cxf.bus.blueprint.NamespaceHandlerRegisterer register
INFO: Registered blueprint namespace handler for http://www.w3.org/2005/08/addressing
Feb 07, 2024 6:08:37 AM org.apache.cxf.bus.blueprint.NamespaceHandlerRegisterer register
INFO: Registered blueprint namespace handler for http://schemas.xmlsoap.org/ws/2004/08/addressing
Feb 07, 2024 6:08:37 AM org.apache.cxf.bus.osgi.CXFExtensionBundleListener addExtensions
INFO: Adding the extensions from bundle org.apache.cxf.cxf-rt-management (192) [org.apache.cxf.management.InstrumentationManager]
Feb 07, 2024 6:08:37 AM org.apache.cxf.bus.osgi.CXFExtensionBundleListener addExtensions
INFO: Adding the extensions from bundle org.apache.cxf.cxf-rt-wsdl (195) [org.apache.cxf.wsdl.WSDLManager]
Feb 07, 2024 6:08:37 AM org.apache.cxf.bus.osgi.CXFExtensionBundleListener addExtensions
INFO: Adding the extensions from bundle org.apache.cxf.cxf-rt-bindings-xml (197) [org.apache.cxf.binding.xml.XMLBindingFactory, org.apache.cxf.binding.xml.wsdl11.XMLWSDLExtensionLoader]
Feb 07, 2024 6:08:37 AM org.apache.cxf.bus.osgi.CXFExtensionBundleListener addExtensions
INFO: Adding the extensions from bundle org.apache.cxf.cxf-rt-bindings-soap (198) [org.apache.cxf.binding.soap.SoapBindingFactory, org.apache.cxf.binding.soap.SoapTransportFactory]
Feb 07, 2024 6:08:37 AM org.apache.cxf.bus.blueprint.NamespaceHandlerRegisterer register
INFO: Registered blueprint namespace handler for http://cxf.apache.org/blueprint/bindings/soap
Feb 07, 2024 6:08:37 AM org.apache.cxf.bus.osgi.CXFExtensionBundleListener addExtensions
INFO: Adding the extensions from bundle org.apache.cxf.cxf-rt-ws-policy (217) [org.apache.cxf.ws.policy.PolicyEngine, org.apache.cxf.policy.PolicyDataEngine, org.apache.cxf.ws.policy.AssertionBuilderRegistry, org.apache.cxf.ws.policy.PolicyInterceptorProviderRegistry, org.apache.cxf.ws.policy.PolicyBuilder, org.apache.cxf.ws.policy.PolicyAnnotationListener, org.apache.cxf.ws.policy.attachment.ServiceModelPolicyProvider, org.apache.cxf.ws.policy.attachment.external.DomainExpressionBuilderRegistry, org.apache.cxf.ws.policy.attachment.external.EndpointReferenceDomainExpressionBuilder, org.apache.cxf.ws.policy.attachment.external.URIDomainExpressionBuilder, org.apache.cxf.ws.policy.attachment.wsdl11.Wsdl11AttachmentPolicyProvider, org.apache.cxf.ws.policy.mtom.MTOMAssertionBuilder, org.apache.cxf.ws.policy.mtom.MTOMPolicyInterceptorProvider]
Feb 07, 2024 6:08:37 AM org.apache.cxf.bus.osgi.CXFExtensionBundleListener addExtensions
INFO: Adding the extensions from bundle org.apache.cxf.cxf-rt-transports-http (199) [org.apache.cxf.transport.http.HTTPTransportFactory, org.apache.cxf.transport.http.HTTPWSDLExtensionLoader, org.apache.cxf.transport.http.policy.HTTPClientAssertionBuilder, org.apache.cxf.transport.http.policy.HTTPServerAssertionBuilder, org.apache.cxf.transport.http.policy.NoOpPolicyInterceptorProvider]
Feb 07, 2024 6:08:37 AM org.apache.cxf.bus.blueprint.NamespaceHandlerRegisterer register
INFO: Registered blueprint namespace handler for http://cxf.apache.org/transports/http/configuration
Feb 07, 2024 6:08:37 AM org.apache.cxf.bus.blueprint.NamespaceHandlerRegisterer register
INFO: Registered blueprint namespace handler for http://cxf.apache.org/blueprint/simple
Feb 07, 2024 6:08:37 AM org.apache.cxf.bus.osgi.CXFExtensionBundleListener addExtensions
INFO: Adding the extensions from bundle org.apache.cxf.cxf-rt-frontend-jaxws (201) [org.apache.cxf.jaxws.context.WebServiceContextResourceResolver]
Feb 07, 2024 6:08:37 AM org.apache.cxf.bus.blueprint.NamespaceHandlerRegisterer register
INFO: Registered blueprint namespace handler for http://cxf.apache.org/blueprint/jaxws
Feb 07, 2024 6:08:37 AM org.apache.cxf.bus.blueprint.NamespaceHandlerRegisterer register
INFO: Registered blueprint namespace handler for http://cxf.apache.org/blueprint/jaxrs
Feb 07, 2024 6:08:37 AM org.apache.cxf.bus.blueprint.NamespaceHandlerRegisterer register
INFO: Registered blueprint namespace handler for http://cxf.apache.org/blueprint/jaxrs-client
Feb 07, 2024 6:08:37 AM org.apache.cxf.bus.blueprint.NamespaceHandlerRegisterer register
INFO: Registered blueprint namespace handler for http://cxf.apache.org/binding/coloc
Feb 07, 2024 6:08:37 AM org.apache.cxf.bus.osgi.CXFExtensionBundleListener addExtensions
INFO: Adding the extensions from bundle org.apache.cxf.cxf-rt-transports-local (213) [org.apache.cxf.transport.local.LocalTransportFactory]
Feb 07, 2024 6:08:38 AM org.apache.cxf.bus.osgi.CXFExtensionBundleListener addExtensions
INFO: Adding the extensions from bundle org.apache.cxf.cxf-rt-bindings-object (214) [org.apache.cxf.binding.object.ObjectBindingFactory]
Feb 07, 2024 6:08:38 AM org.apache.cxf.bus.blueprint.NamespaceHandlerRegisterer register
INFO: Registered blueprint namespace handler for http://cxf.apache.org/blueprint/binding/object
Feb 07, 2024 6:08:38 AM org.apache.cxf.bus.blueprint.NamespaceHandlerRegisterer register
INFO: Registered blueprint namespace handler for http://cxf.apache.org/policy
Feb 07, 2024 6:08:38 AM org.apache.cxf.bus.blueprint.NamespaceHandlerRegisterer register
INFO: Registered blueprint namespace handler for http://www.w3.org/ns/ws-policy
Feb 07, 2024 6:08:38 AM org.apache.cxf.bus.blueprint.NamespaceHandlerRegisterer register
INFO: Registered blueprint namespace handler for http://www.w3.org/2006/07/ws-policy
Feb 07, 2024 6:08:38 AM org.apache.cxf.bus.blueprint.NamespaceHandlerRegisterer register
INFO: Registered blueprint namespace handler for http://schemas.xmlsoap.org/ws/2004/09/policy
Feb 07, 2024 6:08:38 AM org.apache.cxf.bus.blueprint.NamespaceHandlerRegisterer register
INFO: Registered blueprint namespace handler for http://docs.oasis-open.org/wss/2004/01/oasis-200401-wss-wssecurity-secext-1.0.xsd
Feb 07, 2024 6:08:38 AM org.apache.cxf.bus.blueprint.NamespaceHandlerRegisterer register
INFO: Registered blueprint namespace handler for http://docs.oasis-open.org/wss/2004/01/oasis-200401-wss-wssecurity-utility-1.0.xsd
Feb 07, 2024 6:08:38 AM org.apache.cxf.bus.blueprint.NamespaceHandlerRegisterer register
INFO: Registered blueprint namespace handler for http://www.w3.org/2000/09/xmldsig#
Feb 07, 2024 6:08:38 AM org.apache.cxf.bus.blueprint.NamespaceHandlerRegisterer register
INFO: Registered blueprint namespace handler for http://docs.oasis-open.org/ws-sx/ws-securitypolicy/200702
Feb 07, 2024 6:08:38 AM org.apache.cxf.bus.osgi.CXFExtensionBundleListener addExtensions
INFO: Adding the extensions from bundle org.apache.cxf.cxf-rt-ws-addr (234) [org.apache.cxf.ws.addressing.policy.AddressingAssertionBuilder, org.apache.cxf.ws.addressing.policy.UsingAddressingAssertionBuilder, org.apache.cxf.ws.addressing.policy.AddressingPolicyInterceptorProvider, org.apache.cxf.ws.addressing.impl.AddressingWSDLExtensionLoader, org.apache.cxf.ws.addressing.WSAddressingFeature$WSAddressingFeatureApplier, org.apache.cxf.ws.addressing.MAPAggregator$MAPAggregatorLoader]
Feb 07, 2024 6:08:38 AM org.apache.cxf.bus.blueprint.NamespaceHandlerRegisterer register
INFO: Registered blueprint namespace handler for http://cxf.apache.org/ws/addressing
Feb 07, 2024 6:08:38 AM org.apache.cxf.bus.osgi.CXFExtensionBundleListener addExtensions
INFO: Adding the extensions from bundle org.apache.cxf.cxf-rt-ws-security (236) [org.apache.cxf.ws.security.policy.WSSecurityPolicyLoader, org.apache.cxf.ws.security.cache.CacheCleanupListener]
Feb 07, 2024 6:08:38 AM org.apache.cxf.bus.osgi.CXFExtensionBundleListener addExtensions
INFO: Adding the extensions from bundle org.apache.cxf.cxf-rt-ws-rm (238) [org.apache.cxf.ws.rm.RMManager, org.apache.cxf.ws.rm.policy.RMPolicyInterceptorProvider, org.apache.cxf.ws.rm.policy.RM10AssertionBuilder, org.apache.cxf.ws.rm.policy.RM12AssertionBuilder, org.apache.cxf.ws.rm.policy.WSRMP12PolicyLoader, org.apache.cxf.ws.rm.policy.MC11PolicyLoader, org.apache.cxf.ws.rm.policy.RSPPolicyLoader]
Feb 07, 2024 6:08:38 AM org.apache.cxf.bus.blueprint.NamespaceHandlerRegisterer register
INFO: Registered blueprint namespace handler for http://cxf.apache.org/ws/rm/manager
Feb 07, 2024 6:08:38 AM org.apache.cxf.bus.blueprint.NamespaceHandlerRegisterer register
INFO: Registered blueprint namespace handler for http://schemas.xmlsoap.org/ws/2005/02/rm/policy
Feb 07, 2024 6:08:38 AM org.apache.cxf.bus.osgi.CXFExtensionBundleListener addExtensions
INFO: Adding the extensions from bundle org.apache.cxf.cxf-rt-javascript (239) [org.apache.cxf.javascript.JavascriptServerListener]
Feb 07, 2024 6:08:38 AM org.pentaho.caching.impl.PentahoCacheManagerFactory$RegistrationHandler$1 onSuccess
INFO: New Caching Service registered
06:08:38,625 ERROR [KarafCapabilityProvider] No feature found matching id: pentaho-client
06:08:38,626 ERROR [KarafCapabilityProvider] No feature found matching id: pentaho-metaverse
06:08:38,626 ERROR [KarafCapabilityProvider] No feature found matching id: pentaho-dataservice
06:08:38,626 ERROR [KarafCapabilityProvider] No feature found matching id: pdi-data-refinery
06:08:38,626 ERROR [KarafCapabilityProvider] No feature found matching id: pdi-marketplace
06:08:38,627 ERROR [KarafCapabilityProvider] No feature found matching id: community-edition
SLF4J: Class path contains multiple SLF4J bindings.
SLF4J: Found binding in [jar:file:/hawaiki_il/data-integration/launcher/../lib/slf4j-log4j12-1.7.7.jar!/org/slf4j/impl/StaticLoggerBinder.class]
SLF4J: Found binding in [jar:file:/hawaiki_il/data-integration/plugins/pentaho-big-data-plugin/lib/slf4j-log4j12-1.7.7.jar!/org/slf4j/impl/StaticLoggerBinder.class]
SLF4J: See http://www.slf4j.org/codes.html#multiple_bindings for an explanation.
SLF4J: Actual binding is of type [org.slf4j.impl.Log4jLoggerFactory]
Feb 07, 2024 6:08:41 AM org.apache.cxf.endpoint.ServerImpl initDestination
INFO: Setting the server's publish address to be /lineage
Feb 07, 2024 6:08:41 AM org.apache.cxf.endpoint.ServerImpl initDestination
INFO: Setting the server's publish address to be /i18n
Feb 07, 2024 6:08:42 AM org.apache.cxf.endpoint.ServerImpl initDestination
INFO: Setting the server's publish address to be /marketplace
2024/02/07 06:08:42 - JOB_tesubcom - Start of job execution
2024/02/07 06:08:42 - Carte - Installing timer to purge stale objects after 1440 minutes.
2024/02/07 06:08:42 - JOB_tesubcom - Starting entry [LoadConfiguration]
2024/02/07 06:08:42 - LoadConfiguration - Loading transformation from XML file [file:///hawaiki_il/tesubcom/LoadConfiguration.ktr]
2024/02/07 06:08:43 - LoadConfiguration - Using run configuration [Pentaho local]
2024/02/07 06:08:43 - LoadConfiguration - Using legacy execution engine
2024/02/07 06:08:43 - LoadConfiguration - Dispatching started for transformation [LoadConfiguration]
2024/02/07 06:08:43 - Property Input.0 - Finished processing (I=21, O=0, R=0, W=21, U=0, E=0)
2024/02/07 06:08:43 - Row denormaliser.0 - Finished processing (I=0, O=0, R=21, W=1, U=0, E=0)
2024/02/07 06:08:43 - Set Variables.0 - Setting environment variables...
2024/02/07 06:08:43 - Set Variables.0 - Set variable TARGET_DB_IP to value [10.10.13.201]
2024/02/07 06:08:43 - Set Variables.0 - Set variable TARGET_DB_NAME to value [pm_db]
2024/02/07 06:08:43 - Set Variables.0 - Set variable TARGET_DB_PORT to value [3306]
2024/02/07 06:08:43 - Set Variables.0 - Set variable TARGET_DB_USER to value [mediation_rw]
2024/02/07 06:08:43 - Set Variables.0 - Set variable TARGET_DB_PASS to value [PqTLyM41TjEuiTfF]
2024/02/07 06:08:43 - Set Variables.0 - Set variable TARGET_FTP_SERVER_IP to value [172.29.136.30]
2024/02/07 06:08:43 - Set Variables.0 - Set variable TARGET_FTP_SERVER_PORT to value [21]
2024/02/07 06:08:43 - Set Variables.0 - Set variable TARGET_FTP_SERVER_USERNAME to value [tems_adm]
2024/02/07 06:08:43 - Set Variables.0 - Set variable TARGET_FTP_SERVER_PASSWORD to value [tems_adm]
2024/02/07 06:08:43 - Set Variables.0 - Set variable TARGET_FTP_SERVER_DIRECTORY to value [/home/tems_adm/temsNMS/schedReport/new/och]
2024/02/07 06:08:43 - Set Variables.0 - Set variable TARGET_LOCAL_FILE_DIRECTORY to value [/hawaiki_il/tesubcom/och]
2024/02/07 06:08:43 - Set Variables.0 - Set variable TARGET_FTP_LOGS_DIRECTORY to value [ftp_logs/ftp_logs.txt]
2024/02/07 06:08:43 - Set Variables.0 - Set variable TARGET_EMAIL_DESTINATION_ADDRESS to value [itdev@hawaikicable.co.nz]
2024/02/07 06:08:43 - Set Variables.0 - Set variable TARGET_EMAIL_SENDER_ADDRESS to value [no-reply@bw-digital.com]
2024/02/07 06:08:43 - Set Variables.0 - Set variable TARGET_SMTP_SERVER to value [smtp.office365.com]
2024/02/07 06:08:43 - Set Variables.0 - Set variable TARGET_PORT to value [587]
2024/02/07 06:08:43 - Set Variables.0 - Set variable TARGET_PASSWORD to value [JkKL7+su&=wybsLGjnY@&j5ZV^e_C^J&%LvqrdQk]
2024/02/07 06:08:43 - Set Variables.0 - Set variable TARGET_SUBJECT to value [Missing PM Sources - TEMS Pre production - 10.10.12.108]
2024/02/07 06:08:43 - Set Variables.0 - Set variable TARGET_SUBJECT_Q_FACTOR to value [Q Factor Report - TEMS Pre production - 10.10.12.108]
2024/02/07 06:08:43 - Set Variables.0 - Set variable TARGET_FILE_PATH_Q_FACTOR to value [/email/q_factor_report.txt]
2024/02/07 06:08:43 - Set Variables.0 - Set variable TARGET_EMAIL_QFACTOR_ADDRESS to value [itdev@hawaikicable.co.nz]
2024/02/07 06:08:43 - Set Variables.0 - Finished after 1 rows.
2024/02/07 06:08:43 - Set Variables.0 - Finished processing (I=0, O=0, R=1, W=1, U=0, E=0)
2024/02/07 06:08:43 - JOB_tesubcom - Starting entry [Create file]
2024/02/07 06:08:43 - Create file - File [file:///hawaiki_il/tesubcom/ftp_logs/ftp_logs.txt] already exists, not recreating.
2024/02/07 06:08:43 - JOB_tesubcom - Starting entry [Transformation]
2024/02/07 06:08:43 - Transformation - Loading transformation from XML file [file:///hawaiki_il/tesubcom/InitiateFTPlogs.ktr]
2024/02/07 06:08:43 - Transformation - Using run configuration [Pentaho local]
2024/02/07 06:08:43 - Transformation - Using legacy execution engine
2024/02/07 06:08:43 - InitiateFTPlogs - Dispatching started for transformation [InitiateFTPlogs]
2024/02/07 06:08:43 - Table input.0 - Finished reading query, closing connection.
2024/02/07 06:08:43 - Table input.0 - Finished processing (I=1, O=0, R=0, W=1, U=0, E=0)
2024/02/07 06:08:43 - Text file output.0 - Finished processing (I=0, O=2, R=1, W=1, U=0, E=0)
2024/02/07 06:08:43 - JOB_tesubcom - Starting entry [Set variables B1]
2024/02/07 06:08:43 - JOB_tesubcom - Starting entry [Job download B1]
2024/02/07 06:08:43 - Job download B1 - Using run configuration [Pentaho local]
2024/02/07 06:08:43 - DownloadFile - Starting entry [ftp log starting]
2024/02/07 06:08:43 - DownloadFile - Starting entry [Get och files 1]
2024/02/07 06:08:43 - Get och files 1 - Started FTP job to ${TARGET_FTP_SERVER_IP}
2024/02/07 06:08:55 - DownloadFile - Starting entry [Check if a folder is empty]
2024/02/07 06:08:55 - Check if a folder is empty - Total files
2024/02/07 06:08:55 - DownloadFile - Starting entry [Write To Log 2]
2024/02/07 06:08:55 - ----------------- In Dlownload file -------------------------------------- - </br><font color='green'>File successfully downloaded from folder B1 on 172.29.136.30</font>
2024/02/07 06:08:55 - DownloadFile - Starting entry [ftp log success]
2024/02/07 06:08:55 - DownloadFile - Finished job entry [ftp log success] (result=[true])
2024/02/07 06:08:55 - DownloadFile - Finished job entry [Write To Log 2] (result=[true])
2024/02/07 06:08:55 - DownloadFile - Finished job entry [Check if a folder is empty] (result=[true])
2024/02/07 06:08:55 - DownloadFile - Finished job entry [Get och files 1] (result=[true])
2024/02/07 06:08:55 - DownloadFile - Finished job entry [ftp log starting] (result=[true])
2024/02/07 06:08:55 - JOB_tesubcom - Starting entry [Transformation 1]
2024/02/07 06:08:55 - Transformation 1 - Loading transformation from XML file [file:///hawaiki_il/tesubcom/LoadTEMSFiles.ktr]
2024/02/07 06:08:55 - Transformation 1 - Using run configuration [Pentaho local]
2024/02/07 06:08:55 - Transformation 1 - Using legacy execution engine
2024/02/07 06:08:55 - LoadTEMSFiles - Dispatching started for transformation [LoadTEMSFiles]
2024/02/07 06:08:55 - Table output.0 - Connected to database [db] (commit=1000)
2024/02/07 06:08:55 - Get files from result.0 - Finished processing (I=0, O=0, R=3, W=3, U=0, E=0)
2024/02/07 06:08:55 - Write to log.0 - 
2024/02/07 06:08:55 - Write to log.0 - ------------> Linenr 1------------------------------
2024/02/07 06:08:55 - Write to log.0 - ------------------> File details in LoadTEMSFiles <-------------------------
2024/02/07 06:08:55 - Write to log.0 - 
2024/02/07 06:08:55 - Write to log.0 - type = General
2024/02/07 06:08:55 - Write to log.0 - filename = config.properties
2024/02/07 06:08:55 - Write to log.0 - path = file:///hawaiki_il/tesubcom/config.properties
2024/02/07 06:08:55 - Write to log.0 - parentorigin = LoadConfiguration
2024/02/07 06:08:55 - Write to log.0 - origin = Property Input
2024/02/07 06:08:55 - Write to log.0 - comment = File was read by a Property input step
2024/02/07 06:08:55 - Write to log.0 - timestamp = 2024/02/07 06:08:43.240
2024/02/07 06:08:55 - Write to log.0 - 
2024/02/07 06:08:55 - Write to log.0 - ====================
2024/02/07 06:08:55 - Write to log.0 - 
2024/02/07 06:08:55 - Write to log.0 - ------------> Linenr 2------------------------------
2024/02/07 06:08:55 - Write to log.0 - ------------------> File details in LoadTEMSFiles <-------------------------
2024/02/07 06:08:55 - Write to log.0 - 
2024/02/07 06:08:55 - Write to log.0 - type = General
2024/02/07 06:08:55 - Write to log.0 - filename = ftp_logs.txt
2024/02/07 06:08:55 - Write to log.0 - path = file:///hawaiki_il/tesubcom/ftp_logs/ftp_logs.txt
2024/02/07 06:08:55 - Write to log.0 - parentorigin = InitiateFTPlogs
2024/02/07 06:08:55 - Write to log.0 - origin = Text file output
2024/02/07 06:08:55 - Write to log.0 - comment = This file was created with a text file output step
2024/02/07 06:08:55 - Write to log.0 - timestamp = 2024/02/07 06:08:43.732
2024/02/07 06:08:55 - Write to log.0 - 
2024/02/07 06:08:55 - Write to log.0 - ====================
2024/02/07 06:08:55 - Write to log.0 - 
2024/02/07 06:08:55 - Write to log.0 - ------------> Linenr 3------------------------------
2024/02/07 06:08:55 - Write to log.0 - ------------------> File details in LoadTEMSFiles <-------------------------
2024/02/07 06:08:55 - Write to log.0 - 
2024/02/07 06:08:55 - Write to log.0 - type = General
2024/02/07 06:08:55 - Write to log.0 - filename = 07-Feb-2024.csv
2024/02/07 06:08:55 - Write to log.0 - path = file:///hawaiki_il/tesubcom/och/B1/07-Feb-2024.csv
2024/02/07 06:08:55 - Write to log.0 - parentorigin = DownloadFile
2024/02/07 06:08:55 - Write to log.0 - origin = Get och files 1
2024/02/07 06:08:55 - Write to log.0 - comment = Downloaded from ftp server ${TARGET_FTP_SERVER_IP}
2024/02/07 06:08:55 - Write to log.0 - timestamp = 2024/02/07 06:08:54.991
2024/02/07 06:08:55 - Write to log.0 - 
2024/02/07 06:08:55 - Write to log.0 - ====================
2024/02/07 06:08:55 - Write to log.0 - Finished processing (I=0, O=0, R=3, W=3, U=0, E=0)
2024/02/07 06:08:55 - Dummy (do nothing) 3.0 - Finished processing (I=0, O=0, R=1, W=1, U=0, E=0)
2024/02/07 06:08:55 - Filter rows 2.0 - Finished processing (I=0, O=0, R=3, W=3, U=0, E=0)
2024/02/07 06:08:55 - Text file input 2.0 - Opening file: file:///hawaiki_il/tesubcom/ftp_logs/ftp_logs.txt
2024/02/07 06:08:55 - Text file input 2.0 - Opening file: file:///hawaiki_il/tesubcom/och/B1/07-Feb-2024.csv
2024/02/07 06:08:55 - Text file input 2.0 - Finished processing (I=3174, O=0, R=2, W=3174, U=2, E=0)
2024/02/07 06:08:55 - Filter rows.0 - Finished processing (I=0, O=0, R=3174, W=3174, U=0, E=0)
2024/02/07 06:08:55 - Dummy (do nothing).0 - Finished processing (I=0, O=0, R=6, W=6, U=0, E=0)
2024/02/07 06:08:56 - Split Fields.0 - Finished processing (I=0, O=0, R=3168, W=3168, U=0, E=0)
2024/02/07 06:08:56 - Replace in string.0 - Finished processing (I=0, O=0, R=3168, W=3168, U=0, E=0)
2024/02/07 06:08:56 - Select values.0 - Finished processing (I=0, O=0, R=3168, W=3168, U=0, E=0)
2024/02/07 06:08:57 - Table output.0 - Finished processing (I=0, O=3168, R=3168, W=3168, U=0, E=0)
2024/02/07 06:08:57 - Dummy (do nothing) 2.0 - Finished processing (I=0, O=0, R=3168, W=3168, U=0, E=0)
2024/02/07 06:08:57 - JOB_tesubcom - Starting entry [Archive Files 1]
2024/02/07 06:08:57 - JOB_tesubcom - Starting entry [Success]
2024/02/07 06:08:57 - JOB_tesubcom - Starting entry [DUMMY]
2024/02/07 06:08:57 - JOB_tesubcom - Finished job entry [DUMMY] (result=[true])
2024/02/07 06:08:57 - JOB_tesubcom - Finished job entry [Success] (result=[true])
2024/02/07 06:08:57 - JOB_tesubcom - Finished job entry [Archive Files 1] (result=[true])
2024/02/07 06:08:57 - JOB_tesubcom - Finished job entry [Transformation 1] (result=[true])
2024/02/07 06:08:57 - JOB_tesubcom - Finished job entry [Job download B1] (result=[true])
2024/02/07 06:08:57 - JOB_tesubcom - Finished job entry [Set variables B1] (result=[true])
2024/02/07 06:08:57 - JOB_tesubcom - Finished job entry [Transformation] (result=[true])
2024/02/07 06:08:57 - JOB_tesubcom - Finished job entry [Create file] (result=[true])
2024/02/07 06:08:57 - JOB_tesubcom - Starting entry [Set variables T2]
2024/02/07 06:08:57 - JOB_tesubcom - Starting entry [Job download T2]
2024/02/07 06:08:57 - Job download T2 - Using run configuration [Pentaho local]
2024/02/07 06:08:57 - DownloadFile - Starting entry [ftp log starting]
2024/02/07 06:08:57 - DownloadFile - Starting entry [Get och files 1]
2024/02/07 06:08:57 - Get och files 1 - Started FTP job to ${TARGET_FTP_SERVER_IP}
2024/02/07 06:09:09 - DownloadFile - Starting entry [Check if a folder is empty]
2024/02/07 06:09:09 - Check if a folder is empty - Total files
2024/02/07 06:09:09 - DownloadFile - Starting entry [Write To Log 2]
2024/02/07 06:09:09 - ----------------- In Dlownload file -------------------------------------- - </br><font color='green'>File successfully downloaded from folder T2 on 172.29.136.30</font>
2024/02/07 06:09:09 - DownloadFile - Starting entry [ftp log success]
2024/02/07 06:09:09 - DownloadFile - Finished job entry [ftp log success] (result=[true])
2024/02/07 06:09:09 - DownloadFile - Finished job entry [Write To Log 2] (result=[true])
2024/02/07 06:09:09 - DownloadFile - Finished job entry [Check if a folder is empty] (result=[true])
2024/02/07 06:09:09 - DownloadFile - Finished job entry [Get och files 1] (result=[true])
2024/02/07 06:09:09 - DownloadFile - Finished job entry [ftp log starting] (result=[true])
2024/02/07 06:09:09 - JOB_tesubcom - Starting entry [Transformation 2]
2024/02/07 06:09:09 - Transformation 2 - Loading transformation from XML file [file:///hawaiki_il/tesubcom/LoadTEMSFiles.ktr]
2024/02/07 06:09:09 - Transformation 2 - Using run configuration [Pentaho local]
2024/02/07 06:09:09 - Transformation 2 - Using legacy execution engine
2024/02/07 06:09:09 - LoadTEMSFiles - Dispatching started for transformation [LoadTEMSFiles]
2024/02/07 06:09:09 - Table output.0 - Connected to database [db] (commit=1000)
2024/02/07 06:09:09 - Get files from result.0 - Finished processing (I=0, O=0, R=2, W=2, U=0, E=0)
2024/02/07 06:09:09 - Write to log.0 - 
2024/02/07 06:09:09 - Write to log.0 - ------------> Linenr 1------------------------------
2024/02/07 06:09:09 - Write to log.0 - ------------------> File details in LoadTEMSFiles <-------------------------
2024/02/07 06:09:09 - Write to log.0 - 
2024/02/07 06:09:09 - Write to log.0 - type = General
2024/02/07 06:09:09 - Write to log.0 - filename = config.properties
2024/02/07 06:09:09 - Write to log.0 - path = file:///hawaiki_il/tesubcom/config.properties
2024/02/07 06:09:09 - Write to log.0 - parentorigin = LoadConfiguration
2024/02/07 06:09:09 - Write to log.0 - origin = Property Input
2024/02/07 06:09:09 - Write to log.0 - comment = File was read by a Property input step
2024/02/07 06:09:09 - Write to log.0 - timestamp = 2024/02/07 06:08:43.240
2024/02/07 06:09:09 - Write to log.0 - 
2024/02/07 06:09:09 - Write to log.0 - ====================
2024/02/07 06:09:09 - Write to log.0 - 
2024/02/07 06:09:09 - Write to log.0 - ------------> Linenr 2------------------------------
2024/02/07 06:09:09 - Write to log.0 - ------------------> File details in LoadTEMSFiles <-------------------------
2024/02/07 06:09:09 - Write to log.0 - 
2024/02/07 06:09:09 - Write to log.0 - type = General
2024/02/07 06:09:09 - Write to log.0 - filename = 07-Feb-2024.csv
2024/02/07 06:09:09 - Write to log.0 - path = file:///hawaiki_il/tesubcom/och/T2/07-Feb-2024.csv
2024/02/07 06:09:09 - Write to log.0 - parentorigin = DownloadFile
2024/02/07 06:09:09 - Write to log.0 - origin = Get och files 1
2024/02/07 06:09:09 - Write to log.0 - comment = Downloaded from ftp server ${TARGET_FTP_SERVER_IP}
2024/02/07 06:09:09 - Write to log.0 - timestamp = 2024/02/07 06:09:08.926
2024/02/07 06:09:09 - Write to log.0 - 
2024/02/07 06:09:09 - Write to log.0 - ====================
2024/02/07 06:09:09 - Write to log.0 - Finished processing (I=0, O=0, R=2, W=2, U=0, E=0)
2024/02/07 06:09:09 - Filter rows 2.0 - Finished processing (I=0, O=0, R=2, W=2, U=0, E=0)
2024/02/07 06:09:09 - Dummy (do nothing) 3.0 - Finished processing (I=0, O=0, R=1, W=1, U=0, E=0)
2024/02/07 06:09:09 - Text file input 2.0 - Opening file: file:///hawaiki_il/tesubcom/och/T2/07-Feb-2024.csv
2024/02/07 06:09:09 - Text file input 2.0 - Finished processing (I=3460, O=0, R=1, W=3460, U=1, E=0)
2024/02/07 06:09:09 - Filter rows.0 - Finished processing (I=0, O=0, R=3460, W=3460, U=0, E=0)
2024/02/07 06:09:09 - Dummy (do nothing).0 - Finished processing (I=0, O=0, R=4, W=4, U=0, E=0)
2024/02/07 06:09:09 - Split Fields.0 - Finished processing (I=0, O=0, R=3456, W=3456, U=0, E=0)
2024/02/07 06:09:09 - Replace in string.0 - Finished processing (I=0, O=0, R=3456, W=3456, U=0, E=0)
2024/02/07 06:09:09 - Select values.0 - Finished processing (I=0, O=0, R=3456, W=3456, U=0, E=0)
2024/02/07 06:09:11 - Table output.0 - Finished processing (I=0, O=3456, R=3456, W=3456, U=0, E=0)
2024/02/07 06:09:11 - Dummy (do nothing) 2.0 - Finished processing (I=0, O=0, R=3456, W=3456, U=0, E=0)
2024/02/07 06:09:11 - JOB_tesubcom - Starting entry [Archive Files 1]
2024/02/07 06:09:11 - JOB_tesubcom - Starting entry [Success]
2024/02/07 06:09:11 - JOB_tesubcom - Starting entry [DUMMY]
2024/02/07 06:09:11 - JOB_tesubcom - Finished job entry [DUMMY] (result=[true])
2024/02/07 06:09:11 - JOB_tesubcom - Finished job entry [Success] (result=[true])
2024/02/07 06:09:11 - JOB_tesubcom - Finished job entry [Archive Files 1] (result=[true])
2024/02/07 06:09:11 - JOB_tesubcom - Finished job entry [Transformation 2] (result=[true])
2024/02/07 06:09:11 - JOB_tesubcom - Finished job entry [Job download T2] (result=[true])
2024/02/07 06:09:11 - JOB_tesubcom - Finished job entry [Set variables T2] (result=[true])
2024/02/07 06:09:11 - JOB_tesubcom - Starting entry [Set variables T3]
2024/02/07 06:09:11 - JOB_tesubcom - Starting entry [Job download T3]
2024/02/07 06:09:11 - Job download T3 - Using run configuration [Pentaho local]
2024/02/07 06:09:11 - DownloadFile - Starting entry [ftp log starting]
2024/02/07 06:09:11 - DownloadFile - Starting entry [Get och files 1]
2024/02/07 06:09:11 - Get och files 1 - Started FTP job to ${TARGET_FTP_SERVER_IP}
2024/02/07 06:09:22 - DownloadFile - Starting entry [Check if a folder is empty]
2024/02/07 06:09:22 - Check if a folder is empty - Total files
2024/02/07 06:09:22 - DownloadFile - Starting entry [Write To Log 2]
2024/02/07 06:09:22 - ----------------- In Dlownload file -------------------------------------- - </br><font color='green'>File successfully downloaded from folder T3 on 172.29.136.30</font>
2024/02/07 06:09:22 - DownloadFile - Starting entry [ftp log success]
2024/02/07 06:09:22 - DownloadFile - Finished job entry [ftp log success] (result=[true])
2024/02/07 06:09:22 - DownloadFile - Finished job entry [Write To Log 2] (result=[true])
2024/02/07 06:09:22 - DownloadFile - Finished job entry [Check if a folder is empty] (result=[true])
2024/02/07 06:09:22 - DownloadFile - Finished job entry [Get och files 1] (result=[true])
2024/02/07 06:09:22 - DownloadFile - Finished job entry [ftp log starting] (result=[true])
2024/02/07 06:09:22 - JOB_tesubcom - Starting entry [Transformation 3]
2024/02/07 06:09:22 - Transformation 3 - Loading transformation from XML file [file:///hawaiki_il/tesubcom/LoadTEMSFiles.ktr]
2024/02/07 06:09:22 - Transformation 3 - Using run configuration [Pentaho local]
2024/02/07 06:09:22 - Transformation 3 - Using legacy execution engine
2024/02/07 06:09:22 - LoadTEMSFiles - Dispatching started for transformation [LoadTEMSFiles]
2024/02/07 06:09:22 - Table output.0 - Connected to database [db] (commit=1000)
2024/02/07 06:09:22 - Write to log.0 - 
2024/02/07 06:09:22 - Write to log.0 - ------------> Linenr 1------------------------------
2024/02/07 06:09:22 - Write to log.0 - ------------------> File details in LoadTEMSFiles <-------------------------
2024/02/07 06:09:22 - Write to log.0 - 
2024/02/07 06:09:22 - Write to log.0 - type = General
2024/02/07 06:09:22 - Write to log.0 - filename = 07-Feb-2024.csv
2024/02/07 06:09:22 - Write to log.0 - path = file:///hawaiki_il/tesubcom/och/T3/07-Feb-2024.csv
2024/02/07 06:09:22 - Write to log.0 - parentorigin = DownloadFile
2024/02/07 06:09:22 - Write to log.0 - origin = Get och files 1
2024/02/07 06:09:22 - Write to log.0 - comment = Downloaded from ftp server ${TARGET_FTP_SERVER_IP}
2024/02/07 06:09:22 - Write to log.0 - timestamp = 2024/02/07 06:09:22.434
2024/02/07 06:09:22 - Write to log.0 - 
2024/02/07 06:09:22 - Write to log.0 - ====================
2024/02/07 06:09:22 - Write to log.0 - 
2024/02/07 06:09:22 - Write to log.0 - ------------> Linenr 2------------------------------
2024/02/07 06:09:22 - Write to log.0 - ------------------> File details in LoadTEMSFiles <-------------------------
2024/02/07 06:09:22 - Write to log.0 - 
2024/02/07 06:09:22 - Write to log.0 - type = General
2024/02/07 06:09:22 - Write to log.0 - filename = config.properties
2024/02/07 06:09:22 - Write to log.0 - path = file:///hawaiki_il/tesubcom/config.properties
2024/02/07 06:09:22 - Write to log.0 - parentorigin = LoadConfiguration
2024/02/07 06:09:22 - Write to log.0 - origin = Property Input
2024/02/07 06:09:22 - Write to log.0 - comment = File was read by a Property input step
2024/02/07 06:09:22 - Write to log.0 - timestamp = 2024/02/07 06:08:43.240
2024/02/07 06:09:22 - Write to log.0 - 
2024/02/07 06:09:22 - Write to log.0 - ====================
2024/02/07 06:09:22 - Get files from result.0 - Finished processing (I=0, O=0, R=2, W=2, U=0, E=0)
2024/02/07 06:09:22 - Write to log.0 - Finished processing (I=0, O=0, R=2, W=2, U=0, E=0)
2024/02/07 06:09:22 - Filter rows 2.0 - Finished processing (I=0, O=0, R=2, W=2, U=0, E=0)
2024/02/07 06:09:22 - Dummy (do nothing) 3.0 - Finished processing (I=0, O=0, R=1, W=1, U=0, E=0)
2024/02/07 06:09:22 - Text file input 2.0 - Opening file: file:///hawaiki_il/tesubcom/och/T3/07-Feb-2024.csv
2024/02/07 06:09:23 - Text file input 2.0 - Finished processing (I=2596, O=0, R=1, W=2596, U=1, E=0)
2024/02/07 06:09:23 - Filter rows.0 - Finished processing (I=0, O=0, R=2596, W=2596, U=0, E=0)
2024/02/07 06:09:23 - Dummy (do nothing).0 - Finished processing (I=0, O=0, R=4, W=4, U=0, E=0)
2024/02/07 06:09:23 - Split Fields.0 - Finished processing (I=0, O=0, R=2592, W=2592, U=0, E=0)
2024/02/07 06:09:23 - Replace in string.0 - Finished processing (I=0, O=0, R=2592, W=2592, U=0, E=0)
2024/02/07 06:09:23 - Select values.0 - Finished processing (I=0, O=0, R=2592, W=2592, U=0, E=0)
2024/02/07 06:09:24 - Table output.0 - Finished processing (I=0, O=2592, R=2592, W=2592, U=0, E=0)
2024/02/07 06:09:24 - Dummy (do nothing) 2.0 - Finished processing (I=0, O=0, R=2592, W=2592, U=0, E=0)
2024/02/07 06:09:24 - JOB_tesubcom - Starting entry [Archive Files 1]
2024/02/07 06:09:24 - JOB_tesubcom - Starting entry [Success]
2024/02/07 06:09:24 - JOB_tesubcom - Starting entry [DUMMY]
2024/02/07 06:09:24 - JOB_tesubcom - Finished job entry [DUMMY] (result=[true])
2024/02/07 06:09:24 - JOB_tesubcom - Finished job entry [Success] (result=[true])
2024/02/07 06:09:24 - JOB_tesubcom - Finished job entry [Archive Files 1] (result=[true])
2024/02/07 06:09:24 - JOB_tesubcom - Finished job entry [Transformation 3] (result=[true])
2024/02/07 06:09:24 - JOB_tesubcom - Finished job entry [Job download T3] (result=[true])
2024/02/07 06:09:24 - JOB_tesubcom - Finished job entry [Set variables T3] (result=[true])
2024/02/07 06:09:24 - JOB_tesubcom - Starting entry [Set variables T4]
2024/02/07 06:09:24 - JOB_tesubcom - Starting entry [Job download T4]
2024/02/07 06:09:24 - Job download T4 - Using run configuration [Pentaho local]
2024/02/07 06:09:24 - DownloadFile - Starting entry [ftp log starting]
2024/02/07 06:09:24 - DownloadFile - Starting entry [Get och files 1]
2024/02/07 06:09:24 - Get och files 1 - Started FTP job to ${TARGET_FTP_SERVER_IP}
2024/02/07 06:09:35 - DownloadFile - Starting entry [Check if a folder is empty]
2024/02/07 06:09:35 - Check if a folder is empty - Total files
2024/02/07 06:09:35 - DownloadFile - Starting entry [Write To Log 2]
2024/02/07 06:09:35 - ----------------- In Dlownload file -------------------------------------- - </br><font color='green'>File successfully downloaded from folder T4 on 172.29.136.30</font>
2024/02/07 06:09:35 - DownloadFile - Starting entry [ftp log success]
2024/02/07 06:09:35 - DownloadFile - Finished job entry [ftp log success] (result=[true])
2024/02/07 06:09:35 - DownloadFile - Finished job entry [Write To Log 2] (result=[true])
2024/02/07 06:09:35 - DownloadFile - Finished job entry [Check if a folder is empty] (result=[true])
2024/02/07 06:09:35 - DownloadFile - Finished job entry [Get och files 1] (result=[true])
2024/02/07 06:09:35 - DownloadFile - Finished job entry [ftp log starting] (result=[true])
2024/02/07 06:09:35 - JOB_tesubcom - Starting entry [Transformation 4]
2024/02/07 06:09:35 - Transformation 4 - Loading transformation from XML file [file:///hawaiki_il/tesubcom/LoadTEMSFiles.ktr]
2024/02/07 06:09:35 - Transformation 4 - Using run configuration [Pentaho local]
2024/02/07 06:09:35 - Transformation 4 - Using legacy execution engine
2024/02/07 06:09:35 - LoadTEMSFiles - Dispatching started for transformation [LoadTEMSFiles]
2024/02/07 06:09:35 - Table output.0 - Connected to database [db] (commit=1000)
2024/02/07 06:09:35 - Get files from result.0 - Finished processing (I=0, O=0, R=2, W=2, U=0, E=0)
2024/02/07 06:09:35 - Write to log.0 - 
2024/02/07 06:09:35 - Write to log.0 - ------------> Linenr 1------------------------------
2024/02/07 06:09:35 - Write to log.0 - ------------------> File details in LoadTEMSFiles <-------------------------
2024/02/07 06:09:35 - Write to log.0 - 
2024/02/07 06:09:35 - Write to log.0 - type = General
2024/02/07 06:09:35 - Write to log.0 - filename = config.properties
2024/02/07 06:09:35 - Write to log.0 - path = file:///hawaiki_il/tesubcom/config.properties
2024/02/07 06:09:35 - Write to log.0 - parentorigin = LoadConfiguration
2024/02/07 06:09:35 - Write to log.0 - origin = Property Input
2024/02/07 06:09:35 - Write to log.0 - comment = File was read by a Property input step
2024/02/07 06:09:35 - Write to log.0 - timestamp = 2024/02/07 06:08:43.240
2024/02/07 06:09:35 - Write to log.0 - 
2024/02/07 06:09:35 - Write to log.0 - ====================
2024/02/07 06:09:35 - Write to log.0 - 
2024/02/07 06:09:35 - Write to log.0 - ------------> Linenr 2------------------------------
2024/02/07 06:09:35 - Write to log.0 - ------------------> File details in LoadTEMSFiles <-------------------------
2024/02/07 06:09:35 - Write to log.0 - 
2024/02/07 06:09:35 - Write to log.0 - type = General
2024/02/07 06:09:35 - Write to log.0 - filename = 07-Feb-2024.csv
2024/02/07 06:09:35 - Write to log.0 - path = file:///hawaiki_il/tesubcom/och/T4/07-Feb-2024.csv
2024/02/07 06:09:35 - Write to log.0 - parentorigin = DownloadFile
2024/02/07 06:09:35 - Write to log.0 - origin = Get och files 1
2024/02/07 06:09:35 - Write to log.0 - comment = Downloaded from ftp server ${TARGET_FTP_SERVER_IP}
2024/02/07 06:09:35 - Write to log.0 - timestamp = 2024/02/07 06:09:35.431
2024/02/07 06:09:35 - Write to log.0 - 
2024/02/07 06:09:35 - Write to log.0 - ====================
2024/02/07 06:09:35 - Write to log.0 - Finished processing (I=0, O=0, R=2, W=2, U=0, E=0)
2024/02/07 06:09:35 - Filter rows 2.0 - Finished processing (I=0, O=0, R=2, W=2, U=0, E=0)
2024/02/07 06:09:35 - Dummy (do nothing) 3.0 - Finished processing (I=0, O=0, R=1, W=1, U=0, E=0)
2024/02/07 06:09:35 - Text file input 2.0 - Opening file: file:///hawaiki_il/tesubcom/och/T4/07-Feb-2024.csv
2024/02/07 06:09:35 - Text file input 2.0 - Finished processing (I=1252, O=0, R=1, W=1252, U=1, E=0)
2024/02/07 06:09:35 - Filter rows.0 - Finished processing (I=0, O=0, R=1252, W=1252, U=0, E=0)
2024/02/07 06:09:35 - Dummy (do nothing).0 - Finished processing (I=0, O=0, R=4, W=4, U=0, E=0)
2024/02/07 06:09:35 - Split Fields.0 - Finished processing (I=0, O=0, R=1248, W=1248, U=0, E=0)
2024/02/07 06:09:35 - Replace in string.0 - Finished processing (I=0, O=0, R=1248, W=1248, U=0, E=0)
2024/02/07 06:09:35 - Select values.0 - Finished processing (I=0, O=0, R=1248, W=1248, U=0, E=0)
2024/02/07 06:09:36 - Table output.0 - Finished processing (I=0, O=1248, R=1248, W=1248, U=0, E=0)
2024/02/07 06:09:36 - Dummy (do nothing) 2.0 - Finished processing (I=0, O=0, R=1248, W=1248, U=0, E=0)
2024/02/07 06:09:36 - JOB_tesubcom - Starting entry [Archive Files 1]
2024/02/07 06:09:36 - JOB_tesubcom - Starting entry [Success]
2024/02/07 06:09:36 - JOB_tesubcom - Starting entry [DUMMY]
2024/02/07 06:09:36 - JOB_tesubcom - Finished job entry [DUMMY] (result=[true])
2024/02/07 06:09:36 - JOB_tesubcom - Finished job entry [Success] (result=[true])
2024/02/07 06:09:36 - JOB_tesubcom - Finished job entry [Archive Files 1] (result=[true])
2024/02/07 06:09:36 - JOB_tesubcom - Finished job entry [Transformation 4] (result=[true])
2024/02/07 06:09:36 - JOB_tesubcom - Finished job entry [Job download T4] (result=[true])
2024/02/07 06:09:36 - JOB_tesubcom - Finished job entry [Set variables T4] (result=[true])
2024/02/07 06:09:36 - JOB_tesubcom - Starting entry [Set variables T50]
2024/02/07 06:09:36 - JOB_tesubcom - Starting entry [Job download T50]
2024/02/07 06:09:36 - Job download T50 - Using run configuration [Pentaho local]
2024/02/07 06:09:36 - DownloadFile - Starting entry [ftp log starting]
2024/02/07 06:09:36 - DownloadFile - Starting entry [Get och files 1]
2024/02/07 06:09:36 - Get och files 1 - Started FTP job to ${TARGET_FTP_SERVER_IP}
2024/02/07 06:09:47 - DownloadFile - Starting entry [Check if a folder is empty]
2024/02/07 06:09:47 - Check if a folder is empty - Total files
2024/02/07 06:09:47 - DownloadFile - Starting entry [Write To Log 2]
2024/02/07 06:09:47 - ----------------- In Dlownload file -------------------------------------- - </br><font color='green'>File successfully downloaded from folder T50 on 172.29.136.30</font>
2024/02/07 06:09:47 - DownloadFile - Starting entry [ftp log success]
2024/02/07 06:09:47 - DownloadFile - Finished job entry [ftp log success] (result=[true])
2024/02/07 06:09:47 - DownloadFile - Finished job entry [Write To Log 2] (result=[true])
2024/02/07 06:09:47 - DownloadFile - Finished job entry [Check if a folder is empty] (result=[true])
2024/02/07 06:09:47 - DownloadFile - Finished job entry [Get och files 1] (result=[true])
2024/02/07 06:09:47 - DownloadFile - Finished job entry [ftp log starting] (result=[true])
2024/02/07 06:09:47 - JOB_tesubcom - Starting entry [Transformation 5]
2024/02/07 06:09:47 - Transformation 5 - Loading transformation from XML file [file:///hawaiki_il/tesubcom/LoadTEMSFiles.ktr]
2024/02/07 06:09:47 - Transformation 5 - Using run configuration [Pentaho local]
2024/02/07 06:09:47 - Transformation 5 - Using legacy execution engine
2024/02/07 06:09:47 - LoadTEMSFiles - Dispatching started for transformation [LoadTEMSFiles]
2024/02/07 06:09:47 - Table output.0 - Connected to database [db] (commit=1000)
2024/02/07 06:09:47 - Write to log.0 - 
2024/02/07 06:09:47 - Write to log.0 - ------------> Linenr 1------------------------------
2024/02/07 06:09:47 - Write to log.0 - ------------------> File details in LoadTEMSFiles <-------------------------
2024/02/07 06:09:47 - Write to log.0 - 
2024/02/07 06:09:47 - Write to log.0 - type = General
2024/02/07 06:09:47 - Write to log.0 - filename = 07-Feb-2024.csv
2024/02/07 06:09:47 - Write to log.0 - path = file:///hawaiki_il/tesubcom/och/T50/07-Feb-2024.csv
2024/02/07 06:09:47 - Write to log.0 - parentorigin = DownloadFile
2024/02/07 06:09:47 - Write to log.0 - origin = Get och files 1
2024/02/07 06:09:47 - Write to log.0 - comment = Downloaded from ftp server ${TARGET_FTP_SERVER_IP}
2024/02/07 06:09:47 - Write to log.0 - timestamp = 2024/02/07 06:09:47.447
2024/02/07 06:09:47 - Write to log.0 - 
2024/02/07 06:09:47 - Write to log.0 - ====================
2024/02/07 06:09:47 - Get files from result.0 - Finished processing (I=0, O=0, R=2, W=2, U=0, E=0)
2024/02/07 06:09:47 - Write to log.0 - 
2024/02/07 06:09:47 - Write to log.0 - ------------> Linenr 2------------------------------
2024/02/07 06:09:47 - Write to log.0 - ------------------> File details in LoadTEMSFiles <-------------------------
2024/02/07 06:09:47 - Write to log.0 - 
2024/02/07 06:09:47 - Write to log.0 - type = General
2024/02/07 06:09:47 - Write to log.0 - filename = config.properties
2024/02/07 06:09:47 - Write to log.0 - path = file:///hawaiki_il/tesubcom/config.properties
2024/02/07 06:09:47 - Write to log.0 - parentorigin = LoadConfiguration
2024/02/07 06:09:47 - Write to log.0 - origin = Property Input
2024/02/07 06:09:47 - Write to log.0 - comment = File was read by a Property input step
2024/02/07 06:09:47 - Write to log.0 - timestamp = 2024/02/07 06:08:43.240
2024/02/07 06:09:47 - Write to log.0 - 
2024/02/07 06:09:47 - Write to log.0 - ====================
2024/02/07 06:09:47 - Write to log.0 - Finished processing (I=0, O=0, R=2, W=2, U=0, E=0)
2024/02/07 06:09:47 - Filter rows 2.0 - Finished processing (I=0, O=0, R=2, W=2, U=0, E=0)
2024/02/07 06:09:47 - Dummy (do nothing) 3.0 - Finished processing (I=0, O=0, R=1, W=1, U=0, E=0)
2024/02/07 06:09:47 - Text file input 2.0 - Opening file: file:///hawaiki_il/tesubcom/och/T50/07-Feb-2024.csv
2024/02/07 06:09:47 - Text file input 2.0 - Finished processing (I=1540, O=0, R=1, W=1540, U=1, E=0)
2024/02/07 06:09:47 - Filter rows.0 - Finished processing (I=0, O=0, R=1540, W=1540, U=0, E=0)
2024/02/07 06:09:47 - Dummy (do nothing).0 - Finished processing (I=0, O=0, R=4, W=4, U=0, E=0)
2024/02/07 06:09:48 - Split Fields.0 - Finished processing (I=0, O=0, R=1536, W=1536, U=0, E=0)
2024/02/07 06:09:48 - Replace in string.0 - Finished processing (I=0, O=0, R=1536, W=1536, U=0, E=0)
2024/02/07 06:09:48 - Select values.0 - Finished processing (I=0, O=0, R=1536, W=1536, U=0, E=0)
2024/02/07 06:09:48 - Table output.0 - Finished processing (I=0, O=1536, R=1536, W=1536, U=0, E=0)
2024/02/07 06:09:48 - Dummy (do nothing) 2.0 - Finished processing (I=0, O=0, R=1536, W=1536, U=0, E=0)
2024/02/07 06:09:48 - JOB_tesubcom - Starting entry [Archive Files 1]
2024/02/07 06:09:48 - JOB_tesubcom - Starting entry [Success]
2024/02/07 06:09:48 - JOB_tesubcom - Starting entry [DUMMY]
2024/02/07 06:09:48 - JOB_tesubcom - Finished job entry [DUMMY] (result=[true])
2024/02/07 06:09:48 - JOB_tesubcom - Finished job entry [Success] (result=[true])
2024/02/07 06:09:48 - JOB_tesubcom - Finished job entry [Archive Files 1] (result=[true])
2024/02/07 06:09:48 - JOB_tesubcom - Finished job entry [Transformation 5] (result=[true])
2024/02/07 06:09:48 - JOB_tesubcom - Finished job entry [Job download T50] (result=[true])
2024/02/07 06:09:48 - JOB_tesubcom - Finished job entry [Set variables T50] (result=[true])
2024/02/07 06:09:48 - JOB_tesubcom - Starting entry [Set variables T51]
2024/02/07 06:09:48 - JOB_tesubcom - Starting entry [Job download T51]
2024/02/07 06:09:49 - Job download T51 - Using run configuration [Pentaho local]
2024/02/07 06:09:49 - DownloadFile - Starting entry [ftp log starting]
2024/02/07 06:09:49 - DownloadFile - Starting entry [Get och files 1]
2024/02/07 06:09:49 - Get och files 1 - Started FTP job to ${TARGET_FTP_SERVER_IP}
2024/02/07 06:10:00 - DownloadFile - Starting entry [Check if a folder is empty]
2024/02/07 06:10:00 - Check if a folder is empty - Total files
2024/02/07 06:10:00 - DownloadFile - Starting entry [Write To Log 2]
2024/02/07 06:10:00 - ----------------- In Dlownload file -------------------------------------- - </br><font color='green'>File successfully downloaded from folder T51 on 172.29.136.30</font>
2024/02/07 06:10:00 - DownloadFile - Starting entry [ftp log success]
2024/02/07 06:10:00 - DownloadFile - Finished job entry [ftp log success] (result=[true])
2024/02/07 06:10:00 - DownloadFile - Finished job entry [Write To Log 2] (result=[true])
2024/02/07 06:10:00 - DownloadFile - Finished job entry [Check if a folder is empty] (result=[true])
2024/02/07 06:10:00 - DownloadFile - Finished job entry [Get och files 1] (result=[true])
2024/02/07 06:10:00 - DownloadFile - Finished job entry [ftp log starting] (result=[true])
2024/02/07 06:10:00 - JOB_tesubcom - Starting entry [Transformation 6]
2024/02/07 06:10:00 - Transformation 6 - Loading transformation from XML file [file:///hawaiki_il/tesubcom/LoadTEMSFiles.ktr]
2024/02/07 06:10:00 - Transformation 6 - Using run configuration [Pentaho local]
2024/02/07 06:10:00 - Transformation 6 - Using legacy execution engine
2024/02/07 06:10:00 - LoadTEMSFiles - Dispatching started for transformation [LoadTEMSFiles]
2024/02/07 06:10:00 - Table output.0 - Connected to database [db] (commit=1000)
2024/02/07 06:10:00 - Get files from result.0 - Finished processing (I=0, O=0, R=2, W=2, U=0, E=0)
2024/02/07 06:10:00 - Write to log.0 - 
2024/02/07 06:10:00 - Write to log.0 - ------------> Linenr 1------------------------------
2024/02/07 06:10:00 - Write to log.0 - ------------------> File details in LoadTEMSFiles <-------------------------
2024/02/07 06:10:00 - Write to log.0 - 
2024/02/07 06:10:00 - Write to log.0 - type = General
2024/02/07 06:10:00 - Write to log.0 - filename = config.properties
2024/02/07 06:10:00 - Write to log.0 - path = file:///hawaiki_il/tesubcom/config.properties
2024/02/07 06:10:00 - Write to log.0 - parentorigin = LoadConfiguration
2024/02/07 06:10:00 - Write to log.0 - origin = Property Input
2024/02/07 06:10:00 - Write to log.0 - comment = File was read by a Property input step
2024/02/07 06:10:00 - Write to log.0 - timestamp = 2024/02/07 06:08:43.240
2024/02/07 06:10:00 - Write to log.0 - 
2024/02/07 06:10:00 - Write to log.0 - ====================
2024/02/07 06:10:00 - Write to log.0 - 
2024/02/07 06:10:00 - Write to log.0 - ------------> Linenr 2------------------------------
2024/02/07 06:10:00 - Write to log.0 - ------------------> File details in LoadTEMSFiles <-------------------------
2024/02/07 06:10:00 - Write to log.0 - 
2024/02/07 06:10:00 - Write to log.0 - type = General
2024/02/07 06:10:00 - Write to log.0 - filename = 07-Feb-2024.csv
2024/02/07 06:10:00 - Write to log.0 - path = file:///hawaiki_il/tesubcom/och/T51/07-Feb-2024.csv
2024/02/07 06:10:00 - Write to log.0 - parentorigin = DownloadFile
2024/02/07 06:10:00 - Write to log.0 - origin = Get och files 1
2024/02/07 06:10:00 - Write to log.0 - comment = Downloaded from ftp server ${TARGET_FTP_SERVER_IP}
2024/02/07 06:10:00 - Write to log.0 - timestamp = 2024/02/07 06:09:59.937
2024/02/07 06:10:00 - Write to log.0 - 
2024/02/07 06:10:00 - Write to log.0 - ====================
2024/02/07 06:10:00 - Write to log.0 - Finished processing (I=0, O=0, R=2, W=2, U=0, E=0)
2024/02/07 06:10:00 - Filter rows 2.0 - Finished processing (I=0, O=0, R=2, W=2, U=0, E=0)
2024/02/07 06:10:00 - Dummy (do nothing) 3.0 - Finished processing (I=0, O=0, R=1, W=1, U=0, E=0)
2024/02/07 06:10:00 - Text file input 2.0 - Opening file: file:///hawaiki_il/tesubcom/och/T51/07-Feb-2024.csv
2024/02/07 06:10:00 - Text file input 2.0 - Finished processing (I=3748, O=0, R=1, W=3748, U=1, E=0)
2024/02/07 06:10:00 - Filter rows.0 - Finished processing (I=0, O=0, R=3748, W=3748, U=0, E=0)
2024/02/07 06:10:00 - Dummy (do nothing).0 - Finished processing (I=0, O=0, R=4, W=4, U=0, E=0)
2024/02/07 06:10:00 - Split Fields.0 - Finished processing (I=0, O=0, R=3744, W=3744, U=0, E=0)
2024/02/07 06:10:00 - Replace in string.0 - Finished processing (I=0, O=0, R=3744, W=3744, U=0, E=0)
2024/02/07 06:10:00 - Select values.0 - Finished processing (I=0, O=0, R=3744, W=3744, U=0, E=0)
2024/02/07 06:10:02 - Dummy (do nothing) 2.0 - Finished processing (I=0, O=0, R=3744, W=3744, U=0, E=0)
2024/02/07 06:10:02 - Table output.0 - Finished processing (I=0, O=3744, R=3744, W=3744, U=0, E=0)
2024/02/07 06:10:02 - JOB_tesubcom - Starting entry [Archive Files 1]
2024/02/07 06:10:02 - JOB_tesubcom - Starting entry [Success]
2024/02/07 06:10:02 - JOB_tesubcom - Starting entry [DUMMY]
2024/02/07 06:10:02 - JOB_tesubcom - Finished job entry [DUMMY] (result=[true])
2024/02/07 06:10:02 - JOB_tesubcom - Finished job entry [Success] (result=[true])
2024/02/07 06:10:02 - JOB_tesubcom - Finished job entry [Archive Files 1] (result=[true])
2024/02/07 06:10:02 - JOB_tesubcom - Finished job entry [Transformation 6] (result=[true])
2024/02/07 06:10:02 - JOB_tesubcom - Finished job entry [Job download T51] (result=[true])
2024/02/07 06:10:02 - JOB_tesubcom - Finished job entry [Set variables T51] (result=[true])
2024/02/07 06:10:02 - JOB_tesubcom - Starting entry [Set variables T52]
2024/02/07 06:10:02 - JOB_tesubcom - Starting entry [Job download T52]
2024/02/07 06:10:02 - Job download T52 - Using run configuration [Pentaho local]
2024/02/07 06:10:02 - DownloadFile - Starting entry [ftp log starting]
2024/02/07 06:10:02 - DownloadFile - Starting entry [Get och files 1]
2024/02/07 06:10:02 - Get och files 1 - Started FTP job to ${TARGET_FTP_SERVER_IP}
2024/02/07 06:10:13 - DownloadFile - Starting entry [Check if a folder is empty]
2024/02/07 06:10:13 - Check if a folder is empty - Total files
2024/02/07 06:10:13 - DownloadFile - Starting entry [Write To Log 2]
2024/02/07 06:10:13 - ----------------- In Dlownload file -------------------------------------- - </br><font color='green'>File successfully downloaded from folder T52 on 172.29.136.30</font>
2024/02/07 06:10:13 - DownloadFile - Starting entry [ftp log success]
2024/02/07 06:10:13 - DownloadFile - Finished job entry [ftp log success] (result=[true])
2024/02/07 06:10:13 - DownloadFile - Finished job entry [Write To Log 2] (result=[true])
2024/02/07 06:10:13 - DownloadFile - Finished job entry [Check if a folder is empty] (result=[true])
2024/02/07 06:10:13 - DownloadFile - Finished job entry [Get och files 1] (result=[true])
2024/02/07 06:10:13 - DownloadFile - Finished job entry [ftp log starting] (result=[true])
2024/02/07 06:10:13 - JOB_tesubcom - Starting entry [Transformation 7]
2024/02/07 06:10:13 - Transformation 7 - Loading transformation from XML file [file:///hawaiki_il/tesubcom/LoadTEMSFiles.ktr]
2024/02/07 06:10:13 - Transformation 7 - Using run configuration [Pentaho local]
2024/02/07 06:10:13 - Transformation 7 - Using legacy execution engine
2024/02/07 06:10:13 - LoadTEMSFiles - Dispatching started for transformation [LoadTEMSFiles]
2024/02/07 06:10:13 - Table output.0 - Connected to database [db] (commit=1000)
2024/02/07 06:10:13 - Get files from result.0 - Finished processing (I=0, O=0, R=2, W=2, U=0, E=0)
2024/02/07 06:10:13 - Write to log.0 - 
2024/02/07 06:10:13 - Write to log.0 - ------------> Linenr 1------------------------------
2024/02/07 06:10:13 - Write to log.0 - ------------------> File details in LoadTEMSFiles <-------------------------
2024/02/07 06:10:13 - Write to log.0 - 
2024/02/07 06:10:13 - Write to log.0 - type = General
2024/02/07 06:10:13 - Write to log.0 - filename = config.properties
2024/02/07 06:10:13 - Write to log.0 - path = file:///hawaiki_il/tesubcom/config.properties
2024/02/07 06:10:13 - Write to log.0 - parentorigin = LoadConfiguration
2024/02/07 06:10:13 - Write to log.0 - origin = Property Input
2024/02/07 06:10:13 - Write to log.0 - comment = File was read by a Property input step
2024/02/07 06:10:13 - Write to log.0 - timestamp = 2024/02/07 06:08:43.240
2024/02/07 06:10:13 - Write to log.0 - 
2024/02/07 06:10:13 - Write to log.0 - ====================
2024/02/07 06:10:13 - Write to log.0 - 
2024/02/07 06:10:13 - Write to log.0 - ------------> Linenr 2------------------------------
2024/02/07 06:10:13 - Write to log.0 - ------------------> File details in LoadTEMSFiles <-------------------------
2024/02/07 06:10:13 - Write to log.0 - 
2024/02/07 06:10:13 - Write to log.0 - type = General
2024/02/07 06:10:13 - Write to log.0 - filename = 07-Feb-2024.csv
2024/02/07 06:10:13 - Write to log.0 - path = file:///hawaiki_il/tesubcom/och/T52/07-Feb-2024.csv
2024/02/07 06:10:13 - Write to log.0 - parentorigin = DownloadFile
2024/02/07 06:10:13 - Write to log.0 - origin = Get och files 1
2024/02/07 06:10:13 - Write to log.0 - comment = Downloaded from ftp server ${TARGET_FTP_SERVER_IP}
2024/02/07 06:10:13 - Write to log.0 - timestamp = 2024/02/07 06:10:13.654
2024/02/07 06:10:13 - Write to log.0 - 
2024/02/07 06:10:13 - Write to log.0 - ====================
2024/02/07 06:10:13 - Write to log.0 - Finished processing (I=0, O=0, R=2, W=2, U=0, E=0)
2024/02/07 06:10:13 - Filter rows 2.0 - Finished processing (I=0, O=0, R=2, W=2, U=0, E=0)
2024/02/07 06:10:13 - Dummy (do nothing) 3.0 - Finished processing (I=0, O=0, R=1, W=1, U=0, E=0)
2024/02/07 06:10:14 - Text file input 2.0 - Opening file: file:///hawaiki_il/tesubcom/och/T52/07-Feb-2024.csv
2024/02/07 06:10:14 - Text file input 2.0 - Finished processing (I=1252, O=0, R=1, W=1252, U=1, E=0)
2024/02/07 06:10:14 - Filter rows.0 - Finished processing (I=0, O=0, R=1252, W=1252, U=0, E=0)
2024/02/07 06:10:14 - Dummy (do nothing).0 - Finished processing (I=0, O=0, R=4, W=4, U=0, E=0)
2024/02/07 06:10:14 - Split Fields.0 - Finished processing (I=0, O=0, R=1248, W=1248, U=0, E=0)
2024/02/07 06:10:14 - Replace in string.0 - Finished processing (I=0, O=0, R=1248, W=1248, U=0, E=0)
2024/02/07 06:10:14 - Select values.0 - Finished processing (I=0, O=0, R=1248, W=1248, U=0, E=0)
2024/02/07 06:10:14 - Table output.0 - Finished processing (I=0, O=1248, R=1248, W=1248, U=0, E=0)
2024/02/07 06:10:14 - Dummy (do nothing) 2.0 - Finished processing (I=0, O=0, R=1248, W=1248, U=0, E=0)
2024/02/07 06:10:14 - JOB_tesubcom - Starting entry [ftp log finised]
2024/02/07 06:10:14 - JOB_tesubcom - Starting entry [File backup ]
2024/02/07 06:10:14 - File backup  - Running on platform : Linux
2024/02/07 06:10:14 - File backup  - Executing command : /hawaiki_il/tesubcom/script/test-script.sh
2024/02/07 06:10:14 - File backup  - ERROR (version 8.1.0.0-365, build 8.1.0.0-365 from 2018-04-30 09.42.24 by buildguy) : (stderr) You are required to change your password immediately (password aged)
2024/02/07 06:10:14 - File backup  - ERROR (version 8.1.0.0-365, build 8.1.0.0-365 from 2018-04-30 09.42.24 by buildguy) : (stderr) su: Authentication token is no longer valid; new one required
2024/02/07 06:10:14 - File backup  - ERROR (version 8.1.0.0-365, build 8.1.0.0-365 from 2018-04-30 09.42.24 by buildguy) : (stderr) (Ignored)
2024/02/07 06:10:16 - File backup  - ERROR (version 8.1.0.0-365, build 8.1.0.0-365 from 2018-04-30 09.42.24 by buildguy) : (stderr) ********************************************************************
2024/02/07 06:10:16 - File backup  - ERROR (version 8.1.0.0-365, build 8.1.0.0-365 from 2018-04-30 09.42.24 by buildguy) : (stderr) *                                                                  *
2024/02/07 06:10:16 - File backup  - ERROR (version 8.1.0.0-365, build 8.1.0.0-365 from 2018-04-30 09.42.24 by buildguy) : (stderr) * This system is for the use of authorized users only.  Usage of   *
2024/02/07 06:10:16 - File backup  - ERROR (version 8.1.0.0-365, build 8.1.0.0-365 from 2018-04-30 09.42.24 by buildguy) : (stderr) * this system may be monitored and recorded by system personnel.   *
2024/02/07 06:10:16 - File backup  - ERROR (version 8.1.0.0-365, build 8.1.0.0-365 from 2018-04-30 09.42.24 by buildguy) : (stderr) *                                                                  *
2024/02/07 06:10:16 - File backup  - ERROR (version 8.1.0.0-365, build 8.1.0.0-365 from 2018-04-30 09.42.24 by buildguy) : (stderr) * Anyone using this system expressly consents to such monitoring   *
2024/02/07 06:10:16 - File backup  - ERROR (version 8.1.0.0-365, build 8.1.0.0-365 from 2018-04-30 09.42.24 by buildguy) : (stderr) * and is advised that if such monitoring reveals possible          *
2024/02/07 06:10:16 - File backup  - ERROR (version 8.1.0.0-365, build 8.1.0.0-365 from 2018-04-30 09.42.24 by buildguy) : (stderr) * evidence of criminal activity, system personnel may provide the  *
2024/02/07 06:10:16 - File backup  - ERROR (version 8.1.0.0-365, build 8.1.0.0-365 from 2018-04-30 09.42.24 by buildguy) : (stderr) * evidence from such monitoring to law enforcement officials.      *
2024/02/07 06:10:16 - File backup  - ERROR (version 8.1.0.0-365, build 8.1.0.0-365 from 2018-04-30 09.42.24 by buildguy) : (stderr) *                                                                  *
2024/02/07 06:10:16 - File backup  - ERROR (version 8.1.0.0-365, build 8.1.0.0-365 from 2018-04-30 09.42.24 by buildguy) : (stderr) ********************************************************************
2024/02/07 06:10:16 - File backup  - ERROR (version 8.1.0.0-365, build 8.1.0.0-365 from 2018-04-30 09.42.24 by buildguy) : (stderr) 
2024/02/07 06:10:17 - File backup  - (stdout) sending incremental file list
2024/02/07 06:10:17 - File backup  - (stdout) och/B1/
2024/02/07 06:10:17 - File backup  - (stdout) och/B1/old/
2024/02/07 06:10:17 - File backup  - (stdout) och/B1/old/07-Feb-2024.csv
2024/02/07 06:10:17 - File backup  - (stdout) och/T2/
2024/02/07 06:10:17 - File backup  - (stdout) och/T2/old/
2024/02/07 06:10:17 - File backup  - (stdout) och/T2/old/07-Feb-2024.csv
2024/02/07 06:10:17 - File backup  - (stdout) och/T3/
2024/02/07 06:10:17 - File backup  - (stdout) och/T3/old/
2024/02/07 06:10:17 - File backup  - (stdout) och/T3/old/07-Feb-2024.csv
2024/02/07 06:10:17 - File backup  - (stdout) och/T4/
2024/02/07 06:10:17 - File backup  - (stdout) och/T4/old/
2024/02/07 06:10:17 - File backup  - (stdout) och/T4/old/07-Feb-2024.csv
2024/02/07 06:10:17 - File backup  - (stdout) och/T50/
2024/02/07 06:10:17 - File backup  - (stdout) och/T50/old/
2024/02/07 06:10:17 - File backup  - (stdout) och/T50/old/07-Feb-2024.csv
2024/02/07 06:10:17 - File backup  - (stdout) och/T51/
2024/02/07 06:10:17 - File backup  - (stdout) och/T51/old/
2024/02/07 06:10:17 - File backup  - (stdout) och/T51/old/07-Feb-2024.csv
2024/02/07 06:10:17 - File backup  - (stdout) och/T52/
2024/02/07 06:10:17 - File backup  - (stdout) och/T52/07-Feb-2024.csv
2024/02/07 06:10:17 - File backup  - (stdout) 
2024/02/07 06:10:17 - File backup  - (stdout) sent 150,705 bytes  received 279 bytes  60,393.60 bytes/sec
2024/02/07 06:10:17 - File backup  - (stdout) total size is 13,206,787  speedup is 87.47
2024/02/07 06:10:17 - JOB_tesubcom - Starting entry [Archive Files 1]
2024/02/07 06:10:17 - JOB_tesubcom - Starting entry [Success]
2024/02/07 06:10:17 - JOB_tesubcom - Starting entry [DUMMY]
2024/02/07 06:10:17 - JOB_tesubcom - Finished job entry [DUMMY] (result=[true])
2024/02/07 06:10:17 - JOB_tesubcom - Finished job entry [Success] (result=[true])
2024/02/07 06:10:17 - JOB_tesubcom - Finished job entry [Archive Files 1] (result=[true])
2024/02/07 06:10:17 - JOB_tesubcom - Finished job entry [File backup ] (result=[true])
2024/02/07 06:10:17 - JOB_tesubcom - Finished job entry [ftp log finised] (result=[true])
2024/02/07 06:10:17 - JOB_tesubcom - Finished job entry [Transformation 7] (result=[true])
2024/02/07 06:10:17 - JOB_tesubcom - Finished job entry [Job download T52] (result=[true])
2024/02/07 06:10:17 - JOB_tesubcom - Finished job entry [Set variables T52] (result=[true])
2024/02/07 06:10:17 - JOB_tesubcom - Finished job entry [LoadConfiguration] (result=[true])
2024/02/07 06:10:17 - JOB_tesubcom - Job execution finished
2024/02/07 06:10:17 - Kitchen - Finished!
2024/02/07 06:10:17 - Kitchen - Start=2024/02/07 06:08:34.509, Stop=2024/02/07 06:10:17.444
2024/02/07 06:10:17 - Kitchen - Processing ended after 1 minutes and 42 seconds (102 seconds total).
