#######################################################################
WARNING:  no libwebkitgtk-1.0 detected, some features will be unavailable
    Consider installing the package with apt-get or yum.
    e.g. 'sudo apt-get install libwebkitgtk-1.0-0'
#######################################################################
OpenJDK 64-Bit Server VM warning: ignoring option MaxPermSize=256m; support was removed in 8.0
06:29:03,966 INFO  [KarafBoot] Checking to see if org.pentaho.clean.karaf.cache is enabled
06:54:30,881 INFO  [KarafInstance] 
*******************************************************************************
*** Karaf Instance Number: 15 at /hawaiki_il/data-integration/./system/kara ***
***   f/caches/kitchen/data-5                                               ***
*** FastBin Provider Port:52915                                             ***
*** Karaf Port:8816                                                         ***
*** OSGI Service Port:9065                                                  ***
*******************************************************************************
Feb 01, 2024 6:54:31 AM org.apache.karaf.main.Main$KarafLockCallback lockAquired
INFO: Lock acquired. Setting startlevel to 100
2024/02/01 06:54:31 - Kitchen - Start of run.
Updating configuration from org.apache.aries.rsa.provider.fastbin.cfg
Updating configuration from org.ops4j.pax.web.cfg
Updating configuration from org.apache.karaf.shell.cfg
06:54:33,375 ERROR [BootFeaturesInstaller] Error Boot feature pentaho-client-minimal not found
06:54:33,377 ERROR [BootFeaturesInstaller] Error Boot feature config not found
2024-02-01 06:54:34.407:INFO:oejs.Server:jetty-8.1.15.v20140411
2024-02-01 06:54:34.514:INFO:oejs.AbstractConnector:Started NIOSocketConnectorWrapper@0.0.0.0:9065
Feb 01, 2024 6:54:35 AM org.apache.cxf.bus.blueprint.NamespaceHandlerRegisterer register
INFO: Registered blueprint namespace handler for http://cxf.apache.org/blueprint/core
Feb 01, 2024 6:54:35 AM org.apache.cxf.bus.blueprint.NamespaceHandlerRegisterer register
INFO: Registered blueprint namespace handler for http://cxf.apache.org/configuration/beans
Feb 01, 2024 6:54:35 AM org.apache.cxf.bus.blueprint.NamespaceHandlerRegisterer register
INFO: Registered blueprint namespace handler for http://cxf.apache.org/configuration/parameterized-types
Feb 01, 2024 6:54:35 AM org.apache.cxf.bus.blueprint.NamespaceHandlerRegisterer register
INFO: Registered blueprint namespace handler for http://cxf.apache.org/configuration/security
Feb 01, 2024 6:54:35 AM org.apache.cxf.bus.blueprint.NamespaceHandlerRegisterer register
INFO: Registered blueprint namespace handler for http://schemas.xmlsoap.org/wsdl/
Feb 01, 2024 6:54:35 AM org.apache.cxf.bus.blueprint.NamespaceHandlerRegisterer register
INFO: Registered blueprint namespace handler for http://www.w3.org/2005/08/addressing
Feb 01, 2024 6:54:35 AM org.apache.cxf.bus.blueprint.NamespaceHandlerRegisterer register
INFO: Registered blueprint namespace handler for http://schemas.xmlsoap.org/ws/2004/08/addressing
Feb 01, 2024 6:54:35 AM org.apache.cxf.bus.osgi.CXFExtensionBundleListener addExtensions
INFO: Adding the extensions from bundle org.apache.cxf.cxf-rt-management (192) [org.apache.cxf.management.InstrumentationManager]
Feb 01, 2024 6:54:35 AM org.apache.cxf.bus.osgi.CXFExtensionBundleListener addExtensions
INFO: Adding the extensions from bundle org.apache.cxf.cxf-rt-wsdl (195) [org.apache.cxf.wsdl.WSDLManager]
Feb 01, 2024 6:54:35 AM org.apache.cxf.bus.osgi.CXFExtensionBundleListener addExtensions
INFO: Adding the extensions from bundle org.apache.cxf.cxf-rt-bindings-xml (197) [org.apache.cxf.binding.xml.XMLBindingFactory, org.apache.cxf.binding.xml.wsdl11.XMLWSDLExtensionLoader]
Feb 01, 2024 6:54:35 AM org.apache.cxf.bus.osgi.CXFExtensionBundleListener addExtensions
INFO: Adding the extensions from bundle org.apache.cxf.cxf-rt-bindings-soap (198) [org.apache.cxf.binding.soap.SoapBindingFactory, org.apache.cxf.binding.soap.SoapTransportFactory]
Feb 01, 2024 6:54:35 AM org.apache.cxf.bus.blueprint.NamespaceHandlerRegisterer register
INFO: Registered blueprint namespace handler for http://cxf.apache.org/blueprint/bindings/soap
Feb 01, 2024 6:54:35 AM org.apache.cxf.bus.osgi.CXFExtensionBundleListener addExtensions
INFO: Adding the extensions from bundle org.apache.cxf.cxf-rt-ws-policy (217) [org.apache.cxf.ws.policy.PolicyEngine, org.apache.cxf.policy.PolicyDataEngine, org.apache.cxf.ws.policy.AssertionBuilderRegistry, org.apache.cxf.ws.policy.PolicyInterceptorProviderRegistry, org.apache.cxf.ws.policy.PolicyBuilder, org.apache.cxf.ws.policy.PolicyAnnotationListener, org.apache.cxf.ws.policy.attachment.ServiceModelPolicyProvider, org.apache.cxf.ws.policy.attachment.external.DomainExpressionBuilderRegistry, org.apache.cxf.ws.policy.attachment.external.EndpointReferenceDomainExpressionBuilder, org.apache.cxf.ws.policy.attachment.external.URIDomainExpressionBuilder, org.apache.cxf.ws.policy.attachment.wsdl11.Wsdl11AttachmentPolicyProvider, org.apache.cxf.ws.policy.mtom.MTOMAssertionBuilder, org.apache.cxf.ws.policy.mtom.MTOMPolicyInterceptorProvider]
Feb 01, 2024 6:54:35 AM org.apache.cxf.bus.osgi.CXFExtensionBundleListener addExtensions
INFO: Adding the extensions from bundle org.apache.cxf.cxf-rt-transports-http (199) [org.apache.cxf.transport.http.HTTPTransportFactory, org.apache.cxf.transport.http.HTTPWSDLExtensionLoader, org.apache.cxf.transport.http.policy.HTTPClientAssertionBuilder, org.apache.cxf.transport.http.policy.HTTPServerAssertionBuilder, org.apache.cxf.transport.http.policy.NoOpPolicyInterceptorProvider]
Feb 01, 2024 6:54:35 AM org.apache.cxf.bus.blueprint.NamespaceHandlerRegisterer register
INFO: Registered blueprint namespace handler for http://cxf.apache.org/transports/http/configuration
Feb 01, 2024 6:54:35 AM org.apache.cxf.bus.blueprint.NamespaceHandlerRegisterer register
INFO: Registered blueprint namespace handler for http://cxf.apache.org/blueprint/simple
Feb 01, 2024 6:54:35 AM org.apache.cxf.bus.osgi.CXFExtensionBundleListener addExtensions
INFO: Adding the extensions from bundle org.apache.cxf.cxf-rt-frontend-jaxws (201) [org.apache.cxf.jaxws.context.WebServiceContextResourceResolver]
Feb 01, 2024 6:54:35 AM org.apache.cxf.bus.blueprint.NamespaceHandlerRegisterer register
INFO: Registered blueprint namespace handler for http://cxf.apache.org/blueprint/jaxws
Feb 01, 2024 6:54:35 AM org.apache.cxf.bus.blueprint.NamespaceHandlerRegisterer register
INFO: Registered blueprint namespace handler for http://cxf.apache.org/blueprint/jaxrs
Feb 01, 2024 6:54:35 AM org.apache.cxf.bus.blueprint.NamespaceHandlerRegisterer register
INFO: Registered blueprint namespace handler for http://cxf.apache.org/blueprint/jaxrs-client
Feb 01, 2024 6:54:35 AM org.apache.cxf.bus.blueprint.NamespaceHandlerRegisterer register
INFO: Registered blueprint namespace handler for http://cxf.apache.org/binding/coloc
Feb 01, 2024 6:54:35 AM org.apache.cxf.bus.osgi.CXFExtensionBundleListener addExtensions
INFO: Adding the extensions from bundle org.apache.cxf.cxf-rt-transports-local (213) [org.apache.cxf.transport.local.LocalTransportFactory]
Feb 01, 2024 6:54:35 AM org.apache.cxf.bus.osgi.CXFExtensionBundleListener addExtensions
INFO: Adding the extensions from bundle org.apache.cxf.cxf-rt-bindings-object (214) [org.apache.cxf.binding.object.ObjectBindingFactory]
Feb 01, 2024 6:54:35 AM org.apache.cxf.bus.blueprint.NamespaceHandlerRegisterer register
INFO: Registered blueprint namespace handler for http://cxf.apache.org/blueprint/binding/object
Feb 01, 2024 6:54:35 AM org.apache.cxf.bus.blueprint.NamespaceHandlerRegisterer register
INFO: Registered blueprint namespace handler for http://cxf.apache.org/policy
Feb 01, 2024 6:54:35 AM org.apache.cxf.bus.blueprint.NamespaceHandlerRegisterer register
INFO: Registered blueprint namespace handler for http://www.w3.org/ns/ws-policy
Feb 01, 2024 6:54:35 AM org.apache.cxf.bus.blueprint.NamespaceHandlerRegisterer register
INFO: Registered blueprint namespace handler for http://www.w3.org/2006/07/ws-policy
Feb 01, 2024 6:54:35 AM org.apache.cxf.bus.blueprint.NamespaceHandlerRegisterer register
INFO: Registered blueprint namespace handler for http://schemas.xmlsoap.org/ws/2004/09/policy
Feb 01, 2024 6:54:35 AM org.apache.cxf.bus.blueprint.NamespaceHandlerRegisterer register
INFO: Registered blueprint namespace handler for http://docs.oasis-open.org/wss/2004/01/oasis-200401-wss-wssecurity-secext-1.0.xsd
Feb 01, 2024 6:54:35 AM org.apache.cxf.bus.blueprint.NamespaceHandlerRegisterer register
INFO: Registered blueprint namespace handler for http://docs.oasis-open.org/wss/2004/01/oasis-200401-wss-wssecurity-utility-1.0.xsd
Feb 01, 2024 6:54:35 AM org.apache.cxf.bus.blueprint.NamespaceHandlerRegisterer register
INFO: Registered blueprint namespace handler for http://www.w3.org/2000/09/xmldsig#
Feb 01, 2024 6:54:35 AM org.apache.cxf.bus.blueprint.NamespaceHandlerRegisterer register
INFO: Registered blueprint namespace handler for http://docs.oasis-open.org/ws-sx/ws-securitypolicy/200702
Feb 01, 2024 6:54:35 AM org.apache.cxf.bus.osgi.CXFExtensionBundleListener addExtensions
INFO: Adding the extensions from bundle org.apache.cxf.cxf-rt-ws-addr (234) [org.apache.cxf.ws.addressing.policy.AddressingAssertionBuilder, org.apache.cxf.ws.addressing.policy.UsingAddressingAssertionBuilder, org.apache.cxf.ws.addressing.policy.AddressingPolicyInterceptorProvider, org.apache.cxf.ws.addressing.impl.AddressingWSDLExtensionLoader, org.apache.cxf.ws.addressing.WSAddressingFeature$WSAddressingFeatureApplier, org.apache.cxf.ws.addressing.MAPAggregator$MAPAggregatorLoader]
Feb 01, 2024 6:54:35 AM org.apache.cxf.bus.blueprint.NamespaceHandlerRegisterer register
INFO: Registered blueprint namespace handler for http://cxf.apache.org/ws/addressing
Feb 01, 2024 6:54:35 AM org.apache.cxf.bus.osgi.CXFExtensionBundleListener addExtensions
INFO: Adding the extensions from bundle org.apache.cxf.cxf-rt-ws-security (236) [org.apache.cxf.ws.security.policy.WSSecurityPolicyLoader, org.apache.cxf.ws.security.cache.CacheCleanupListener]
Feb 01, 2024 6:54:35 AM org.apache.cxf.bus.osgi.CXFExtensionBundleListener addExtensions
INFO: Adding the extensions from bundle org.apache.cxf.cxf-rt-ws-rm (238) [org.apache.cxf.ws.rm.RMManager, org.apache.cxf.ws.rm.policy.RMPolicyInterceptorProvider, org.apache.cxf.ws.rm.policy.RM10AssertionBuilder, org.apache.cxf.ws.rm.policy.RM12AssertionBuilder, org.apache.cxf.ws.rm.policy.WSRMP12PolicyLoader, org.apache.cxf.ws.rm.policy.MC11PolicyLoader, org.apache.cxf.ws.rm.policy.RSPPolicyLoader]
Feb 01, 2024 6:54:35 AM org.apache.cxf.bus.blueprint.NamespaceHandlerRegisterer register
INFO: Registered blueprint namespace handler for http://cxf.apache.org/ws/rm/manager
Feb 01, 2024 6:54:35 AM org.apache.cxf.bus.blueprint.NamespaceHandlerRegisterer register
INFO: Registered blueprint namespace handler for http://schemas.xmlsoap.org/ws/2005/02/rm/policy
Feb 01, 2024 6:54:35 AM org.apache.cxf.bus.osgi.CXFExtensionBundleListener addExtensions
INFO: Adding the extensions from bundle org.apache.cxf.cxf-rt-javascript (239) [org.apache.cxf.javascript.JavascriptServerListener]
Feb 01, 2024 6:54:35 AM org.pentaho.caching.impl.PentahoCacheManagerFactory$RegistrationHandler$1 onSuccess
INFO: New Caching Service registered
06:54:36,095 ERROR [KarafCapabilityProvider] No feature found matching id: pentaho-client
06:54:36,095 ERROR [KarafCapabilityProvider] No feature found matching id: pentaho-metaverse
06:54:36,095 ERROR [KarafCapabilityProvider] No feature found matching id: pentaho-dataservice
06:54:36,095 ERROR [KarafCapabilityProvider] No feature found matching id: pdi-data-refinery
06:54:36,095 ERROR [KarafCapabilityProvider] No feature found matching id: pdi-marketplace
06:54:36,096 ERROR [KarafCapabilityProvider] No feature found matching id: community-edition
2024/02/01 06:54:36 - JOB_sendQFactorReportEmail - Start of job execution
2024/02/01 06:54:36 - JOB_sendQFactorReportEmail - Starting entry [LoadConfiguration]
2024/02/01 06:54:36 - LoadConfiguration - Loading transformation from XML file [file:///hawaiki_il/tesubcom/LoadConfiguration.ktr]
SLF4J: Class path contains multiple SLF4J bindings.
SLF4J: Found binding in [jar:file:/hawaiki_il/data-integration/launcher/../lib/slf4j-log4j12-1.7.7.jar!/org/slf4j/impl/StaticLoggerBinder.class]
SLF4J: Found binding in [jar:file:/hawaiki_il/data-integration/plugins/pentaho-big-data-plugin/lib/slf4j-log4j12-1.7.7.jar!/org/slf4j/impl/StaticLoggerBinder.class]
SLF4J: See http://www.slf4j.org/codes.html#multiple_bindings for an explanation.
SLF4J: Actual binding is of type [org.slf4j.impl.Log4jLoggerFactory]
2024/02/01 06:54:37 - LoadConfiguration - Using run configuration [Pentaho local]
2024/02/01 06:54:37 - LoadConfiguration - Using legacy execution engine
2024/02/01 06:54:37 - LoadConfiguration - Dispatching started for transformation [LoadConfiguration]
Feb 01, 2024 6:54:38 AM org.apache.cxf.endpoint.ServerImpl initDestination
INFO: Setting the server's publish address to be /lineage
Feb 01, 2024 6:54:38 AM org.apache.cxf.endpoint.ServerImpl initDestination
INFO: Setting the server's publish address to be /i18n
2024/02/01 06:54:39 - Property Input.0 - Finished processing (I=21, O=0, R=0, W=21, U=0, E=0)
2024/02/01 06:54:39 - Row denormaliser.0 - Finished processing (I=0, O=0, R=21, W=1, U=0, E=0)
2024/02/01 06:54:39 - Set Variables.0 - Setting environment variables...
2024/02/01 06:54:39 - Set Variables.0 - Set variable TARGET_DB_IP to value [10.10.13.201]
2024/02/01 06:54:39 - Set Variables.0 - Set variable TARGET_DB_NAME to value [pm_db]
2024/02/01 06:54:39 - Set Variables.0 - Set variable TARGET_DB_PORT to value [3306]
2024/02/01 06:54:39 - Set Variables.0 - Set variable TARGET_DB_USER to value [mediation_rw]
2024/02/01 06:54:39 - Set Variables.0 - Set variable TARGET_DB_PASS to value [PqTLyM41TjEuiTfF]
2024/02/01 06:54:39 - Set Variables.0 - Set variable TARGET_FTP_SERVER_IP to value [172.29.136.30]
2024/02/01 06:54:39 - Set Variables.0 - Set variable TARGET_FTP_SERVER_PORT to value [21]
2024/02/01 06:54:39 - Set Variables.0 - Set variable TARGET_FTP_SERVER_USERNAME to value [tems_adm]
2024/02/01 06:54:39 - Set Variables.0 - Set variable TARGET_FTP_SERVER_PASSWORD to value [tems_adm]
2024/02/01 06:54:39 - Set Variables.0 - Set variable TARGET_FTP_SERVER_DIRECTORY to value [/home/tems_adm/temsNMS/schedReport/new/och]
2024/02/01 06:54:39 - Set Variables.0 - Set variable TARGET_LOCAL_FILE_DIRECTORY to value [/hawaiki_il/tesubcom/och]
2024/02/01 06:54:39 - Set Variables.0 - Set variable TARGET_FTP_LOGS_DIRECTORY to value [ftp_logs/ftp_logs.txt]
2024/02/01 06:54:39 - Set Variables.0 - Set variable TARGET_EMAIL_DESTINATION_ADDRESS to value [itdev@hawaikicable.co.nz]
2024/02/01 06:54:39 - Set Variables.0 - Set variable TARGET_EMAIL_SENDER_ADDRESS to value [no-reply@bw-digital.com]
2024/02/01 06:54:39 - Set Variables.0 - Set variable TARGET_SMTP_SERVER to value [smtp.office365.com]
2024/02/01 06:54:39 - Set Variables.0 - Set variable TARGET_PORT to value [587]
2024/02/01 06:54:39 - Set Variables.0 - Set variable TARGET_PASSWORD to value [JkKL7+su&=wybsLGjnY@&j5ZV^e_C^J&%LvqrdQk]
2024/02/01 06:54:39 - Set Variables.0 - Set variable TARGET_SUBJECT to value [Missing PM Sources - TEMS Pre production - 10.10.12.108]
2024/02/01 06:54:39 - Set Variables.0 - Set variable TARGET_SUBJECT_Q_FACTOR to value [Q Factor Report - TEMS Pre production - 10.10.12.108]
2024/02/01 06:54:39 - Set Variables.0 - Set variable TARGET_FILE_PATH_Q_FACTOR to value [/email/q_factor_report.txt]
2024/02/01 06:54:39 - Set Variables.0 - Set variable TARGET_EMAIL_QFACTOR_ADDRESS to value [itdev@hawaikicable.co.nz]
2024/02/01 06:54:39 - Set Variables.0 - Finished after 1 rows.
2024/02/01 06:54:39 - Set Variables.0 - Finished processing (I=0, O=0, R=1, W=1, U=0, E=0)
2024/02/01 06:54:39 - JOB_sendQFactorReportEmail - Starting entry [Initiate Q Factor reports]
2024/02/01 06:54:39 - Initiate Q Factor reports - Loading transformation from XML file [file:///hawaiki_il/tesubcom/InitiateQFactorlogs.ktr]
Feb 01, 2024 6:54:39 AM org.apache.cxf.endpoint.ServerImpl initDestination
INFO: Setting the server's publish address to be /marketplace
2024/02/01 06:54:39 - Initiate Q Factor reports - Using run configuration [Pentaho local]
2024/02/01 06:54:39 - Initiate Q Factor reports - Using legacy execution engine
2024/02/01 06:54:39 - InitiateQFactorlogs - Dispatching started for transformation [InitiateQFactorlogs]
2024/02/01 06:54:40 - Table input 2.0 - Finished reading query, closing connection.
2024/02/01 06:54:40 - Table input 2.0 - Finished processing (I=1, O=0, R=0, W=1, U=0, E=0)
2024/02/01 06:54:40 - Text file output.0 - Finished processing (I=0, O=2, R=1, W=1, U=0, E=0)
2024/02/01 06:54:40 - Carte - Installing timer to purge stale objects after 1440 minutes.
2024/02/01 06:54:40 - JOB_sendQFactorReportEmail - Starting entry [Generate Q Factor reports]
2024/02/01 06:54:40 - Generate Q Factor reports - Loading transformation from XML file [file:///hawaiki_il/tesubcom/GenerateQFactorReports.ktr]
2024/02/01 06:54:40 - Generate Q Factor reports - Using run configuration [Pentaho local]
2024/02/01 06:54:40 - Generate Q Factor reports - Using legacy execution engine
2024/02/01 06:54:40 - GenerateQFactorReports - Dispatching started for transformation [GenerateQFactorReports]
2024/02/01 07:04:48 - Table input.0 - Finished reading query, closing connection.
2024/02/01 07:04:48 - Text file output.0 - Finished processing (I=0, O=1, R=0, W=0, U=0, E=0)
2024/02/01 07:04:48 - JOB_sendQFactorReportEmail - Starting entry [Send Q Factor report email]
2024/02/01 07:04:48 - Send Q Factor report email - Loading transformation from XML file [file:///hawaiki_il/tesubcom/SendQFactorReportEmail.ktr]
2024/02/01 07:04:48 - Send Q Factor report email - Using run configuration [Pentaho local]
2024/02/01 07:04:48 - Send Q Factor report email - Using legacy execution engine
2024/02/01 07:04:48 - SendQFactorReportEmail - Dispatching started for transformation [SendQFactorReportEmail]
2024/02/01 07:04:48 - Get Variables.0 - Finished processing (I=0, O=0, R=1, W=1, U=0, E=0)
2024/02/01 07:04:48 - Load ftp log content in memory.0 - Finished processing (I=1, O=0, R=1, W=1, U=0, E=0)
org.pentaho.di.core.exception.KettleException: 
Can not send mail!
Could not convert socket to TLS
	at org.pentaho.di.trans.steps.mail.Mail.processRow(Mail.java:510)
	at org.pentaho.di.trans.step.RunThread.run(RunThread.java:62)
	at java.lang.Thread.run(Thread.java:748)
Caused by: javax.mail.MessagingException: Could not convert socket to TLS;
  nested exception is:
	javax.net.ssl.SSLHandshakeException: Remote host terminated the handshake
	at com.sun.mail.smtp.SMTPTransport.startTLS(SMTPTransport.java:1907)
	at com.sun.mail.smtp.SMTPTransport.protocolConnect(SMTPTransport.java:666)
	at javax.mail.Service.connect(Service.java:295)
	at org.pentaho.di.trans.steps.mail.Mail.sendMail(Mail.java:713)
	at org.pentaho.di.trans.steps.mail.Mail.processRow(Mail.java:493)
	... 2 more
Caused by: javax.net.ssl.SSLHandshakeException: Remote host terminated the handshake
	at sun.security.ssl.SSLSocketImpl.handleEOF(SSLSocketImpl.java:1310)
	at sun.security.ssl.SSLSocketImpl.decode(SSLSocketImpl.java:1151)
	at sun.security.ssl.SSLSocketImpl.readHandshakeRecord(SSLSocketImpl.java:1054)
	at sun.security.ssl.SSLSocketImpl.startHandshake(SSLSocketImpl.java:394)
	at com.sun.mail.util.SocketFetcher.configureSSLSocket(SocketFetcher.java:549)
	at com.sun.mail.util.SocketFetcher.startTLS(SocketFetcher.java:486)
	at com.sun.mail.smtp.SMTPTransport.startTLS(SMTPTransport.java:1902)
	... 6 more
Caused by: java.io.EOFException: SSL peer shut down incorrectly
	at sun.security.ssl.SSLSocketInputRecord.decode(SSLSocketInputRecord.java:167)
	at sun.security.ssl.SSLTransport.decode(SSLTransport.java:108)
	at sun.security.ssl.SSLSocketImpl.decode(SSLSocketImpl.java:1143)
	... 11 more
2024/02/01 07:04:54 - Mail 2.0 - ERROR (version 8.1.0.0-365, build 8.1.0.0-365 from 2018-04-30 09.42.24 by buildguy) : Unexpected error
2024/02/01 07:04:54 - Mail 2.0 - ERROR (version 8.1.0.0-365, build 8.1.0.0-365 from 2018-04-30 09.42.24 by buildguy) : org.pentaho.di.core.exception.KettleException: 
2024/02/01 07:04:54 - Mail 2.0 - Can not send mail!
2024/02/01 07:04:54 - Mail 2.0 - Could not convert socket to TLS
2024/02/01 07:04:54 - Mail 2.0 - 
2024/02/01 07:04:54 - Mail 2.0 - 	at org.pentaho.di.trans.steps.mail.Mail.processRow(Mail.java:510)
2024/02/01 07:04:54 - Mail 2.0 - 	at org.pentaho.di.trans.step.RunThread.run(RunThread.java:62)
2024/02/01 07:04:54 - Mail 2.0 - 	at java.lang.Thread.run(Thread.java:748)
2024/02/01 07:04:54 - Mail 2.0 - Caused by: javax.mail.MessagingException: Could not convert socket to TLS;
2024/02/01 07:04:54 - Mail 2.0 -   nested exception is:
2024/02/01 07:04:54 - Mail 2.0 - 	javax.net.ssl.SSLHandshakeException: Remote host terminated the handshake
2024/02/01 07:04:54 - Mail 2.0 - 	at com.sun.mail.smtp.SMTPTransport.startTLS(SMTPTransport.java:1907)
2024/02/01 07:04:54 - Mail 2.0 - 	at com.sun.mail.smtp.SMTPTransport.protocolConnect(SMTPTransport.java:666)
2024/02/01 07:04:54 - Mail 2.0 - 	at javax.mail.Service.connect(Service.java:295)
2024/02/01 07:04:54 - Mail 2.0 - 	at org.pentaho.di.trans.steps.mail.Mail.sendMail(Mail.java:713)
2024/02/01 07:04:54 - Mail 2.0 - 	at org.pentaho.di.trans.steps.mail.Mail.processRow(Mail.java:493)
2024/02/01 07:04:54 - Mail 2.0 - 	... 2 more
2024/02/01 07:04:54 - Mail 2.0 - Caused by: javax.net.ssl.SSLHandshakeException: Remote host terminated the handshake
2024/02/01 07:04:54 - Mail 2.0 - 	at sun.security.ssl.SSLSocketImpl.handleEOF(SSLSocketImpl.java:1310)
2024/02/01 07:04:54 - Mail 2.0 - 	at sun.security.ssl.SSLSocketImpl.decode(SSLSocketImpl.java:1151)
2024/02/01 07:04:54 - Mail 2.0 - 	at sun.security.ssl.SSLSocketImpl.readHandshakeRecord(SSLSocketImpl.java:1054)
2024/02/01 07:04:54 - Mail 2.0 - 	at sun.security.ssl.SSLSocketImpl.startHandshake(SSLSocketImpl.java:394)
2024/02/01 07:04:54 - Mail 2.0 - 	at com.sun.mail.util.SocketFetcher.configureSSLSocket(SocketFetcher.java:549)
2024/02/01 07:04:54 - Mail 2.0 - 	at com.sun.mail.util.SocketFetcher.startTLS(SocketFetcher.java:486)
2024/02/01 07:04:54 - Mail 2.0 - 	at com.sun.mail.smtp.SMTPTransport.startTLS(SMTPTransport.java:1902)
2024/02/01 07:04:54 - Mail 2.0 - 	... 6 more
2024/02/01 07:04:54 - Mail 2.0 - Caused by: java.io.EOFException: SSL peer shut down incorrectly
2024/02/01 07:04:54 - Mail 2.0 - 	at sun.security.ssl.SSLSocketInputRecord.decode(SSLSocketInputRecord.java:167)
2024/02/01 07:04:54 - Mail 2.0 - 	at sun.security.ssl.SSLTransport.decode(SSLTransport.java:108)
2024/02/01 07:04:54 - Mail 2.0 - 	at sun.security.ssl.SSLSocketImpl.decode(SSLSocketImpl.java:1143)
2024/02/01 07:04:54 - Mail 2.0 - 	... 11 more
2024/02/01 07:04:54 - SendQFactorReportEmail - ERROR (version 8.1.0.0-365, build 8.1.0.0-365 from 2018-04-30 09.42.24 by buildguy) : Errors detected!
2024/02/01 07:04:54 - Mail 2.0 - Finished processing (I=0, O=0, R=1, W=0, U=0, E=1)
2024/02/01 07:04:54 - SendQFactorReportEmail - Transformation detected one or more steps with errors.
2024/02/01 07:04:54 - SendQFactorReportEmail - ERROR (version 8.1.0.0-365, build 8.1.0.0-365 from 2018-04-30 09.42.24 by buildguy) : Errors detected!
2024/02/01 07:04:54 - SendQFactorReportEmail - Transformation is killing the other steps!
2024/02/01 07:04:54 - JOB_sendQFactorReportEmail - Starting entry [Success]
2024/02/01 07:04:54 - JOB_sendQFactorReportEmail - Finished job entry [Success] (result=[true])
2024/02/01 07:04:54 - JOB_sendQFactorReportEmail - Finished job entry [Send Q Factor report email] (result=[true])
2024/02/01 07:04:54 - JOB_sendQFactorReportEmail - Finished job entry [Generate Q Factor reports] (result=[true])
2024/02/01 07:04:54 - JOB_sendQFactorReportEmail - Finished job entry [Initiate Q Factor reports] (result=[true])
2024/02/01 07:04:54 - JOB_sendQFactorReportEmail - Finished job entry [LoadConfiguration] (result=[true])
2024/02/01 07:04:54 - JOB_sendQFactorReportEmail - Job execution finished
2024/02/01 07:04:54 - Kitchen - Finished!
2024/02/01 07:04:54 - Kitchen - Start=2024/02/01 06:54:31.897, Stop=2024/02/01 07:04:54.127
2024/02/01 07:04:54 - Kitchen - Processing ended after 10 minutes and 22 seconds (622 seconds total).
#######################################################################
WARNING:  no libwebkitgtk-1.0 detected, some features will be unavailable
    Consider installing the package with apt-get or yum.
    e.g. 'sudo apt-get install libwebkitgtk-1.0-0'
#######################################################################
OpenJDK 64-Bit Server VM warning: ignoring option MaxPermSize=256m; support was removed in 8.0
06:29:04,873 INFO  [KarafBoot] Checking to see if org.pentaho.clean.karaf.cache is enabled
06:54:31,919 INFO  [KarafInstance] 
*******************************************************************************
*** Karaf Instance Number: 15 at /hawaiki_il/data-integration/./system/kara ***
***   f/caches/kitchen/data-5                                               ***
*** FastBin Provider Port:52915                                             ***
*** Karaf Port:8816                                                         ***
*** OSGI Service Port:9065                                                  ***
*******************************************************************************
Feb 02, 2024 6:54:38 AM org.apache.karaf.main.Main$KarafLockCallback lockAquired
INFO: Lock acquired. Setting startlevel to 100
2024/02/02 06:54:39 - Kitchen - Start of run.
Updating configuration from org.apache.aries.rsa.provider.fastbin.cfg
Updating configuration from org.ops4j.pax.web.cfg
Updating configuration from org.apache.karaf.shell.cfg
06:54:42,366 ERROR [BootFeaturesInstaller] Error Boot feature pentaho-client-minimal not found
06:54:42,366 ERROR [BootFeaturesInstaller] Error Boot feature config not found
2024-02-02 06:54:44.318:INFO:oejs.Server:jetty-8.1.15.v20140411
2024-02-02 06:54:44.579:INFO:oejs.AbstractConnector:Started NIOSocketConnectorWrapper@0.0.0.0:9065
Feb 02, 2024 6:54:45 AM org.apache.cxf.bus.blueprint.NamespaceHandlerRegisterer register
INFO: Registered blueprint namespace handler for http://cxf.apache.org/blueprint/core
Feb 02, 2024 6:54:45 AM org.apache.cxf.bus.blueprint.NamespaceHandlerRegisterer register
INFO: Registered blueprint namespace handler for http://cxf.apache.org/configuration/beans
Feb 02, 2024 6:54:45 AM org.apache.cxf.bus.blueprint.NamespaceHandlerRegisterer register
INFO: Registered blueprint namespace handler for http://cxf.apache.org/configuration/parameterized-types
Feb 02, 2024 6:54:45 AM org.apache.cxf.bus.blueprint.NamespaceHandlerRegisterer register
INFO: Registered blueprint namespace handler for http://cxf.apache.org/configuration/security
Feb 02, 2024 6:54:45 AM org.apache.cxf.bus.blueprint.NamespaceHandlerRegisterer register
INFO: Registered blueprint namespace handler for http://schemas.xmlsoap.org/wsdl/
Feb 02, 2024 6:54:45 AM org.apache.cxf.bus.blueprint.NamespaceHandlerRegisterer register
INFO: Registered blueprint namespace handler for http://www.w3.org/2005/08/addressing
Feb 02, 2024 6:54:45 AM org.apache.cxf.bus.blueprint.NamespaceHandlerRegisterer register
INFO: Registered blueprint namespace handler for http://schemas.xmlsoap.org/ws/2004/08/addressing
Feb 02, 2024 6:54:45 AM org.apache.cxf.bus.osgi.CXFExtensionBundleListener addExtensions
INFO: Adding the extensions from bundle org.apache.cxf.cxf-rt-management (192) [org.apache.cxf.management.InstrumentationManager]
Feb 02, 2024 6:54:45 AM org.apache.cxf.bus.osgi.CXFExtensionBundleListener addExtensions
INFO: Adding the extensions from bundle org.apache.cxf.cxf-rt-wsdl (195) [org.apache.cxf.wsdl.WSDLManager]
Feb 02, 2024 6:54:45 AM org.apache.cxf.bus.osgi.CXFExtensionBundleListener addExtensions
INFO: Adding the extensions from bundle org.apache.cxf.cxf-rt-bindings-xml (197) [org.apache.cxf.binding.xml.XMLBindingFactory, org.apache.cxf.binding.xml.wsdl11.XMLWSDLExtensionLoader]
Feb 02, 2024 6:54:45 AM org.apache.cxf.bus.osgi.CXFExtensionBundleListener addExtensions
INFO: Adding the extensions from bundle org.apache.cxf.cxf-rt-bindings-soap (198) [org.apache.cxf.binding.soap.SoapBindingFactory, org.apache.cxf.binding.soap.SoapTransportFactory]
Feb 02, 2024 6:54:45 AM org.apache.cxf.bus.blueprint.NamespaceHandlerRegisterer register
INFO: Registered blueprint namespace handler for http://cxf.apache.org/blueprint/bindings/soap
Feb 02, 2024 6:54:45 AM org.apache.cxf.bus.osgi.CXFExtensionBundleListener addExtensions
INFO: Adding the extensions from bundle org.apache.cxf.cxf-rt-ws-policy (217) [org.apache.cxf.ws.policy.PolicyEngine, org.apache.cxf.policy.PolicyDataEngine, org.apache.cxf.ws.policy.AssertionBuilderRegistry, org.apache.cxf.ws.policy.PolicyInterceptorProviderRegistry, org.apache.cxf.ws.policy.PolicyBuilder, org.apache.cxf.ws.policy.PolicyAnnotationListener, org.apache.cxf.ws.policy.attachment.ServiceModelPolicyProvider, org.apache.cxf.ws.policy.attachment.external.DomainExpressionBuilderRegistry, org.apache.cxf.ws.policy.attachment.external.EndpointReferenceDomainExpressionBuilder, org.apache.cxf.ws.policy.attachment.external.URIDomainExpressionBuilder, org.apache.cxf.ws.policy.attachment.wsdl11.Wsdl11AttachmentPolicyProvider, org.apache.cxf.ws.policy.mtom.MTOMAssertionBuilder, org.apache.cxf.ws.policy.mtom.MTOMPolicyInterceptorProvider]
Feb 02, 2024 6:54:45 AM org.apache.cxf.bus.osgi.CXFExtensionBundleListener addExtensions
INFO: Adding the extensions from bundle org.apache.cxf.cxf-rt-transports-http (199) [org.apache.cxf.transport.http.HTTPTransportFactory, org.apache.cxf.transport.http.HTTPWSDLExtensionLoader, org.apache.cxf.transport.http.policy.HTTPClientAssertionBuilder, org.apache.cxf.transport.http.policy.HTTPServerAssertionBuilder, org.apache.cxf.transport.http.policy.NoOpPolicyInterceptorProvider]
Feb 02, 2024 6:54:45 AM org.apache.cxf.bus.blueprint.NamespaceHandlerRegisterer register
INFO: Registered blueprint namespace handler for http://cxf.apache.org/transports/http/configuration
Feb 02, 2024 6:54:45 AM org.apache.cxf.bus.blueprint.NamespaceHandlerRegisterer register
INFO: Registered blueprint namespace handler for http://cxf.apache.org/blueprint/simple
Feb 02, 2024 6:54:45 AM org.apache.cxf.bus.osgi.CXFExtensionBundleListener addExtensions
INFO: Adding the extensions from bundle org.apache.cxf.cxf-rt-frontend-jaxws (201) [org.apache.cxf.jaxws.context.WebServiceContextResourceResolver]
Feb 02, 2024 6:54:45 AM org.apache.cxf.bus.blueprint.NamespaceHandlerRegisterer register
INFO: Registered blueprint namespace handler for http://cxf.apache.org/blueprint/jaxws
Feb 02, 2024 6:54:46 AM org.apache.cxf.bus.blueprint.NamespaceHandlerRegisterer register
INFO: Registered blueprint namespace handler for http://cxf.apache.org/blueprint/jaxrs
Feb 02, 2024 6:54:46 AM org.apache.cxf.bus.blueprint.NamespaceHandlerRegisterer register
INFO: Registered blueprint namespace handler for http://cxf.apache.org/blueprint/jaxrs-client
Feb 02, 2024 6:54:46 AM org.apache.cxf.bus.blueprint.NamespaceHandlerRegisterer register
INFO: Registered blueprint namespace handler for http://cxf.apache.org/binding/coloc
Feb 02, 2024 6:54:46 AM org.apache.cxf.bus.osgi.CXFExtensionBundleListener addExtensions
INFO: Adding the extensions from bundle org.apache.cxf.cxf-rt-transports-local (213) [org.apache.cxf.transport.local.LocalTransportFactory]
Feb 02, 2024 6:54:46 AM org.apache.cxf.bus.osgi.CXFExtensionBundleListener addExtensions
INFO: Adding the extensions from bundle org.apache.cxf.cxf-rt-bindings-object (214) [org.apache.cxf.binding.object.ObjectBindingFactory]
Feb 02, 2024 6:54:46 AM org.apache.cxf.bus.blueprint.NamespaceHandlerRegisterer register
INFO: Registered blueprint namespace handler for http://cxf.apache.org/blueprint/binding/object
Feb 02, 2024 6:54:46 AM org.apache.cxf.bus.blueprint.NamespaceHandlerRegisterer register
INFO: Registered blueprint namespace handler for http://cxf.apache.org/policy
Feb 02, 2024 6:54:46 AM org.apache.cxf.bus.blueprint.NamespaceHandlerRegisterer register
INFO: Registered blueprint namespace handler for http://www.w3.org/ns/ws-policy
Feb 02, 2024 6:54:46 AM org.apache.cxf.bus.blueprint.NamespaceHandlerRegisterer register
INFO: Registered blueprint namespace handler for http://www.w3.org/2006/07/ws-policy
Feb 02, 2024 6:54:46 AM org.apache.cxf.bus.blueprint.NamespaceHandlerRegisterer register
INFO: Registered blueprint namespace handler for http://schemas.xmlsoap.org/ws/2004/09/policy
Feb 02, 2024 6:54:46 AM org.apache.cxf.bus.blueprint.NamespaceHandlerRegisterer register
INFO: Registered blueprint namespace handler for http://docs.oasis-open.org/wss/2004/01/oasis-200401-wss-wssecurity-secext-1.0.xsd
Feb 02, 2024 6:54:46 AM org.apache.cxf.bus.blueprint.NamespaceHandlerRegisterer register
INFO: Registered blueprint namespace handler for http://docs.oasis-open.org/wss/2004/01/oasis-200401-wss-wssecurity-utility-1.0.xsd
Feb 02, 2024 6:54:46 AM org.apache.cxf.bus.blueprint.NamespaceHandlerRegisterer register
INFO: Registered blueprint namespace handler for http://www.w3.org/2000/09/xmldsig#
Feb 02, 2024 6:54:46 AM org.apache.cxf.bus.blueprint.NamespaceHandlerRegisterer register
INFO: Registered blueprint namespace handler for http://docs.oasis-open.org/ws-sx/ws-securitypolicy/200702
Feb 02, 2024 6:54:46 AM org.apache.cxf.bus.osgi.CXFExtensionBundleListener addExtensions
INFO: Adding the extensions from bundle org.apache.cxf.cxf-rt-ws-addr (234) [org.apache.cxf.ws.addressing.policy.AddressingAssertionBuilder, org.apache.cxf.ws.addressing.policy.UsingAddressingAssertionBuilder, org.apache.cxf.ws.addressing.policy.AddressingPolicyInterceptorProvider, org.apache.cxf.ws.addressing.impl.AddressingWSDLExtensionLoader, org.apache.cxf.ws.addressing.WSAddressingFeature$WSAddressingFeatureApplier, org.apache.cxf.ws.addressing.MAPAggregator$MAPAggregatorLoader]
Feb 02, 2024 6:54:46 AM org.apache.cxf.bus.blueprint.NamespaceHandlerRegisterer register
INFO: Registered blueprint namespace handler for http://cxf.apache.org/ws/addressing
Feb 02, 2024 6:54:46 AM org.apache.cxf.bus.osgi.CXFExtensionBundleListener addExtensions
INFO: Adding the extensions from bundle org.apache.cxf.cxf-rt-ws-security (236) [org.apache.cxf.ws.security.policy.WSSecurityPolicyLoader, org.apache.cxf.ws.security.cache.CacheCleanupListener]
Feb 02, 2024 6:54:46 AM org.apache.cxf.bus.osgi.CXFExtensionBundleListener addExtensions
INFO: Adding the extensions from bundle org.apache.cxf.cxf-rt-ws-rm (238) [org.apache.cxf.ws.rm.RMManager, org.apache.cxf.ws.rm.policy.RMPolicyInterceptorProvider, org.apache.cxf.ws.rm.policy.RM10AssertionBuilder, org.apache.cxf.ws.rm.policy.RM12AssertionBuilder, org.apache.cxf.ws.rm.policy.WSRMP12PolicyLoader, org.apache.cxf.ws.rm.policy.MC11PolicyLoader, org.apache.cxf.ws.rm.policy.RSPPolicyLoader]
Feb 02, 2024 6:54:46 AM org.apache.cxf.bus.blueprint.NamespaceHandlerRegisterer register
INFO: Registered blueprint namespace handler for http://cxf.apache.org/ws/rm/manager
Feb 02, 2024 6:54:46 AM org.apache.cxf.bus.blueprint.NamespaceHandlerRegisterer register
INFO: Registered blueprint namespace handler for http://schemas.xmlsoap.org/ws/2005/02/rm/policy
Feb 02, 2024 6:54:46 AM org.apache.cxf.bus.osgi.CXFExtensionBundleListener addExtensions
INFO: Adding the extensions from bundle org.apache.cxf.cxf-rt-javascript (239) [org.apache.cxf.javascript.JavascriptServerListener]
Feb 02, 2024 6:54:46 AM org.pentaho.caching.impl.PentahoCacheManagerFactory$RegistrationHandler$1 onSuccess
INFO: New Caching Service registered
06:54:47,091 ERROR [KarafCapabilityProvider] No feature found matching id: pentaho-client
06:54:47,093 ERROR [KarafCapabilityProvider] No feature found matching id: pentaho-metaverse
06:54:47,093 ERROR [KarafCapabilityProvider] No feature found matching id: pentaho-dataservice
06:54:47,094 ERROR [KarafCapabilityProvider] No feature found matching id: pdi-data-refinery
06:54:47,094 ERROR [KarafCapabilityProvider] No feature found matching id: pdi-marketplace
06:54:47,094 ERROR [KarafCapabilityProvider] No feature found matching id: community-edition
2024/02/02 06:54:47 - JOB_sendQFactorReportEmail - Start of job execution
2024/02/02 06:54:48 - JOB_sendQFactorReportEmail - Starting entry [LoadConfiguration]
2024/02/02 06:54:48 - LoadConfiguration - Loading transformation from XML file [file:///hawaiki_il/tesubcom/LoadConfiguration.ktr]
SLF4J: Class path contains multiple SLF4J bindings.
SLF4J: Found binding in [jar:file:/hawaiki_il/data-integration/launcher/../lib/slf4j-log4j12-1.7.7.jar!/org/slf4j/impl/StaticLoggerBinder.class]
SLF4J: Found binding in [jar:file:/hawaiki_il/data-integration/plugins/pentaho-big-data-plugin/lib/slf4j-log4j12-1.7.7.jar!/org/slf4j/impl/StaticLoggerBinder.class]
SLF4J: See http://www.slf4j.org/codes.html#multiple_bindings for an explanation.
SLF4J: Actual binding is of type [org.slf4j.impl.Log4jLoggerFactory]
2024/02/02 06:54:49 - LoadConfiguration - Using run configuration [Pentaho local]
2024/02/02 06:54:49 - LoadConfiguration - Using legacy execution engine
2024/02/02 06:54:49 - LoadConfiguration - Dispatching started for transformation [LoadConfiguration]
Feb 02, 2024 6:54:50 AM org.apache.cxf.endpoint.ServerImpl initDestination
INFO: Setting the server's publish address to be /lineage
Feb 02, 2024 6:54:50 AM org.apache.cxf.endpoint.ServerImpl initDestination
INFO: Setting the server's publish address to be /i18n
2024/02/02 06:54:50 - Property Input.0 - Finished processing (I=21, O=0, R=0, W=21, U=0, E=0)
2024/02/02 06:54:50 - Set Variables.0 - Setting environment variables...
2024/02/02 06:54:50 - Set Variables.0 - Set variable TARGET_DB_IP to value [10.10.13.201]
2024/02/02 06:54:50 - Set Variables.0 - Set variable TARGET_DB_NAME to value [pm_db]
2024/02/02 06:54:50 - Set Variables.0 - Set variable TARGET_DB_PORT to value [3306]
2024/02/02 06:54:50 - Set Variables.0 - Set variable TARGET_DB_USER to value [mediation_rw]
2024/02/02 06:54:50 - Set Variables.0 - Set variable TARGET_DB_PASS to value [PqTLyM41TjEuiTfF]
2024/02/02 06:54:50 - Row denormaliser.0 - Finished processing (I=0, O=0, R=21, W=1, U=0, E=0)
2024/02/02 06:54:50 - Set Variables.0 - Set variable TARGET_FTP_SERVER_IP to value [172.29.136.30]
2024/02/02 06:54:50 - Set Variables.0 - Set variable TARGET_FTP_SERVER_PORT to value [21]
2024/02/02 06:54:50 - Set Variables.0 - Set variable TARGET_FTP_SERVER_USERNAME to value [tems_adm]
2024/02/02 06:54:50 - Set Variables.0 - Set variable TARGET_FTP_SERVER_PASSWORD to value [tems_adm]
2024/02/02 06:54:50 - Set Variables.0 - Set variable TARGET_FTP_SERVER_DIRECTORY to value [/home/tems_adm/temsNMS/schedReport/new/och]
2024/02/02 06:54:50 - Set Variables.0 - Set variable TARGET_LOCAL_FILE_DIRECTORY to value [/hawaiki_il/tesubcom/och]
2024/02/02 06:54:50 - Set Variables.0 - Set variable TARGET_FTP_LOGS_DIRECTORY to value [ftp_logs/ftp_logs.txt]
2024/02/02 06:54:50 - Set Variables.0 - Set variable TARGET_EMAIL_DESTINATION_ADDRESS to value [itdev@hawaikicable.co.nz]
2024/02/02 06:54:50 - Set Variables.0 - Set variable TARGET_EMAIL_SENDER_ADDRESS to value [no-reply@bw-digital.com]
2024/02/02 06:54:50 - Set Variables.0 - Set variable TARGET_SMTP_SERVER to value [smtp.office365.com]
2024/02/02 06:54:50 - Set Variables.0 - Set variable TARGET_PORT to value [587]
2024/02/02 06:54:50 - Set Variables.0 - Set variable TARGET_PASSWORD to value [JkKL7+su&=wybsLGjnY@&j5ZV^e_C^J&%LvqrdQk]
2024/02/02 06:54:50 - Set Variables.0 - Set variable TARGET_SUBJECT to value [Missing PM Sources - TEMS Pre production - 10.10.12.108]
2024/02/02 06:54:50 - Set Variables.0 - Set variable TARGET_SUBJECT_Q_FACTOR to value [Q Factor Report - TEMS Pre production - 10.10.12.108]
2024/02/02 06:54:50 - Set Variables.0 - Set variable TARGET_FILE_PATH_Q_FACTOR to value [/email/q_factor_report.txt]
2024/02/02 06:54:50 - Set Variables.0 - Set variable TARGET_EMAIL_QFACTOR_ADDRESS to value [itdev@hawaikicable.co.nz]
2024/02/02 06:54:50 - Set Variables.0 - Finished after 1 rows.
2024/02/02 06:54:50 - Set Variables.0 - Finished processing (I=0, O=0, R=1, W=1, U=0, E=0)
2024/02/02 06:54:50 - JOB_sendQFactorReportEmail - Starting entry [Initiate Q Factor reports]
2024/02/02 06:54:50 - Initiate Q Factor reports - Loading transformation from XML file [file:///hawaiki_il/tesubcom/InitiateQFactorlogs.ktr]
2024/02/02 06:54:51 - Initiate Q Factor reports - Using run configuration [Pentaho local]
2024/02/02 06:54:51 - Initiate Q Factor reports - Using legacy execution engine
2024/02/02 06:54:51 - InitiateQFactorlogs - Dispatching started for transformation [InitiateQFactorlogs]
Feb 02, 2024 6:54:52 AM org.apache.cxf.endpoint.ServerImpl initDestination
INFO: Setting the server's publish address to be /marketplace
2024/02/02 06:54:52 - Table input 2.0 - Finished reading query, closing connection.
2024/02/02 06:54:52 - Table input 2.0 - Finished processing (I=1, O=0, R=0, W=1, U=0, E=0)
2024/02/02 06:54:52 - Text file output.0 - Finished processing (I=0, O=2, R=1, W=1, U=0, E=0)
2024/02/02 06:54:52 - JOB_sendQFactorReportEmail - Starting entry [Generate Q Factor reports]
2024/02/02 06:54:52 - Generate Q Factor reports - Loading transformation from XML file [file:///hawaiki_il/tesubcom/GenerateQFactorReports.ktr]
2024/02/02 06:54:52 - Generate Q Factor reports - Using run configuration [Pentaho local]
2024/02/02 06:54:52 - Generate Q Factor reports - Using legacy execution engine
2024/02/02 06:54:52 - Carte - Installing timer to purge stale objects after 1440 minutes.
2024/02/02 06:54:52 - GenerateQFactorReports - Dispatching started for transformation [GenerateQFactorReports]
2024/02/02 07:11:05 - Table input.0 - Finished reading query, closing connection.
2024/02/02 07:11:05 - Text file output.0 - Finished processing (I=0, O=1, R=0, W=0, U=0, E=0)
2024/02/02 07:11:05 - JOB_sendQFactorReportEmail - Starting entry [Send Q Factor report email]
2024/02/02 07:11:05 - Send Q Factor report email - Loading transformation from XML file [file:///hawaiki_il/tesubcom/SendQFactorReportEmail.ktr]
2024/02/02 07:11:05 - Send Q Factor report email - Using run configuration [Pentaho local]
2024/02/02 07:11:05 - Send Q Factor report email - Using legacy execution engine
2024/02/02 07:11:05 - SendQFactorReportEmail - Dispatching started for transformation [SendQFactorReportEmail]
2024/02/02 07:11:05 - Get Variables.0 - Finished processing (I=0, O=0, R=1, W=1, U=0, E=0)
2024/02/02 07:11:05 - Load ftp log content in memory.0 - Finished processing (I=1, O=0, R=1, W=1, U=0, E=0)
org.pentaho.di.core.exception.KettleException: 
Can not send mail!
Could not convert socket to TLS
	at org.pentaho.di.trans.steps.mail.Mail.processRow(Mail.java:510)
	at org.pentaho.di.trans.step.RunThread.run(RunThread.java:62)
	at java.lang.Thread.run(Thread.java:748)
Caused by: javax.mail.MessagingException: Could not convert socket to TLS;
  nested exception is:
	javax.net.ssl.SSLHandshakeException: Remote host terminated the handshake
	at com.sun.mail.smtp.SMTPTransport.startTLS(SMTPTransport.java:1907)
	at com.sun.mail.smtp.SMTPTransport.protocolConnect(SMTPTransport.java:666)
	at javax.mail.Service.connect(Service.java:295)
	at org.pentaho.di.trans.steps.mail.Mail.sendMail(Mail.java:713)
	at org.pentaho.di.trans.steps.mail.Mail.processRow(Mail.java:493)
	... 2 more
Caused by: javax.net.ssl.SSLHandshakeException: Remote host terminated the handshake
	at sun.security.ssl.SSLSocketImpl.handleEOF(SSLSocketImpl.java:1310)
	at sun.security.ssl.SSLSocketImpl.decode(SSLSocketImpl.java:1151)
	at sun.security.ssl.SSLSocketImpl.readHandshakeRecord(SSLSocketImpl.java:1054)
	at sun.security.ssl.SSLSocketImpl.startHandshake(SSLSocketImpl.java:394)
	at com.sun.mail.util.SocketFetcher.configureSSLSocket(SocketFetcher.java:549)
	at com.sun.mail.util.SocketFetcher.startTLS(SocketFetcher.java:486)
	at com.sun.mail.smtp.SMTPTransport.startTLS(SMTPTransport.java:1902)
	... 6 more
Caused by: java.io.EOFException: SSL peer shut down incorrectly
	at sun.security.ssl.SSLSocketInputRecord.decode(SSLSocketInputRecord.java:167)
	at sun.security.ssl.SSLTransport.decode(SSLTransport.java:108)
	at sun.security.ssl.SSLSocketImpl.decode(SSLSocketImpl.java:1143)
	... 11 more
2024/02/02 07:11:11 - Mail 2.0 - ERROR (version 8.1.0.0-365, build 8.1.0.0-365 from 2018-04-30 09.42.24 by buildguy) : Unexpected error
2024/02/02 07:11:11 - Mail 2.0 - ERROR (version 8.1.0.0-365, build 8.1.0.0-365 from 2018-04-30 09.42.24 by buildguy) : org.pentaho.di.core.exception.KettleException: 
2024/02/02 07:11:11 - Mail 2.0 - Can not send mail!
2024/02/02 07:11:11 - Mail 2.0 - Could not convert socket to TLS
2024/02/02 07:11:11 - Mail 2.0 - 
2024/02/02 07:11:11 - Mail 2.0 - 	at org.pentaho.di.trans.steps.mail.Mail.processRow(Mail.java:510)
2024/02/02 07:11:11 - Mail 2.0 - 	at org.pentaho.di.trans.step.RunThread.run(RunThread.java:62)
2024/02/02 07:11:11 - Mail 2.0 - 	at java.lang.Thread.run(Thread.java:748)
2024/02/02 07:11:11 - Mail 2.0 - Caused by: javax.mail.MessagingException: Could not convert socket to TLS;
2024/02/02 07:11:11 - Mail 2.0 -   nested exception is:
2024/02/02 07:11:11 - Mail 2.0 - 	javax.net.ssl.SSLHandshakeException: Remote host terminated the handshake
2024/02/02 07:11:11 - Mail 2.0 - 	at com.sun.mail.smtp.SMTPTransport.startTLS(SMTPTransport.java:1907)
2024/02/02 07:11:11 - Mail 2.0 - 	at com.sun.mail.smtp.SMTPTransport.protocolConnect(SMTPTransport.java:666)
2024/02/02 07:11:11 - Mail 2.0 - 	at javax.mail.Service.connect(Service.java:295)
2024/02/02 07:11:11 - Mail 2.0 - 	at org.pentaho.di.trans.steps.mail.Mail.sendMail(Mail.java:713)
2024/02/02 07:11:11 - Mail 2.0 - 	at org.pentaho.di.trans.steps.mail.Mail.processRow(Mail.java:493)
2024/02/02 07:11:11 - Mail 2.0 - 	... 2 more
2024/02/02 07:11:11 - Mail 2.0 - Caused by: javax.net.ssl.SSLHandshakeException: Remote host terminated the handshake
2024/02/02 07:11:11 - Mail 2.0 - 	at sun.security.ssl.SSLSocketImpl.handleEOF(SSLSocketImpl.java:1310)
2024/02/02 07:11:11 - Mail 2.0 - 	at sun.security.ssl.SSLSocketImpl.decode(SSLSocketImpl.java:1151)
2024/02/02 07:11:11 - Mail 2.0 - 	at sun.security.ssl.SSLSocketImpl.readHandshakeRecord(SSLSocketImpl.java:1054)
2024/02/02 07:11:11 - Mail 2.0 - 	at sun.security.ssl.SSLSocketImpl.startHandshake(SSLSocketImpl.java:394)
2024/02/02 07:11:11 - Mail 2.0 - 	at com.sun.mail.util.SocketFetcher.configureSSLSocket(SocketFetcher.java:549)
2024/02/02 07:11:11 - Mail 2.0 - 	at com.sun.mail.util.SocketFetcher.startTLS(SocketFetcher.java:486)
2024/02/02 07:11:11 - Mail 2.0 - 	at com.sun.mail.smtp.SMTPTransport.startTLS(SMTPTransport.java:1902)
2024/02/02 07:11:11 - Mail 2.0 - 	... 6 more
2024/02/02 07:11:11 - Mail 2.0 - Caused by: java.io.EOFException: SSL peer shut down incorrectly
2024/02/02 07:11:11 - Mail 2.0 - 	at sun.security.ssl.SSLSocketInputRecord.decode(SSLSocketInputRecord.java:167)
2024/02/02 07:11:11 - Mail 2.0 - 	at sun.security.ssl.SSLTransport.decode(SSLTransport.java:108)
2024/02/02 07:11:11 - Mail 2.0 - 	at sun.security.ssl.SSLSocketImpl.decode(SSLSocketImpl.java:1143)
2024/02/02 07:11:11 - Mail 2.0 - 	... 11 more
2024/02/02 07:11:11 - SendQFactorReportEmail - ERROR (version 8.1.0.0-365, build 8.1.0.0-365 from 2018-04-30 09.42.24 by buildguy) : Errors detected!
2024/02/02 07:11:11 - Mail 2.0 - Finished processing (I=0, O=0, R=1, W=0, U=0, E=1)
2024/02/02 07:11:11 - SendQFactorReportEmail - Transformation detected one or more steps with errors.
2024/02/02 07:11:11 - SendQFactorReportEmail - ERROR (version 8.1.0.0-365, build 8.1.0.0-365 from 2018-04-30 09.42.24 by buildguy) : Errors detected!
2024/02/02 07:11:11 - SendQFactorReportEmail - Transformation is killing the other steps!
2024/02/02 07:11:11 - JOB_sendQFactorReportEmail - Starting entry [Success]
2024/02/02 07:11:11 - JOB_sendQFactorReportEmail - Finished job entry [Success] (result=[true])
2024/02/02 07:11:11 - JOB_sendQFactorReportEmail - Finished job entry [Send Q Factor report email] (result=[true])
2024/02/02 07:11:11 - JOB_sendQFactorReportEmail - Finished job entry [Generate Q Factor reports] (result=[true])
2024/02/02 07:11:11 - JOB_sendQFactorReportEmail - Finished job entry [Initiate Q Factor reports] (result=[true])
2024/02/02 07:11:11 - JOB_sendQFactorReportEmail - Finished job entry [LoadConfiguration] (result=[true])
2024/02/02 07:11:11 - JOB_sendQFactorReportEmail - Job execution finished
2024/02/02 07:11:11 - Kitchen - Finished!
2024/02/02 07:11:11 - Kitchen - Start=2024/02/02 06:54:39.219, Stop=2024/02/02 07:11:11.374
2024/02/02 07:11:11 - Kitchen - Processing ended after 16 minutes and 32 seconds (992 seconds total).
#######################################################################
WARNING:  no libwebkitgtk-1.0 detected, some features will be unavailable
    Consider installing the package with apt-get or yum.
    e.g. 'sudo apt-get install libwebkitgtk-1.0-0'
#######################################################################
OpenJDK 64-Bit Server VM warning: ignoring option MaxPermSize=256m; support was removed in 8.0
06:29:04,466 INFO  [KarafBoot] Checking to see if org.pentaho.clean.karaf.cache is enabled
06:54:43,838 INFO  [KarafInstance] 
*******************************************************************************
*** Karaf Instance Number: 15 at /hawaiki_il/data-integration/./system/kara ***
***   f/caches/kitchen/data-5                                               ***
*** FastBin Provider Port:52915                                             ***
*** Karaf Port:8816                                                         ***
*** OSGI Service Port:9065                                                  ***
*******************************************************************************
Feb 03, 2024 6:54:51 AM org.apache.karaf.main.Main$KarafLockCallback lockAquired
INFO: Lock acquired. Setting startlevel to 100
2024/02/03 06:54:51 - Kitchen - Start of run.
Updating configuration from org.apache.aries.rsa.provider.fastbin.cfg
Updating configuration from org.ops4j.pax.web.cfg
Updating configuration from org.apache.karaf.shell.cfg
06:54:54,775 ERROR [BootFeaturesInstaller] Error Boot feature pentaho-client-minimal not found
06:54:54,775 ERROR [BootFeaturesInstaller] Error Boot feature config not found
2024-02-03 06:54:56.003:INFO:oejs.Server:jetty-8.1.15.v20140411
2024-02-03 06:54:56.092:INFO:oejs.AbstractConnector:Started NIOSocketConnectorWrapper@0.0.0.0:9065
Feb 03, 2024 6:54:57 AM org.apache.cxf.bus.blueprint.NamespaceHandlerRegisterer register
INFO: Registered blueprint namespace handler for http://cxf.apache.org/blueprint/core
Feb 03, 2024 6:54:57 AM org.apache.cxf.bus.blueprint.NamespaceHandlerRegisterer register
INFO: Registered blueprint namespace handler for http://cxf.apache.org/configuration/beans
Feb 03, 2024 6:54:57 AM org.apache.cxf.bus.blueprint.NamespaceHandlerRegisterer register
INFO: Registered blueprint namespace handler for http://cxf.apache.org/configuration/parameterized-types
Feb 03, 2024 6:54:57 AM org.apache.cxf.bus.blueprint.NamespaceHandlerRegisterer register
INFO: Registered blueprint namespace handler for http://cxf.apache.org/configuration/security
Feb 03, 2024 6:54:57 AM org.apache.cxf.bus.blueprint.NamespaceHandlerRegisterer register
INFO: Registered blueprint namespace handler for http://schemas.xmlsoap.org/wsdl/
Feb 03, 2024 6:54:57 AM org.apache.cxf.bus.blueprint.NamespaceHandlerRegisterer register
INFO: Registered blueprint namespace handler for http://www.w3.org/2005/08/addressing
Feb 03, 2024 6:54:57 AM org.apache.cxf.bus.blueprint.NamespaceHandlerRegisterer register
INFO: Registered blueprint namespace handler for http://schemas.xmlsoap.org/ws/2004/08/addressing
Feb 03, 2024 6:54:57 AM org.apache.cxf.bus.osgi.CXFExtensionBundleListener addExtensions
INFO: Adding the extensions from bundle org.apache.cxf.cxf-rt-management (192) [org.apache.cxf.management.InstrumentationManager]
Feb 03, 2024 6:54:57 AM org.apache.cxf.bus.osgi.CXFExtensionBundleListener addExtensions
INFO: Adding the extensions from bundle org.apache.cxf.cxf-rt-wsdl (195) [org.apache.cxf.wsdl.WSDLManager]
Feb 03, 2024 6:54:57 AM org.apache.cxf.bus.osgi.CXFExtensionBundleListener addExtensions
INFO: Adding the extensions from bundle org.apache.cxf.cxf-rt-bindings-xml (197) [org.apache.cxf.binding.xml.XMLBindingFactory, org.apache.cxf.binding.xml.wsdl11.XMLWSDLExtensionLoader]
Feb 03, 2024 6:54:57 AM org.apache.cxf.bus.osgi.CXFExtensionBundleListener addExtensions
INFO: Adding the extensions from bundle org.apache.cxf.cxf-rt-bindings-soap (198) [org.apache.cxf.binding.soap.SoapBindingFactory, org.apache.cxf.binding.soap.SoapTransportFactory]
Feb 03, 2024 6:54:57 AM org.apache.cxf.bus.blueprint.NamespaceHandlerRegisterer register
INFO: Registered blueprint namespace handler for http://cxf.apache.org/blueprint/bindings/soap
Feb 03, 2024 6:54:57 AM org.apache.cxf.bus.osgi.CXFExtensionBundleListener addExtensions
INFO: Adding the extensions from bundle org.apache.cxf.cxf-rt-ws-policy (217) [org.apache.cxf.ws.policy.PolicyEngine, org.apache.cxf.policy.PolicyDataEngine, org.apache.cxf.ws.policy.AssertionBuilderRegistry, org.apache.cxf.ws.policy.PolicyInterceptorProviderRegistry, org.apache.cxf.ws.policy.PolicyBuilder, org.apache.cxf.ws.policy.PolicyAnnotationListener, org.apache.cxf.ws.policy.attachment.ServiceModelPolicyProvider, org.apache.cxf.ws.policy.attachment.external.DomainExpressionBuilderRegistry, org.apache.cxf.ws.policy.attachment.external.EndpointReferenceDomainExpressionBuilder, org.apache.cxf.ws.policy.attachment.external.URIDomainExpressionBuilder, org.apache.cxf.ws.policy.attachment.wsdl11.Wsdl11AttachmentPolicyProvider, org.apache.cxf.ws.policy.mtom.MTOMAssertionBuilder, org.apache.cxf.ws.policy.mtom.MTOMPolicyInterceptorProvider]
Feb 03, 2024 6:54:57 AM org.apache.cxf.bus.osgi.CXFExtensionBundleListener addExtensions
INFO: Adding the extensions from bundle org.apache.cxf.cxf-rt-transports-http (199) [org.apache.cxf.transport.http.HTTPTransportFactory, org.apache.cxf.transport.http.HTTPWSDLExtensionLoader, org.apache.cxf.transport.http.policy.HTTPClientAssertionBuilder, org.apache.cxf.transport.http.policy.HTTPServerAssertionBuilder, org.apache.cxf.transport.http.policy.NoOpPolicyInterceptorProvider]
Feb 03, 2024 6:54:57 AM org.apache.cxf.bus.blueprint.NamespaceHandlerRegisterer register
INFO: Registered blueprint namespace handler for http://cxf.apache.org/transports/http/configuration
Feb 03, 2024 6:54:57 AM org.apache.cxf.bus.blueprint.NamespaceHandlerRegisterer register
INFO: Registered blueprint namespace handler for http://cxf.apache.org/blueprint/simple
Feb 03, 2024 6:54:57 AM org.apache.cxf.bus.osgi.CXFExtensionBundleListener addExtensions
INFO: Adding the extensions from bundle org.apache.cxf.cxf-rt-frontend-jaxws (201) [org.apache.cxf.jaxws.context.WebServiceContextResourceResolver]
Feb 03, 2024 6:54:57 AM org.apache.cxf.bus.blueprint.NamespaceHandlerRegisterer register
INFO: Registered blueprint namespace handler for http://cxf.apache.org/blueprint/jaxws
Feb 03, 2024 6:54:57 AM org.apache.cxf.bus.blueprint.NamespaceHandlerRegisterer register
INFO: Registered blueprint namespace handler for http://cxf.apache.org/blueprint/jaxrs
Feb 03, 2024 6:54:57 AM org.apache.cxf.bus.blueprint.NamespaceHandlerRegisterer register
INFO: Registered blueprint namespace handler for http://cxf.apache.org/blueprint/jaxrs-client
Feb 03, 2024 6:54:57 AM org.apache.cxf.bus.blueprint.NamespaceHandlerRegisterer register
INFO: Registered blueprint namespace handler for http://cxf.apache.org/binding/coloc
Feb 03, 2024 6:54:57 AM org.apache.cxf.bus.osgi.CXFExtensionBundleListener addExtensions
INFO: Adding the extensions from bundle org.apache.cxf.cxf-rt-transports-local (213) [org.apache.cxf.transport.local.LocalTransportFactory]
Feb 03, 2024 6:54:57 AM org.apache.cxf.bus.osgi.CXFExtensionBundleListener addExtensions
INFO: Adding the extensions from bundle org.apache.cxf.cxf-rt-bindings-object (214) [org.apache.cxf.binding.object.ObjectBindingFactory]
Feb 03, 2024 6:54:57 AM org.apache.cxf.bus.blueprint.NamespaceHandlerRegisterer register
INFO: Registered blueprint namespace handler for http://cxf.apache.org/blueprint/binding/object
Feb 03, 2024 6:54:57 AM org.apache.cxf.bus.blueprint.NamespaceHandlerRegisterer register
INFO: Registered blueprint namespace handler for http://cxf.apache.org/policy
Feb 03, 2024 6:54:57 AM org.apache.cxf.bus.blueprint.NamespaceHandlerRegisterer register
INFO: Registered blueprint namespace handler for http://www.w3.org/ns/ws-policy
Feb 03, 2024 6:54:57 AM org.apache.cxf.bus.blueprint.NamespaceHandlerRegisterer register
INFO: Registered blueprint namespace handler for http://www.w3.org/2006/07/ws-policy
Feb 03, 2024 6:54:57 AM org.apache.cxf.bus.blueprint.NamespaceHandlerRegisterer register
INFO: Registered blueprint namespace handler for http://schemas.xmlsoap.org/ws/2004/09/policy
Feb 03, 2024 6:54:57 AM org.apache.cxf.bus.blueprint.NamespaceHandlerRegisterer register
INFO: Registered blueprint namespace handler for http://docs.oasis-open.org/wss/2004/01/oasis-200401-wss-wssecurity-secext-1.0.xsd
Feb 03, 2024 6:54:57 AM org.apache.cxf.bus.blueprint.NamespaceHandlerRegisterer register
INFO: Registered blueprint namespace handler for http://docs.oasis-open.org/wss/2004/01/oasis-200401-wss-wssecurity-utility-1.0.xsd
Feb 03, 2024 6:54:57 AM org.apache.cxf.bus.blueprint.NamespaceHandlerRegisterer register
INFO: Registered blueprint namespace handler for http://www.w3.org/2000/09/xmldsig#
Feb 03, 2024 6:54:57 AM org.apache.cxf.bus.blueprint.NamespaceHandlerRegisterer register
INFO: Registered blueprint namespace handler for http://docs.oasis-open.org/ws-sx/ws-securitypolicy/200702
Feb 03, 2024 6:54:57 AM org.apache.cxf.bus.osgi.CXFExtensionBundleListener addExtensions
INFO: Adding the extensions from bundle org.apache.cxf.cxf-rt-ws-addr (234) [org.apache.cxf.ws.addressing.policy.AddressingAssertionBuilder, org.apache.cxf.ws.addressing.policy.UsingAddressingAssertionBuilder, org.apache.cxf.ws.addressing.policy.AddressingPolicyInterceptorProvider, org.apache.cxf.ws.addressing.impl.AddressingWSDLExtensionLoader, org.apache.cxf.ws.addressing.WSAddressingFeature$WSAddressingFeatureApplier, org.apache.cxf.ws.addressing.MAPAggregator$MAPAggregatorLoader]
Feb 03, 2024 6:54:57 AM org.apache.cxf.bus.blueprint.NamespaceHandlerRegisterer register
INFO: Registered blueprint namespace handler for http://cxf.apache.org/ws/addressing
Feb 03, 2024 6:54:57 AM org.apache.cxf.bus.osgi.CXFExtensionBundleListener addExtensions
INFO: Adding the extensions from bundle org.apache.cxf.cxf-rt-ws-security (236) [org.apache.cxf.ws.security.policy.WSSecurityPolicyLoader, org.apache.cxf.ws.security.cache.CacheCleanupListener]
Feb 03, 2024 6:54:57 AM org.apache.cxf.bus.osgi.CXFExtensionBundleListener addExtensions
INFO: Adding the extensions from bundle org.apache.cxf.cxf-rt-ws-rm (238) [org.apache.cxf.ws.rm.RMManager, org.apache.cxf.ws.rm.policy.RMPolicyInterceptorProvider, org.apache.cxf.ws.rm.policy.RM10AssertionBuilder, org.apache.cxf.ws.rm.policy.RM12AssertionBuilder, org.apache.cxf.ws.rm.policy.WSRMP12PolicyLoader, org.apache.cxf.ws.rm.policy.MC11PolicyLoader, org.apache.cxf.ws.rm.policy.RSPPolicyLoader]
Feb 03, 2024 6:54:57 AM org.apache.cxf.bus.blueprint.NamespaceHandlerRegisterer register
INFO: Registered blueprint namespace handler for http://cxf.apache.org/ws/rm/manager
Feb 03, 2024 6:54:57 AM org.apache.cxf.bus.blueprint.NamespaceHandlerRegisterer register
INFO: Registered blueprint namespace handler for http://schemas.xmlsoap.org/ws/2005/02/rm/policy
Feb 03, 2024 6:54:57 AM org.apache.cxf.bus.osgi.CXFExtensionBundleListener addExtensions
INFO: Adding the extensions from bundle org.apache.cxf.cxf-rt-javascript (239) [org.apache.cxf.javascript.JavascriptServerListener]
Feb 03, 2024 6:54:57 AM org.pentaho.caching.impl.PentahoCacheManagerFactory$RegistrationHandler$1 onSuccess
INFO: New Caching Service registered
06:54:58,464 ERROR [KarafCapabilityProvider] No feature found matching id: pentaho-client
06:54:58,465 ERROR [KarafCapabilityProvider] No feature found matching id: pentaho-metaverse
06:54:58,465 ERROR [KarafCapabilityProvider] No feature found matching id: pentaho-dataservice
06:54:58,465 ERROR [KarafCapabilityProvider] No feature found matching id: pdi-data-refinery
06:54:58,465 ERROR [KarafCapabilityProvider] No feature found matching id: pdi-marketplace
06:54:58,465 ERROR [KarafCapabilityProvider] No feature found matching id: community-edition
2024/02/03 06:54:59 - JOB_sendQFactorReportEmail - Start of job execution
2024/02/03 06:54:59 - JOB_sendQFactorReportEmail - Starting entry [LoadConfiguration]
2024/02/03 06:54:59 - LoadConfiguration - Loading transformation from XML file [file:///hawaiki_il/tesubcom/LoadConfiguration.ktr]
SLF4J: Class path contains multiple SLF4J bindings.
SLF4J: Found binding in [jar:file:/hawaiki_il/data-integration/launcher/../lib/slf4j-log4j12-1.7.7.jar!/org/slf4j/impl/StaticLoggerBinder.class]
SLF4J: Found binding in [jar:file:/hawaiki_il/data-integration/plugins/pentaho-big-data-plugin/lib/slf4j-log4j12-1.7.7.jar!/org/slf4j/impl/StaticLoggerBinder.class]
SLF4J: See http://www.slf4j.org/codes.html#multiple_bindings for an explanation.
SLF4J: Actual binding is of type [org.slf4j.impl.Log4jLoggerFactory]
2024/02/03 06:55:00 - LoadConfiguration - Using run configuration [Pentaho local]
2024/02/03 06:55:00 - LoadConfiguration - Using legacy execution engine
2024/02/03 06:55:00 - LoadConfiguration - Dispatching started for transformation [LoadConfiguration]
Feb 03, 2024 6:55:01 AM org.apache.cxf.endpoint.ServerImpl initDestination
INFO: Setting the server's publish address to be /lineage
Feb 03, 2024 6:55:01 AM org.apache.cxf.endpoint.ServerImpl initDestination
INFO: Setting the server's publish address to be /i18n
2024/02/03 06:55:01 - Property Input.0 - Finished processing (I=21, O=0, R=0, W=21, U=0, E=0)
2024/02/03 06:55:01 - Row denormaliser.0 - Finished processing (I=0, O=0, R=21, W=1, U=0, E=0)
2024/02/03 06:55:01 - Set Variables.0 - Setting environment variables...
2024/02/03 06:55:01 - Set Variables.0 - Set variable TARGET_DB_IP to value [10.10.13.201]
2024/02/03 06:55:01 - Set Variables.0 - Set variable TARGET_DB_NAME to value [pm_db]
2024/02/03 06:55:01 - Set Variables.0 - Set variable TARGET_DB_PORT to value [3306]
2024/02/03 06:55:01 - Set Variables.0 - Set variable TARGET_DB_USER to value [mediation_rw]
2024/02/03 06:55:01 - Set Variables.0 - Set variable TARGET_DB_PASS to value [PqTLyM41TjEuiTfF]
2024/02/03 06:55:01 - Set Variables.0 - Set variable TARGET_FTP_SERVER_IP to value [172.29.136.30]
2024/02/03 06:55:01 - Set Variables.0 - Set variable TARGET_FTP_SERVER_PORT to value [21]
2024/02/03 06:55:01 - Set Variables.0 - Set variable TARGET_FTP_SERVER_USERNAME to value [tems_adm]
2024/02/03 06:55:01 - Set Variables.0 - Set variable TARGET_FTP_SERVER_PASSWORD to value [tems_adm]
2024/02/03 06:55:01 - Set Variables.0 - Set variable TARGET_FTP_SERVER_DIRECTORY to value [/home/tems_adm/temsNMS/schedReport/new/och]
2024/02/03 06:55:01 - Set Variables.0 - Set variable TARGET_LOCAL_FILE_DIRECTORY to value [/hawaiki_il/tesubcom/och]
2024/02/03 06:55:01 - Set Variables.0 - Set variable TARGET_FTP_LOGS_DIRECTORY to value [ftp_logs/ftp_logs.txt]
2024/02/03 06:55:01 - Set Variables.0 - Set variable TARGET_EMAIL_DESTINATION_ADDRESS to value [itdev@hawaikicable.co.nz]
2024/02/03 06:55:01 - Set Variables.0 - Set variable TARGET_EMAIL_SENDER_ADDRESS to value [no-reply@bw-digital.com]
2024/02/03 06:55:01 - Set Variables.0 - Set variable TARGET_SMTP_SERVER to value [smtp.office365.com]
2024/02/03 06:55:01 - Set Variables.0 - Set variable TARGET_PORT to value [587]
2024/02/03 06:55:01 - Set Variables.0 - Set variable TARGET_PASSWORD to value [JkKL7+su&=wybsLGjnY@&j5ZV^e_C^J&%LvqrdQk]
2024/02/03 06:55:01 - Set Variables.0 - Set variable TARGET_SUBJECT to value [Missing PM Sources - TEMS Pre production - 10.10.12.108]
2024/02/03 06:55:01 - Set Variables.0 - Set variable TARGET_SUBJECT_Q_FACTOR to value [Q Factor Report - TEMS Pre production - 10.10.12.108]
2024/02/03 06:55:01 - Set Variables.0 - Set variable TARGET_FILE_PATH_Q_FACTOR to value [/email/q_factor_report.txt]
2024/02/03 06:55:01 - Set Variables.0 - Set variable TARGET_EMAIL_QFACTOR_ADDRESS to value [itdev@hawaikicable.co.nz]
2024/02/03 06:55:01 - Set Variables.0 - Finished after 1 rows.
2024/02/03 06:55:01 - Set Variables.0 - Finished processing (I=0, O=0, R=1, W=1, U=0, E=0)
2024/02/03 06:55:01 - JOB_sendQFactorReportEmail - Starting entry [Initiate Q Factor reports]
2024/02/03 06:55:02 - Initiate Q Factor reports - Loading transformation from XML file [file:///hawaiki_il/tesubcom/InitiateQFactorlogs.ktr]
Feb 03, 2024 6:55:03 AM org.apache.cxf.endpoint.ServerImpl initDestination
INFO: Setting the server's publish address to be /marketplace
2024/02/03 06:55:03 - Initiate Q Factor reports - Using run configuration [Pentaho local]
2024/02/03 06:55:03 - Initiate Q Factor reports - Using legacy execution engine
2024/02/03 06:55:03 - InitiateQFactorlogs - Dispatching started for transformation [InitiateQFactorlogs]
2024/02/03 06:55:03 - Table input 2.0 - Finished reading query, closing connection.
2024/02/03 06:55:03 - Table input 2.0 - Finished processing (I=1, O=0, R=0, W=1, U=0, E=0)
2024/02/03 06:55:03 - Text file output.0 - Finished processing (I=0, O=2, R=1, W=1, U=0, E=0)
2024/02/03 06:55:03 - Carte - Installing timer to purge stale objects after 1440 minutes.
2024/02/03 06:55:03 - JOB_sendQFactorReportEmail - Starting entry [Generate Q Factor reports]
2024/02/03 06:55:03 - Generate Q Factor reports - Loading transformation from XML file [file:///hawaiki_il/tesubcom/GenerateQFactorReports.ktr]
2024/02/03 06:55:04 - Generate Q Factor reports - Using run configuration [Pentaho local]
2024/02/03 06:55:04 - Generate Q Factor reports - Using legacy execution engine
2024/02/03 06:55:04 - GenerateQFactorReports - Dispatching started for transformation [GenerateQFactorReports]
2024/02/03 07:07:01 - Table input.0 - Finished reading query, closing connection.
2024/02/03 07:07:01 - Text file output.0 - Finished processing (I=0, O=1, R=0, W=0, U=0, E=0)
2024/02/03 07:07:01 - JOB_sendQFactorReportEmail - Starting entry [Send Q Factor report email]
2024/02/03 07:07:01 - Send Q Factor report email - Loading transformation from XML file [file:///hawaiki_il/tesubcom/SendQFactorReportEmail.ktr]
2024/02/03 07:07:01 - Send Q Factor report email - Using run configuration [Pentaho local]
2024/02/03 07:07:01 - Send Q Factor report email - Using legacy execution engine
2024/02/03 07:07:01 - SendQFactorReportEmail - Dispatching started for transformation [SendQFactorReportEmail]
2024/02/03 07:07:01 - Get Variables.0 - Finished processing (I=0, O=0, R=1, W=1, U=0, E=0)
2024/02/03 07:07:01 - Load ftp log content in memory.0 - Finished processing (I=1, O=0, R=1, W=1, U=0, E=0)
org.pentaho.di.core.exception.KettleException: 
Can not send mail!
Could not convert socket to TLS
	at org.pentaho.di.trans.steps.mail.Mail.processRow(Mail.java:510)
	at org.pentaho.di.trans.step.RunThread.run(RunThread.java:62)
	at java.lang.Thread.run(Thread.java:748)
Caused by: javax.mail.MessagingException: Could not convert socket to TLS;
  nested exception is:
	javax.net.ssl.SSLHandshakeException: Remote host terminated the handshake
	at com.sun.mail.smtp.SMTPTransport.startTLS(SMTPTransport.java:1907)
	at com.sun.mail.smtp.SMTPTransport.protocolConnect(SMTPTransport.java:666)
	at javax.mail.Service.connect(Service.java:295)
	at org.pentaho.di.trans.steps.mail.Mail.sendMail(Mail.java:713)
	at org.pentaho.di.trans.steps.mail.Mail.processRow(Mail.java:493)
	... 2 more
Caused by: javax.net.ssl.SSLHandshakeException: Remote host terminated the handshake
	at sun.security.ssl.SSLSocketImpl.handleEOF(SSLSocketImpl.java:1310)
	at sun.security.ssl.SSLSocketImpl.decode(SSLSocketImpl.java:1151)
	at sun.security.ssl.SSLSocketImpl.readHandshakeRecord(SSLSocketImpl.java:1054)
	at sun.security.ssl.SSLSocketImpl.startHandshake(SSLSocketImpl.java:394)
	at com.sun.mail.util.SocketFetcher.configureSSLSocket(SocketFetcher.java:549)
	at com.sun.mail.util.SocketFetcher.startTLS(SocketFetcher.java:486)
	at com.sun.mail.smtp.SMTPTransport.startTLS(SMTPTransport.java:1902)
	... 6 more
Caused by: java.io.EOFException: SSL peer shut down incorrectly
	at sun.security.ssl.SSLSocketInputRecord.decode(SSLSocketInputRecord.java:167)
	at sun.security.ssl.SSLTransport.decode(SSLTransport.java:108)
	at sun.security.ssl.SSLSocketImpl.decode(SSLSocketImpl.java:1143)
	... 11 more
2024/02/03 07:07:07 - Mail 2.0 - ERROR (version 8.1.0.0-365, build 8.1.0.0-365 from 2018-04-30 09.42.24 by buildguy) : Unexpected error
2024/02/03 07:07:07 - Mail 2.0 - ERROR (version 8.1.0.0-365, build 8.1.0.0-365 from 2018-04-30 09.42.24 by buildguy) : org.pentaho.di.core.exception.KettleException: 
2024/02/03 07:07:07 - Mail 2.0 - Can not send mail!
2024/02/03 07:07:07 - Mail 2.0 - Could not convert socket to TLS
2024/02/03 07:07:07 - Mail 2.0 - 
2024/02/03 07:07:07 - Mail 2.0 - 	at org.pentaho.di.trans.steps.mail.Mail.processRow(Mail.java:510)
2024/02/03 07:07:07 - Mail 2.0 - 	at org.pentaho.di.trans.step.RunThread.run(RunThread.java:62)
2024/02/03 07:07:07 - Mail 2.0 - 	at java.lang.Thread.run(Thread.java:748)
2024/02/03 07:07:07 - Mail 2.0 - Caused by: javax.mail.MessagingException: Could not convert socket to TLS;
2024/02/03 07:07:07 - Mail 2.0 -   nested exception is:
2024/02/03 07:07:07 - Mail 2.0 - 	javax.net.ssl.SSLHandshakeException: Remote host terminated the handshake
2024/02/03 07:07:07 - Mail 2.0 - 	at com.sun.mail.smtp.SMTPTransport.startTLS(SMTPTransport.java:1907)
2024/02/03 07:07:07 - Mail 2.0 - 	at com.sun.mail.smtp.SMTPTransport.protocolConnect(SMTPTransport.java:666)
2024/02/03 07:07:07 - Mail 2.0 - 	at javax.mail.Service.connect(Service.java:295)
2024/02/03 07:07:07 - Mail 2.0 - 	at org.pentaho.di.trans.steps.mail.Mail.sendMail(Mail.java:713)
2024/02/03 07:07:07 - Mail 2.0 - 	at org.pentaho.di.trans.steps.mail.Mail.processRow(Mail.java:493)
2024/02/03 07:07:07 - Mail 2.0 - 	... 2 more
2024/02/03 07:07:07 - Mail 2.0 - Caused by: javax.net.ssl.SSLHandshakeException: Remote host terminated the handshake
2024/02/03 07:07:07 - Mail 2.0 - 	at sun.security.ssl.SSLSocketImpl.handleEOF(SSLSocketImpl.java:1310)
2024/02/03 07:07:07 - Mail 2.0 - 	at sun.security.ssl.SSLSocketImpl.decode(SSLSocketImpl.java:1151)
2024/02/03 07:07:07 - Mail 2.0 - 	at sun.security.ssl.SSLSocketImpl.readHandshakeRecord(SSLSocketImpl.java:1054)
2024/02/03 07:07:07 - Mail 2.0 - 	at sun.security.ssl.SSLSocketImpl.startHandshake(SSLSocketImpl.java:394)
2024/02/03 07:07:07 - Mail 2.0 - 	at com.sun.mail.util.SocketFetcher.configureSSLSocket(SocketFetcher.java:549)
2024/02/03 07:07:07 - Mail 2.0 - 	at com.sun.mail.util.SocketFetcher.startTLS(SocketFetcher.java:486)
2024/02/03 07:07:07 - Mail 2.0 - 	at com.sun.mail.smtp.SMTPTransport.startTLS(SMTPTransport.java:1902)
2024/02/03 07:07:07 - Mail 2.0 - 	... 6 more
2024/02/03 07:07:07 - Mail 2.0 - Caused by: java.io.EOFException: SSL peer shut down incorrectly
2024/02/03 07:07:07 - Mail 2.0 - 	at sun.security.ssl.SSLSocketInputRecord.decode(SSLSocketInputRecord.java:167)
2024/02/03 07:07:07 - Mail 2.0 - 	at sun.security.ssl.SSLTransport.decode(SSLTransport.java:108)
2024/02/03 07:07:07 - Mail 2.0 - 	at sun.security.ssl.SSLSocketImpl.decode(SSLSocketImpl.java:1143)
2024/02/03 07:07:07 - Mail 2.0 - 	... 11 more
2024/02/03 07:07:07 - Mail 2.0 - Finished processing (I=0, O=0, R=1, W=0, U=0, E=1)
2024/02/03 07:07:07 - SendQFactorReportEmail - ERROR (version 8.1.0.0-365, build 8.1.0.0-365 from 2018-04-30 09.42.24 by buildguy) : Errors detected!
2024/02/03 07:07:07 - SendQFactorReportEmail - Transformation detected one or more steps with errors.
2024/02/03 07:07:07 - SendQFactorReportEmail - ERROR (version 8.1.0.0-365, build 8.1.0.0-365 from 2018-04-30 09.42.24 by buildguy) : Errors detected!
2024/02/03 07:07:07 - SendQFactorReportEmail - Transformation is killing the other steps!
2024/02/03 07:07:07 - JOB_sendQFactorReportEmail - Starting entry [Success]
2024/02/03 07:07:07 - JOB_sendQFactorReportEmail - Finished job entry [Success] (result=[true])
2024/02/03 07:07:07 - JOB_sendQFactorReportEmail - Finished job entry [Send Q Factor report email] (result=[true])
2024/02/03 07:07:07 - JOB_sendQFactorReportEmail - Finished job entry [Generate Q Factor reports] (result=[true])
2024/02/03 07:07:07 - JOB_sendQFactorReportEmail - Finished job entry [Initiate Q Factor reports] (result=[true])
2024/02/03 07:07:07 - JOB_sendQFactorReportEmail - Finished job entry [LoadConfiguration] (result=[true])
2024/02/03 07:07:07 - JOB_sendQFactorReportEmail - Job execution finished
2024/02/03 07:07:07 - Kitchen - Finished!
2024/02/03 07:07:07 - Kitchen - Start=2024/02/03 06:54:51.714, Stop=2024/02/03 07:07:07.126
2024/02/03 07:07:07 - Kitchen - Processing ended after 12 minutes and 15 seconds (735 seconds total).
#######################################################################
WARNING:  no libwebkitgtk-1.0 detected, some features will be unavailable
    Consider installing the package with apt-get or yum.
    e.g. 'sudo apt-get install libwebkitgtk-1.0-0'
#######################################################################
OpenJDK 64-Bit Server VM warning: ignoring option MaxPermSize=256m; support was removed in 8.0
06:29:03,941 INFO  [KarafBoot] Checking to see if org.pentaho.clean.karaf.cache is enabled
06:54:33,761 INFO  [KarafInstance] 
*******************************************************************************
*** Karaf Instance Number: 15 at /hawaiki_il/data-integration/./system/kara ***
***   f/caches/kitchen/data-5                                               ***
*** FastBin Provider Port:52915                                             ***
*** Karaf Port:8816                                                         ***
*** OSGI Service Port:9065                                                  ***
*******************************************************************************
Feb 04, 2024 6:54:40 AM org.apache.karaf.main.Main$KarafLockCallback lockAquired
INFO: Lock acquired. Setting startlevel to 100
2024/02/04 06:54:41 - Kitchen - Start of run.
Updating configuration from org.apache.aries.rsa.provider.fastbin.cfg
Updating configuration from org.ops4j.pax.web.cfg
Updating configuration from org.apache.karaf.shell.cfg
06:54:44,474 ERROR [BootFeaturesInstaller] Error Boot feature pentaho-client-minimal not found
06:54:44,474 ERROR [BootFeaturesInstaller] Error Boot feature config not found
2024-02-04 06:54:46.291:INFO:oejs.Server:jetty-8.1.15.v20140411
2024-02-04 06:54:46.402:INFO:oejs.AbstractConnector:Started NIOSocketConnectorWrapper@0.0.0.0:9065
Feb 04, 2024 6:54:47 AM org.apache.cxf.bus.blueprint.NamespaceHandlerRegisterer register
INFO: Registered blueprint namespace handler for http://cxf.apache.org/blueprint/core
Feb 04, 2024 6:54:47 AM org.apache.cxf.bus.blueprint.NamespaceHandlerRegisterer register
INFO: Registered blueprint namespace handler for http://cxf.apache.org/configuration/beans
Feb 04, 2024 6:54:47 AM org.apache.cxf.bus.blueprint.NamespaceHandlerRegisterer register
INFO: Registered blueprint namespace handler for http://cxf.apache.org/configuration/parameterized-types
Feb 04, 2024 6:54:47 AM org.apache.cxf.bus.blueprint.NamespaceHandlerRegisterer register
INFO: Registered blueprint namespace handler for http://cxf.apache.org/configuration/security
Feb 04, 2024 6:54:47 AM org.apache.cxf.bus.blueprint.NamespaceHandlerRegisterer register
INFO: Registered blueprint namespace handler for http://schemas.xmlsoap.org/wsdl/
Feb 04, 2024 6:54:47 AM org.apache.cxf.bus.blueprint.NamespaceHandlerRegisterer register
INFO: Registered blueprint namespace handler for http://www.w3.org/2005/08/addressing
Feb 04, 2024 6:54:47 AM org.apache.cxf.bus.blueprint.NamespaceHandlerRegisterer register
INFO: Registered blueprint namespace handler for http://schemas.xmlsoap.org/ws/2004/08/addressing
Feb 04, 2024 6:54:47 AM org.apache.cxf.bus.osgi.CXFExtensionBundleListener addExtensions
INFO: Adding the extensions from bundle org.apache.cxf.cxf-rt-management (192) [org.apache.cxf.management.InstrumentationManager]
Feb 04, 2024 6:54:47 AM org.apache.cxf.bus.osgi.CXFExtensionBundleListener addExtensions
INFO: Adding the extensions from bundle org.apache.cxf.cxf-rt-wsdl (195) [org.apache.cxf.wsdl.WSDLManager]
Feb 04, 2024 6:54:47 AM org.apache.cxf.bus.osgi.CXFExtensionBundleListener addExtensions
INFO: Adding the extensions from bundle org.apache.cxf.cxf-rt-bindings-xml (197) [org.apache.cxf.binding.xml.XMLBindingFactory, org.apache.cxf.binding.xml.wsdl11.XMLWSDLExtensionLoader]
Feb 04, 2024 6:54:47 AM org.apache.cxf.bus.osgi.CXFExtensionBundleListener addExtensions
INFO: Adding the extensions from bundle org.apache.cxf.cxf-rt-bindings-soap (198) [org.apache.cxf.binding.soap.SoapBindingFactory, org.apache.cxf.binding.soap.SoapTransportFactory]
Feb 04, 2024 6:54:47 AM org.apache.cxf.bus.blueprint.NamespaceHandlerRegisterer register
INFO: Registered blueprint namespace handler for http://cxf.apache.org/blueprint/bindings/soap
Feb 04, 2024 6:54:47 AM org.apache.cxf.bus.osgi.CXFExtensionBundleListener addExtensions
INFO: Adding the extensions from bundle org.apache.cxf.cxf-rt-ws-policy (217) [org.apache.cxf.ws.policy.PolicyEngine, org.apache.cxf.policy.PolicyDataEngine, org.apache.cxf.ws.policy.AssertionBuilderRegistry, org.apache.cxf.ws.policy.PolicyInterceptorProviderRegistry, org.apache.cxf.ws.policy.PolicyBuilder, org.apache.cxf.ws.policy.PolicyAnnotationListener, org.apache.cxf.ws.policy.attachment.ServiceModelPolicyProvider, org.apache.cxf.ws.policy.attachment.external.DomainExpressionBuilderRegistry, org.apache.cxf.ws.policy.attachment.external.EndpointReferenceDomainExpressionBuilder, org.apache.cxf.ws.policy.attachment.external.URIDomainExpressionBuilder, org.apache.cxf.ws.policy.attachment.wsdl11.Wsdl11AttachmentPolicyProvider, org.apache.cxf.ws.policy.mtom.MTOMAssertionBuilder, org.apache.cxf.ws.policy.mtom.MTOMPolicyInterceptorProvider]
Feb 04, 2024 6:54:47 AM org.apache.cxf.bus.osgi.CXFExtensionBundleListener addExtensions
INFO: Adding the extensions from bundle org.apache.cxf.cxf-rt-transports-http (199) [org.apache.cxf.transport.http.HTTPTransportFactory, org.apache.cxf.transport.http.HTTPWSDLExtensionLoader, org.apache.cxf.transport.http.policy.HTTPClientAssertionBuilder, org.apache.cxf.transport.http.policy.HTTPServerAssertionBuilder, org.apache.cxf.transport.http.policy.NoOpPolicyInterceptorProvider]
Feb 04, 2024 6:54:48 AM org.apache.cxf.bus.blueprint.NamespaceHandlerRegisterer register
INFO: Registered blueprint namespace handler for http://cxf.apache.org/transports/http/configuration
Feb 04, 2024 6:54:48 AM org.apache.cxf.bus.blueprint.NamespaceHandlerRegisterer register
INFO: Registered blueprint namespace handler for http://cxf.apache.org/blueprint/simple
Feb 04, 2024 6:54:48 AM org.apache.cxf.bus.osgi.CXFExtensionBundleListener addExtensions
INFO: Adding the extensions from bundle org.apache.cxf.cxf-rt-frontend-jaxws (201) [org.apache.cxf.jaxws.context.WebServiceContextResourceResolver]
Feb 04, 2024 6:54:48 AM org.apache.cxf.bus.blueprint.NamespaceHandlerRegisterer register
INFO: Registered blueprint namespace handler for http://cxf.apache.org/blueprint/jaxws
Feb 04, 2024 6:54:48 AM org.apache.cxf.bus.blueprint.NamespaceHandlerRegisterer register
INFO: Registered blueprint namespace handler for http://cxf.apache.org/blueprint/jaxrs
Feb 04, 2024 6:54:48 AM org.apache.cxf.bus.blueprint.NamespaceHandlerRegisterer register
INFO: Registered blueprint namespace handler for http://cxf.apache.org/blueprint/jaxrs-client
Feb 04, 2024 6:54:48 AM org.apache.cxf.bus.blueprint.NamespaceHandlerRegisterer register
INFO: Registered blueprint namespace handler for http://cxf.apache.org/binding/coloc
Feb 04, 2024 6:54:48 AM org.apache.cxf.bus.osgi.CXFExtensionBundleListener addExtensions
INFO: Adding the extensions from bundle org.apache.cxf.cxf-rt-transports-local (213) [org.apache.cxf.transport.local.LocalTransportFactory]
Feb 04, 2024 6:54:48 AM org.apache.cxf.bus.osgi.CXFExtensionBundleListener addExtensions
INFO: Adding the extensions from bundle org.apache.cxf.cxf-rt-bindings-object (214) [org.apache.cxf.binding.object.ObjectBindingFactory]
Feb 04, 2024 6:54:48 AM org.apache.cxf.bus.blueprint.NamespaceHandlerRegisterer register
INFO: Registered blueprint namespace handler for http://cxf.apache.org/blueprint/binding/object
Feb 04, 2024 6:54:48 AM org.apache.cxf.bus.blueprint.NamespaceHandlerRegisterer register
INFO: Registered blueprint namespace handler for http://cxf.apache.org/policy
Feb 04, 2024 6:54:48 AM org.apache.cxf.bus.blueprint.NamespaceHandlerRegisterer register
INFO: Registered blueprint namespace handler for http://www.w3.org/ns/ws-policy
Feb 04, 2024 6:54:48 AM org.apache.cxf.bus.blueprint.NamespaceHandlerRegisterer register
INFO: Registered blueprint namespace handler for http://www.w3.org/2006/07/ws-policy
Feb 04, 2024 6:54:48 AM org.apache.cxf.bus.blueprint.NamespaceHandlerRegisterer register
INFO: Registered blueprint namespace handler for http://schemas.xmlsoap.org/ws/2004/09/policy
Feb 04, 2024 6:54:48 AM org.apache.cxf.bus.blueprint.NamespaceHandlerRegisterer register
INFO: Registered blueprint namespace handler for http://docs.oasis-open.org/wss/2004/01/oasis-200401-wss-wssecurity-secext-1.0.xsd
Feb 04, 2024 6:54:48 AM org.apache.cxf.bus.blueprint.NamespaceHandlerRegisterer register
INFO: Registered blueprint namespace handler for http://docs.oasis-open.org/wss/2004/01/oasis-200401-wss-wssecurity-utility-1.0.xsd
Feb 04, 2024 6:54:48 AM org.apache.cxf.bus.blueprint.NamespaceHandlerRegisterer register
INFO: Registered blueprint namespace handler for http://www.w3.org/2000/09/xmldsig#
Feb 04, 2024 6:54:48 AM org.apache.cxf.bus.blueprint.NamespaceHandlerRegisterer register
INFO: Registered blueprint namespace handler for http://docs.oasis-open.org/ws-sx/ws-securitypolicy/200702
Feb 04, 2024 6:54:48 AM org.apache.cxf.bus.osgi.CXFExtensionBundleListener addExtensions
INFO: Adding the extensions from bundle org.apache.cxf.cxf-rt-ws-addr (234) [org.apache.cxf.ws.addressing.policy.AddressingAssertionBuilder, org.apache.cxf.ws.addressing.policy.UsingAddressingAssertionBuilder, org.apache.cxf.ws.addressing.policy.AddressingPolicyInterceptorProvider, org.apache.cxf.ws.addressing.impl.AddressingWSDLExtensionLoader, org.apache.cxf.ws.addressing.WSAddressingFeature$WSAddressingFeatureApplier, org.apache.cxf.ws.addressing.MAPAggregator$MAPAggregatorLoader]
Feb 04, 2024 6:54:48 AM org.apache.cxf.bus.blueprint.NamespaceHandlerRegisterer register
INFO: Registered blueprint namespace handler for http://cxf.apache.org/ws/addressing
Feb 04, 2024 6:54:48 AM org.apache.cxf.bus.osgi.CXFExtensionBundleListener addExtensions
INFO: Adding the extensions from bundle org.apache.cxf.cxf-rt-ws-security (236) [org.apache.cxf.ws.security.policy.WSSecurityPolicyLoader, org.apache.cxf.ws.security.cache.CacheCleanupListener]
Feb 04, 2024 6:54:48 AM org.apache.cxf.bus.osgi.CXFExtensionBundleListener addExtensions
INFO: Adding the extensions from bundle org.apache.cxf.cxf-rt-ws-rm (238) [org.apache.cxf.ws.rm.RMManager, org.apache.cxf.ws.rm.policy.RMPolicyInterceptorProvider, org.apache.cxf.ws.rm.policy.RM10AssertionBuilder, org.apache.cxf.ws.rm.policy.RM12AssertionBuilder, org.apache.cxf.ws.rm.policy.WSRMP12PolicyLoader, org.apache.cxf.ws.rm.policy.MC11PolicyLoader, org.apache.cxf.ws.rm.policy.RSPPolicyLoader]
Feb 04, 2024 6:54:48 AM org.apache.cxf.bus.blueprint.NamespaceHandlerRegisterer register
INFO: Registered blueprint namespace handler for http://cxf.apache.org/ws/rm/manager
Feb 04, 2024 6:54:48 AM org.apache.cxf.bus.blueprint.NamespaceHandlerRegisterer register
INFO: Registered blueprint namespace handler for http://schemas.xmlsoap.org/ws/2005/02/rm/policy
Feb 04, 2024 6:54:48 AM org.apache.cxf.bus.osgi.CXFExtensionBundleListener addExtensions
INFO: Adding the extensions from bundle org.apache.cxf.cxf-rt-javascript (239) [org.apache.cxf.javascript.JavascriptServerListener]
Feb 04, 2024 6:54:48 AM org.pentaho.caching.impl.PentahoCacheManagerFactory$RegistrationHandler$1 onSuccess
INFO: New Caching Service registered
06:54:49,122 ERROR [KarafCapabilityProvider] No feature found matching id: pentaho-client
06:54:49,123 ERROR [KarafCapabilityProvider] No feature found matching id: pentaho-metaverse
06:54:49,124 ERROR [KarafCapabilityProvider] No feature found matching id: pentaho-dataservice
06:54:49,124 ERROR [KarafCapabilityProvider] No feature found matching id: pdi-data-refinery
06:54:49,124 ERROR [KarafCapabilityProvider] No feature found matching id: pdi-marketplace
06:54:49,124 ERROR [KarafCapabilityProvider] No feature found matching id: community-edition
SLF4J: Class path contains multiple SLF4J bindings.
SLF4J: Found binding in [jar:file:/hawaiki_il/data-integration/launcher/../lib/slf4j-log4j12-1.7.7.jar!/org/slf4j/impl/StaticLoggerBinder.class]
SLF4J: Found binding in [jar:file:/hawaiki_il/data-integration/plugins/pentaho-big-data-plugin/lib/slf4j-log4j12-1.7.7.jar!/org/slf4j/impl/StaticLoggerBinder.class]
SLF4J: See http://www.slf4j.org/codes.html#multiple_bindings for an explanation.
SLF4J: Actual binding is of type [org.slf4j.impl.Log4jLoggerFactory]
Feb 04, 2024 6:54:52 AM org.apache.cxf.endpoint.ServerImpl initDestination
INFO: Setting the server's publish address to be /lineage
Feb 04, 2024 6:54:52 AM org.apache.cxf.endpoint.ServerImpl initDestination
INFO: Setting the server's publish address to be /i18n
2024/02/04 06:54:53 - JOB_sendQFactorReportEmail - Start of job execution
2024/02/04 06:54:53 - JOB_sendQFactorReportEmail - Starting entry [LoadConfiguration]
2024/02/04 06:54:53 - LoadConfiguration - Loading transformation from XML file [file:///hawaiki_il/tesubcom/LoadConfiguration.ktr]
Feb 04, 2024 6:54:54 AM org.apache.cxf.endpoint.ServerImpl initDestination
INFO: Setting the server's publish address to be /marketplace
2024/02/04 06:54:54 - LoadConfiguration - Using run configuration [Pentaho local]
2024/02/04 06:54:54 - LoadConfiguration - Using legacy execution engine
2024/02/04 06:54:54 - LoadConfiguration - Dispatching started for transformation [LoadConfiguration]
2024/02/04 06:54:54 - Property Input.0 - Finished processing (I=21, O=0, R=0, W=21, U=0, E=0)
2024/02/04 06:54:54 - Row denormaliser.0 - Finished processing (I=0, O=0, R=21, W=1, U=0, E=0)
2024/02/04 06:54:54 - Set Variables.0 - Setting environment variables...
2024/02/04 06:54:54 - Set Variables.0 - Set variable TARGET_DB_IP to value [10.10.13.201]
2024/02/04 06:54:54 - Set Variables.0 - Set variable TARGET_DB_NAME to value [pm_db]
2024/02/04 06:54:54 - Set Variables.0 - Set variable TARGET_DB_PORT to value [3306]
2024/02/04 06:54:54 - Set Variables.0 - Set variable TARGET_DB_USER to value [mediation_rw]
2024/02/04 06:54:54 - Set Variables.0 - Set variable TARGET_DB_PASS to value [PqTLyM41TjEuiTfF]
2024/02/04 06:54:54 - Set Variables.0 - Set variable TARGET_FTP_SERVER_IP to value [172.29.136.30]
2024/02/04 06:54:54 - Set Variables.0 - Set variable TARGET_FTP_SERVER_PORT to value [21]
2024/02/04 06:54:54 - Set Variables.0 - Set variable TARGET_FTP_SERVER_USERNAME to value [tems_adm]
2024/02/04 06:54:54 - Set Variables.0 - Set variable TARGET_FTP_SERVER_PASSWORD to value [tems_adm]
2024/02/04 06:54:54 - Set Variables.0 - Set variable TARGET_FTP_SERVER_DIRECTORY to value [/home/tems_adm/temsNMS/schedReport/new/och]
2024/02/04 06:54:54 - Set Variables.0 - Set variable TARGET_LOCAL_FILE_DIRECTORY to value [/hawaiki_il/tesubcom/och]
2024/02/04 06:54:54 - Set Variables.0 - Set variable TARGET_FTP_LOGS_DIRECTORY to value [ftp_logs/ftp_logs.txt]
2024/02/04 06:54:54 - Set Variables.0 - Set variable TARGET_EMAIL_DESTINATION_ADDRESS to value [itdev@hawaikicable.co.nz]
2024/02/04 06:54:54 - Set Variables.0 - Set variable TARGET_EMAIL_SENDER_ADDRESS to value [no-reply@bw-digital.com]
2024/02/04 06:54:54 - Set Variables.0 - Set variable TARGET_SMTP_SERVER to value [smtp.office365.com]
2024/02/04 06:54:54 - Set Variables.0 - Set variable TARGET_PORT to value [587]
2024/02/04 06:54:54 - Set Variables.0 - Set variable TARGET_PASSWORD to value [JkKL7+su&=wybsLGjnY@&j5ZV^e_C^J&%LvqrdQk]
2024/02/04 06:54:54 - Set Variables.0 - Set variable TARGET_SUBJECT to value [Missing PM Sources - TEMS Pre production - 10.10.12.108]
2024/02/04 06:54:54 - Set Variables.0 - Set variable TARGET_SUBJECT_Q_FACTOR to value [Q Factor Report - TEMS Pre production - 10.10.12.108]
2024/02/04 06:54:54 - Set Variables.0 - Set variable TARGET_FILE_PATH_Q_FACTOR to value [/email/q_factor_report.txt]
2024/02/04 06:54:54 - Set Variables.0 - Set variable TARGET_EMAIL_QFACTOR_ADDRESS to value [itdev@hawaikicable.co.nz]
2024/02/04 06:54:54 - Set Variables.0 - Finished after 1 rows.
2024/02/04 06:54:54 - Set Variables.0 - Finished processing (I=0, O=0, R=1, W=1, U=0, E=0)
2024/02/04 06:54:54 - Carte - Installing timer to purge stale objects after 1440 minutes.
2024/02/04 06:54:54 - JOB_sendQFactorReportEmail - Starting entry [Initiate Q Factor reports]
2024/02/04 06:54:54 - Initiate Q Factor reports - Loading transformation from XML file [file:///hawaiki_il/tesubcom/InitiateQFactorlogs.ktr]
2024/02/04 06:54:54 - Initiate Q Factor reports - Using run configuration [Pentaho local]
2024/02/04 06:54:54 - Initiate Q Factor reports - Using legacy execution engine
2024/02/04 06:54:54 - InitiateQFactorlogs - Dispatching started for transformation [InitiateQFactorlogs]
2024/02/04 06:54:54 - Table input 2.0 - Finished reading query, closing connection.
2024/02/04 06:54:54 - Table input 2.0 - Finished processing (I=1, O=0, R=0, W=1, U=0, E=0)
2024/02/04 06:54:54 - Text file output.0 - Finished processing (I=0, O=2, R=1, W=1, U=0, E=0)
2024/02/04 06:54:54 - JOB_sendQFactorReportEmail - Starting entry [Generate Q Factor reports]
2024/02/04 06:54:54 - Generate Q Factor reports - Loading transformation from XML file [file:///hawaiki_il/tesubcom/GenerateQFactorReports.ktr]
2024/02/04 06:54:54 - Generate Q Factor reports - Using run configuration [Pentaho local]
2024/02/04 06:54:54 - Generate Q Factor reports - Using legacy execution engine
2024/02/04 06:54:54 - GenerateQFactorReports - Dispatching started for transformation [GenerateQFactorReports]
2024/02/04 07:03:34 - Table input.0 - Finished reading query, closing connection.
2024/02/04 07:03:34 - Text file output.0 - Finished processing (I=0, O=1, R=0, W=0, U=0, E=0)
2024/02/04 07:03:34 - JOB_sendQFactorReportEmail - Starting entry [Send Q Factor report email]
2024/02/04 07:03:34 - Send Q Factor report email - Loading transformation from XML file [file:///hawaiki_il/tesubcom/SendQFactorReportEmail.ktr]
2024/02/04 07:03:34 - Send Q Factor report email - Using run configuration [Pentaho local]
2024/02/04 07:03:34 - Send Q Factor report email - Using legacy execution engine
2024/02/04 07:03:34 - SendQFactorReportEmail - Dispatching started for transformation [SendQFactorReportEmail]
2024/02/04 07:03:34 - Get Variables.0 - Finished processing (I=0, O=0, R=1, W=1, U=0, E=0)
2024/02/04 07:03:34 - Load ftp log content in memory.0 - Finished processing (I=1, O=0, R=1, W=1, U=0, E=0)
org.pentaho.di.core.exception.KettleException: 
Can not send mail!
Could not convert socket to TLS
	at org.pentaho.di.trans.steps.mail.Mail.processRow(Mail.java:510)
	at org.pentaho.di.trans.step.RunThread.run(RunThread.java:62)
	at java.lang.Thread.run(Thread.java:748)
Caused by: javax.mail.MessagingException: Could not convert socket to TLS;
  nested exception is:
	javax.net.ssl.SSLHandshakeException: Remote host terminated the handshake
	at com.sun.mail.smtp.SMTPTransport.startTLS(SMTPTransport.java:1907)
	at com.sun.mail.smtp.SMTPTransport.protocolConnect(SMTPTransport.java:666)
	at javax.mail.Service.connect(Service.java:295)
	at org.pentaho.di.trans.steps.mail.Mail.sendMail(Mail.java:713)
	at org.pentaho.di.trans.steps.mail.Mail.processRow(Mail.java:493)
	... 2 more
Caused by: javax.net.ssl.SSLHandshakeException: Remote host terminated the handshake
	at sun.security.ssl.SSLSocketImpl.handleEOF(SSLSocketImpl.java:1310)
	at sun.security.ssl.SSLSocketImpl.decode(SSLSocketImpl.java:1151)
	at sun.security.ssl.SSLSocketImpl.readHandshakeRecord(SSLSocketImpl.java:1054)
	at sun.security.ssl.SSLSocketImpl.startHandshake(SSLSocketImpl.java:394)
	at com.sun.mail.util.SocketFetcher.configureSSLSocket(SocketFetcher.java:549)
	at com.sun.mail.util.SocketFetcher.startTLS(SocketFetcher.java:486)
	at com.sun.mail.smtp.SMTPTransport.startTLS(SMTPTransport.java:1902)
	... 6 more
Caused by: java.io.EOFException: SSL peer shut down incorrectly
	at sun.security.ssl.SSLSocketInputRecord.decode(SSLSocketInputRecord.java:167)
	at sun.security.ssl.SSLTransport.decode(SSLTransport.java:108)
	at sun.security.ssl.SSLSocketImpl.decode(SSLSocketImpl.java:1143)
	... 11 more
2024/02/04 07:03:40 - Mail 2.0 - ERROR (version 8.1.0.0-365, build 8.1.0.0-365 from 2018-04-30 09.42.24 by buildguy) : Unexpected error
2024/02/04 07:03:40 - Mail 2.0 - ERROR (version 8.1.0.0-365, build 8.1.0.0-365 from 2018-04-30 09.42.24 by buildguy) : org.pentaho.di.core.exception.KettleException: 
2024/02/04 07:03:40 - Mail 2.0 - Can not send mail!
2024/02/04 07:03:40 - Mail 2.0 - Could not convert socket to TLS
2024/02/04 07:03:40 - Mail 2.0 - 
2024/02/04 07:03:40 - Mail 2.0 - 	at org.pentaho.di.trans.steps.mail.Mail.processRow(Mail.java:510)
2024/02/04 07:03:40 - Mail 2.0 - 	at org.pentaho.di.trans.step.RunThread.run(RunThread.java:62)
2024/02/04 07:03:40 - Mail 2.0 - 	at java.lang.Thread.run(Thread.java:748)
2024/02/04 07:03:40 - Mail 2.0 - Caused by: javax.mail.MessagingException: Could not convert socket to TLS;
2024/02/04 07:03:40 - Mail 2.0 -   nested exception is:
2024/02/04 07:03:40 - Mail 2.0 - 	javax.net.ssl.SSLHandshakeException: Remote host terminated the handshake
2024/02/04 07:03:40 - Mail 2.0 - 	at com.sun.mail.smtp.SMTPTransport.startTLS(SMTPTransport.java:1907)
2024/02/04 07:03:40 - Mail 2.0 - 	at com.sun.mail.smtp.SMTPTransport.protocolConnect(SMTPTransport.java:666)
2024/02/04 07:03:40 - Mail 2.0 - 	at javax.mail.Service.connect(Service.java:295)
2024/02/04 07:03:40 - Mail 2.0 - 	at org.pentaho.di.trans.steps.mail.Mail.sendMail(Mail.java:713)
2024/02/04 07:03:40 - Mail 2.0 - 	at org.pentaho.di.trans.steps.mail.Mail.processRow(Mail.java:493)
2024/02/04 07:03:40 - Mail 2.0 - 	... 2 more
2024/02/04 07:03:40 - Mail 2.0 - Caused by: javax.net.ssl.SSLHandshakeException: Remote host terminated the handshake
2024/02/04 07:03:40 - Mail 2.0 - 	at sun.security.ssl.SSLSocketImpl.handleEOF(SSLSocketImpl.java:1310)
2024/02/04 07:03:40 - Mail 2.0 - 	at sun.security.ssl.SSLSocketImpl.decode(SSLSocketImpl.java:1151)
2024/02/04 07:03:40 - Mail 2.0 - 	at sun.security.ssl.SSLSocketImpl.readHandshakeRecord(SSLSocketImpl.java:1054)
2024/02/04 07:03:40 - Mail 2.0 - 	at sun.security.ssl.SSLSocketImpl.startHandshake(SSLSocketImpl.java:394)
2024/02/04 07:03:40 - Mail 2.0 - 	at com.sun.mail.util.SocketFetcher.configureSSLSocket(SocketFetcher.java:549)
2024/02/04 07:03:40 - Mail 2.0 - 	at com.sun.mail.util.SocketFetcher.startTLS(SocketFetcher.java:486)
2024/02/04 07:03:40 - Mail 2.0 - 	at com.sun.mail.smtp.SMTPTransport.startTLS(SMTPTransport.java:1902)
2024/02/04 07:03:40 - Mail 2.0 - 	... 6 more
2024/02/04 07:03:40 - Mail 2.0 - Caused by: java.io.EOFException: SSL peer shut down incorrectly
2024/02/04 07:03:40 - Mail 2.0 - 	at sun.security.ssl.SSLSocketInputRecord.decode(SSLSocketInputRecord.java:167)
2024/02/04 07:03:40 - Mail 2.0 - 	at sun.security.ssl.SSLTransport.decode(SSLTransport.java:108)
2024/02/04 07:03:40 - Mail 2.0 - 	at sun.security.ssl.SSLSocketImpl.decode(SSLSocketImpl.java:1143)
2024/02/04 07:03:40 - Mail 2.0 - 	... 11 more
2024/02/04 07:03:40 - Mail 2.0 - Finished processing (I=0, O=0, R=1, W=0, U=0, E=1)
2024/02/04 07:03:40 - SendQFactorReportEmail - ERROR (version 8.1.0.0-365, build 8.1.0.0-365 from 2018-04-30 09.42.24 by buildguy) : Errors detected!
2024/02/04 07:03:40 - SendQFactorReportEmail - Transformation detected one or more steps with errors.
2024/02/04 07:03:40 - SendQFactorReportEmail - ERROR (version 8.1.0.0-365, build 8.1.0.0-365 from 2018-04-30 09.42.24 by buildguy) : Errors detected!
2024/02/04 07:03:40 - SendQFactorReportEmail - Transformation is killing the other steps!
2024/02/04 07:03:40 - JOB_sendQFactorReportEmail - Starting entry [Success]
2024/02/04 07:03:40 - JOB_sendQFactorReportEmail - Finished job entry [Success] (result=[true])
2024/02/04 07:03:40 - JOB_sendQFactorReportEmail - Finished job entry [Send Q Factor report email] (result=[true])
2024/02/04 07:03:40 - JOB_sendQFactorReportEmail - Finished job entry [Generate Q Factor reports] (result=[true])
2024/02/04 07:03:40 - JOB_sendQFactorReportEmail - Finished job entry [Initiate Q Factor reports] (result=[true])
2024/02/04 07:03:40 - JOB_sendQFactorReportEmail - Finished job entry [LoadConfiguration] (result=[true])
2024/02/04 07:03:40 - JOB_sendQFactorReportEmail - Job execution finished
2024/02/04 07:03:40 - Kitchen - Finished!
2024/02/04 07:03:40 - Kitchen - Start=2024/02/04 06:54:41.096, Stop=2024/02/04 07:03:40.188
2024/02/04 07:03:40 - Kitchen - Processing ended after 8 minutes and 59 seconds (539 seconds total).
#######################################################################
WARNING:  no libwebkitgtk-1.0 detected, some features will be unavailable
    Consider installing the package with apt-get or yum.
    e.g. 'sudo apt-get install libwebkitgtk-1.0-0'
#######################################################################
OpenJDK 64-Bit Server VM warning: ignoring option MaxPermSize=256m; support was removed in 8.0
06:29:04,752 INFO  [KarafBoot] Checking to see if org.pentaho.clean.karaf.cache is enabled
06:54:45,015 INFO  [KarafInstance] 
*******************************************************************************
*** Karaf Instance Number: 15 at /hawaiki_il/data-integration/./system/kara ***
***   f/caches/kitchen/data-5                                               ***
*** FastBin Provider Port:52915                                             ***
*** Karaf Port:8816                                                         ***
*** OSGI Service Port:9065                                                  ***
*******************************************************************************
Feb 05, 2024 6:54:51 AM org.apache.karaf.main.Main$KarafLockCallback lockAquired
INFO: Lock acquired. Setting startlevel to 100
2024/02/05 06:54:51 - Kitchen - Start of run.
Updating configuration from org.apache.aries.rsa.provider.fastbin.cfg
Updating configuration from org.ops4j.pax.web.cfg
Updating configuration from org.apache.karaf.shell.cfg
06:54:53,980 ERROR [BootFeaturesInstaller] Error Boot feature pentaho-client-minimal not found
06:54:53,980 ERROR [BootFeaturesInstaller] Error Boot feature config not found
2024-02-05 06:54:54.976:INFO:oejs.Server:jetty-8.1.15.v20140411
2024-02-05 06:54:55.021:INFO:oejs.AbstractConnector:Started NIOSocketConnectorWrapper@0.0.0.0:9065
Feb 05, 2024 6:54:55 AM org.apache.cxf.bus.blueprint.NamespaceHandlerRegisterer register
INFO: Registered blueprint namespace handler for http://cxf.apache.org/blueprint/core
Feb 05, 2024 6:54:55 AM org.apache.cxf.bus.blueprint.NamespaceHandlerRegisterer register
INFO: Registered blueprint namespace handler for http://cxf.apache.org/configuration/beans
Feb 05, 2024 6:54:55 AM org.apache.cxf.bus.blueprint.NamespaceHandlerRegisterer register
INFO: Registered blueprint namespace handler for http://cxf.apache.org/configuration/parameterized-types
Feb 05, 2024 6:54:55 AM org.apache.cxf.bus.blueprint.NamespaceHandlerRegisterer register
INFO: Registered blueprint namespace handler for http://cxf.apache.org/configuration/security
Feb 05, 2024 6:54:55 AM org.apache.cxf.bus.blueprint.NamespaceHandlerRegisterer register
INFO: Registered blueprint namespace handler for http://schemas.xmlsoap.org/wsdl/
Feb 05, 2024 6:54:55 AM org.apache.cxf.bus.blueprint.NamespaceHandlerRegisterer register
INFO: Registered blueprint namespace handler for http://www.w3.org/2005/08/addressing
Feb 05, 2024 6:54:55 AM org.apache.cxf.bus.blueprint.NamespaceHandlerRegisterer register
INFO: Registered blueprint namespace handler for http://schemas.xmlsoap.org/ws/2004/08/addressing
Feb 05, 2024 6:54:55 AM org.apache.cxf.bus.osgi.CXFExtensionBundleListener addExtensions
INFO: Adding the extensions from bundle org.apache.cxf.cxf-rt-management (192) [org.apache.cxf.management.InstrumentationManager]
Feb 05, 2024 6:54:55 AM org.apache.cxf.bus.osgi.CXFExtensionBundleListener addExtensions
INFO: Adding the extensions from bundle org.apache.cxf.cxf-rt-wsdl (195) [org.apache.cxf.wsdl.WSDLManager]
Feb 05, 2024 6:54:55 AM org.apache.cxf.bus.osgi.CXFExtensionBundleListener addExtensions
INFO: Adding the extensions from bundle org.apache.cxf.cxf-rt-bindings-xml (197) [org.apache.cxf.binding.xml.XMLBindingFactory, org.apache.cxf.binding.xml.wsdl11.XMLWSDLExtensionLoader]
Feb 05, 2024 6:54:55 AM org.apache.cxf.bus.osgi.CXFExtensionBundleListener addExtensions
INFO: Adding the extensions from bundle org.apache.cxf.cxf-rt-bindings-soap (198) [org.apache.cxf.binding.soap.SoapBindingFactory, org.apache.cxf.binding.soap.SoapTransportFactory]
Feb 05, 2024 6:54:55 AM org.apache.cxf.bus.blueprint.NamespaceHandlerRegisterer register
INFO: Registered blueprint namespace handler for http://cxf.apache.org/blueprint/bindings/soap
Feb 05, 2024 6:54:55 AM org.apache.cxf.bus.osgi.CXFExtensionBundleListener addExtensions
INFO: Adding the extensions from bundle org.apache.cxf.cxf-rt-ws-policy (217) [org.apache.cxf.ws.policy.PolicyEngine, org.apache.cxf.policy.PolicyDataEngine, org.apache.cxf.ws.policy.AssertionBuilderRegistry, org.apache.cxf.ws.policy.PolicyInterceptorProviderRegistry, org.apache.cxf.ws.policy.PolicyBuilder, org.apache.cxf.ws.policy.PolicyAnnotationListener, org.apache.cxf.ws.policy.attachment.ServiceModelPolicyProvider, org.apache.cxf.ws.policy.attachment.external.DomainExpressionBuilderRegistry, org.apache.cxf.ws.policy.attachment.external.EndpointReferenceDomainExpressionBuilder, org.apache.cxf.ws.policy.attachment.external.URIDomainExpressionBuilder, org.apache.cxf.ws.policy.attachment.wsdl11.Wsdl11AttachmentPolicyProvider, org.apache.cxf.ws.policy.mtom.MTOMAssertionBuilder, org.apache.cxf.ws.policy.mtom.MTOMPolicyInterceptorProvider]
Feb 05, 2024 6:54:55 AM org.apache.cxf.bus.osgi.CXFExtensionBundleListener addExtensions
INFO: Adding the extensions from bundle org.apache.cxf.cxf-rt-transports-http (199) [org.apache.cxf.transport.http.HTTPTransportFactory, org.apache.cxf.transport.http.HTTPWSDLExtensionLoader, org.apache.cxf.transport.http.policy.HTTPClientAssertionBuilder, org.apache.cxf.transport.http.policy.HTTPServerAssertionBuilder, org.apache.cxf.transport.http.policy.NoOpPolicyInterceptorProvider]
Feb 05, 2024 6:54:56 AM org.apache.cxf.bus.blueprint.NamespaceHandlerRegisterer register
INFO: Registered blueprint namespace handler for http://cxf.apache.org/transports/http/configuration
Feb 05, 2024 6:54:56 AM org.apache.cxf.bus.blueprint.NamespaceHandlerRegisterer register
INFO: Registered blueprint namespace handler for http://cxf.apache.org/blueprint/simple
Feb 05, 2024 6:54:56 AM org.apache.cxf.bus.osgi.CXFExtensionBundleListener addExtensions
INFO: Adding the extensions from bundle org.apache.cxf.cxf-rt-frontend-jaxws (201) [org.apache.cxf.jaxws.context.WebServiceContextResourceResolver]
Feb 05, 2024 6:54:56 AM org.apache.cxf.bus.blueprint.NamespaceHandlerRegisterer register
INFO: Registered blueprint namespace handler for http://cxf.apache.org/blueprint/jaxws
Feb 05, 2024 6:54:56 AM org.apache.cxf.bus.blueprint.NamespaceHandlerRegisterer register
INFO: Registered blueprint namespace handler for http://cxf.apache.org/blueprint/jaxrs
Feb 05, 2024 6:54:56 AM org.apache.cxf.bus.blueprint.NamespaceHandlerRegisterer register
INFO: Registered blueprint namespace handler for http://cxf.apache.org/blueprint/jaxrs-client
Feb 05, 2024 6:54:56 AM org.apache.cxf.bus.blueprint.NamespaceHandlerRegisterer register
INFO: Registered blueprint namespace handler for http://cxf.apache.org/binding/coloc
Feb 05, 2024 6:54:56 AM org.apache.cxf.bus.osgi.CXFExtensionBundleListener addExtensions
INFO: Adding the extensions from bundle org.apache.cxf.cxf-rt-transports-local (213) [org.apache.cxf.transport.local.LocalTransportFactory]
Feb 05, 2024 6:54:56 AM org.apache.cxf.bus.osgi.CXFExtensionBundleListener addExtensions
INFO: Adding the extensions from bundle org.apache.cxf.cxf-rt-bindings-object (214) [org.apache.cxf.binding.object.ObjectBindingFactory]
Feb 05, 2024 6:54:56 AM org.apache.cxf.bus.blueprint.NamespaceHandlerRegisterer register
INFO: Registered blueprint namespace handler for http://cxf.apache.org/blueprint/binding/object
Feb 05, 2024 6:54:56 AM org.apache.cxf.bus.blueprint.NamespaceHandlerRegisterer register
INFO: Registered blueprint namespace handler for http://cxf.apache.org/policy
Feb 05, 2024 6:54:56 AM org.apache.cxf.bus.blueprint.NamespaceHandlerRegisterer register
INFO: Registered blueprint namespace handler for http://www.w3.org/ns/ws-policy
Feb 05, 2024 6:54:56 AM org.apache.cxf.bus.blueprint.NamespaceHandlerRegisterer register
INFO: Registered blueprint namespace handler for http://www.w3.org/2006/07/ws-policy
Feb 05, 2024 6:54:56 AM org.apache.cxf.bus.blueprint.NamespaceHandlerRegisterer register
INFO: Registered blueprint namespace handler for http://schemas.xmlsoap.org/ws/2004/09/policy
Feb 05, 2024 6:54:56 AM org.apache.cxf.bus.blueprint.NamespaceHandlerRegisterer register
INFO: Registered blueprint namespace handler for http://docs.oasis-open.org/wss/2004/01/oasis-200401-wss-wssecurity-secext-1.0.xsd
Feb 05, 2024 6:54:56 AM org.apache.cxf.bus.blueprint.NamespaceHandlerRegisterer register
INFO: Registered blueprint namespace handler for http://docs.oasis-open.org/wss/2004/01/oasis-200401-wss-wssecurity-utility-1.0.xsd
Feb 05, 2024 6:54:56 AM org.apache.cxf.bus.blueprint.NamespaceHandlerRegisterer register
INFO: Registered blueprint namespace handler for http://www.w3.org/2000/09/xmldsig#
Feb 05, 2024 6:54:56 AM org.apache.cxf.bus.blueprint.NamespaceHandlerRegisterer register
INFO: Registered blueprint namespace handler for http://docs.oasis-open.org/ws-sx/ws-securitypolicy/200702
Feb 05, 2024 6:54:56 AM org.apache.cxf.bus.osgi.CXFExtensionBundleListener addExtensions
INFO: Adding the extensions from bundle org.apache.cxf.cxf-rt-ws-addr (234) [org.apache.cxf.ws.addressing.policy.AddressingAssertionBuilder, org.apache.cxf.ws.addressing.policy.UsingAddressingAssertionBuilder, org.apache.cxf.ws.addressing.policy.AddressingPolicyInterceptorProvider, org.apache.cxf.ws.addressing.impl.AddressingWSDLExtensionLoader, org.apache.cxf.ws.addressing.WSAddressingFeature$WSAddressingFeatureApplier, org.apache.cxf.ws.addressing.MAPAggregator$MAPAggregatorLoader]
Feb 05, 2024 6:54:56 AM org.apache.cxf.bus.blueprint.NamespaceHandlerRegisterer register
INFO: Registered blueprint namespace handler for http://cxf.apache.org/ws/addressing
Feb 05, 2024 6:54:56 AM org.apache.cxf.bus.osgi.CXFExtensionBundleListener addExtensions
INFO: Adding the extensions from bundle org.apache.cxf.cxf-rt-ws-security (236) [org.apache.cxf.ws.security.policy.WSSecurityPolicyLoader, org.apache.cxf.ws.security.cache.CacheCleanupListener]
Feb 05, 2024 6:54:56 AM org.apache.cxf.bus.osgi.CXFExtensionBundleListener addExtensions
INFO: Adding the extensions from bundle org.apache.cxf.cxf-rt-ws-rm (238) [org.apache.cxf.ws.rm.RMManager, org.apache.cxf.ws.rm.policy.RMPolicyInterceptorProvider, org.apache.cxf.ws.rm.policy.RM10AssertionBuilder, org.apache.cxf.ws.rm.policy.RM12AssertionBuilder, org.apache.cxf.ws.rm.policy.WSRMP12PolicyLoader, org.apache.cxf.ws.rm.policy.MC11PolicyLoader, org.apache.cxf.ws.rm.policy.RSPPolicyLoader]
Feb 05, 2024 6:54:56 AM org.apache.cxf.bus.blueprint.NamespaceHandlerRegisterer register
INFO: Registered blueprint namespace handler for http://cxf.apache.org/ws/rm/manager
Feb 05, 2024 6:54:56 AM org.apache.cxf.bus.blueprint.NamespaceHandlerRegisterer register
INFO: Registered blueprint namespace handler for http://schemas.xmlsoap.org/ws/2005/02/rm/policy
Feb 05, 2024 6:54:56 AM org.apache.cxf.bus.osgi.CXFExtensionBundleListener addExtensions
INFO: Adding the extensions from bundle org.apache.cxf.cxf-rt-javascript (239) [org.apache.cxf.javascript.JavascriptServerListener]
Feb 05, 2024 6:54:56 AM org.pentaho.caching.impl.PentahoCacheManagerFactory$RegistrationHandler$1 onSuccess
INFO: New Caching Service registered
06:54:57,049 ERROR [KarafCapabilityProvider] No feature found matching id: pentaho-client
06:54:57,049 ERROR [KarafCapabilityProvider] No feature found matching id: pentaho-metaverse
06:54:57,049 ERROR [KarafCapabilityProvider] No feature found matching id: pentaho-dataservice
06:54:57,049 ERROR [KarafCapabilityProvider] No feature found matching id: pdi-data-refinery
06:54:57,049 ERROR [KarafCapabilityProvider] No feature found matching id: pdi-marketplace
06:54:57,049 ERROR [KarafCapabilityProvider] No feature found matching id: community-edition
SLF4J: Class path contains multiple SLF4J bindings.
SLF4J: Found binding in [jar:file:/hawaiki_il/data-integration/launcher/../lib/slf4j-log4j12-1.7.7.jar!/org/slf4j/impl/StaticLoggerBinder.class]
SLF4J: Found binding in [jar:file:/hawaiki_il/data-integration/plugins/pentaho-big-data-plugin/lib/slf4j-log4j12-1.7.7.jar!/org/slf4j/impl/StaticLoggerBinder.class]
SLF4J: See http://www.slf4j.org/codes.html#multiple_bindings for an explanation.
SLF4J: Actual binding is of type [org.slf4j.impl.Log4jLoggerFactory]
Feb 05, 2024 6:54:59 AM org.apache.cxf.endpoint.ServerImpl initDestination
INFO: Setting the server's publish address to be /lineage
Feb 05, 2024 6:54:59 AM org.apache.cxf.endpoint.ServerImpl initDestination
INFO: Setting the server's publish address to be /i18n
Feb 05, 2024 6:55:00 AM org.apache.cxf.endpoint.ServerImpl initDestination
INFO: Setting the server's publish address to be /marketplace
2024/02/05 06:55:01 - JOB_sendQFactorReportEmail - Start of job execution
2024/02/05 06:55:01 - Carte - Installing timer to purge stale objects after 1440 minutes.
2024/02/05 06:55:01 - JOB_sendQFactorReportEmail - Starting entry [LoadConfiguration]
2024/02/05 06:55:01 - LoadConfiguration - Loading transformation from XML file [file:///hawaiki_il/tesubcom/LoadConfiguration.ktr]
2024/02/05 06:55:01 - LoadConfiguration - Using run configuration [Pentaho local]
2024/02/05 06:55:01 - LoadConfiguration - Using legacy execution engine
2024/02/05 06:55:01 - LoadConfiguration - Dispatching started for transformation [LoadConfiguration]
2024/02/05 06:55:01 - Property Input.0 - Finished processing (I=21, O=0, R=0, W=21, U=0, E=0)
2024/02/05 06:55:01 - Set Variables.0 - Setting environment variables...
2024/02/05 06:55:01 - Row denormaliser.0 - Finished processing (I=0, O=0, R=21, W=1, U=0, E=0)
2024/02/05 06:55:01 - Set Variables.0 - Set variable TARGET_DB_IP to value [10.10.13.201]
2024/02/05 06:55:01 - Set Variables.0 - Set variable TARGET_DB_NAME to value [pm_db]
2024/02/05 06:55:01 - Set Variables.0 - Set variable TARGET_DB_PORT to value [3306]
2024/02/05 06:55:01 - Set Variables.0 - Set variable TARGET_DB_USER to value [mediation_rw]
2024/02/05 06:55:01 - Set Variables.0 - Set variable TARGET_DB_PASS to value [PqTLyM41TjEuiTfF]
2024/02/05 06:55:01 - Set Variables.0 - Set variable TARGET_FTP_SERVER_IP to value [172.29.136.30]
2024/02/05 06:55:01 - Set Variables.0 - Set variable TARGET_FTP_SERVER_PORT to value [21]
2024/02/05 06:55:01 - Set Variables.0 - Set variable TARGET_FTP_SERVER_USERNAME to value [tems_adm]
2024/02/05 06:55:01 - Set Variables.0 - Set variable TARGET_FTP_SERVER_PASSWORD to value [tems_adm]
2024/02/05 06:55:01 - Set Variables.0 - Set variable TARGET_FTP_SERVER_DIRECTORY to value [/home/tems_adm/temsNMS/schedReport/new/och]
2024/02/05 06:55:01 - Set Variables.0 - Set variable TARGET_LOCAL_FILE_DIRECTORY to value [/hawaiki_il/tesubcom/och]
2024/02/05 06:55:01 - Set Variables.0 - Set variable TARGET_FTP_LOGS_DIRECTORY to value [ftp_logs/ftp_logs.txt]
2024/02/05 06:55:01 - Set Variables.0 - Set variable TARGET_EMAIL_DESTINATION_ADDRESS to value [itdev@hawaikicable.co.nz]
2024/02/05 06:55:01 - Set Variables.0 - Set variable TARGET_EMAIL_SENDER_ADDRESS to value [no-reply@bw-digital.com]
2024/02/05 06:55:01 - Set Variables.0 - Set variable TARGET_SMTP_SERVER to value [smtp.office365.com]
2024/02/05 06:55:01 - Set Variables.0 - Set variable TARGET_PORT to value [587]
2024/02/05 06:55:01 - Set Variables.0 - Set variable TARGET_PASSWORD to value [JkKL7+su&=wybsLGjnY@&j5ZV^e_C^J&%LvqrdQk]
2024/02/05 06:55:01 - Set Variables.0 - Set variable TARGET_SUBJECT to value [Missing PM Sources - TEMS Pre production - 10.10.12.108]
2024/02/05 06:55:01 - Set Variables.0 - Set variable TARGET_SUBJECT_Q_FACTOR to value [Q Factor Report - TEMS Pre production - 10.10.12.108]
2024/02/05 06:55:01 - Set Variables.0 - Set variable TARGET_FILE_PATH_Q_FACTOR to value [/email/q_factor_report.txt]
2024/02/05 06:55:01 - Set Variables.0 - Set variable TARGET_EMAIL_QFACTOR_ADDRESS to value [itdev@hawaikicable.co.nz]
2024/02/05 06:55:01 - Set Variables.0 - Finished after 1 rows.
2024/02/05 06:55:01 - Set Variables.0 - Finished processing (I=0, O=0, R=1, W=1, U=0, E=0)
2024/02/05 06:55:01 - JOB_sendQFactorReportEmail - Starting entry [Initiate Q Factor reports]
2024/02/05 06:55:01 - Initiate Q Factor reports - Loading transformation from XML file [file:///hawaiki_il/tesubcom/InitiateQFactorlogs.ktr]
2024/02/05 06:55:01 - Initiate Q Factor reports - Using run configuration [Pentaho local]
2024/02/05 06:55:01 - Initiate Q Factor reports - Using legacy execution engine
2024/02/05 06:55:01 - InitiateQFactorlogs - Dispatching started for transformation [InitiateQFactorlogs]
2024/02/05 06:55:02 - Table input 2.0 - Finished reading query, closing connection.
2024/02/05 06:55:02 - Table input 2.0 - Finished processing (I=1, O=0, R=0, W=1, U=0, E=0)
2024/02/05 06:55:02 - Text file output.0 - Finished processing (I=0, O=2, R=1, W=1, U=0, E=0)
2024/02/05 06:55:02 - JOB_sendQFactorReportEmail - Starting entry [Generate Q Factor reports]
2024/02/05 06:55:02 - Generate Q Factor reports - Loading transformation from XML file [file:///hawaiki_il/tesubcom/GenerateQFactorReports.ktr]
2024/02/05 06:55:02 - Generate Q Factor reports - Using run configuration [Pentaho local]
2024/02/05 06:55:02 - Generate Q Factor reports - Using legacy execution engine
2024/02/05 06:55:02 - GenerateQFactorReports - Dispatching started for transformation [GenerateQFactorReports]
2024/02/05 07:06:56 - Table input.0 - Finished reading query, closing connection.
2024/02/05 07:06:56 - Text file output.0 - Finished processing (I=0, O=1, R=0, W=0, U=0, E=0)
2024/02/05 07:06:56 - JOB_sendQFactorReportEmail - Starting entry [Send Q Factor report email]
2024/02/05 07:06:56 - Send Q Factor report email - Loading transformation from XML file [file:///hawaiki_il/tesubcom/SendQFactorReportEmail.ktr]
2024/02/05 07:06:56 - Send Q Factor report email - Using run configuration [Pentaho local]
2024/02/05 07:06:56 - Send Q Factor report email - Using legacy execution engine
2024/02/05 07:06:56 - SendQFactorReportEmail - Dispatching started for transformation [SendQFactorReportEmail]
2024/02/05 07:06:56 - Get Variables.0 - Finished processing (I=0, O=0, R=1, W=1, U=0, E=0)
2024/02/05 07:06:56 - Load ftp log content in memory.0 - Finished processing (I=1, O=0, R=1, W=1, U=0, E=0)
org.pentaho.di.core.exception.KettleException: 
Can not send mail!
Could not convert socket to TLS
	at org.pentaho.di.trans.steps.mail.Mail.processRow(Mail.java:510)
	at org.pentaho.di.trans.step.RunThread.run(RunThread.java:62)
	at java.lang.Thread.run(Thread.java:748)
Caused by: javax.mail.MessagingException: Could not convert socket to TLS;
  nested exception is:
	javax.net.ssl.SSLHandshakeException: Remote host terminated the handshake
	at com.sun.mail.smtp.SMTPTransport.startTLS(SMTPTransport.java:1907)
	at com.sun.mail.smtp.SMTPTransport.protocolConnect(SMTPTransport.java:666)
	at javax.mail.Service.connect(Service.java:295)
	at org.pentaho.di.trans.steps.mail.Mail.sendMail(Mail.java:713)
	at org.pentaho.di.trans.steps.mail.Mail.processRow(Mail.java:493)
	... 2 more
Caused by: javax.net.ssl.SSLHandshakeException: Remote host terminated the handshake
	at sun.security.ssl.SSLSocketImpl.handleEOF(SSLSocketImpl.java:1310)
	at sun.security.ssl.SSLSocketImpl.decode(SSLSocketImpl.java:1151)
	at sun.security.ssl.SSLSocketImpl.readHandshakeRecord(SSLSocketImpl.java:1054)
	at sun.security.ssl.SSLSocketImpl.startHandshake(SSLSocketImpl.java:394)
	at com.sun.mail.util.SocketFetcher.configureSSLSocket(SocketFetcher.java:549)
	at com.sun.mail.util.SocketFetcher.startTLS(SocketFetcher.java:486)
	at com.sun.mail.smtp.SMTPTransport.startTLS(SMTPTransport.java:1902)
	... 6 more
Caused by: java.io.EOFException: SSL peer shut down incorrectly
	at sun.security.ssl.SSLSocketInputRecord.decode(SSLSocketInputRecord.java:167)
	at sun.security.ssl.SSLTransport.decode(SSLTransport.java:108)
	at sun.security.ssl.SSLSocketImpl.decode(SSLSocketImpl.java:1143)
	... 11 more
2024/02/05 07:07:01 - Mail 2.0 - ERROR (version 8.1.0.0-365, build 8.1.0.0-365 from 2018-04-30 09.42.24 by buildguy) : Unexpected error
2024/02/05 07:07:01 - Mail 2.0 - ERROR (version 8.1.0.0-365, build 8.1.0.0-365 from 2018-04-30 09.42.24 by buildguy) : org.pentaho.di.core.exception.KettleException: 
2024/02/05 07:07:01 - Mail 2.0 - Can not send mail!
2024/02/05 07:07:01 - Mail 2.0 - Could not convert socket to TLS
2024/02/05 07:07:01 - Mail 2.0 - 
2024/02/05 07:07:01 - Mail 2.0 - 	at org.pentaho.di.trans.steps.mail.Mail.processRow(Mail.java:510)
2024/02/05 07:07:01 - Mail 2.0 - 	at org.pentaho.di.trans.step.RunThread.run(RunThread.java:62)
2024/02/05 07:07:01 - Mail 2.0 - 	at java.lang.Thread.run(Thread.java:748)
2024/02/05 07:07:01 - Mail 2.0 - Caused by: javax.mail.MessagingException: Could not convert socket to TLS;
2024/02/05 07:07:01 - Mail 2.0 -   nested exception is:
2024/02/05 07:07:01 - Mail 2.0 - 	javax.net.ssl.SSLHandshakeException: Remote host terminated the handshake
2024/02/05 07:07:01 - Mail 2.0 - 	at com.sun.mail.smtp.SMTPTransport.startTLS(SMTPTransport.java:1907)
2024/02/05 07:07:01 - Mail 2.0 - 	at com.sun.mail.smtp.SMTPTransport.protocolConnect(SMTPTransport.java:666)
2024/02/05 07:07:01 - Mail 2.0 - 	at javax.mail.Service.connect(Service.java:295)
2024/02/05 07:07:01 - Mail 2.0 - 	at org.pentaho.di.trans.steps.mail.Mail.sendMail(Mail.java:713)
2024/02/05 07:07:01 - Mail 2.0 - 	at org.pentaho.di.trans.steps.mail.Mail.processRow(Mail.java:493)
2024/02/05 07:07:01 - Mail 2.0 - 	... 2 more
2024/02/05 07:07:01 - Mail 2.0 - Caused by: javax.net.ssl.SSLHandshakeException: Remote host terminated the handshake
2024/02/05 07:07:01 - Mail 2.0 - 	at sun.security.ssl.SSLSocketImpl.handleEOF(SSLSocketImpl.java:1310)
2024/02/05 07:07:01 - Mail 2.0 - 	at sun.security.ssl.SSLSocketImpl.decode(SSLSocketImpl.java:1151)
2024/02/05 07:07:01 - Mail 2.0 - 	at sun.security.ssl.SSLSocketImpl.readHandshakeRecord(SSLSocketImpl.java:1054)
2024/02/05 07:07:01 - Mail 2.0 - 	at sun.security.ssl.SSLSocketImpl.startHandshake(SSLSocketImpl.java:394)
2024/02/05 07:07:01 - Mail 2.0 - 	at com.sun.mail.util.SocketFetcher.configureSSLSocket(SocketFetcher.java:549)
2024/02/05 07:07:01 - Mail 2.0 - 	at com.sun.mail.util.SocketFetcher.startTLS(SocketFetcher.java:486)
2024/02/05 07:07:01 - Mail 2.0 - 	at com.sun.mail.smtp.SMTPTransport.startTLS(SMTPTransport.java:1902)
2024/02/05 07:07:01 - Mail 2.0 - 	... 6 more
2024/02/05 07:07:01 - Mail 2.0 - Caused by: java.io.EOFException: SSL peer shut down incorrectly
2024/02/05 07:07:01 - Mail 2.0 - 	at sun.security.ssl.SSLSocketInputRecord.decode(SSLSocketInputRecord.java:167)
2024/02/05 07:07:01 - Mail 2.0 - 	at sun.security.ssl.SSLTransport.decode(SSLTransport.java:108)
2024/02/05 07:07:01 - Mail 2.0 - 	at sun.security.ssl.SSLSocketImpl.decode(SSLSocketImpl.java:1143)
2024/02/05 07:07:01 - Mail 2.0 - 	... 11 more
2024/02/05 07:07:01 - SendQFactorReportEmail - ERROR (version 8.1.0.0-365, build 8.1.0.0-365 from 2018-04-30 09.42.24 by buildguy) : Errors detected!
2024/02/05 07:07:01 - Mail 2.0 - Finished processing (I=0, O=0, R=1, W=0, U=0, E=1)
2024/02/05 07:07:01 - SendQFactorReportEmail - ERROR (version 8.1.0.0-365, build 8.1.0.0-365 from 2018-04-30 09.42.24 by buildguy) : Errors detected!
2024/02/05 07:07:01 - JOB_sendQFactorReportEmail - Starting entry [Success]
2024/02/05 07:07:01 - JOB_sendQFactorReportEmail - Finished job entry [Success] (result=[true])
2024/02/05 07:07:01 - JOB_sendQFactorReportEmail - Finished job entry [Send Q Factor report email] (result=[true])
2024/02/05 07:07:01 - JOB_sendQFactorReportEmail - Finished job entry [Generate Q Factor reports] (result=[true])
2024/02/05 07:07:01 - SendQFactorReportEmail - Transformation detected one or more steps with errors.
2024/02/05 07:07:01 - JOB_sendQFactorReportEmail - Finished job entry [Initiate Q Factor reports] (result=[true])
2024/02/05 07:07:01 - SendQFactorReportEmail - Transformation is killing the other steps!
2024/02/05 07:07:01 - JOB_sendQFactorReportEmail - Finished job entry [LoadConfiguration] (result=[true])
2024/02/05 07:07:01 - JOB_sendQFactorReportEmail - Job execution finished
2024/02/05 07:07:01 - Kitchen - Finished!
2024/02/05 07:07:01 - Kitchen - Start=2024/02/05 06:54:51.743, Stop=2024/02/05 07:07:01.819
2024/02/05 07:07:01 - Kitchen - Processing ended after 12 minutes and 10 seconds (730 seconds total).
#######################################################################
WARNING:  no libwebkitgtk-1.0 detected, some features will be unavailable
    Consider installing the package with apt-get or yum.
    e.g. 'sudo apt-get install libwebkitgtk-1.0-0'
#######################################################################
OpenJDK 64-Bit Server VM warning: ignoring option MaxPermSize=256m; support was removed in 8.0
06:29:04,117 INFO  [KarafBoot] Checking to see if org.pentaho.clean.karaf.cache is enabled
06:54:31,138 INFO  [KarafInstance] 
*******************************************************************************
*** Karaf Instance Number: 15 at /hawaiki_il/data-integration/./system/kara ***
***   f/caches/kitchen/data-5                                               ***
*** FastBin Provider Port:52915                                             ***
*** Karaf Port:8816                                                         ***
*** OSGI Service Port:9065                                                  ***
*******************************************************************************
Feb 06, 2024 6:54:31 AM org.apache.karaf.main.Main$KarafLockCallback lockAquired
INFO: Lock acquired. Setting startlevel to 100
2024/02/06 06:54:32 - Kitchen - Start of run.
Updating configuration from org.apache.aries.rsa.provider.fastbin.cfg
Updating configuration from org.ops4j.pax.web.cfg
Updating configuration from org.apache.karaf.shell.cfg
06:54:33,631 ERROR [BootFeaturesInstaller] Error Boot feature pentaho-client-minimal not found
06:54:33,632 ERROR [BootFeaturesInstaller] Error Boot feature config not found
2024-02-06 06:54:34.689:INFO:oejs.Server:jetty-8.1.15.v20140411
2024-02-06 06:54:34.751:INFO:oejs.AbstractConnector:Started NIOSocketConnectorWrapper@0.0.0.0:9065
Feb 06, 2024 6:54:35 AM org.apache.cxf.bus.blueprint.NamespaceHandlerRegisterer register
INFO: Registered blueprint namespace handler for http://cxf.apache.org/blueprint/core
Feb 06, 2024 6:54:35 AM org.apache.cxf.bus.blueprint.NamespaceHandlerRegisterer register
INFO: Registered blueprint namespace handler for http://cxf.apache.org/configuration/beans
Feb 06, 2024 6:54:35 AM org.apache.cxf.bus.blueprint.NamespaceHandlerRegisterer register
INFO: Registered blueprint namespace handler for http://cxf.apache.org/configuration/parameterized-types
Feb 06, 2024 6:54:35 AM org.apache.cxf.bus.blueprint.NamespaceHandlerRegisterer register
INFO: Registered blueprint namespace handler for http://cxf.apache.org/configuration/security
Feb 06, 2024 6:54:35 AM org.apache.cxf.bus.blueprint.NamespaceHandlerRegisterer register
INFO: Registered blueprint namespace handler for http://schemas.xmlsoap.org/wsdl/
Feb 06, 2024 6:54:35 AM org.apache.cxf.bus.blueprint.NamespaceHandlerRegisterer register
INFO: Registered blueprint namespace handler for http://www.w3.org/2005/08/addressing
Feb 06, 2024 6:54:35 AM org.apache.cxf.bus.blueprint.NamespaceHandlerRegisterer register
INFO: Registered blueprint namespace handler for http://schemas.xmlsoap.org/ws/2004/08/addressing
Feb 06, 2024 6:54:35 AM org.apache.cxf.bus.osgi.CXFExtensionBundleListener addExtensions
INFO: Adding the extensions from bundle org.apache.cxf.cxf-rt-management (192) [org.apache.cxf.management.InstrumentationManager]
Feb 06, 2024 6:54:35 AM org.apache.cxf.bus.osgi.CXFExtensionBundleListener addExtensions
INFO: Adding the extensions from bundle org.apache.cxf.cxf-rt-wsdl (195) [org.apache.cxf.wsdl.WSDLManager]
Feb 06, 2024 6:54:35 AM org.apache.cxf.bus.osgi.CXFExtensionBundleListener addExtensions
INFO: Adding the extensions from bundle org.apache.cxf.cxf-rt-bindings-xml (197) [org.apache.cxf.binding.xml.XMLBindingFactory, org.apache.cxf.binding.xml.wsdl11.XMLWSDLExtensionLoader]
Feb 06, 2024 6:54:35 AM org.apache.cxf.bus.osgi.CXFExtensionBundleListener addExtensions
INFO: Adding the extensions from bundle org.apache.cxf.cxf-rt-bindings-soap (198) [org.apache.cxf.binding.soap.SoapBindingFactory, org.apache.cxf.binding.soap.SoapTransportFactory]
Feb 06, 2024 6:54:35 AM org.apache.cxf.bus.blueprint.NamespaceHandlerRegisterer register
INFO: Registered blueprint namespace handler for http://cxf.apache.org/blueprint/bindings/soap
Feb 06, 2024 6:54:35 AM org.apache.cxf.bus.osgi.CXFExtensionBundleListener addExtensions
INFO: Adding the extensions from bundle org.apache.cxf.cxf-rt-ws-policy (217) [org.apache.cxf.ws.policy.PolicyEngine, org.apache.cxf.policy.PolicyDataEngine, org.apache.cxf.ws.policy.AssertionBuilderRegistry, org.apache.cxf.ws.policy.PolicyInterceptorProviderRegistry, org.apache.cxf.ws.policy.PolicyBuilder, org.apache.cxf.ws.policy.PolicyAnnotationListener, org.apache.cxf.ws.policy.attachment.ServiceModelPolicyProvider, org.apache.cxf.ws.policy.attachment.external.DomainExpressionBuilderRegistry, org.apache.cxf.ws.policy.attachment.external.EndpointReferenceDomainExpressionBuilder, org.apache.cxf.ws.policy.attachment.external.URIDomainExpressionBuilder, org.apache.cxf.ws.policy.attachment.wsdl11.Wsdl11AttachmentPolicyProvider, org.apache.cxf.ws.policy.mtom.MTOMAssertionBuilder, org.apache.cxf.ws.policy.mtom.MTOMPolicyInterceptorProvider]
Feb 06, 2024 6:54:35 AM org.apache.cxf.bus.osgi.CXFExtensionBundleListener addExtensions
INFO: Adding the extensions from bundle org.apache.cxf.cxf-rt-transports-http (199) [org.apache.cxf.transport.http.HTTPTransportFactory, org.apache.cxf.transport.http.HTTPWSDLExtensionLoader, org.apache.cxf.transport.http.policy.HTTPClientAssertionBuilder, org.apache.cxf.transport.http.policy.HTTPServerAssertionBuilder, org.apache.cxf.transport.http.policy.NoOpPolicyInterceptorProvider]
Feb 06, 2024 6:54:35 AM org.apache.cxf.bus.blueprint.NamespaceHandlerRegisterer register
INFO: Registered blueprint namespace handler for http://cxf.apache.org/transports/http/configuration
Feb 06, 2024 6:54:35 AM org.apache.cxf.bus.blueprint.NamespaceHandlerRegisterer register
INFO: Registered blueprint namespace handler for http://cxf.apache.org/blueprint/simple
Feb 06, 2024 6:54:35 AM org.apache.cxf.bus.osgi.CXFExtensionBundleListener addExtensions
INFO: Adding the extensions from bundle org.apache.cxf.cxf-rt-frontend-jaxws (201) [org.apache.cxf.jaxws.context.WebServiceContextResourceResolver]
Feb 06, 2024 6:54:35 AM org.apache.cxf.bus.blueprint.NamespaceHandlerRegisterer register
INFO: Registered blueprint namespace handler for http://cxf.apache.org/blueprint/jaxws
Feb 06, 2024 6:54:35 AM org.apache.cxf.bus.blueprint.NamespaceHandlerRegisterer register
INFO: Registered blueprint namespace handler for http://cxf.apache.org/blueprint/jaxrs
Feb 06, 2024 6:54:35 AM org.apache.cxf.bus.blueprint.NamespaceHandlerRegisterer register
INFO: Registered blueprint namespace handler for http://cxf.apache.org/blueprint/jaxrs-client
Feb 06, 2024 6:54:35 AM org.apache.cxf.bus.blueprint.NamespaceHandlerRegisterer register
INFO: Registered blueprint namespace handler for http://cxf.apache.org/binding/coloc
Feb 06, 2024 6:54:35 AM org.apache.cxf.bus.osgi.CXFExtensionBundleListener addExtensions
INFO: Adding the extensions from bundle org.apache.cxf.cxf-rt-transports-local (213) [org.apache.cxf.transport.local.LocalTransportFactory]
Feb 06, 2024 6:54:35 AM org.apache.cxf.bus.osgi.CXFExtensionBundleListener addExtensions
INFO: Adding the extensions from bundle org.apache.cxf.cxf-rt-bindings-object (214) [org.apache.cxf.binding.object.ObjectBindingFactory]
Feb 06, 2024 6:54:35 AM org.apache.cxf.bus.blueprint.NamespaceHandlerRegisterer register
INFO: Registered blueprint namespace handler for http://cxf.apache.org/blueprint/binding/object
Feb 06, 2024 6:54:35 AM org.apache.cxf.bus.blueprint.NamespaceHandlerRegisterer register
INFO: Registered blueprint namespace handler for http://cxf.apache.org/policy
Feb 06, 2024 6:54:35 AM org.apache.cxf.bus.blueprint.NamespaceHandlerRegisterer register
INFO: Registered blueprint namespace handler for http://www.w3.org/ns/ws-policy
Feb 06, 2024 6:54:35 AM org.apache.cxf.bus.blueprint.NamespaceHandlerRegisterer register
INFO: Registered blueprint namespace handler for http://www.w3.org/2006/07/ws-policy
Feb 06, 2024 6:54:35 AM org.apache.cxf.bus.blueprint.NamespaceHandlerRegisterer register
INFO: Registered blueprint namespace handler for http://schemas.xmlsoap.org/ws/2004/09/policy
Feb 06, 2024 6:54:35 AM org.apache.cxf.bus.blueprint.NamespaceHandlerRegisterer register
INFO: Registered blueprint namespace handler for http://docs.oasis-open.org/wss/2004/01/oasis-200401-wss-wssecurity-secext-1.0.xsd
Feb 06, 2024 6:54:35 AM org.apache.cxf.bus.blueprint.NamespaceHandlerRegisterer register
INFO: Registered blueprint namespace handler for http://docs.oasis-open.org/wss/2004/01/oasis-200401-wss-wssecurity-utility-1.0.xsd
Feb 06, 2024 6:54:35 AM org.apache.cxf.bus.blueprint.NamespaceHandlerRegisterer register
INFO: Registered blueprint namespace handler for http://www.w3.org/2000/09/xmldsig#
Feb 06, 2024 6:54:35 AM org.apache.cxf.bus.blueprint.NamespaceHandlerRegisterer register
INFO: Registered blueprint namespace handler for http://docs.oasis-open.org/ws-sx/ws-securitypolicy/200702
Feb 06, 2024 6:54:35 AM org.apache.cxf.bus.osgi.CXFExtensionBundleListener addExtensions
INFO: Adding the extensions from bundle org.apache.cxf.cxf-rt-ws-addr (234) [org.apache.cxf.ws.addressing.policy.AddressingAssertionBuilder, org.apache.cxf.ws.addressing.policy.UsingAddressingAssertionBuilder, org.apache.cxf.ws.addressing.policy.AddressingPolicyInterceptorProvider, org.apache.cxf.ws.addressing.impl.AddressingWSDLExtensionLoader, org.apache.cxf.ws.addressing.WSAddressingFeature$WSAddressingFeatureApplier, org.apache.cxf.ws.addressing.MAPAggregator$MAPAggregatorLoader]
Feb 06, 2024 6:54:35 AM org.apache.cxf.bus.blueprint.NamespaceHandlerRegisterer register
INFO: Registered blueprint namespace handler for http://cxf.apache.org/ws/addressing
Feb 06, 2024 6:54:35 AM org.apache.cxf.bus.osgi.CXFExtensionBundleListener addExtensions
INFO: Adding the extensions from bundle org.apache.cxf.cxf-rt-ws-security (236) [org.apache.cxf.ws.security.policy.WSSecurityPolicyLoader, org.apache.cxf.ws.security.cache.CacheCleanupListener]
Feb 06, 2024 6:54:35 AM org.apache.cxf.bus.osgi.CXFExtensionBundleListener addExtensions
INFO: Adding the extensions from bundle org.apache.cxf.cxf-rt-ws-rm (238) [org.apache.cxf.ws.rm.RMManager, org.apache.cxf.ws.rm.policy.RMPolicyInterceptorProvider, org.apache.cxf.ws.rm.policy.RM10AssertionBuilder, org.apache.cxf.ws.rm.policy.RM12AssertionBuilder, org.apache.cxf.ws.rm.policy.WSRMP12PolicyLoader, org.apache.cxf.ws.rm.policy.MC11PolicyLoader, org.apache.cxf.ws.rm.policy.RSPPolicyLoader]
Feb 06, 2024 6:54:35 AM org.apache.cxf.bus.blueprint.NamespaceHandlerRegisterer register
INFO: Registered blueprint namespace handler for http://cxf.apache.org/ws/rm/manager
Feb 06, 2024 6:54:35 AM org.apache.cxf.bus.blueprint.NamespaceHandlerRegisterer register
INFO: Registered blueprint namespace handler for http://schemas.xmlsoap.org/ws/2005/02/rm/policy
Feb 06, 2024 6:54:35 AM org.apache.cxf.bus.osgi.CXFExtensionBundleListener addExtensions
INFO: Adding the extensions from bundle org.apache.cxf.cxf-rt-javascript (239) [org.apache.cxf.javascript.JavascriptServerListener]
Feb 06, 2024 6:54:36 AM org.pentaho.caching.impl.PentahoCacheManagerFactory$RegistrationHandler$1 onSuccess
INFO: New Caching Service registered
06:54:36,519 ERROR [KarafCapabilityProvider] No feature found matching id: pentaho-client
06:54:36,520 ERROR [KarafCapabilityProvider] No feature found matching id: pentaho-metaverse
06:54:36,520 ERROR [KarafCapabilityProvider] No feature found matching id: pentaho-dataservice
06:54:36,520 ERROR [KarafCapabilityProvider] No feature found matching id: pdi-data-refinery
06:54:36,520 ERROR [KarafCapabilityProvider] No feature found matching id: pdi-marketplace
06:54:36,520 ERROR [KarafCapabilityProvider] No feature found matching id: community-edition
SLF4J: Class path contains multiple SLF4J bindings.
SLF4J: Found binding in [jar:file:/hawaiki_il/data-integration/launcher/../lib/slf4j-log4j12-1.7.7.jar!/org/slf4j/impl/StaticLoggerBinder.class]
SLF4J: Found binding in [jar:file:/hawaiki_il/data-integration/plugins/pentaho-big-data-plugin/lib/slf4j-log4j12-1.7.7.jar!/org/slf4j/impl/StaticLoggerBinder.class]
SLF4J: See http://www.slf4j.org/codes.html#multiple_bindings for an explanation.
SLF4J: Actual binding is of type [org.slf4j.impl.Log4jLoggerFactory]
Feb 06, 2024 6:54:38 AM org.apache.cxf.endpoint.ServerImpl initDestination
INFO: Setting the server's publish address to be /lineage
Feb 06, 2024 6:54:38 AM org.apache.cxf.endpoint.ServerImpl initDestination
INFO: Setting the server's publish address to be /i18n
Feb 06, 2024 6:54:39 AM org.apache.cxf.endpoint.ServerImpl initDestination
INFO: Setting the server's publish address to be /marketplace
2024/02/06 06:54:40 - JOB_sendQFactorReportEmail - Start of job execution
2024/02/06 06:54:40 - Carte - Installing timer to purge stale objects after 1440 minutes.
2024/02/06 06:54:40 - JOB_sendQFactorReportEmail - Starting entry [LoadConfiguration]
2024/02/06 06:54:40 - LoadConfiguration - Loading transformation from XML file [file:///hawaiki_il/tesubcom/LoadConfiguration.ktr]
2024/02/06 06:54:41 - LoadConfiguration - Using run configuration [Pentaho local]
2024/02/06 06:54:41 - LoadConfiguration - Using legacy execution engine
2024/02/06 06:54:41 - LoadConfiguration - Dispatching started for transformation [LoadConfiguration]
2024/02/06 06:54:41 - Property Input.0 - Finished processing (I=21, O=0, R=0, W=21, U=0, E=0)
2024/02/06 06:54:41 - Row denormaliser.0 - Finished processing (I=0, O=0, R=21, W=1, U=0, E=0)
2024/02/06 06:54:41 - Set Variables.0 - Setting environment variables...
2024/02/06 06:54:41 - Set Variables.0 - Set variable TARGET_DB_IP to value [10.10.13.201]
2024/02/06 06:54:41 - Set Variables.0 - Set variable TARGET_DB_NAME to value [pm_db]
2024/02/06 06:54:41 - Set Variables.0 - Set variable TARGET_DB_PORT to value [3306]
2024/02/06 06:54:41 - Set Variables.0 - Set variable TARGET_DB_USER to value [mediation_rw]
2024/02/06 06:54:41 - Set Variables.0 - Set variable TARGET_DB_PASS to value [PqTLyM41TjEuiTfF]
2024/02/06 06:54:41 - Set Variables.0 - Set variable TARGET_FTP_SERVER_IP to value [172.29.136.30]
2024/02/06 06:54:41 - Set Variables.0 - Set variable TARGET_FTP_SERVER_PORT to value [21]
2024/02/06 06:54:41 - Set Variables.0 - Set variable TARGET_FTP_SERVER_USERNAME to value [tems_adm]
2024/02/06 06:54:41 - Set Variables.0 - Set variable TARGET_FTP_SERVER_PASSWORD to value [tems_adm]
2024/02/06 06:54:41 - Set Variables.0 - Set variable TARGET_FTP_SERVER_DIRECTORY to value [/home/tems_adm/temsNMS/schedReport/new/och]
2024/02/06 06:54:41 - Set Variables.0 - Set variable TARGET_LOCAL_FILE_DIRECTORY to value [/hawaiki_il/tesubcom/och]
2024/02/06 06:54:41 - Set Variables.0 - Set variable TARGET_FTP_LOGS_DIRECTORY to value [ftp_logs/ftp_logs.txt]
2024/02/06 06:54:41 - Set Variables.0 - Set variable TARGET_EMAIL_DESTINATION_ADDRESS to value [itdev@hawaikicable.co.nz]
2024/02/06 06:54:41 - Set Variables.0 - Set variable TARGET_EMAIL_SENDER_ADDRESS to value [no-reply@bw-digital.com]
2024/02/06 06:54:41 - Set Variables.0 - Set variable TARGET_SMTP_SERVER to value [smtp.office365.com]
2024/02/06 06:54:41 - Set Variables.0 - Set variable TARGET_PORT to value [587]
2024/02/06 06:54:41 - Set Variables.0 - Set variable TARGET_PASSWORD to value [JkKL7+su&=wybsLGjnY@&j5ZV^e_C^J&%LvqrdQk]
2024/02/06 06:54:41 - Set Variables.0 - Set variable TARGET_SUBJECT to value [Missing PM Sources - TEMS Pre production - 10.10.12.108]
2024/02/06 06:54:41 - Set Variables.0 - Set variable TARGET_SUBJECT_Q_FACTOR to value [Q Factor Report - TEMS Pre production - 10.10.12.108]
2024/02/06 06:54:41 - Set Variables.0 - Set variable TARGET_FILE_PATH_Q_FACTOR to value [/email/q_factor_report.txt]
2024/02/06 06:54:41 - Set Variables.0 - Set variable TARGET_EMAIL_QFACTOR_ADDRESS to value [itdev@hawaikicable.co.nz]
2024/02/06 06:54:41 - Set Variables.0 - Finished after 1 rows.
2024/02/06 06:54:41 - Set Variables.0 - Finished processing (I=0, O=0, R=1, W=1, U=0, E=0)
2024/02/06 06:54:41 - JOB_sendQFactorReportEmail - Starting entry [Initiate Q Factor reports]
2024/02/06 06:54:41 - Initiate Q Factor reports - Loading transformation from XML file [file:///hawaiki_il/tesubcom/InitiateQFactorlogs.ktr]
2024/02/06 06:54:41 - Initiate Q Factor reports - Using run configuration [Pentaho local]
2024/02/06 06:54:41 - Initiate Q Factor reports - Using legacy execution engine
2024/02/06 06:54:41 - InitiateQFactorlogs - Dispatching started for transformation [InitiateQFactorlogs]
2024/02/06 06:54:41 - Table input 2.0 - Finished reading query, closing connection.
2024/02/06 06:54:41 - Table input 2.0 - Finished processing (I=1, O=0, R=0, W=1, U=0, E=0)
2024/02/06 06:54:41 - Text file output.0 - Finished processing (I=0, O=2, R=1, W=1, U=0, E=0)
2024/02/06 06:54:41 - JOB_sendQFactorReportEmail - Starting entry [Generate Q Factor reports]
2024/02/06 06:54:41 - Generate Q Factor reports - Loading transformation from XML file [file:///hawaiki_il/tesubcom/GenerateQFactorReports.ktr]
2024/02/06 06:54:41 - Generate Q Factor reports - Using run configuration [Pentaho local]
2024/02/06 06:54:41 - Generate Q Factor reports - Using legacy execution engine
2024/02/06 06:54:41 - GenerateQFactorReports - Dispatching started for transformation [GenerateQFactorReports]
2024/02/06 07:03:07 - Table input.0 - Finished reading query, closing connection.
2024/02/06 07:03:07 - Text file output.0 - Finished processing (I=0, O=1, R=0, W=0, U=0, E=0)
2024/02/06 07:03:07 - JOB_sendQFactorReportEmail - Starting entry [Send Q Factor report email]
2024/02/06 07:03:07 - Send Q Factor report email - Loading transformation from XML file [file:///hawaiki_il/tesubcom/SendQFactorReportEmail.ktr]
2024/02/06 07:03:07 - Send Q Factor report email - Using run configuration [Pentaho local]
2024/02/06 07:03:07 - Send Q Factor report email - Using legacy execution engine
2024/02/06 07:03:07 - SendQFactorReportEmail - Dispatching started for transformation [SendQFactorReportEmail]
2024/02/06 07:03:07 - Get Variables.0 - Finished processing (I=0, O=0, R=1, W=1, U=0, E=0)
2024/02/06 07:03:07 - Load ftp log content in memory.0 - Finished processing (I=1, O=0, R=1, W=1, U=0, E=0)
org.pentaho.di.core.exception.KettleException: 
Can not send mail!
Could not convert socket to TLS
	at org.pentaho.di.trans.steps.mail.Mail.processRow(Mail.java:510)
	at org.pentaho.di.trans.step.RunThread.run(RunThread.java:62)
	at java.lang.Thread.run(Thread.java:748)
Caused by: javax.mail.MessagingException: Could not convert socket to TLS;
  nested exception is:
	javax.net.ssl.SSLHandshakeException: Remote host terminated the handshake
	at com.sun.mail.smtp.SMTPTransport.startTLS(SMTPTransport.java:1907)
	at com.sun.mail.smtp.SMTPTransport.protocolConnect(SMTPTransport.java:666)
	at javax.mail.Service.connect(Service.java:295)
	at org.pentaho.di.trans.steps.mail.Mail.sendMail(Mail.java:713)
	at org.pentaho.di.trans.steps.mail.Mail.processRow(Mail.java:493)
	... 2 more
Caused by: javax.net.ssl.SSLHandshakeException: Remote host terminated the handshake
	at sun.security.ssl.SSLSocketImpl.handleEOF(SSLSocketImpl.java:1310)
	at sun.security.ssl.SSLSocketImpl.decode(SSLSocketImpl.java:1151)
	at sun.security.ssl.SSLSocketImpl.readHandshakeRecord(SSLSocketImpl.java:1054)
	at sun.security.ssl.SSLSocketImpl.startHandshake(SSLSocketImpl.java:394)
	at com.sun.mail.util.SocketFetcher.configureSSLSocket(SocketFetcher.java:549)
	at com.sun.mail.util.SocketFetcher.startTLS(SocketFetcher.java:486)
	at com.sun.mail.smtp.SMTPTransport.startTLS(SMTPTransport.java:1902)
	... 6 more
Caused by: java.io.EOFException: SSL peer shut down incorrectly
	at sun.security.ssl.SSLSocketInputRecord.decode(SSLSocketInputRecord.java:167)
	at sun.security.ssl.SSLTransport.decode(SSLTransport.java:108)
	at sun.security.ssl.SSLSocketImpl.decode(SSLSocketImpl.java:1143)
	... 11 more
2024/02/06 07:03:12 - Mail 2.0 - ERROR (version 8.1.0.0-365, build 8.1.0.0-365 from 2018-04-30 09.42.24 by buildguy) : Unexpected error
2024/02/06 07:03:12 - Mail 2.0 - ERROR (version 8.1.0.0-365, build 8.1.0.0-365 from 2018-04-30 09.42.24 by buildguy) : org.pentaho.di.core.exception.KettleException: 
2024/02/06 07:03:12 - Mail 2.0 - Can not send mail!
2024/02/06 07:03:12 - Mail 2.0 - Could not convert socket to TLS
2024/02/06 07:03:12 - Mail 2.0 - 
2024/02/06 07:03:12 - Mail 2.0 - 	at org.pentaho.di.trans.steps.mail.Mail.processRow(Mail.java:510)
2024/02/06 07:03:12 - Mail 2.0 - 	at org.pentaho.di.trans.step.RunThread.run(RunThread.java:62)
2024/02/06 07:03:12 - Mail 2.0 - 	at java.lang.Thread.run(Thread.java:748)
2024/02/06 07:03:12 - Mail 2.0 - Caused by: javax.mail.MessagingException: Could not convert socket to TLS;
2024/02/06 07:03:12 - Mail 2.0 -   nested exception is:
2024/02/06 07:03:12 - Mail 2.0 - 	javax.net.ssl.SSLHandshakeException: Remote host terminated the handshake
2024/02/06 07:03:12 - Mail 2.0 - 	at com.sun.mail.smtp.SMTPTransport.startTLS(SMTPTransport.java:1907)
2024/02/06 07:03:12 - Mail 2.0 - 	at com.sun.mail.smtp.SMTPTransport.protocolConnect(SMTPTransport.java:666)
2024/02/06 07:03:12 - Mail 2.0 - 	at javax.mail.Service.connect(Service.java:295)
2024/02/06 07:03:12 - Mail 2.0 - 	at org.pentaho.di.trans.steps.mail.Mail.sendMail(Mail.java:713)
2024/02/06 07:03:12 - Mail 2.0 - 	at org.pentaho.di.trans.steps.mail.Mail.processRow(Mail.java:493)
2024/02/06 07:03:12 - Mail 2.0 - 	... 2 more
2024/02/06 07:03:12 - Mail 2.0 - Caused by: javax.net.ssl.SSLHandshakeException: Remote host terminated the handshake
2024/02/06 07:03:12 - Mail 2.0 - 	at sun.security.ssl.SSLSocketImpl.handleEOF(SSLSocketImpl.java:1310)
2024/02/06 07:03:12 - Mail 2.0 - 	at sun.security.ssl.SSLSocketImpl.decode(SSLSocketImpl.java:1151)
2024/02/06 07:03:12 - Mail 2.0 - 	at sun.security.ssl.SSLSocketImpl.readHandshakeRecord(SSLSocketImpl.java:1054)
2024/02/06 07:03:12 - Mail 2.0 - 	at sun.security.ssl.SSLSocketImpl.startHandshake(SSLSocketImpl.java:394)
2024/02/06 07:03:12 - Mail 2.0 - 	at com.sun.mail.util.SocketFetcher.configureSSLSocket(SocketFetcher.java:549)
2024/02/06 07:03:12 - Mail 2.0 - 	at com.sun.mail.util.SocketFetcher.startTLS(SocketFetcher.java:486)
2024/02/06 07:03:12 - Mail 2.0 - 	at com.sun.mail.smtp.SMTPTransport.startTLS(SMTPTransport.java:1902)
2024/02/06 07:03:12 - Mail 2.0 - 	... 6 more
2024/02/06 07:03:12 - Mail 2.0 - Caused by: java.io.EOFException: SSL peer shut down incorrectly
2024/02/06 07:03:12 - Mail 2.0 - 	at sun.security.ssl.SSLSocketInputRecord.decode(SSLSocketInputRecord.java:167)
2024/02/06 07:03:12 - Mail 2.0 - 	at sun.security.ssl.SSLTransport.decode(SSLTransport.java:108)
2024/02/06 07:03:12 - Mail 2.0 - 	at sun.security.ssl.SSLSocketImpl.decode(SSLSocketImpl.java:1143)
2024/02/06 07:03:12 - Mail 2.0 - 	... 11 more
2024/02/06 07:03:12 - Mail 2.0 - Finished processing (I=0, O=0, R=1, W=0, U=0, E=1)
2024/02/06 07:03:12 - SendQFactorReportEmail - ERROR (version 8.1.0.0-365, build 8.1.0.0-365 from 2018-04-30 09.42.24 by buildguy) : Errors detected!
2024/02/06 07:03:12 - SendQFactorReportEmail - Transformation detected one or more steps with errors.
2024/02/06 07:03:12 - SendQFactorReportEmail - ERROR (version 8.1.0.0-365, build 8.1.0.0-365 from 2018-04-30 09.42.24 by buildguy) : Errors detected!
2024/02/06 07:03:12 - SendQFactorReportEmail - Transformation is killing the other steps!
2024/02/06 07:03:12 - JOB_sendQFactorReportEmail - Starting entry [Success]
2024/02/06 07:03:12 - JOB_sendQFactorReportEmail - Finished job entry [Success] (result=[true])
2024/02/06 07:03:12 - JOB_sendQFactorReportEmail - Finished job entry [Send Q Factor report email] (result=[true])
2024/02/06 07:03:12 - JOB_sendQFactorReportEmail - Finished job entry [Generate Q Factor reports] (result=[true])
2024/02/06 07:03:12 - JOB_sendQFactorReportEmail - Finished job entry [Initiate Q Factor reports] (result=[true])
2024/02/06 07:03:12 - JOB_sendQFactorReportEmail - Finished job entry [LoadConfiguration] (result=[true])
2024/02/06 07:03:12 - JOB_sendQFactorReportEmail - Job execution finished
2024/02/06 07:03:12 - Kitchen - Finished!
2024/02/06 07:03:12 - Kitchen - Start=2024/02/06 06:54:32.320, Stop=2024/02/06 07:03:12.892
2024/02/06 07:03:12 - Kitchen - Processing ended after 8 minutes and 40 seconds (520 seconds total).
#######################################################################
WARNING:  no libwebkitgtk-1.0 detected, some features will be unavailable
    Consider installing the package with apt-get or yum.
    e.g. 'sudo apt-get install libwebkitgtk-1.0-0'
#######################################################################
OpenJDK 64-Bit Server VM warning: ignoring option MaxPermSize=256m; support was removed in 8.0
06:29:04,168 INFO  [KarafBoot] Checking to see if org.pentaho.clean.karaf.cache is enabled
06:54:31,136 INFO  [KarafInstance] 
*******************************************************************************
*** Karaf Instance Number: 15 at /hawaiki_il/data-integration/./system/kara ***
***   f/caches/kitchen/data-5                                               ***
*** FastBin Provider Port:52915                                             ***
*** Karaf Port:8816                                                         ***
*** OSGI Service Port:9065                                                  ***
*******************************************************************************
Feb 07, 2024 6:54:31 AM org.apache.karaf.main.Main$KarafLockCallback lockAquired
INFO: Lock acquired. Setting startlevel to 100
2024/02/07 06:54:32 - Kitchen - Start of run.
Updating configuration from org.apache.aries.rsa.provider.fastbin.cfg
Updating configuration from org.ops4j.pax.web.cfg
Updating configuration from org.apache.karaf.shell.cfg
06:54:33,509 ERROR [BootFeaturesInstaller] Error Boot feature pentaho-client-minimal not found
06:54:33,509 ERROR [BootFeaturesInstaller] Error Boot feature config not found
2024-02-07 06:54:34.558:INFO:oejs.Server:jetty-8.1.15.v20140411
2024-02-07 06:54:34.647:INFO:oejs.AbstractConnector:Started NIOSocketConnectorWrapper@0.0.0.0:9065
Feb 07, 2024 6:54:35 AM org.apache.cxf.bus.blueprint.NamespaceHandlerRegisterer register
INFO: Registered blueprint namespace handler for http://cxf.apache.org/blueprint/core
Feb 07, 2024 6:54:35 AM org.apache.cxf.bus.blueprint.NamespaceHandlerRegisterer register
INFO: Registered blueprint namespace handler for http://cxf.apache.org/configuration/beans
Feb 07, 2024 6:54:35 AM org.apache.cxf.bus.blueprint.NamespaceHandlerRegisterer register
INFO: Registered blueprint namespace handler for http://cxf.apache.org/configuration/parameterized-types
Feb 07, 2024 6:54:35 AM org.apache.cxf.bus.blueprint.NamespaceHandlerRegisterer register
INFO: Registered blueprint namespace handler for http://cxf.apache.org/configuration/security
Feb 07, 2024 6:54:35 AM org.apache.cxf.bus.blueprint.NamespaceHandlerRegisterer register
INFO: Registered blueprint namespace handler for http://schemas.xmlsoap.org/wsdl/
Feb 07, 2024 6:54:35 AM org.apache.cxf.bus.blueprint.NamespaceHandlerRegisterer register
INFO: Registered blueprint namespace handler for http://www.w3.org/2005/08/addressing
Feb 07, 2024 6:54:35 AM org.apache.cxf.bus.blueprint.NamespaceHandlerRegisterer register
INFO: Registered blueprint namespace handler for http://schemas.xmlsoap.org/ws/2004/08/addressing
Feb 07, 2024 6:54:35 AM org.apache.cxf.bus.osgi.CXFExtensionBundleListener addExtensions
INFO: Adding the extensions from bundle org.apache.cxf.cxf-rt-management (192) [org.apache.cxf.management.InstrumentationManager]
Feb 07, 2024 6:54:35 AM org.apache.cxf.bus.osgi.CXFExtensionBundleListener addExtensions
INFO: Adding the extensions from bundle org.apache.cxf.cxf-rt-wsdl (195) [org.apache.cxf.wsdl.WSDLManager]
Feb 07, 2024 6:54:35 AM org.apache.cxf.bus.osgi.CXFExtensionBundleListener addExtensions
INFO: Adding the extensions from bundle org.apache.cxf.cxf-rt-bindings-xml (197) [org.apache.cxf.binding.xml.XMLBindingFactory, org.apache.cxf.binding.xml.wsdl11.XMLWSDLExtensionLoader]
Feb 07, 2024 6:54:35 AM org.apache.cxf.bus.osgi.CXFExtensionBundleListener addExtensions
INFO: Adding the extensions from bundle org.apache.cxf.cxf-rt-bindings-soap (198) [org.apache.cxf.binding.soap.SoapBindingFactory, org.apache.cxf.binding.soap.SoapTransportFactory]
Feb 07, 2024 6:54:35 AM org.apache.cxf.bus.blueprint.NamespaceHandlerRegisterer register
INFO: Registered blueprint namespace handler for http://cxf.apache.org/blueprint/bindings/soap
Feb 07, 2024 6:54:35 AM org.apache.cxf.bus.osgi.CXFExtensionBundleListener addExtensions
INFO: Adding the extensions from bundle org.apache.cxf.cxf-rt-ws-policy (217) [org.apache.cxf.ws.policy.PolicyEngine, org.apache.cxf.policy.PolicyDataEngine, org.apache.cxf.ws.policy.AssertionBuilderRegistry, org.apache.cxf.ws.policy.PolicyInterceptorProviderRegistry, org.apache.cxf.ws.policy.PolicyBuilder, org.apache.cxf.ws.policy.PolicyAnnotationListener, org.apache.cxf.ws.policy.attachment.ServiceModelPolicyProvider, org.apache.cxf.ws.policy.attachment.external.DomainExpressionBuilderRegistry, org.apache.cxf.ws.policy.attachment.external.EndpointReferenceDomainExpressionBuilder, org.apache.cxf.ws.policy.attachment.external.URIDomainExpressionBuilder, org.apache.cxf.ws.policy.attachment.wsdl11.Wsdl11AttachmentPolicyProvider, org.apache.cxf.ws.policy.mtom.MTOMAssertionBuilder, org.apache.cxf.ws.policy.mtom.MTOMPolicyInterceptorProvider]
Feb 07, 2024 6:54:35 AM org.apache.cxf.bus.osgi.CXFExtensionBundleListener addExtensions
INFO: Adding the extensions from bundle org.apache.cxf.cxf-rt-transports-http (199) [org.apache.cxf.transport.http.HTTPTransportFactory, org.apache.cxf.transport.http.HTTPWSDLExtensionLoader, org.apache.cxf.transport.http.policy.HTTPClientAssertionBuilder, org.apache.cxf.transport.http.policy.HTTPServerAssertionBuilder, org.apache.cxf.transport.http.policy.NoOpPolicyInterceptorProvider]
Feb 07, 2024 6:54:35 AM org.apache.cxf.bus.blueprint.NamespaceHandlerRegisterer register
INFO: Registered blueprint namespace handler for http://cxf.apache.org/transports/http/configuration
Feb 07, 2024 6:54:35 AM org.apache.cxf.bus.blueprint.NamespaceHandlerRegisterer register
INFO: Registered blueprint namespace handler for http://cxf.apache.org/blueprint/simple
Feb 07, 2024 6:54:35 AM org.apache.cxf.bus.osgi.CXFExtensionBundleListener addExtensions
INFO: Adding the extensions from bundle org.apache.cxf.cxf-rt-frontend-jaxws (201) [org.apache.cxf.jaxws.context.WebServiceContextResourceResolver]
Feb 07, 2024 6:54:35 AM org.apache.cxf.bus.blueprint.NamespaceHandlerRegisterer register
INFO: Registered blueprint namespace handler for http://cxf.apache.org/blueprint/jaxws
Feb 07, 2024 6:54:35 AM org.apache.cxf.bus.blueprint.NamespaceHandlerRegisterer register
INFO: Registered blueprint namespace handler for http://cxf.apache.org/blueprint/jaxrs
Feb 07, 2024 6:54:35 AM org.apache.cxf.bus.blueprint.NamespaceHandlerRegisterer register
INFO: Registered blueprint namespace handler for http://cxf.apache.org/blueprint/jaxrs-client
Feb 07, 2024 6:54:35 AM org.apache.cxf.bus.blueprint.NamespaceHandlerRegisterer register
INFO: Registered blueprint namespace handler for http://cxf.apache.org/binding/coloc
Feb 07, 2024 6:54:35 AM org.apache.cxf.bus.osgi.CXFExtensionBundleListener addExtensions
INFO: Adding the extensions from bundle org.apache.cxf.cxf-rt-transports-local (213) [org.apache.cxf.transport.local.LocalTransportFactory]
Feb 07, 2024 6:54:35 AM org.apache.cxf.bus.osgi.CXFExtensionBundleListener addExtensions
INFO: Adding the extensions from bundle org.apache.cxf.cxf-rt-bindings-object (214) [org.apache.cxf.binding.object.ObjectBindingFactory]
Feb 07, 2024 6:54:35 AM org.apache.cxf.bus.blueprint.NamespaceHandlerRegisterer register
INFO: Registered blueprint namespace handler for http://cxf.apache.org/blueprint/binding/object
Feb 07, 2024 6:54:35 AM org.apache.cxf.bus.blueprint.NamespaceHandlerRegisterer register
INFO: Registered blueprint namespace handler for http://cxf.apache.org/policy
Feb 07, 2024 6:54:35 AM org.apache.cxf.bus.blueprint.NamespaceHandlerRegisterer register
INFO: Registered blueprint namespace handler for http://www.w3.org/ns/ws-policy
Feb 07, 2024 6:54:35 AM org.apache.cxf.bus.blueprint.NamespaceHandlerRegisterer register
INFO: Registered blueprint namespace handler for http://www.w3.org/2006/07/ws-policy
Feb 07, 2024 6:54:35 AM org.apache.cxf.bus.blueprint.NamespaceHandlerRegisterer register
INFO: Registered blueprint namespace handler for http://schemas.xmlsoap.org/ws/2004/09/policy
Feb 07, 2024 6:54:35 AM org.apache.cxf.bus.blueprint.NamespaceHandlerRegisterer register
INFO: Registered blueprint namespace handler for http://docs.oasis-open.org/wss/2004/01/oasis-200401-wss-wssecurity-secext-1.0.xsd
Feb 07, 2024 6:54:35 AM org.apache.cxf.bus.blueprint.NamespaceHandlerRegisterer register
INFO: Registered blueprint namespace handler for http://docs.oasis-open.org/wss/2004/01/oasis-200401-wss-wssecurity-utility-1.0.xsd
Feb 07, 2024 6:54:35 AM org.apache.cxf.bus.blueprint.NamespaceHandlerRegisterer register
INFO: Registered blueprint namespace handler for http://www.w3.org/2000/09/xmldsig#
Feb 07, 2024 6:54:35 AM org.apache.cxf.bus.blueprint.NamespaceHandlerRegisterer register
INFO: Registered blueprint namespace handler for http://docs.oasis-open.org/ws-sx/ws-securitypolicy/200702
Feb 07, 2024 6:54:35 AM org.apache.cxf.bus.osgi.CXFExtensionBundleListener addExtensions
INFO: Adding the extensions from bundle org.apache.cxf.cxf-rt-ws-addr (234) [org.apache.cxf.ws.addressing.policy.AddressingAssertionBuilder, org.apache.cxf.ws.addressing.policy.UsingAddressingAssertionBuilder, org.apache.cxf.ws.addressing.policy.AddressingPolicyInterceptorProvider, org.apache.cxf.ws.addressing.impl.AddressingWSDLExtensionLoader, org.apache.cxf.ws.addressing.WSAddressingFeature$WSAddressingFeatureApplier, org.apache.cxf.ws.addressing.MAPAggregator$MAPAggregatorLoader]
Feb 07, 2024 6:54:35 AM org.apache.cxf.bus.blueprint.NamespaceHandlerRegisterer register
INFO: Registered blueprint namespace handler for http://cxf.apache.org/ws/addressing
Feb 07, 2024 6:54:35 AM org.apache.cxf.bus.osgi.CXFExtensionBundleListener addExtensions
INFO: Adding the extensions from bundle org.apache.cxf.cxf-rt-ws-security (236) [org.apache.cxf.ws.security.policy.WSSecurityPolicyLoader, org.apache.cxf.ws.security.cache.CacheCleanupListener]
Feb 07, 2024 6:54:35 AM org.apache.cxf.bus.osgi.CXFExtensionBundleListener addExtensions
INFO: Adding the extensions from bundle org.apache.cxf.cxf-rt-ws-rm (238) [org.apache.cxf.ws.rm.RMManager, org.apache.cxf.ws.rm.policy.RMPolicyInterceptorProvider, org.apache.cxf.ws.rm.policy.RM10AssertionBuilder, org.apache.cxf.ws.rm.policy.RM12AssertionBuilder, org.apache.cxf.ws.rm.policy.WSRMP12PolicyLoader, org.apache.cxf.ws.rm.policy.MC11PolicyLoader, org.apache.cxf.ws.rm.policy.RSPPolicyLoader]
Feb 07, 2024 6:54:35 AM org.apache.cxf.bus.blueprint.NamespaceHandlerRegisterer register
INFO: Registered blueprint namespace handler for http://cxf.apache.org/ws/rm/manager
Feb 07, 2024 6:54:35 AM org.apache.cxf.bus.blueprint.NamespaceHandlerRegisterer register
INFO: Registered blueprint namespace handler for http://schemas.xmlsoap.org/ws/2005/02/rm/policy
Feb 07, 2024 6:54:35 AM org.apache.cxf.bus.osgi.CXFExtensionBundleListener addExtensions
INFO: Adding the extensions from bundle org.apache.cxf.cxf-rt-javascript (239) [org.apache.cxf.javascript.JavascriptServerListener]
Feb 07, 2024 6:54:35 AM org.pentaho.caching.impl.PentahoCacheManagerFactory$RegistrationHandler$1 onSuccess
INFO: New Caching Service registered
06:54:36,178 ERROR [KarafCapabilityProvider] No feature found matching id: pentaho-client
06:54:36,179 ERROR [KarafCapabilityProvider] No feature found matching id: pentaho-metaverse
06:54:36,179 ERROR [KarafCapabilityProvider] No feature found matching id: pentaho-dataservice
06:54:36,179 ERROR [KarafCapabilityProvider] No feature found matching id: pdi-data-refinery
06:54:36,179 ERROR [KarafCapabilityProvider] No feature found matching id: pdi-marketplace
06:54:36,179 ERROR [KarafCapabilityProvider] No feature found matching id: community-edition
SLF4J: Class path contains multiple SLF4J bindings.
SLF4J: Found binding in [jar:file:/hawaiki_il/data-integration/launcher/../lib/slf4j-log4j12-1.7.7.jar!/org/slf4j/impl/StaticLoggerBinder.class]
SLF4J: Found binding in [jar:file:/hawaiki_il/data-integration/plugins/pentaho-big-data-plugin/lib/slf4j-log4j12-1.7.7.jar!/org/slf4j/impl/StaticLoggerBinder.class]
SLF4J: See http://www.slf4j.org/codes.html#multiple_bindings for an explanation.
SLF4J: Actual binding is of type [org.slf4j.impl.Log4jLoggerFactory]
2024/02/07 06:54:37 - JOB_sendQFactorReportEmail - Start of job execution
2024/02/07 06:54:37 - JOB_sendQFactorReportEmail - Starting entry [LoadConfiguration]
2024/02/07 06:54:37 - LoadConfiguration - Loading transformation from XML file [file:///hawaiki_il/tesubcom/LoadConfiguration.ktr]
Feb 07, 2024 6:54:38 AM org.apache.cxf.endpoint.ServerImpl initDestination
INFO: Setting the server's publish address to be /lineage
2024/02/07 06:54:38 - LoadConfiguration - Using run configuration [Pentaho local]
2024/02/07 06:54:38 - LoadConfiguration - Using legacy execution engine
2024/02/07 06:54:38 - LoadConfiguration - Dispatching started for transformation [LoadConfiguration]
Feb 07, 2024 6:54:38 AM org.apache.cxf.endpoint.ServerImpl initDestination
INFO: Setting the server's publish address to be /i18n
Feb 07, 2024 6:54:39 AM org.apache.cxf.endpoint.ServerImpl initDestination
INFO: Setting the server's publish address to be /marketplace
2024/02/07 06:54:39 - Property Input.0 - Finished processing (I=21, O=0, R=0, W=21, U=0, E=0)
2024/02/07 06:54:39 - Row denormaliser.0 - Finished processing (I=0, O=0, R=21, W=1, U=0, E=0)
2024/02/07 06:54:39 - Set Variables.0 - Setting environment variables...
2024/02/07 06:54:39 - Set Variables.0 - Set variable TARGET_DB_IP to value [10.10.13.201]
2024/02/07 06:54:39 - Set Variables.0 - Set variable TARGET_DB_NAME to value [pm_db]
2024/02/07 06:54:39 - Set Variables.0 - Set variable TARGET_DB_PORT to value [3306]
2024/02/07 06:54:39 - Set Variables.0 - Set variable TARGET_DB_USER to value [mediation_rw]
2024/02/07 06:54:39 - Set Variables.0 - Set variable TARGET_DB_PASS to value [PqTLyM41TjEuiTfF]
2024/02/07 06:54:39 - Set Variables.0 - Set variable TARGET_FTP_SERVER_IP to value [172.29.136.30]
2024/02/07 06:54:39 - Set Variables.0 - Set variable TARGET_FTP_SERVER_PORT to value [21]
2024/02/07 06:54:39 - Set Variables.0 - Set variable TARGET_FTP_SERVER_USERNAME to value [tems_adm]
2024/02/07 06:54:39 - Set Variables.0 - Set variable TARGET_FTP_SERVER_PASSWORD to value [tems_adm]
2024/02/07 06:54:39 - Set Variables.0 - Set variable TARGET_FTP_SERVER_DIRECTORY to value [/home/tems_adm/temsNMS/schedReport/new/och]
2024/02/07 06:54:39 - Set Variables.0 - Set variable TARGET_LOCAL_FILE_DIRECTORY to value [/hawaiki_il/tesubcom/och]
2024/02/07 06:54:39 - Set Variables.0 - Set variable TARGET_FTP_LOGS_DIRECTORY to value [ftp_logs/ftp_logs.txt]
2024/02/07 06:54:39 - Set Variables.0 - Set variable TARGET_EMAIL_DESTINATION_ADDRESS to value [itdev@hawaikicable.co.nz]
2024/02/07 06:54:39 - Set Variables.0 - Set variable TARGET_EMAIL_SENDER_ADDRESS to value [no-reply@bw-digital.com]
2024/02/07 06:54:39 - Set Variables.0 - Set variable TARGET_SMTP_SERVER to value [smtp.office365.com]
2024/02/07 06:54:39 - Set Variables.0 - Set variable TARGET_PORT to value [587]
2024/02/07 06:54:39 - Set Variables.0 - Set variable TARGET_PASSWORD to value [JkKL7+su&=wybsLGjnY@&j5ZV^e_C^J&%LvqrdQk]
2024/02/07 06:54:39 - Set Variables.0 - Set variable TARGET_SUBJECT to value [Missing PM Sources - TEMS Pre production - 10.10.12.108]
2024/02/07 06:54:39 - Set Variables.0 - Set variable TARGET_SUBJECT_Q_FACTOR to value [Q Factor Report - TEMS Pre production - 10.10.12.108]
2024/02/07 06:54:39 - Set Variables.0 - Set variable TARGET_FILE_PATH_Q_FACTOR to value [/email/q_factor_report.txt]
2024/02/07 06:54:39 - Set Variables.0 - Set variable TARGET_EMAIL_QFACTOR_ADDRESS to value [itdev@hawaikicable.co.nz]
2024/02/07 06:54:39 - Set Variables.0 - Finished after 1 rows.
2024/02/07 06:54:39 - Set Variables.0 - Finished processing (I=0, O=0, R=1, W=1, U=0, E=0)
2024/02/07 06:54:39 - JOB_sendQFactorReportEmail - Starting entry [Initiate Q Factor reports]
2024/02/07 06:54:39 - Initiate Q Factor reports - Loading transformation from XML file [file:///hawaiki_il/tesubcom/InitiateQFactorlogs.ktr]
2024/02/07 06:54:40 - Initiate Q Factor reports - Using run configuration [Pentaho local]
2024/02/07 06:54:40 - Initiate Q Factor reports - Using legacy execution engine
2024/02/07 06:54:40 - Carte - Installing timer to purge stale objects after 1440 minutes.
2024/02/07 06:54:40 - InitiateQFactorlogs - Dispatching started for transformation [InitiateQFactorlogs]
2024/02/07 06:54:40 - Table input 2.0 - Finished reading query, closing connection.
2024/02/07 06:54:40 - Table input 2.0 - Finished processing (I=1, O=0, R=0, W=1, U=0, E=0)
2024/02/07 06:54:40 - Text file output.0 - Finished processing (I=0, O=2, R=1, W=1, U=0, E=0)
2024/02/07 06:54:40 - JOB_sendQFactorReportEmail - Starting entry [Generate Q Factor reports]
2024/02/07 06:54:40 - Generate Q Factor reports - Loading transformation from XML file [file:///hawaiki_il/tesubcom/GenerateQFactorReports.ktr]
2024/02/07 06:54:40 - Generate Q Factor reports - Using run configuration [Pentaho local]
2024/02/07 06:54:40 - Generate Q Factor reports - Using legacy execution engine
2024/02/07 06:54:40 - GenerateQFactorReports - Dispatching started for transformation [GenerateQFactorReports]
2024/02/07 07:05:44 - Table input.0 - Finished reading query, closing connection.
2024/02/07 07:05:44 - Text file output.0 - Finished processing (I=0, O=1, R=0, W=0, U=0, E=0)
2024/02/07 07:05:44 - JOB_sendQFactorReportEmail - Starting entry [Send Q Factor report email]
2024/02/07 07:05:44 - Send Q Factor report email - Loading transformation from XML file [file:///hawaiki_il/tesubcom/SendQFactorReportEmail.ktr]
2024/02/07 07:05:45 - Send Q Factor report email - Using run configuration [Pentaho local]
2024/02/07 07:05:45 - Send Q Factor report email - Using legacy execution engine
2024/02/07 07:05:45 - SendQFactorReportEmail - Dispatching started for transformation [SendQFactorReportEmail]
2024/02/07 07:05:45 - Get Variables.0 - Finished processing (I=0, O=0, R=1, W=1, U=0, E=0)
2024/02/07 07:05:45 - Load ftp log content in memory.0 - Finished processing (I=1, O=0, R=1, W=1, U=0, E=0)
org.pentaho.di.core.exception.KettleException: 
Can not send mail!
Could not convert socket to TLS
	at org.pentaho.di.trans.steps.mail.Mail.processRow(Mail.java:510)
	at org.pentaho.di.trans.step.RunThread.run(RunThread.java:62)
	at java.lang.Thread.run(Thread.java:748)
Caused by: javax.mail.MessagingException: Could not convert socket to TLS;
  nested exception is:
	javax.net.ssl.SSLHandshakeException: Remote host terminated the handshake
	at com.sun.mail.smtp.SMTPTransport.startTLS(SMTPTransport.java:1907)
	at com.sun.mail.smtp.SMTPTransport.protocolConnect(SMTPTransport.java:666)
	at javax.mail.Service.connect(Service.java:295)
	at org.pentaho.di.trans.steps.mail.Mail.sendMail(Mail.java:713)
	at org.pentaho.di.trans.steps.mail.Mail.processRow(Mail.java:493)
	... 2 more
Caused by: javax.net.ssl.SSLHandshakeException: Remote host terminated the handshake
	at sun.security.ssl.SSLSocketImpl.handleEOF(SSLSocketImpl.java:1310)
	at sun.security.ssl.SSLSocketImpl.decode(SSLSocketImpl.java:1151)
	at sun.security.ssl.SSLSocketImpl.readHandshakeRecord(SSLSocketImpl.java:1054)
	at sun.security.ssl.SSLSocketImpl.startHandshake(SSLSocketImpl.java:394)
	at com.sun.mail.util.SocketFetcher.configureSSLSocket(SocketFetcher.java:549)
	at com.sun.mail.util.SocketFetcher.startTLS(SocketFetcher.java:486)
	at com.sun.mail.smtp.SMTPTransport.startTLS(SMTPTransport.java:1902)
	... 6 more
Caused by: java.io.EOFException: SSL peer shut down incorrectly
	at sun.security.ssl.SSLSocketInputRecord.decode(SSLSocketInputRecord.java:167)
	at sun.security.ssl.SSLTransport.decode(SSLTransport.java:108)
	at sun.security.ssl.SSLSocketImpl.decode(SSLSocketImpl.java:1143)
	... 11 more
2024/02/07 07:05:50 - Mail 2.0 - ERROR (version 8.1.0.0-365, build 8.1.0.0-365 from 2018-04-30 09.42.24 by buildguy) : Unexpected error
2024/02/07 07:05:50 - Mail 2.0 - ERROR (version 8.1.0.0-365, build 8.1.0.0-365 from 2018-04-30 09.42.24 by buildguy) : org.pentaho.di.core.exception.KettleException: 
2024/02/07 07:05:50 - Mail 2.0 - Can not send mail!
2024/02/07 07:05:50 - Mail 2.0 - Could not convert socket to TLS
2024/02/07 07:05:50 - Mail 2.0 - 
2024/02/07 07:05:50 - Mail 2.0 - 	at org.pentaho.di.trans.steps.mail.Mail.processRow(Mail.java:510)
2024/02/07 07:05:50 - Mail 2.0 - 	at org.pentaho.di.trans.step.RunThread.run(RunThread.java:62)
2024/02/07 07:05:50 - Mail 2.0 - 	at java.lang.Thread.run(Thread.java:748)
2024/02/07 07:05:50 - Mail 2.0 - Caused by: javax.mail.MessagingException: Could not convert socket to TLS;
2024/02/07 07:05:50 - Mail 2.0 -   nested exception is:
2024/02/07 07:05:50 - Mail 2.0 - 	javax.net.ssl.SSLHandshakeException: Remote host terminated the handshake
2024/02/07 07:05:50 - Mail 2.0 - 	at com.sun.mail.smtp.SMTPTransport.startTLS(SMTPTransport.java:1907)
2024/02/07 07:05:50 - Mail 2.0 - 	at com.sun.mail.smtp.SMTPTransport.protocolConnect(SMTPTransport.java:666)
2024/02/07 07:05:50 - Mail 2.0 - 	at javax.mail.Service.connect(Service.java:295)
2024/02/07 07:05:50 - Mail 2.0 - 	at org.pentaho.di.trans.steps.mail.Mail.sendMail(Mail.java:713)
2024/02/07 07:05:50 - Mail 2.0 - 	at org.pentaho.di.trans.steps.mail.Mail.processRow(Mail.java:493)
2024/02/07 07:05:50 - Mail 2.0 - 	... 2 more
2024/02/07 07:05:50 - Mail 2.0 - Caused by: javax.net.ssl.SSLHandshakeException: Remote host terminated the handshake
2024/02/07 07:05:50 - Mail 2.0 - 	at sun.security.ssl.SSLSocketImpl.handleEOF(SSLSocketImpl.java:1310)
2024/02/07 07:05:50 - Mail 2.0 - 	at sun.security.ssl.SSLSocketImpl.decode(SSLSocketImpl.java:1151)
2024/02/07 07:05:50 - Mail 2.0 - 	at sun.security.ssl.SSLSocketImpl.readHandshakeRecord(SSLSocketImpl.java:1054)
2024/02/07 07:05:50 - Mail 2.0 - 	at sun.security.ssl.SSLSocketImpl.startHandshake(SSLSocketImpl.java:394)
2024/02/07 07:05:50 - Mail 2.0 - 	at com.sun.mail.util.SocketFetcher.configureSSLSocket(SocketFetcher.java:549)
2024/02/07 07:05:50 - Mail 2.0 - 	at com.sun.mail.util.SocketFetcher.startTLS(SocketFetcher.java:486)
2024/02/07 07:05:50 - Mail 2.0 - 	at com.sun.mail.smtp.SMTPTransport.startTLS(SMTPTransport.java:1902)
2024/02/07 07:05:50 - Mail 2.0 - 	... 6 more
2024/02/07 07:05:50 - Mail 2.0 - Caused by: java.io.EOFException: SSL peer shut down incorrectly
2024/02/07 07:05:50 - Mail 2.0 - 	at sun.security.ssl.SSLSocketInputRecord.decode(SSLSocketInputRecord.java:167)
2024/02/07 07:05:50 - Mail 2.0 - 	at sun.security.ssl.SSLTransport.decode(SSLTransport.java:108)
2024/02/07 07:05:50 - Mail 2.0 - 	at sun.security.ssl.SSLSocketImpl.decode(SSLSocketImpl.java:1143)
2024/02/07 07:05:50 - Mail 2.0 - 	... 11 more
2024/02/07 07:05:50 - SendQFactorReportEmail - ERROR (version 8.1.0.0-365, build 8.1.0.0-365 from 2018-04-30 09.42.24 by buildguy) : Errors detected!
2024/02/07 07:05:50 - Mail 2.0 - Finished processing (I=0, O=0, R=1, W=0, U=0, E=1)
2024/02/07 07:05:50 - SendQFactorReportEmail - ERROR (version 8.1.0.0-365, build 8.1.0.0-365 from 2018-04-30 09.42.24 by buildguy) : Errors detected!
2024/02/07 07:05:50 - JOB_sendQFactorReportEmail - Starting entry [Success]
2024/02/07 07:05:50 - JOB_sendQFactorReportEmail - Finished job entry [Success] (result=[true])
2024/02/07 07:05:50 - JOB_sendQFactorReportEmail - Finished job entry [Send Q Factor report email] (result=[true])
2024/02/07 07:05:50 - SendQFactorReportEmail - Transformation detected one or more steps with errors.
2024/02/07 07:05:50 - JOB_sendQFactorReportEmail - Finished job entry [Generate Q Factor reports] (result=[true])
2024/02/07 07:05:50 - SendQFactorReportEmail - Transformation is killing the other steps!
2024/02/07 07:05:50 - JOB_sendQFactorReportEmail - Finished job entry [Initiate Q Factor reports] (result=[true])
2024/02/07 07:05:50 - JOB_sendQFactorReportEmail - Finished job entry [LoadConfiguration] (result=[true])
2024/02/07 07:05:50 - JOB_sendQFactorReportEmail - Job execution finished
2024/02/07 07:05:50 - Kitchen - Finished!
2024/02/07 07:05:50 - Kitchen - Start=2024/02/07 06:54:32.221, Stop=2024/02/07 07:05:50.272
2024/02/07 07:05:50 - Kitchen - Processing ended after 11 minutes and 18 seconds (678 seconds total).
