#######################################################################
WARNING:  no libwebkitgtk-1.0 detected, some features will be unavailable
    Consider installing the package with apt-get or yum.
    e.g. 'sudo apt-get install libwebkitgtk-1.0-0'
#######################################################################
Java HotSpot(TM) Server VM warning: ignoring option MaxPermSize=256m; support was removed in 8.0
log4j:WARN Continuable parsing error 45 and column 76
log4j:WARN Element type "rollingPolicy" must be declared.
log4j:WARN Continuable parsing error 52 and column 14
log4j:WARN The content of element type "appender" must match "(errorHandler?,param*,layout?,filter*,appender-ref*)".
log4j:WARN Please set a rolling policy for the RollingFileAppender named 'pdi-execution-appender'
22:30:08,168 INFO  [KarafBoot] Checking to see if org.pentaho.clean.karaf.cache is enabled
22:30:08,476 INFO  [KarafInstance] 
*******************************************************************************
*** Karaf Instance Number: 2 at /hawaiki_il/data-integration/./system/karaf ***
***   /caches/kitchen/data-4                                                ***
*** FastBin Provider Port:52902                                             ***
*** Karaf Port:8803                                                         ***
*** OSGI Service Port:9052                                                  ***
*******************************************************************************
Jul 20, 2025 10:30:11 PM org.apache.karaf.main.Main$KarafLockCallback lockAquired
INFO: Lock acquired. Setting startlevel to 100
ERROR: Bundle org.apache.geronimo.specs.geronimo-osgi-registry [176] Error starting mvn:org.apache.geronimo.specs/geronimo-osgi-registry/1.1 (org.osgi.framework.BundleException: Unresolved constraint in bundle org.apache.geronimo.specs.geronimo-osgi-registry [176]: Unable to resolve 176.0: missing requirement [176.0] osgi.wiring.package; (&(osgi.wiring.package=org.osgi.service.log)(version>=1.3.0)))
org.osgi.framework.BundleException: Unresolved constraint in bundle org.apache.geronimo.specs.geronimo-osgi-registry [176]: Unable to resolve 176.0: missing requirement [176.0] osgi.wiring.package; (&(osgi.wiring.package=org.osgi.service.log)(version>=1.3.0))
	at org.apache.felix.framework.Felix.resolveBundleRevision(Felix.java:4002)
	at org.apache.felix.framework.Felix.startBundle(Felix.java:2045)
	at org.apache.felix.framework.Felix.setActiveStartLevel(Felix.java:1299)
	at org.apache.felix.framework.FrameworkStartLevelImpl.run(FrameworkStartLevelImpl.java:304)
	at java.lang.Thread.run(Thread.java:748)
2025/07/20 22:30:12 - Kitchen - Start of run.
ERROR: Bundle org.apache.karaf.bundle.springstate [175] Error starting mvn:org.apache.karaf.bundle/org.apache.karaf.bundle.springstate/3.0.3 (org.osgi.framework.BundleException: Unresolved constraint in bundle org.apache.karaf.bundle.springstate [175]: Unable to resolve 175.0: missing requirement [175.0] osgi.wiring.package; (&(osgi.wiring.package=org.apache.karaf.bundle.core)(version>=3.0.0)(!(version>=4.0.0))))
org.osgi.framework.BundleException: Unresolved constraint in bundle org.apache.karaf.bundle.springstate [175]: Unable to resolve 175.0: missing requirement [175.0] osgi.wiring.package; (&(osgi.wiring.package=org.apache.karaf.bundle.core)(version>=3.0.0)(!(version>=4.0.0)))
	at org.apache.felix.framework.Felix.resolveBundleRevision(Felix.java:4002)
	at org.apache.felix.framework.Felix.startBundle(Felix.java:2045)
	at org.apache.felix.framework.Felix.setActiveStartLevel(Felix.java:1299)
	at org.apache.felix.framework.FrameworkStartLevelImpl.run(FrameworkStartLevelImpl.java:304)
	at java.lang.Thread.run(Thread.java:748)
ERROR: Bundle org.apache.wss4j.wss4j-ws-security-common [229] Error starting mvn:org.apache.wss4j/wss4j-ws-security-common/2.0.6 (org.osgi.framework.BundleException: Unresolved constraint in bundle org.apache.wss4j.wss4j-ws-security-common [229]: Unable to resolve 229.0: missing requirement [229.0] osgi.wiring.package; (&(osgi.wiring.package=javax.mail.internet)(version>=1.4.0)(!(version>=2.0.0))))
org.osgi.framework.BundleException: Unresolved constraint in bundle org.apache.wss4j.wss4j-ws-security-common [229]: Unable to resolve 229.0: missing requirement [229.0] osgi.wiring.package; (&(osgi.wiring.package=javax.mail.internet)(version>=1.4.0)(!(version>=2.0.0)))
	at org.apache.felix.framework.Felix.resolveBundleRevision(Felix.java:4002)
	at org.apache.felix.framework.Felix.startBundle(Felix.java:2045)
	at org.apache.felix.framework.Felix.setActiveStartLevel(Felix.java:1299)
	at org.apache.felix.framework.FrameworkStartLevelImpl.run(FrameworkStartLevelImpl.java:304)
	at java.lang.Thread.run(Thread.java:748)
ERROR: Bundle org.apache.wss4j.wss4j-ws-security-dom [230] Error starting mvn:org.apache.wss4j/wss4j-ws-security-dom/2.0.6 (org.osgi.framework.BundleException: Unresolved constraint in bundle org.apache.wss4j.wss4j-ws-security-dom [230]: Unable to resolve 230.0: missing requirement [230.0] osgi.wiring.package; (&(osgi.wiring.package=org.apache.wss4j.common)(version>=2.0.0)(!(version>=3.0.0))) [caused by: Unable to resolve 229.0: missing requirement [229.0] osgi.wiring.package; (&(osgi.wiring.package=javax.mail.internet)(version>=1.4.0)(!(version>=2.0.0)))])
org.osgi.framework.BundleException: Unresolved constraint in bundle org.apache.wss4j.wss4j-ws-security-dom [230]: Unable to resolve 230.0: missing requirement [230.0] osgi.wiring.package; (&(osgi.wiring.package=org.apache.wss4j.common)(version>=2.0.0)(!(version>=3.0.0))) [caused by: Unable to resolve 229.0: missing requirement [229.0] osgi.wiring.package; (&(osgi.wiring.package=javax.mail.internet)(version>=1.4.0)(!(version>=2.0.0)))]
	at org.apache.felix.framework.Felix.resolveBundleRevision(Felix.java:4002)
	at org.apache.felix.framework.Felix.startBundle(Felix.java:2045)
	at org.apache.felix.framework.Felix.setActiveStartLevel(Felix.java:1299)
	at org.apache.felix.framework.FrameworkStartLevelImpl.run(FrameworkStartLevelImpl.java:304)
	at java.lang.Thread.run(Thread.java:748)
ERROR: Bundle org.apache.wss4j.wss4j-ws-security-stax [232] Error starting mvn:org.apache.wss4j/wss4j-ws-security-stax/2.0.6 (org.osgi.framework.BundleException: Unresolved constraint in bundle org.apache.wss4j.wss4j-ws-security-stax [232]: Unable to resolve 232.0: missing requirement [232.0] osgi.wiring.package; (&(osgi.wiring.package=org.apache.wss4j.common)(version>=2.0.0)(!(version>=3.0.0))) [caused by: Unable to resolve 229.0: missing requirement [229.0] osgi.wiring.package; (&(osgi.wiring.package=javax.mail.internet)(version>=1.4.0)(!(version>=2.0.0)))])
org.osgi.framework.BundleException: Unresolved constraint in bundle org.apache.wss4j.wss4j-ws-security-stax [232]: Unable to resolve 232.0: missing requirement [232.0] osgi.wiring.package; (&(osgi.wiring.package=org.apache.wss4j.common)(version>=2.0.0)(!(version>=3.0.0))) [caused by: Unable to resolve 229.0: missing requirement [229.0] osgi.wiring.package; (&(osgi.wiring.package=javax.mail.internet)(version>=1.4.0)(!(version>=2.0.0)))]
	at org.apache.felix.framework.Felix.resolveBundleRevision(Felix.java:4002)
	at org.apache.felix.framework.Felix.startBundle(Felix.java:2045)
	at org.apache.felix.framework.Felix.setActiveStartLevel(Felix.java:1299)
	at org.apache.felix.framework.FrameworkStartLevelImpl.run(FrameworkStartLevelImpl.java:304)
	at java.lang.Thread.run(Thread.java:748)
ERROR: Bundle org.apache.wss4j.wss4j-ws-security-policy-stax [233] Error starting mvn:org.apache.wss4j/wss4j-ws-security-policy-stax/2.0.6 (org.osgi.framework.BundleException: Unresolved constraint in bundle org.apache.wss4j.wss4j-ws-security-policy-stax [233]: Unable to resolve 233.0: missing requirement [233.0] osgi.wiring.package; (&(osgi.wiring.package=org.apache.wss4j.common)(version>=2.0.0)(!(version>=3.0.0))) [caused by: Unable to resolve 229.0: missing requirement [229.0] osgi.wiring.package; (&(osgi.wiring.package=javax.mail.internet)(version>=1.4.0)(!(version>=2.0.0)))])
org.osgi.framework.BundleException: Unresolved constraint in bundle org.apache.wss4j.wss4j-ws-security-policy-stax [233]: Unable to resolve 233.0: missing requirement [233.0] osgi.wiring.package; (&(osgi.wiring.package=org.apache.wss4j.common)(version>=2.0.0)(!(version>=3.0.0))) [caused by: Unable to resolve 229.0: missing requirement [229.0] osgi.wiring.package; (&(osgi.wiring.package=javax.mail.internet)(version>=1.4.0)(!(version>=2.0.0)))]
	at org.apache.felix.framework.Felix.resolveBundleRevision(Felix.java:4002)
	at org.apache.felix.framework.Felix.startBundle(Felix.java:2045)
	at org.apache.felix.framework.Felix.setActiveStartLevel(Felix.java:1299)
	at org.apache.felix.framework.FrameworkStartLevelImpl.run(FrameworkStartLevelImpl.java:304)
	at java.lang.Thread.run(Thread.java:748)
ERROR: Bundle org.apache.cxf.cxf-core [191] Error starting mvn:org.apache.cxf/cxf-core/3.0.13 (org.osgi.framework.BundleException: Unresolved constraint in bundle org.apache.cxf.cxf-core [191]: Unable to resolve 191.0: missing requirement [191.0] osgi.wiring.package; (&(osgi.wiring.package=org.osgi.service.blueprint.container)(version>=1.0.0)(!(version>=2.0.0))))
org.osgi.framework.BundleException: Unresolved constraint in bundle org.apache.cxf.cxf-core [191]: Unable to resolve 191.0: missing requirement [191.0] osgi.wiring.package; (&(osgi.wiring.package=org.osgi.service.blueprint.container)(version>=1.0.0)(!(version>=2.0.0)))
	at org.apache.felix.framework.Felix.resolveBundleRevision(Felix.java:4002)
	at org.apache.felix.framework.Felix.startBundle(Felix.java:2045)
	at org.apache.felix.framework.Felix.setActiveStartLevel(Felix.java:1299)
	at org.apache.felix.framework.FrameworkStartLevelImpl.run(FrameworkStartLevelImpl.java:304)
	at java.lang.Thread.run(Thread.java:748)
ERROR: Bundle org.apache.cxf.cxf-rt-management [192] Error starting mvn:org.apache.cxf/cxf-rt-management/3.0.13 (org.osgi.framework.BundleException: Unresolved constraint in bundle org.apache.cxf.cxf-rt-management [192]: Unable to resolve 192.0: missing requirement [192.0] osgi.wiring.package; (&(osgi.wiring.package=org.apache.cxf)(version>=3.0.0)(!(version>=4.0.0))) [caused by: Unable to resolve 191.0: missing requirement [191.0] osgi.wiring.package; (&(osgi.wiring.package=org.osgi.service.blueprint.container)(version>=1.0.0)(!(version>=2.0.0)))])
org.osgi.framework.BundleException: Unresolved constraint in bundle org.apache.cxf.cxf-rt-management [192]: Unable to resolve 192.0: missing requirement [192.0] osgi.wiring.package; (&(osgi.wiring.package=org.apache.cxf)(version>=3.0.0)(!(version>=4.0.0))) [caused by: Unable to resolve 191.0: missing requirement [191.0] osgi.wiring.package; (&(osgi.wiring.package=org.osgi.service.blueprint.container)(version>=1.0.0)(!(version>=2.0.0)))]
	at org.apache.felix.framework.Felix.resolveBundleRevision(Felix.java:4002)
	at org.apache.felix.framework.Felix.startBundle(Felix.java:2045)
	at org.apache.felix.framework.Felix.setActiveStartLevel(Felix.java:1299)
	at org.apache.felix.framework.FrameworkStartLevelImpl.run(FrameworkStartLevelImpl.java:304)
	at java.lang.Thread.run(Thread.java:748)
ERROR: Bundle org.apache.cxf.karaf.cxf-karaf-commands [193] Error starting mvn:org.apache.cxf.karaf/cxf-karaf-commands/3.0.13 (org.osgi.framework.BundleException: Unresolved constraint in bundle org.apache.cxf.karaf.cxf-karaf-commands [193]: Unable to resolve 193.0: missing requirement [193.0] osgi.wiring.package; (&(osgi.wiring.package=org.apache.cxf)(version>=3.0.0)(!(version>=4.0.0))) [caused by: Unable to resolve 191.0: missing requirement [191.0] osgi.wiring.package; (&(osgi.wiring.package=org.osgi.service.blueprint.container)(version>=1.0.0)(!(version>=2.0.0)))])
org.osgi.framework.BundleException: Unresolved constraint in bundle org.apache.cxf.karaf.cxf-karaf-commands [193]: Unable to resolve 193.0: missing requirement [193.0] osgi.wiring.package; (&(osgi.wiring.package=org.apache.cxf)(version>=3.0.0)(!(version>=4.0.0))) [caused by: Unable to resolve 191.0: missing requirement [191.0] osgi.wiring.package; (&(osgi.wiring.package=org.osgi.service.blueprint.container)(version>=1.0.0)(!(version>=2.0.0)))]
	at org.apache.felix.framework.Felix.resolveBundleRevision(Felix.java:4002)
	at org.apache.felix.framework.Felix.startBundle(Felix.java:2045)
	at org.apache.felix.framework.Felix.setActiveStartLevel(Felix.java:1299)
	at org.apache.felix.framework.FrameworkStartLevelImpl.run(FrameworkStartLevelImpl.java:304)
	at java.lang.Thread.run(Thread.java:748)
ERROR: Bundle org.apache.cxf.cxf-rt-wsdl [195] Error starting mvn:org.apache.cxf/cxf-rt-wsdl/3.0.13 (org.osgi.framework.BundleException: Unresolved constraint in bundle org.apache.cxf.cxf-rt-wsdl [195]: Unable to resolve 195.0: missing requirement [195.0] osgi.wiring.package; (&(osgi.wiring.package=org.apache.cxf)(version>=3.0.0)(!(version>=4.0.0))) [caused by: Unable to resolve 191.0: missing requirement [191.0] osgi.wiring.package; (&(osgi.wiring.package=org.osgi.service.blueprint.container)(version>=1.0.0)(!(version>=2.0.0)))])
org.osgi.framework.BundleException: Unresolved constraint in bundle org.apache.cxf.cxf-rt-wsdl [195]: Unable to resolve 195.0: missing requirement [195.0] osgi.wiring.package; (&(osgi.wiring.package=org.apache.cxf)(version>=3.0.0)(!(version>=4.0.0))) [caused by: Unable to resolve 191.0: missing requirement [191.0] osgi.wiring.package; (&(osgi.wiring.package=org.osgi.service.blueprint.container)(version>=1.0.0)(!(version>=2.0.0)))]
	at org.apache.felix.framework.Felix.resolveBundleRevision(Felix.java:4002)
	at org.apache.felix.framework.Felix.startBundle(Felix.java:2045)
	at org.apache.felix.framework.Felix.setActiveStartLevel(Felix.java:1299)
	at org.apache.felix.framework.FrameworkStartLevelImpl.run(FrameworkStartLevelImpl.java:304)
	at java.lang.Thread.run(Thread.java:748)
ERROR: Bundle org.apache.cxf.cxf-rt-databinding-jaxb [196] Error starting mvn:org.apache.cxf/cxf-rt-databinding-jaxb/3.0.13 (org.osgi.framework.BundleException: Unresolved constraint in bundle org.apache.cxf.cxf-rt-databinding-jaxb [196]: Unable to resolve 196.0: missing requirement [196.0] osgi.wiring.package; (&(osgi.wiring.package=org.apache.cxf.annotations)(version>=3.0.0)(!(version>=4.0.0))) [caused by: Unable to resolve 191.0: missing requirement [191.0] osgi.wiring.package; (&(osgi.wiring.package=org.osgi.service.blueprint.container)(version>=1.0.0)(!(version>=2.0.0)))])
org.osgi.framework.BundleException: Unresolved constraint in bundle org.apache.cxf.cxf-rt-databinding-jaxb [196]: Unable to resolve 196.0: missing requirement [196.0] osgi.wiring.package; (&(osgi.wiring.package=org.apache.cxf.annotations)(version>=3.0.0)(!(version>=4.0.0))) [caused by: Unable to resolve 191.0: missing requirement [191.0] osgi.wiring.package; (&(osgi.wiring.package=org.osgi.service.blueprint.container)(version>=1.0.0)(!(version>=2.0.0)))]
	at org.apache.felix.framework.Felix.resolveBundleRevision(Felix.java:4002)
	at org.apache.felix.framework.Felix.startBundle(Felix.java:2045)
	at org.apache.felix.framework.Felix.setActiveStartLevel(Felix.java:1299)
	at org.apache.felix.framework.FrameworkStartLevelImpl.run(FrameworkStartLevelImpl.java:304)
	at java.lang.Thread.run(Thread.java:748)
ERROR: Bundle org.apache.cxf.cxf-rt-bindings-xml [197] Error starting mvn:org.apache.cxf/cxf-rt-bindings-xml/3.0.13 (org.osgi.framework.BundleException: Unresolved constraint in bundle org.apache.cxf.cxf-rt-bindings-xml [197]: Unable to resolve 197.0: missing requirement [197.0] osgi.wiring.package; (&(osgi.wiring.package=org.apache.cxf)(version>=3.0.0)(!(version>=4.0.0))) [caused by: Unable to resolve 191.0: missing requirement [191.0] osgi.wiring.package; (&(osgi.wiring.package=org.osgi.service.blueprint.container)(version>=1.0.0)(!(version>=2.0.0)))])
org.osgi.framework.BundleException: Unresolved constraint in bundle org.apache.cxf.cxf-rt-bindings-xml [197]: Unable to resolve 197.0: missing requirement [197.0] osgi.wiring.package; (&(osgi.wiring.package=org.apache.cxf)(version>=3.0.0)(!(version>=4.0.0))) [caused by: Unable to resolve 191.0: missing requirement [191.0] osgi.wiring.package; (&(osgi.wiring.package=org.osgi.service.blueprint.container)(version>=1.0.0)(!(version>=2.0.0)))]
	at org.apache.felix.framework.Felix.resolveBundleRevision(Felix.java:4002)
	at org.apache.felix.framework.Felix.startBundle(Felix.java:2045)
	at org.apache.felix.framework.Felix.setActiveStartLevel(Felix.java:1299)
	at org.apache.felix.framework.FrameworkStartLevelImpl.run(FrameworkStartLevelImpl.java:304)
	at java.lang.Thread.run(Thread.java:748)
ERROR: Bundle org.apache.cxf.cxf-rt-bindings-soap [198] Error starting mvn:org.apache.cxf/cxf-rt-bindings-soap/3.0.13 (org.osgi.framework.BundleException: Unresolved constraint in bundle org.apache.cxf.cxf-rt-bindings-soap [198]: Unable to resolve 198.0: missing requirement [198.0] osgi.wiring.package; (&(osgi.wiring.package=org.apache.cxf)(version>=3.0.0)(!(version>=4.0.0))) [caused by: Unable to resolve 191.0: missing requirement [191.0] osgi.wiring.package; (&(osgi.wiring.package=org.osgi.service.blueprint.container)(version>=1.0.0)(!(version>=2.0.0)))])
org.osgi.framework.BundleException: Unresolved constraint in bundle org.apache.cxf.cxf-rt-bindings-soap [198]: Unable to resolve 198.0: missing requirement [198.0] osgi.wiring.package; (&(osgi.wiring.package=org.apache.cxf)(version>=3.0.0)(!(version>=4.0.0))) [caused by: Unable to resolve 191.0: missing requirement [191.0] osgi.wiring.package; (&(osgi.wiring.package=org.osgi.service.blueprint.container)(version>=1.0.0)(!(version>=2.0.0)))]
	at org.apache.felix.framework.Felix.resolveBundleRevision(Felix.java:4002)
	at org.apache.felix.framework.Felix.startBundle(Felix.java:2045)
	at org.apache.felix.framework.Felix.setActiveStartLevel(Felix.java:1299)
	at org.apache.felix.framework.FrameworkStartLevelImpl.run(FrameworkStartLevelImpl.java:304)
	at java.lang.Thread.run(Thread.java:748)
ERROR: Bundle org.apache.cxf.cxf-rt-transports-http [199] Error starting mvn:org.apache.cxf/cxf-rt-transports-http/3.0.13 (org.osgi.framework.BundleException: Unresolved constraint in bundle org.apache.cxf.cxf-rt-transports-http [199]: Unable to resolve 199.0: missing requirement [199.0] osgi.wiring.package; (&(osgi.wiring.package=org.apache.cxf)(version>=3.0.0)(!(version>=4.0.0))) [caused by: Unable to resolve 191.0: missing requirement [191.0] osgi.wiring.package; (&(osgi.wiring.package=org.osgi.service.blueprint.container)(version>=1.0.0)(!(version>=2.0.0)))])
org.osgi.framework.BundleException: Unresolved constraint in bundle org.apache.cxf.cxf-rt-transports-http [199]: Unable to resolve 199.0: missing requirement [199.0] osgi.wiring.package; (&(osgi.wiring.package=org.apache.cxf)(version>=3.0.0)(!(version>=4.0.0))) [caused by: Unable to resolve 191.0: missing requirement [191.0] osgi.wiring.package; (&(osgi.wiring.package=org.osgi.service.blueprint.container)(version>=1.0.0)(!(version>=2.0.0)))]
	at org.apache.felix.framework.Felix.resolveBundleRevision(Felix.java:4002)
	at org.apache.felix.framework.Felix.startBundle(Felix.java:2045)
	at org.apache.felix.framework.Felix.setActiveStartLevel(Felix.java:1299)
	at org.apache.felix.framework.FrameworkStartLevelImpl.run(FrameworkStartLevelImpl.java:304)
	at java.lang.Thread.run(Thread.java:748)
ERROR: Bundle org.apache.cxf.cxf-rt-frontend-simple [200] Error starting mvn:org.apache.cxf/cxf-rt-frontend-simple/3.0.13 (org.osgi.framework.BundleException: Unresolved constraint in bundle org.apache.cxf.cxf-rt-frontend-simple [200]: Unable to resolve 200.0: missing requirement [200.0] osgi.wiring.package; (&(osgi.wiring.package=org.apache.cxf)(version>=3.0.0)(!(version>=4.0.0))) [caused by: Unable to resolve 191.0: missing requirement [191.0] osgi.wiring.package; (&(osgi.wiring.package=org.osgi.service.blueprint.container)(version>=1.0.0)(!(version>=2.0.0)))])
org.osgi.framework.BundleException: Unresolved constraint in bundle org.apache.cxf.cxf-rt-frontend-simple [200]: Unable to resolve 200.0: missing requirement [200.0] osgi.wiring.package; (&(osgi.wiring.package=org.apache.cxf)(version>=3.0.0)(!(version>=4.0.0))) [caused by: Unable to resolve 191.0: missing requirement [191.0] osgi.wiring.package; (&(osgi.wiring.package=org.osgi.service.blueprint.container)(version>=1.0.0)(!(version>=2.0.0)))]
	at org.apache.felix.framework.Felix.resolveBundleRevision(Felix.java:4002)
	at org.apache.felix.framework.Felix.startBundle(Felix.java:2045)
	at org.apache.felix.framework.Felix.setActiveStartLevel(Felix.java:1299)
	at org.apache.felix.framework.FrameworkStartLevelImpl.run(FrameworkStartLevelImpl.java:304)
	at java.lang.Thread.run(Thread.java:748)
ERROR: Bundle org.apache.cxf.cxf-rt-frontend-jaxws [201] Error starting mvn:org.apache.cxf/cxf-rt-frontend-jaxws/3.0.13 (org.osgi.framework.BundleException: Unresolved constraint in bundle org.apache.cxf.cxf-rt-frontend-jaxws [201]: Unable to resolve 201.0: missing requirement [201.0] osgi.wiring.package; (&(osgi.wiring.package=org.apache.cxf)(version>=3.0.0)(!(version>=4.0.0))) [caused by: Unable to resolve 191.0: missing requirement [191.0] osgi.wiring.package; (&(osgi.wiring.package=org.osgi.service.blueprint.container)(version>=1.0.0)(!(version>=2.0.0)))])
org.osgi.framework.BundleException: Unresolved constraint in bundle org.apache.cxf.cxf-rt-frontend-jaxws [201]: Unable to resolve 201.0: missing requirement [201.0] osgi.wiring.package; (&(osgi.wiring.package=org.apache.cxf)(version>=3.0.0)(!(version>=4.0.0))) [caused by: Unable to resolve 191.0: missing requirement [191.0] osgi.wiring.package; (&(osgi.wiring.package=org.osgi.service.blueprint.container)(version>=1.0.0)(!(version>=2.0.0)))]
	at org.apache.felix.framework.Felix.resolveBundleRevision(Felix.java:4002)
	at org.apache.felix.framework.Felix.startBundle(Felix.java:2045)
	at org.apache.felix.framework.Felix.setActiveStartLevel(Felix.java:1299)
	at org.apache.felix.framework.FrameworkStartLevelImpl.run(FrameworkStartLevelImpl.java:304)
	at java.lang.Thread.run(Thread.java:748)
ERROR: Bundle org.apache.cxf.cxf-rt-rs-extension-providers [203] Error starting mvn:org.apache.cxf/cxf-rt-rs-extension-providers/3.0.13 (org.osgi.framework.BundleException: Unresolved constraint in bundle org.apache.cxf.cxf-rt-rs-extension-providers [203]: Unable to resolve 203.0: missing requirement [203.0] osgi.wiring.package; (&(osgi.wiring.package=org.apache.cxf.common.logging)(version>=3.0.0)(!(version>=4.0.0))) [caused by: Unable to resolve 191.0: missing requirement [191.0] osgi.wiring.package; (&(osgi.wiring.package=org.osgi.service.blueprint.container)(version>=1.0.0)(!(version>=2.0.0)))])
org.osgi.framework.BundleException: Unresolved constraint in bundle org.apache.cxf.cxf-rt-rs-extension-providers [203]: Unable to resolve 203.0: missing requirement [203.0] osgi.wiring.package; (&(osgi.wiring.package=org.apache.cxf.common.logging)(version>=3.0.0)(!(version>=4.0.0))) [caused by: Unable to resolve 191.0: missing requirement [191.0] osgi.wiring.package; (&(osgi.wiring.package=org.osgi.service.blueprint.container)(version>=1.0.0)(!(version>=2.0.0)))]
	at org.apache.felix.framework.Felix.resolveBundleRevision(Felix.java:4002)
	at org.apache.felix.framework.Felix.startBundle(Felix.java:2045)
	at org.apache.felix.framework.Felix.setActiveStartLevel(Felix.java:1299)
	at org.apache.felix.framework.FrameworkStartLevelImpl.run(FrameworkStartLevelImpl.java:304)
	at java.lang.Thread.run(Thread.java:748)
ERROR: Bundle org.apache.cxf.cxf-rt-rs-extension-search [204] Error starting mvn:org.apache.cxf/cxf-rt-rs-extension-search/3.0.13 (org.osgi.framework.BundleException: Unresolved constraint in bundle org.apache.cxf.cxf-rt-rs-extension-search [204]: Unable to resolve 204.0: missing requirement [204.0] osgi.wiring.package; (&(osgi.wiring.package=org.apache.cxf.common.classloader)(version>=3.0.0)(!(version>=4.0.0))) [caused by: Unable to resolve 191.0: missing requirement [191.0] osgi.wiring.package; (&(osgi.wiring.package=org.osgi.service.blueprint.container)(version>=1.0.0)(!(version>=2.0.0)))])
org.osgi.framework.BundleException: Unresolved constraint in bundle org.apache.cxf.cxf-rt-rs-extension-search [204]: Unable to resolve 204.0: missing requirement [204.0] osgi.wiring.package; (&(osgi.wiring.package=org.apache.cxf.common.classloader)(version>=3.0.0)(!(version>=4.0.0))) [caused by: Unable to resolve 191.0: missing requirement [191.0] osgi.wiring.package; (&(osgi.wiring.package=org.osgi.service.blueprint.container)(version>=1.0.0)(!(version>=2.0.0)))]
	at org.apache.felix.framework.Felix.resolveBundleRevision(Felix.java:4002)
	at org.apache.felix.framework.Felix.startBundle(Felix.java:2045)
	at org.apache.felix.framework.Felix.setActiveStartLevel(Felix.java:1299)
	at org.apache.felix.framework.FrameworkStartLevelImpl.run(FrameworkStartLevelImpl.java:304)
	at java.lang.Thread.run(Thread.java:748)
ERROR: Bundle org.apache.cxf.cxf-rt-rs-json-basic [205] Error starting mvn:org.apache.cxf/cxf-rt-rs-json-basic/3.0.13 (org.osgi.framework.BundleException: Unresolved constraint in bundle org.apache.cxf.cxf-rt-rs-json-basic [205]: Unable to resolve 205.0: missing requirement [205.0] osgi.wiring.package; (&(osgi.wiring.package=org.apache.cxf.common.util)(version>=3.0.0)(!(version>=4.0.0))) [caused by: Unable to resolve 191.0: missing requirement [191.0] osgi.wiring.package; (&(osgi.wiring.package=org.osgi.service.blueprint.container)(version>=1.0.0)(!(version>=2.0.0)))])
org.osgi.framework.BundleException: Unresolved constraint in bundle org.apache.cxf.cxf-rt-rs-json-basic [205]: Unable to resolve 205.0: missing requirement [205.0] osgi.wiring.package; (&(osgi.wiring.package=org.apache.cxf.common.util)(version>=3.0.0)(!(version>=4.0.0))) [caused by: Unable to resolve 191.0: missing requirement [191.0] osgi.wiring.package; (&(osgi.wiring.package=org.osgi.service.blueprint.container)(version>=1.0.0)(!(version>=2.0.0)))]
	at org.apache.felix.framework.Felix.resolveBundleRevision(Felix.java:4002)
	at org.apache.felix.framework.Felix.startBundle(Felix.java:2045)
	at org.apache.felix.framework.Felix.setActiveStartLevel(Felix.java:1299)
	at org.apache.felix.framework.FrameworkStartLevelImpl.run(FrameworkStartLevelImpl.java:304)
	at java.lang.Thread.run(Thread.java:748)
ERROR: Bundle org.apache.cxf.cxf-rt-rs-service-description [206] Error starting mvn:org.apache.cxf/cxf-rt-rs-service-description/3.0.13 (org.osgi.framework.BundleException: Unresolved constraint in bundle org.apache.cxf.cxf-rt-rs-service-description [206]: Unable to resolve 206.0: missing requirement [206.0] osgi.wiring.package; (&(osgi.wiring.package=org.apache.cxf)(version>=3.0.0)(!(version>=4.0.0))) [caused by: Unable to resolve 191.0: missing requirement [191.0] osgi.wiring.package; (&(osgi.wiring.package=org.osgi.service.blueprint.container)(version>=1.0.0)(!(version>=2.0.0)))])
org.osgi.framework.BundleException: Unresolved constraint in bundle org.apache.cxf.cxf-rt-rs-service-description [206]: Unable to resolve 206.0: missing requirement [206.0] osgi.wiring.package; (&(osgi.wiring.package=org.apache.cxf)(version>=3.0.0)(!(version>=4.0.0))) [caused by: Unable to resolve 191.0: missing requirement [191.0] osgi.wiring.package; (&(osgi.wiring.package=org.osgi.service.blueprint.container)(version>=1.0.0)(!(version>=2.0.0)))]
	at org.apache.felix.framework.Felix.resolveBundleRevision(Felix.java:4002)
	at org.apache.felix.framework.Felix.startBundle(Felix.java:2045)
	at org.apache.felix.framework.Felix.setActiveStartLevel(Felix.java:1299)
	at org.apache.felix.framework.FrameworkStartLevelImpl.run(FrameworkStartLevelImpl.java:304)
	at java.lang.Thread.run(Thread.java:748)
ERROR: Bundle org.apache.cxf.cxf-rt-frontend-jaxrs [207] Error starting mvn:org.apache.cxf/cxf-rt-frontend-jaxrs/3.0.13 (org.osgi.framework.BundleException: Unresolved constraint in bundle org.apache.cxf.cxf-rt-frontend-jaxrs [207]: Unable to resolve 207.0: missing requirement [207.0] osgi.wiring.package; (&(osgi.wiring.package=org.apache.cxf)(version>=3.0.0)(!(version>=4.0.0))) [caused by: Unable to resolve 191.0: missing requirement [191.0] osgi.wiring.package; (&(osgi.wiring.package=org.osgi.service.blueprint.container)(version>=1.0.0)(!(version>=2.0.0)))])
org.osgi.framework.BundleException: Unresolved constraint in bundle org.apache.cxf.cxf-rt-frontend-jaxrs [207]: Unable to resolve 207.0: missing requirement [207.0] osgi.wiring.package; (&(osgi.wiring.package=org.apache.cxf)(version>=3.0.0)(!(version>=4.0.0))) [caused by: Unable to resolve 191.0: missing requirement [191.0] osgi.wiring.package; (&(osgi.wiring.package=org.osgi.service.blueprint.container)(version>=1.0.0)(!(version>=2.0.0)))]
	at org.apache.felix.framework.Felix.resolveBundleRevision(Felix.java:4002)
	at org.apache.felix.framework.Felix.startBundle(Felix.java:2045)
	at org.apache.felix.framework.Felix.setActiveStartLevel(Felix.java:1299)
	at org.apache.felix.framework.FrameworkStartLevelImpl.run(FrameworkStartLevelImpl.java:304)
	at java.lang.Thread.run(Thread.java:748)
ERROR: Bundle org.apache.cxf.cxf-rt-rs-client [208] Error starting mvn:org.apache.cxf/cxf-rt-rs-client/3.0.13 (org.osgi.framework.BundleException: Unresolved constraint in bundle org.apache.cxf.cxf-rt-rs-client [208]: Unable to resolve 208.0: missing requirement [208.0] osgi.wiring.package; (&(osgi.wiring.package=org.apache.cxf)(version>=3.0.0)(!(version>=4.0.0))) [caused by: Unable to resolve 191.0: missing requirement [191.0] osgi.wiring.package; (&(osgi.wiring.package=org.osgi.service.blueprint.container)(version>=1.0.0)(!(version>=2.0.0)))])
org.osgi.framework.BundleException: Unresolved constraint in bundle org.apache.cxf.cxf-rt-rs-client [208]: Unable to resolve 208.0: missing requirement [208.0] osgi.wiring.package; (&(osgi.wiring.package=org.apache.cxf)(version>=3.0.0)(!(version>=4.0.0))) [caused by: Unable to resolve 191.0: missing requirement [191.0] osgi.wiring.package; (&(osgi.wiring.package=org.osgi.service.blueprint.container)(version>=1.0.0)(!(version>=2.0.0)))]
	at org.apache.felix.framework.Felix.resolveBundleRevision(Felix.java:4002)
	at org.apache.felix.framework.Felix.startBundle(Felix.java:2045)
	at org.apache.felix.framework.Felix.setActiveStartLevel(Felix.java:1299)
	at org.apache.felix.framework.FrameworkStartLevelImpl.run(FrameworkStartLevelImpl.java:304)
	at java.lang.Thread.run(Thread.java:748)
ERROR: Bundle org.apache.cxf.cxf-rt-databinding-aegis [209] Error starting mvn:org.apache.cxf/cxf-rt-databinding-aegis/3.0.13 (org.osgi.framework.BundleException: Unresolved constraint in bundle org.apache.cxf.cxf-rt-databinding-aegis [209]: Unable to resolve 209.0: missing requirement [209.0] osgi.wiring.package; (&(osgi.wiring.package=org.apache.cxf)(version>=3.0.0)(!(version>=4.0.0))) [caused by: Unable to resolve 191.0: missing requirement [191.0] osgi.wiring.package; (&(osgi.wiring.package=org.osgi.service.blueprint.container)(version>=1.0.0)(!(version>=2.0.0)))])
org.osgi.framework.BundleException: Unresolved constraint in bundle org.apache.cxf.cxf-rt-databinding-aegis [209]: Unable to resolve 209.0: missing requirement [209.0] osgi.wiring.package; (&(osgi.wiring.package=org.apache.cxf)(version>=3.0.0)(!(version>=4.0.0))) [caused by: Unable to resolve 191.0: missing requirement [191.0] osgi.wiring.package; (&(osgi.wiring.package=org.osgi.service.blueprint.container)(version>=1.0.0)(!(version>=2.0.0)))]
	at org.apache.felix.framework.Felix.resolveBundleRevision(Felix.java:4002)
	at org.apache.felix.framework.Felix.startBundle(Felix.java:2045)
	at org.apache.felix.framework.Felix.setActiveStartLevel(Felix.java:1299)
	at org.apache.felix.framework.FrameworkStartLevelImpl.run(FrameworkStartLevelImpl.java:304)
	at java.lang.Thread.run(Thread.java:748)
ERROR: Bundle org.apache.cxf.cxf-rt-databinding-xmlbeans [211] Error starting mvn:org.apache.cxf/cxf-rt-databinding-xmlbeans/3.0.13 (org.osgi.framework.BundleException: Unresolved constraint in bundle org.apache.cxf.cxf-rt-databinding-xmlbeans [211]: Unable to resolve 211.0: missing requirement [211.0] osgi.wiring.package; (&(osgi.wiring.package=org.apache.cxf.common.i18n)(version>=3.0.0)(!(version>=4.0.0))) [caused by: Unable to resolve 191.0: missing requirement [191.0] osgi.wiring.package; (&(osgi.wiring.package=org.osgi.service.blueprint.container)(version>=1.0.0)(!(version>=2.0.0)))])
org.osgi.framework.BundleException: Unresolved constraint in bundle org.apache.cxf.cxf-rt-databinding-xmlbeans [211]: Unable to resolve 211.0: missing requirement [211.0] osgi.wiring.package; (&(osgi.wiring.package=org.apache.cxf.common.i18n)(version>=3.0.0)(!(version>=4.0.0))) [caused by: Unable to resolve 191.0: missing requirement [191.0] osgi.wiring.package; (&(osgi.wiring.package=org.osgi.service.blueprint.container)(version>=1.0.0)(!(version>=2.0.0)))]
	at org.apache.felix.framework.Felix.resolveBundleRevision(Felix.java:4002)
	at org.apache.felix.framework.Felix.startBundle(Felix.java:2045)
	at org.apache.felix.framework.Felix.setActiveStartLevel(Felix.java:1299)
	at org.apache.felix.framework.FrameworkStartLevelImpl.run(FrameworkStartLevelImpl.java:304)
	at java.lang.Thread.run(Thread.java:748)
ERROR: Bundle org.apache.cxf.cxf-rt-bindings-coloc [212] Error starting mvn:org.apache.cxf/cxf-rt-bindings-coloc/3.0.13 (org.osgi.framework.BundleException: Unresolved constraint in bundle org.apache.cxf.cxf-rt-bindings-coloc [212]: Unable to resolve 212.0: missing requirement [212.0] osgi.wiring.package; (&(osgi.wiring.package=org.apache.cxf)(version>=3.0.0)(!(version>=4.0.0))) [caused by: Unable to resolve 191.0: missing requirement [191.0] osgi.wiring.package; (&(osgi.wiring.package=org.osgi.service.blueprint.container)(version>=1.0.0)(!(version>=2.0.0)))])
org.osgi.framework.BundleException: Unresolved constraint in bundle org.apache.cxf.cxf-rt-bindings-coloc [212]: Unable to resolve 212.0: missing requirement [212.0] osgi.wiring.package; (&(osgi.wiring.package=org.apache.cxf)(version>=3.0.0)(!(version>=4.0.0))) [caused by: Unable to resolve 191.0: missing requirement [191.0] osgi.wiring.package; (&(osgi.wiring.package=org.osgi.service.blueprint.container)(version>=1.0.0)(!(version>=2.0.0)))]
	at org.apache.felix.framework.Felix.resolveBundleRevision(Felix.java:4002)
	at org.apache.felix.framework.Felix.startBundle(Felix.java:2045)
	at org.apache.felix.framework.Felix.setActiveStartLevel(Felix.java:1299)
	at org.apache.felix.framework.FrameworkStartLevelImpl.run(FrameworkStartLevelImpl.java:304)
	at java.lang.Thread.run(Thread.java:748)
ERROR: Bundle org.apache.cxf.cxf-rt-transports-local [213] Error starting mvn:org.apache.cxf/cxf-rt-transports-local/3.0.13 (org.osgi.framework.BundleException: Unresolved constraint in bundle org.apache.cxf.cxf-rt-transports-local [213]: Unable to resolve 213.0: missing requirement [213.0] osgi.wiring.package; (&(osgi.wiring.package=org.apache.cxf)(version>=3.0.0)(!(version>=4.0.0))) [caused by: Unable to resolve 191.0: missing requirement [191.0] osgi.wiring.package; (&(osgi.wiring.package=org.osgi.service.blueprint.container)(version>=1.0.0)(!(version>=2.0.0)))])
org.osgi.framework.BundleException: Unresolved constraint in bundle org.apache.cxf.cxf-rt-transports-local [213]: Unable to resolve 213.0: missing requirement [213.0] osgi.wiring.package; (&(osgi.wiring.package=org.apache.cxf)(version>=3.0.0)(!(version>=4.0.0))) [caused by: Unable to resolve 191.0: missing requirement [191.0] osgi.wiring.package; (&(osgi.wiring.package=org.osgi.service.blueprint.container)(version>=1.0.0)(!(version>=2.0.0)))]
	at org.apache.felix.framework.Felix.resolveBundleRevision(Felix.java:4002)
	at org.apache.felix.framework.Felix.startBundle(Felix.java:2045)
	at org.apache.felix.framework.Felix.setActiveStartLevel(Felix.java:1299)
	at org.apache.felix.framework.FrameworkStartLevelImpl.run(FrameworkStartLevelImpl.java:304)
	at java.lang.Thread.run(Thread.java:748)
ERROR: Bundle org.apache.cxf.cxf-rt-bindings-object [214] Error starting mvn:org.apache.cxf/cxf-rt-bindings-object/3.0.13 (org.osgi.framework.BundleException: Unresolved constraint in bundle org.apache.cxf.cxf-rt-bindings-object [214]: Unable to resolve 214.0: missing requirement [214.0] osgi.wiring.package; (&(osgi.wiring.package=org.apache.cxf)(version>=3.0.0)(!(version>=4.0.0))) [caused by: Unable to resolve 191.0: missing requirement [191.0] osgi.wiring.package; (&(osgi.wiring.package=org.osgi.service.blueprint.container)(version>=1.0.0)(!(version>=2.0.0)))])
org.osgi.framework.BundleException: Unresolved constraint in bundle org.apache.cxf.cxf-rt-bindings-object [214]: Unable to resolve 214.0: missing requirement [214.0] osgi.wiring.package; (&(osgi.wiring.package=org.apache.cxf)(version>=3.0.0)(!(version>=4.0.0))) [caused by: Unable to resolve 191.0: missing requirement [191.0] osgi.wiring.package; (&(osgi.wiring.package=org.osgi.service.blueprint.container)(version>=1.0.0)(!(version>=2.0.0)))]
	at org.apache.felix.framework.Felix.resolveBundleRevision(Felix.java:4002)
	at org.apache.felix.framework.Felix.startBundle(Felix.java:2045)
	at org.apache.felix.framework.Felix.setActiveStartLevel(Felix.java:1299)
	at org.apache.felix.framework.FrameworkStartLevelImpl.run(FrameworkStartLevelImpl.java:304)
	at java.lang.Thread.run(Thread.java:748)
ERROR: Bundle org.apache.cxf.cxf-rt-ws-policy [217] Error starting mvn:org.apache.cxf/cxf-rt-ws-policy/3.0.13 (org.osgi.framework.BundleException: Unresolved constraint in bundle org.apache.cxf.cxf-rt-ws-policy [217]: Unable to resolve 217.0: missing requirement [217.0] osgi.wiring.package; (&(osgi.wiring.package=org.apache.cxf)(version>=3.0.0)(!(version>=4.0.0))) [caused by: Unable to resolve 191.0: missing requirement [191.0] osgi.wiring.package; (&(osgi.wiring.package=org.osgi.service.blueprint.container)(version>=1.0.0)(!(version>=2.0.0)))])
org.osgi.framework.BundleException: Unresolved constraint in bundle org.apache.cxf.cxf-rt-ws-policy [217]: Unable to resolve 217.0: missing requirement [217.0] osgi.wiring.package; (&(osgi.wiring.package=org.apache.cxf)(version>=3.0.0)(!(version>=4.0.0))) [caused by: Unable to resolve 191.0: missing requirement [191.0] osgi.wiring.package; (&(osgi.wiring.package=org.osgi.service.blueprint.container)(version>=1.0.0)(!(version>=2.0.0)))]
	at org.apache.felix.framework.Felix.resolveBundleRevision(Felix.java:4002)
	at org.apache.felix.framework.Felix.startBundle(Felix.java:2045)
	at org.apache.felix.framework.Felix.setActiveStartLevel(Felix.java:1299)
	at org.apache.felix.framework.FrameworkStartLevelImpl.run(FrameworkStartLevelImpl.java:304)
	at java.lang.Thread.run(Thread.java:748)
ERROR: Bundle org.apache.cxf.cxf-rt-ws-addr [234] Error starting mvn:org.apache.cxf/cxf-rt-ws-addr/3.0.13 (org.osgi.framework.BundleException: Unresolved constraint in bundle org.apache.cxf.cxf-rt-ws-addr [234]: Unable to resolve 234.0: missing requirement [234.0] osgi.wiring.package; (&(osgi.wiring.package=org.apache.cxf)(version>=3.0.0)(!(version>=4.0.0))) [caused by: Unable to resolve 191.0: missing requirement [191.0] osgi.wiring.package; (&(osgi.wiring.package=org.osgi.service.blueprint.container)(version>=1.0.0)(!(version>=2.0.0)))])
org.osgi.framework.BundleException: Unresolved constraint in bundle org.apache.cxf.cxf-rt-ws-addr [234]: Unable to resolve 234.0: missing requirement [234.0] osgi.wiring.package; (&(osgi.wiring.package=org.apache.cxf)(version>=3.0.0)(!(version>=4.0.0))) [caused by: Unable to resolve 191.0: missing requirement [191.0] osgi.wiring.package; (&(osgi.wiring.package=org.osgi.service.blueprint.container)(version>=1.0.0)(!(version>=2.0.0)))]
	at org.apache.felix.framework.Felix.resolveBundleRevision(Felix.java:4002)
	at org.apache.felix.framework.Felix.startBundle(Felix.java:2045)
	at org.apache.felix.framework.Felix.setActiveStartLevel(Felix.java:1299)
	at org.apache.felix.framework.FrameworkStartLevelImpl.run(FrameworkStartLevelImpl.java:304)
	at java.lang.Thread.run(Thread.java:748)
ERROR: Bundle net.sf.ehcache [235] Error starting mvn:net.sf.ehcache/ehcache/2.8.5 (org.osgi.framework.BundleException: Unresolved constraint in bundle net.sf.ehcache [235]: Unable to resolve 235.0: missing requirement [235.0] osgi.wiring.package; (osgi.wiring.package=javax.transaction.xa))
org.osgi.framework.BundleException: Unresolved constraint in bundle net.sf.ehcache [235]: Unable to resolve 235.0: missing requirement [235.0] osgi.wiring.package; (osgi.wiring.package=javax.transaction.xa)
	at org.apache.felix.framework.Felix.resolveBundleRevision(Felix.java:4002)
	at org.apache.felix.framework.Felix.startBundle(Felix.java:2045)
	at org.apache.felix.framework.Felix.setActiveStartLevel(Felix.java:1299)
	at org.apache.felix.framework.FrameworkStartLevelImpl.run(FrameworkStartLevelImpl.java:304)
	at java.lang.Thread.run(Thread.java:748)
ERROR: Bundle org.apache.cxf.cxf-rt-ws-security [236] Error starting mvn:org.apache.cxf/cxf-rt-ws-security/3.0.13 (org.osgi.framework.BundleException: Unresolved constraint in bundle org.apache.cxf.cxf-rt-ws-security [236]: Unable to resolve 236.0: missing requirement [236.0] osgi.wiring.package; (&(osgi.wiring.package=org.apache.cxf)(version>=3.0.0)(!(version>=4.0.0))) [caused by: Unable to resolve 191.0: missing requirement [191.0] osgi.wiring.package; (&(osgi.wiring.package=org.osgi.service.blueprint.container)(version>=1.0.0)(!(version>=2.0.0)))])
org.osgi.framework.BundleException: Unresolved constraint in bundle org.apache.cxf.cxf-rt-ws-security [236]: Unable to resolve 236.0: missing requirement [236.0] osgi.wiring.package; (&(osgi.wiring.package=org.apache.cxf)(version>=3.0.0)(!(version>=4.0.0))) [caused by: Unable to resolve 191.0: missing requirement [191.0] osgi.wiring.package; (&(osgi.wiring.package=org.osgi.service.blueprint.container)(version>=1.0.0)(!(version>=2.0.0)))]
	at org.apache.felix.framework.Felix.resolveBundleRevision(Felix.java:4002)
	at org.apache.felix.framework.Felix.startBundle(Felix.java:2045)
	at org.apache.felix.framework.Felix.setActiveStartLevel(Felix.java:1299)
	at org.apache.felix.framework.FrameworkStartLevelImpl.run(FrameworkStartLevelImpl.java:304)
	at java.lang.Thread.run(Thread.java:748)
ERROR: Bundle org.apache.cxf.cxf-rt-security [237] Error starting mvn:org.apache.cxf/cxf-rt-security/3.0.13 (org.osgi.framework.BundleException: Unresolved constraint in bundle org.apache.cxf.cxf-rt-security [237]: Unable to resolve 237.0: missing requirement [237.0] osgi.wiring.package; (&(osgi.wiring.package=org.apache.cxf.common.classloader)(version>=3.0.0)(!(version>=4.0.0))) [caused by: Unable to resolve 191.0: missing requirement [191.0] osgi.wiring.package; (&(osgi.wiring.package=org.osgi.service.blueprint.container)(version>=1.0.0)(!(version>=2.0.0)))])
org.osgi.framework.BundleException: Unresolved constraint in bundle org.apache.cxf.cxf-rt-security [237]: Unable to resolve 237.0: missing requirement [237.0] osgi.wiring.package; (&(osgi.wiring.package=org.apache.cxf.common.classloader)(version>=3.0.0)(!(version>=4.0.0))) [caused by: Unable to resolve 191.0: missing requirement [191.0] osgi.wiring.package; (&(osgi.wiring.package=org.osgi.service.blueprint.container)(version>=1.0.0)(!(version>=2.0.0)))]
	at org.apache.felix.framework.Felix.resolveBundleRevision(Felix.java:4002)
	at org.apache.felix.framework.Felix.startBundle(Felix.java:2045)
	at org.apache.felix.framework.Felix.setActiveStartLevel(Felix.java:1299)
	at org.apache.felix.framework.FrameworkStartLevelImpl.run(FrameworkStartLevelImpl.java:304)
	at java.lang.Thread.run(Thread.java:748)
ERROR: Bundle org.apache.cxf.cxf-rt-ws-rm [238] Error starting mvn:org.apache.cxf/cxf-rt-ws-rm/3.0.13 (org.osgi.framework.BundleException: Unresolved constraint in bundle org.apache.cxf.cxf-rt-ws-rm [238]: Unable to resolve 238.0: missing requirement [238.0] osgi.wiring.package; (&(osgi.wiring.package=org.apache.cxf)(version>=3.0.0)(!(version>=4.0.0))) [caused by: Unable to resolve 191.0: missing requirement [191.0] osgi.wiring.package; (&(osgi.wiring.package=org.osgi.service.blueprint.container)(version>=1.0.0)(!(version>=2.0.0)))])
org.osgi.framework.BundleException: Unresolved constraint in bundle org.apache.cxf.cxf-rt-ws-rm [238]: Unable to resolve 238.0: missing requirement [238.0] osgi.wiring.package; (&(osgi.wiring.package=org.apache.cxf)(version>=3.0.0)(!(version>=4.0.0))) [caused by: Unable to resolve 191.0: missing requirement [191.0] osgi.wiring.package; (&(osgi.wiring.package=org.osgi.service.blueprint.container)(version>=1.0.0)(!(version>=2.0.0)))]
	at org.apache.felix.framework.Felix.resolveBundleRevision(Felix.java:4002)
	at org.apache.felix.framework.Felix.startBundle(Felix.java:2045)
	at org.apache.felix.framework.Felix.setActiveStartLevel(Felix.java:1299)
	at org.apache.felix.framework.FrameworkStartLevelImpl.run(FrameworkStartLevelImpl.java:304)
	at java.lang.Thread.run(Thread.java:748)
ERROR: Bundle org.apache.cxf.cxf-rt-javascript [239] Error starting mvn:org.apache.cxf/cxf-rt-javascript/3.0.13 (org.osgi.framework.BundleException: Unresolved constraint in bundle org.apache.cxf.cxf-rt-javascript [239]: Unable to resolve 239.0: missing requirement [239.0] osgi.wiring.package; (&(osgi.wiring.package=org.apache.cxf)(version>=3.0.0)(!(version>=4.0.0))) [caused by: Unable to resolve 191.0: missing requirement [191.0] osgi.wiring.package; (&(osgi.wiring.package=org.osgi.service.blueprint.container)(version>=1.0.0)(!(version>=2.0.0)))])
org.osgi.framework.BundleException: Unresolved constraint in bundle org.apache.cxf.cxf-rt-javascript [239]: Unable to resolve 239.0: missing requirement [239.0] osgi.wiring.package; (&(osgi.wiring.package=org.apache.cxf)(version>=3.0.0)(!(version>=4.0.0))) [caused by: Unable to resolve 191.0: missing requirement [191.0] osgi.wiring.package; (&(osgi.wiring.package=org.osgi.service.blueprint.container)(version>=1.0.0)(!(version>=2.0.0)))]
	at org.apache.felix.framework.Felix.resolveBundleRevision(Felix.java:4002)
	at org.apache.felix.framework.Felix.startBundle(Felix.java:2045)
	at org.apache.felix.framework.Felix.setActiveStartLevel(Felix.java:1299)
	at org.apache.felix.framework.FrameworkStartLevelImpl.run(FrameworkStartLevelImpl.java:304)
	at java.lang.Thread.run(Thread.java:748)
ERROR: Bundle pentaho-big-data-kettle-plugins-formats [130] Error starting mvn:pentaho/pentaho-big-data-kettle-plugins-formats/8.1.0.0-365 (org.osgi.framework.BundleException: Unresolved constraint in bundle pentaho-big-data-kettle-plugins-formats [130]: Unable to resolve 130.0: missing requirement [130.0] osgi.wiring.package; (&(osgi.wiring.package=org.apache.commons.lang)(version>=2.6.0)(!(version>=3.0.0))))
org.osgi.framework.BundleException: Unresolved constraint in bundle pentaho-big-data-kettle-plugins-formats [130]: Unable to resolve 130.0: missing requirement [130.0] osgi.wiring.package; (&(osgi.wiring.package=org.apache.commons.lang)(version>=2.6.0)(!(version>=3.0.0)))
	at org.apache.felix.framework.Felix.resolveBundleRevision(Felix.java:4002)
	at org.apache.felix.framework.Felix.startBundle(Felix.java:2045)
	at org.apache.felix.framework.Felix.setActiveStartLevel(Felix.java:1299)
	at org.apache.felix.framework.FrameworkStartLevelImpl.run(FrameworkStartLevelImpl.java:304)
	at java.lang.Thread.run(Thread.java:748)
ERROR: Bundle pentaho-big-data-impl-shim-format [131] Error starting mvn:pentaho/pentaho-big-data-impl-shim-format/8.1.0.0-365 (org.osgi.framework.BundleException: Unresolved constraint in bundle pentaho-big-data-impl-shim-format [131]: Unable to resolve 131.0: missing requirement [131.0] osgi.wiring.package; (&(osgi.wiring.package=com.pentaho.big.data.bundles.impl.shim.common)(version>=8.1.0)(!(version>=9.0.0))))
org.osgi.framework.BundleException: Unresolved constraint in bundle pentaho-big-data-impl-shim-format [131]: Unable to resolve 131.0: missing requirement [131.0] osgi.wiring.package; (&(osgi.wiring.package=com.pentaho.big.data.bundles.impl.shim.common)(version>=8.1.0)(!(version>=9.0.0)))
	at org.apache.felix.framework.Felix.resolveBundleRevision(Felix.java:4002)
	at org.apache.felix.framework.Felix.startBundle(Felix.java:2045)
	at org.apache.felix.framework.Felix.setActiveStartLevel(Felix.java:1299)
	at org.apache.felix.framework.FrameworkStartLevelImpl.run(FrameworkStartLevelImpl.java:304)
	at java.lang.Thread.run(Thread.java:748)
ERROR: Bundle pentaho-big-data-impl-clusterTests [132] Error starting mvn:pentaho/pentaho-big-data-impl-clusterTests/8.1.0.0-365 (org.osgi.framework.BundleException: Unresolved constraint in bundle pentaho-big-data-impl-clusterTests [132]: Unable to resolve 132.0: missing requirement [132.0] osgi.wiring.package; (&(osgi.wiring.package=org.apache.commons.lang)(version>=2.6.0)(!(version>=3.0.0))))
org.osgi.framework.BundleException: Unresolved constraint in bundle pentaho-big-data-impl-clusterTests [132]: Unable to resolve 132.0: missing requirement [132.0] osgi.wiring.package; (&(osgi.wiring.package=org.apache.commons.lang)(version>=2.6.0)(!(version>=3.0.0)))
	at org.apache.felix.framework.Felix.resolveBundleRevision(Felix.java:4002)
	at org.apache.felix.framework.Felix.startBundle(Felix.java:2045)
	at org.apache.felix.framework.Felix.setActiveStartLevel(Felix.java:1299)
	at org.apache.felix.framework.FrameworkStartLevelImpl.run(FrameworkStartLevelImpl.java:304)
	at java.lang.Thread.run(Thread.java:748)
ERROR: Bundle pentaho-big-data-impl-shim-shimTests [133] Error starting mvn:pentaho/pentaho-big-data-impl-shim-shimTests/8.1.0.0-365 (org.osgi.framework.BundleException: Unresolved constraint in bundle pentaho-big-data-impl-shim-shimTests [133]: Unable to resolve 133.0: missing requirement [133.0] osgi.wiring.package; (&(osgi.wiring.package=com.pentaho.big.data.bundles.impl.shim.common)(version>=8.1.0)(!(version>=9.0.0))))
org.osgi.framework.BundleException: Unresolved constraint in bundle pentaho-big-data-impl-shim-shimTests [133]: Unable to resolve 133.0: missing requirement [133.0] osgi.wiring.package; (&(osgi.wiring.package=com.pentaho.big.data.bundles.impl.shim.common)(version>=8.1.0)(!(version>=9.0.0)))
	at org.apache.felix.framework.Felix.resolveBundleRevision(Felix.java:4002)
	at org.apache.felix.framework.Felix.startBundle(Felix.java:2045)
	at org.apache.felix.framework.Felix.setActiveStartLevel(Felix.java:1299)
	at org.apache.felix.framework.FrameworkStartLevelImpl.run(FrameworkStartLevelImpl.java:304)
	at java.lang.Thread.run(Thread.java:748)
ERROR: Bundle org.apache.activemq.artemis-jms-client-osgi [149] Error starting mvn:org.apache.activemq/artemis-jms-client-osgi/2.5.0 (org.osgi.framework.BundleException: Unresolved constraint in bundle org.apache.activemq.artemis-jms-client-osgi [149]: Unable to resolve 149.0: missing requirement [149.0] osgi.wiring.package; (&(osgi.wiring.package=javax.jms)(version>=2.0.0)(!(version>=3.0.0))) [caused by: Unable to resolve 152.0: missing requirement [152.0] osgi.wiring.package; (osgi.wiring.package=javax.transaction.xa)])
org.osgi.framework.BundleException: Unresolved constraint in bundle org.apache.activemq.artemis-jms-client-osgi [149]: Unable to resolve 149.0: missing requirement [149.0] osgi.wiring.package; (&(osgi.wiring.package=javax.jms)(version>=2.0.0)(!(version>=3.0.0))) [caused by: Unable to resolve 152.0: missing requirement [152.0] osgi.wiring.package; (osgi.wiring.package=javax.transaction.xa)]
	at org.apache.felix.framework.Felix.resolveBundleRevision(Felix.java:4002)
	at org.apache.felix.framework.Felix.startBundle(Felix.java:2045)
	at org.apache.felix.framework.Felix.setActiveStartLevel(Felix.java:1299)
	at org.apache.felix.framework.FrameworkStartLevelImpl.run(FrameworkStartLevelImpl.java:304)
	at java.lang.Thread.run(Thread.java:748)
ERROR: Bundle pentaho-streaming-jms-plugin [150] Error starting mvn:org.pentaho.di.plugins/pentaho-streaming-jms-plugin/8.1.0.0-365 (org.osgi.framework.BundleException: Unresolved constraint in bundle pentaho-streaming-jms-plugin [150]: Unable to resolve 150.0: missing requirement [150.0] osgi.wiring.package; (&(osgi.wiring.package=javax.jms)(version>=2.0.0)(!(version>=3.0.0))) [caused by: Unable to resolve 152.0: missing requirement [152.0] osgi.wiring.package; (osgi.wiring.package=javax.transaction.xa)])
org.osgi.framework.BundleException: Unresolved constraint in bundle pentaho-streaming-jms-plugin [150]: Unable to resolve 150.0: missing requirement [150.0] osgi.wiring.package; (&(osgi.wiring.package=javax.jms)(version>=2.0.0)(!(version>=3.0.0))) [caused by: Unable to resolve 152.0: missing requirement [152.0] osgi.wiring.package; (osgi.wiring.package=javax.transaction.xa)]
	at org.apache.felix.framework.Felix.resolveBundleRevision(Felix.java:4002)
	at org.apache.felix.framework.Felix.startBundle(Felix.java:2045)
	at org.apache.felix.framework.Felix.setActiveStartLevel(Felix.java:1299)
	at org.apache.felix.framework.FrameworkStartLevelImpl.run(FrameworkStartLevelImpl.java:304)
	at java.lang.Thread.run(Thread.java:748)
ERROR: Bundle javax.jms-api [152] Error starting mvn:javax.jms/javax.jms-api/2.0.1 (org.osgi.framework.BundleException: Unresolved constraint in bundle javax.jms-api [152]: Unable to resolve 152.0: missing requirement [152.0] osgi.wiring.package; (osgi.wiring.package=javax.transaction.xa))
org.osgi.framework.BundleException: Unresolved constraint in bundle javax.jms-api [152]: Unable to resolve 152.0: missing requirement [152.0] osgi.wiring.package; (osgi.wiring.package=javax.transaction.xa)
	at org.apache.felix.framework.Felix.resolveBundleRevision(Felix.java:4002)
	at org.apache.felix.framework.Felix.startBundle(Felix.java:2045)
	at org.apache.felix.framework.Felix.setActiveStartLevel(Felix.java:1299)
	at org.apache.felix.framework.FrameworkStartLevelImpl.run(FrameworkStartLevelImpl.java:304)
	at java.lang.Thread.run(Thread.java:748)
ERROR: Bundle pentaho-streaming-mqtt-plugin [153] Error starting mvn:org.pentaho.di.plugins/pentaho-streaming-mqtt-plugin/8.1.0.0-365 (org.osgi.framework.BundleException: Unresolved constraint in bundle pentaho-streaming-mqtt-plugin [153]: Unable to resolve 153.0: missing requirement [153.0] osgi.wiring.package; (&(osgi.wiring.package=com.google.common.base)(version>=17.0.0)(!(version>=18.0.0))))
org.osgi.framework.BundleException: Unresolved constraint in bundle pentaho-streaming-mqtt-plugin [153]: Unable to resolve 153.0: missing requirement [153.0] osgi.wiring.package; (&(osgi.wiring.package=com.google.common.base)(version>=17.0.0)(!(version>=18.0.0)))
	at org.apache.felix.framework.Felix.resolveBundleRevision(Felix.java:4002)
	at org.apache.felix.framework.Felix.startBundle(Felix.java:2045)
	at org.apache.felix.framework.Felix.setActiveStartLevel(Felix.java:1299)
	at org.apache.felix.framework.FrameworkStartLevelImpl.run(FrameworkStartLevelImpl.java:304)
	at java.lang.Thread.run(Thread.java:748)
ERROR: Bundle pentaho-metaverse-core [162] Error starting mvn:pentaho/pentaho-metaverse-core/8.1.0.0-365 (org.osgi.framework.BundleException: Unresolved constraint in bundle pentaho-metaverse-core [162]: Unable to resolve 162.0: missing requirement [162.0] osgi.wiring.package; (&(osgi.wiring.package=com.google.common.collect)(version>=17.0.0)(!(version>=18.0.0))))
org.osgi.framework.BundleException: Unresolved constraint in bundle pentaho-metaverse-core [162]: Unable to resolve 162.0: missing requirement [162.0] osgi.wiring.package; (&(osgi.wiring.package=com.google.common.collect)(version>=17.0.0)(!(version>=18.0.0)))
	at org.apache.felix.framework.Felix.resolveBundleRevision(Felix.java:4002)
	at org.apache.felix.framework.Felix.startBundle(Felix.java:2045)
	at org.apache.felix.framework.Felix.setActiveStartLevel(Felix.java:1299)
	at org.apache.felix.framework.FrameworkStartLevelImpl.run(FrameworkStartLevelImpl.java:304)
	at java.lang.Thread.run(Thread.java:748)
ERROR: Bundle pentaho-metaverse-web [243] Error starting mvn:pentaho/pentaho-metaverse-web/8.1.0.0-365 (org.osgi.framework.BundleException: Unresolved constraint in bundle pentaho-metaverse-web [243]: Unable to resolve 243.0: missing requirement [243.0] osgi.wiring.package; (&(osgi.wiring.package=org.osgi.service.blueprint)(version>=1.0.0)(!(version>=2.0.0))))
org.osgi.framework.BundleException: Unresolved constraint in bundle pentaho-metaverse-web [243]: Unable to resolve 243.0: missing requirement [243.0] osgi.wiring.package; (&(osgi.wiring.package=org.osgi.service.blueprint)(version>=1.0.0)(!(version>=2.0.0)))
	at org.apache.felix.framework.Felix.resolveBundleRevision(Felix.java:4002)
	at org.apache.felix.framework.Felix.startBundle(Felix.java:2045)
	at org.apache.felix.framework.Felix.setActiveStartLevel(Felix.java:1299)
	at org.apache.felix.framework.FrameworkStartLevelImpl.run(FrameworkStartLevelImpl.java:304)
	at java.lang.Thread.run(Thread.java:748)
ERROR: Bundle pentaho-i18n-webservice-bundle [244] Error starting mvn:pentaho/pentaho-i18n-webservice-bundle/8.1.0.0-365 (org.osgi.framework.BundleException: Unresolved constraint in bundle pentaho-i18n-webservice-bundle [244]: Unable to resolve 244.0: missing requirement [244.0] osgi.wiring.package; (&(osgi.wiring.package=org.ops4j.pax.web.extender.whiteboard)(version>=3.1.0)(!(version>=4.0.0))))
org.osgi.framework.BundleException: Unresolved constraint in bundle pentaho-i18n-webservice-bundle [244]: Unable to resolve 244.0: missing requirement [244.0] osgi.wiring.package; (&(osgi.wiring.package=org.ops4j.pax.web.extender.whiteboard)(version>=3.1.0)(!(version>=4.0.0)))
	at org.apache.felix.framework.Felix.resolveBundleRevision(Felix.java:4002)
	at org.apache.felix.framework.Felix.startBundle(Felix.java:2045)
	at org.apache.felix.framework.Felix.setActiveStartLevel(Felix.java:1299)
	at org.apache.felix.framework.FrameworkStartLevelImpl.run(FrameworkStartLevelImpl.java:304)
	at java.lang.Thread.run(Thread.java:748)
ERROR: Bundle pdi-dataservice-client-plugin [245] Error starting mvn:pentaho/pdi-dataservice-client-plugin/8.1.0.0-365 (org.osgi.framework.BundleException: Unresolved constraint in bundle pdi-dataservice-client-plugin [245]: Unable to resolve 245.0: missing requirement [245.0] osgi.wiring.package; (&(osgi.wiring.package=com.google.common.base)(version>=17.0.0)(!(version>=18.0.0))))
org.osgi.framework.BundleException: Unresolved constraint in bundle pdi-dataservice-client-plugin [245]: Unable to resolve 245.0: missing requirement [245.0] osgi.wiring.package; (&(osgi.wiring.package=com.google.common.base)(version>=17.0.0)(!(version>=18.0.0)))
	at org.apache.felix.framework.Felix.resolveBundleRevision(Felix.java:4002)
	at org.apache.felix.framework.Felix.startBundle(Felix.java:2045)
	at org.apache.felix.framework.Felix.setActiveStartLevel(Felix.java:1299)
	at org.apache.felix.framework.FrameworkStartLevelImpl.run(FrameworkStartLevelImpl.java:304)
	at java.lang.Thread.run(Thread.java:748)
ERROR: Bundle pdi-dataservice-server-plugin [247] Error starting mvn:pentaho/pdi-dataservice-server-plugin/8.1.0.0-365 (org.osgi.framework.BundleException: Unresolved constraint in bundle pdi-dataservice-server-plugin [247]: Unable to resolve 247.0: missing requirement [247.0] osgi.wiring.package; (&(osgi.wiring.package=com.google.common.base)(version>=17.0.0)(!(version>=18.0.0))))
org.osgi.framework.BundleException: Unresolved constraint in bundle pdi-dataservice-server-plugin [247]: Unable to resolve 247.0: missing requirement [247.0] osgi.wiring.package; (&(osgi.wiring.package=com.google.common.base)(version>=17.0.0)(!(version>=18.0.0)))
	at org.apache.felix.framework.Felix.resolveBundleRevision(Felix.java:4002)
	at org.apache.felix.framework.Felix.startBundle(Felix.java:2045)
	at org.apache.felix.framework.Felix.setActiveStartLevel(Felix.java:1299)
	at org.apache.felix.framework.FrameworkStartLevelImpl.run(FrameworkStartLevelImpl.java:304)
	at java.lang.Thread.run(Thread.java:748)
ERROR: Bundle data-refinery-pdi-plugin [250] Error starting mvn:pentaho/data-refinery-pdi-plugin/8.1.0.0-365 (org.osgi.framework.BundleException: Unresolved constraint in bundle data-refinery-pdi-plugin [250]: Unable to resolve 250.0: missing requirement [250.0] osgi.wiring.package; (&(osgi.wiring.package=org.osgi.service.cm)(version>=1.4.0)(!(version>=2.0.0))))
org.osgi.framework.BundleException: Unresolved constraint in bundle data-refinery-pdi-plugin [250]: Unable to resolve 250.0: missing requirement [250.0] osgi.wiring.package; (&(osgi.wiring.package=org.osgi.service.cm)(version>=1.4.0)(!(version>=2.0.0)))
	at org.apache.felix.framework.Felix.resolveBundleRevision(Felix.java:4002)
	at org.apache.felix.framework.Felix.startBundle(Felix.java:2045)
	at org.apache.felix.framework.Felix.setActiveStartLevel(Felix.java:1299)
	at org.apache.felix.framework.FrameworkStartLevelImpl.run(FrameworkStartLevelImpl.java:304)
	at java.lang.Thread.run(Thread.java:748)
ERROR: Bundle pentaho-big-data-impl-shim-initializer [258] Error starting mvn:pentaho/pentaho-big-data-impl-shim-initializer/8.1.0.0-365 (org.osgi.framework.BundleException: Unresolved constraint in bundle pentaho-big-data-impl-shim-initializer [258]: Unable to resolve 258.0: missing requirement [258.0] osgi.wiring.package; (&(osgi.wiring.package=com.pentaho.big.data.bundles.impl.shim.common)(version>=8.1.0)(!(version>=9.0.0))))
org.osgi.framework.BundleException: Unresolved constraint in bundle pentaho-big-data-impl-shim-initializer [258]: Unable to resolve 258.0: missing requirement [258.0] osgi.wiring.package; (&(osgi.wiring.package=com.pentaho.big.data.bundles.impl.shim.common)(version>=8.1.0)(!(version>=9.0.0)))
	at org.apache.felix.framework.Felix.resolveBundleRevision(Felix.java:4002)
	at org.apache.felix.framework.Felix.startBundle(Felix.java:2045)
	at org.apache.felix.framework.Felix.setActiveStartLevel(Felix.java:1299)
	at org.apache.felix.framework.FrameworkStartLevelImpl.run(FrameworkStartLevelImpl.java:304)
	at java.lang.Thread.run(Thread.java:748)
ERROR: Bundle pentaho-big-data-impl-shim-hdfs [259] Error starting mvn:pentaho/pentaho-big-data-impl-shim-hdfs/8.1.0.0-365 (org.osgi.framework.BundleException: Unresolved constraint in bundle pentaho-big-data-impl-shim-hdfs [259]: Unable to resolve 259.0: missing requirement [259.0] osgi.wiring.package; (&(osgi.wiring.package=com.pentaho.big.data.bundles.impl.shim.common)(version>=8.1.0)(!(version>=9.0.0))))
org.osgi.framework.BundleException: Unresolved constraint in bundle pentaho-big-data-impl-shim-hdfs [259]: Unable to resolve 259.0: missing requirement [259.0] osgi.wiring.package; (&(osgi.wiring.package=com.pentaho.big.data.bundles.impl.shim.common)(version>=8.1.0)(!(version>=9.0.0)))
	at org.apache.felix.framework.Felix.resolveBundleRevision(Felix.java:4002)
	at org.apache.felix.framework.Felix.startBundle(Felix.java:2045)
	at org.apache.felix.framework.Felix.setActiveStartLevel(Felix.java:1299)
	at org.apache.felix.framework.FrameworkStartLevelImpl.run(FrameworkStartLevelImpl.java:304)
	at java.lang.Thread.run(Thread.java:748)
ERROR: Bundle pentaho-big-data-impl-shim-hbase [260] Error starting mvn:pentaho/pentaho-big-data-impl-shim-hbase/8.1.0.0-365 (org.osgi.framework.BundleException: Unresolved constraint in bundle pentaho-big-data-impl-shim-hbase [260]: Unable to resolve 260.0: missing requirement [260.0] osgi.wiring.package; (&(osgi.wiring.package=com.google.common.collect)(version>=17.0.0)(!(version>=18.0.0))))
org.osgi.framework.BundleException: Unresolved constraint in bundle pentaho-big-data-impl-shim-hbase [260]: Unable to resolve 260.0: missing requirement [260.0] osgi.wiring.package; (&(osgi.wiring.package=com.google.common.collect)(version>=17.0.0)(!(version>=18.0.0)))
	at org.apache.felix.framework.Felix.resolveBundleRevision(Felix.java:4002)
	at org.apache.felix.framework.Felix.startBundle(Felix.java:2045)
	at org.apache.felix.framework.Felix.setActiveStartLevel(Felix.java:1299)
	at org.apache.felix.framework.FrameworkStartLevelImpl.run(FrameworkStartLevelImpl.java:304)
	at java.lang.Thread.run(Thread.java:748)
ERROR: Bundle pentaho-big-data-impl-shim-mapreduce [261] Error starting mvn:pentaho/pentaho-big-data-impl-shim-mapreduce/8.1.0.0-365 (org.osgi.framework.BundleException: Unresolved constraint in bundle pentaho-big-data-impl-shim-mapreduce [261]: Unable to resolve 261.0: missing requirement [261.0] osgi.wiring.package; (&(osgi.wiring.package=com.pentaho.big.data.bundles.impl.shim.common)(version>=8.1.0)(!(version>=9.0.0))))
org.osgi.framework.BundleException: Unresolved constraint in bundle pentaho-big-data-impl-shim-mapreduce [261]: Unable to resolve 261.0: missing requirement [261.0] osgi.wiring.package; (&(osgi.wiring.package=com.pentaho.big.data.bundles.impl.shim.common)(version>=8.1.0)(!(version>=9.0.0)))
	at org.apache.felix.framework.Felix.resolveBundleRevision(Felix.java:4002)
	at org.apache.felix.framework.Felix.startBundle(Felix.java:2045)
	at org.apache.felix.framework.Felix.setActiveStartLevel(Felix.java:1299)
	at org.apache.felix.framework.FrameworkStartLevelImpl.run(FrameworkStartLevelImpl.java:304)
	at java.lang.Thread.run(Thread.java:748)
ERROR: Bundle pentaho-big-data-impl-shim-pig [262] Error starting mvn:pentaho/pentaho-big-data-impl-shim-pig/8.1.0.0-365 (org.osgi.framework.BundleException: Unresolved constraint in bundle pentaho-big-data-impl-shim-pig [262]: Unable to resolve 262.0: missing requirement [262.0] osgi.wiring.package; (&(osgi.wiring.package=com.pentaho.big.data.bundles.impl.shim.common)(version>=8.1.0)(!(version>=9.0.0))))
org.osgi.framework.BundleException: Unresolved constraint in bundle pentaho-big-data-impl-shim-pig [262]: Unable to resolve 262.0: missing requirement [262.0] osgi.wiring.package; (&(osgi.wiring.package=com.pentaho.big.data.bundles.impl.shim.common)(version>=8.1.0)(!(version>=9.0.0)))
	at org.apache.felix.framework.Felix.resolveBundleRevision(Felix.java:4002)
	at org.apache.felix.framework.Felix.startBundle(Felix.java:2045)
	at org.apache.felix.framework.Felix.setActiveStartLevel(Felix.java:1299)
	at org.apache.felix.framework.FrameworkStartLevelImpl.run(FrameworkStartLevelImpl.java:304)
	at java.lang.Thread.run(Thread.java:748)
ERROR: Bundle pentaho-big-data-impl-shim-oozie [263] Error starting mvn:pentaho/pentaho-big-data-impl-shim-oozie/8.1.0.0-365 (org.osgi.framework.BundleException: Unresolved constraint in bundle pentaho-big-data-impl-shim-oozie [263]: Unable to resolve 263.0: missing requirement [263.0] osgi.wiring.package; (&(osgi.wiring.package=com.pentaho.big.data.bundles.impl.shim.common)(version>=8.1.0)(!(version>=9.0.0))))
org.osgi.framework.BundleException: Unresolved constraint in bundle pentaho-big-data-impl-shim-oozie [263]: Unable to resolve 263.0: missing requirement [263.0] osgi.wiring.package; (&(osgi.wiring.package=com.pentaho.big.data.bundles.impl.shim.common)(version>=8.1.0)(!(version>=9.0.0)))
	at org.apache.felix.framework.Felix.resolveBundleRevision(Felix.java:4002)
	at org.apache.felix.framework.Felix.startBundle(Felix.java:2045)
	at org.apache.felix.framework.Felix.setActiveStartLevel(Felix.java:1299)
	at org.apache.felix.framework.FrameworkStartLevelImpl.run(FrameworkStartLevelImpl.java:304)
	at java.lang.Thread.run(Thread.java:748)
ERROR: Bundle pentaho-big-data-impl-shim-sqoop [264] Error starting mvn:pentaho/pentaho-big-data-impl-shim-sqoop/8.1.0.0-365 (org.osgi.framework.BundleException: Unresolved constraint in bundle pentaho-big-data-impl-shim-sqoop [264]: Unable to resolve 264.0: missing requirement [264.0] osgi.wiring.package; (&(osgi.wiring.package=com.google.common.collect)(version>=17.0.0)(!(version>=18.0.0))))
org.osgi.framework.BundleException: Unresolved constraint in bundle pentaho-big-data-impl-shim-sqoop [264]: Unable to resolve 264.0: missing requirement [264.0] osgi.wiring.package; (&(osgi.wiring.package=com.google.common.collect)(version>=17.0.0)(!(version>=18.0.0)))
	at org.apache.felix.framework.Felix.resolveBundleRevision(Felix.java:4002)
	at org.apache.felix.framework.Felix.startBundle(Felix.java:2045)
	at org.apache.felix.framework.Felix.setActiveStartLevel(Felix.java:1299)
	at org.apache.felix.framework.FrameworkStartLevelImpl.run(FrameworkStartLevelImpl.java:304)
	at java.lang.Thread.run(Thread.java:748)
ERROR: Bundle pentaho-big-data-impl-shim-jaas [265] Error starting mvn:pentaho/pentaho-big-data-impl-shim-jaas/8.1.0.0-365 (org.osgi.framework.BundleException: Unresolved constraint in bundle pentaho-big-data-impl-shim-jaas [265]: Unable to resolve 265.0: missing requirement [265.0] osgi.wiring.package; (&(osgi.wiring.package=com.pentaho.big.data.bundles.impl.shim.common)(version>=8.1.0)(!(version>=9.0.0))))
org.osgi.framework.BundleException: Unresolved constraint in bundle pentaho-big-data-impl-shim-jaas [265]: Unable to resolve 265.0: missing requirement [265.0] osgi.wiring.package; (&(osgi.wiring.package=com.pentaho.big.data.bundles.impl.shim.common)(version>=8.1.0)(!(version>=9.0.0)))
	at org.apache.felix.framework.Felix.resolveBundleRevision(Felix.java:4002)
	at org.apache.felix.framework.Felix.startBundle(Felix.java:2045)
	at org.apache.felix.framework.Felix.setActiveStartLevel(Felix.java:1299)
	at org.apache.felix.framework.FrameworkStartLevelImpl.run(FrameworkStartLevelImpl.java:304)
	at java.lang.Thread.run(Thread.java:748)
ERROR: Bundle pentaho-big-data-impl-shim-hive [266] Error starting mvn:pentaho/pentaho-big-data-impl-shim-hive/8.1.0.0-365 (org.osgi.framework.BundleException: Unresolved constraint in bundle pentaho-big-data-impl-shim-hive [266]: Unable to resolve 266.0: missing requirement [266.0] osgi.wiring.package; (osgi.wiring.package=com.pentaho.big.data.bundles.impl.shim.common))
org.osgi.framework.BundleException: Unresolved constraint in bundle pentaho-big-data-impl-shim-hive [266]: Unable to resolve 266.0: missing requirement [266.0] osgi.wiring.package; (osgi.wiring.package=com.pentaho.big.data.bundles.impl.shim.common)
	at org.apache.felix.framework.Felix.resolveBundleRevision(Felix.java:4002)
	at org.apache.felix.framework.Felix.startBundle(Felix.java:2045)
	at org.apache.felix.framework.Felix.setActiveStartLevel(Felix.java:1299)
	at org.apache.felix.framework.FrameworkStartLevelImpl.run(FrameworkStartLevelImpl.java:304)
	at java.lang.Thread.run(Thread.java:748)
ERROR: Bundle pentaho-big-data-impl-vfs-hdfs [267] Error starting mvn:pentaho/pentaho-big-data-impl-vfs-hdfs/8.1.0.0-365 (org.osgi.framework.BundleException: Unresolved constraint in bundle pentaho-big-data-impl-vfs-hdfs [267]: Unable to resolve 267.0: missing requirement [267.0] osgi.wiring.package; (&(osgi.wiring.package=org.osgi.service.blueprint)(version>=1.0.0)(!(version>=2.0.0))))
org.osgi.framework.BundleException: Unresolved constraint in bundle pentaho-big-data-impl-vfs-hdfs [267]: Unable to resolve 267.0: missing requirement [267.0] osgi.wiring.package; (&(osgi.wiring.package=org.osgi.service.blueprint)(version>=1.0.0)(!(version>=2.0.0)))
	at org.apache.felix.framework.Felix.resolveBundleRevision(Felix.java:4002)
	at org.apache.felix.framework.Felix.startBundle(Felix.java:2045)
	at org.apache.felix.framework.Felix.setActiveStartLevel(Felix.java:1299)
	at org.apache.felix.framework.FrameworkStartLevelImpl.run(FrameworkStartLevelImpl.java:304)
	at java.lang.Thread.run(Thread.java:748)
ERROR: Bundle pentaho-hadoop-shims-osgi-jaas [268] Error starting mvn:pentaho/pentaho-hadoop-shims-osgi-jaas/8.1.0.0-365 (org.osgi.framework.BundleException: Unresolved constraint in bundle pentaho-hadoop-shims-osgi-jaas [268]: Unable to resolve 268.0: missing requirement [268.0] osgi.wiring.package; (&(osgi.wiring.package=org.apache.karaf.jaas.config)(version>=3.0.0)(!(version>=4.0.0))))
org.osgi.framework.BundleException: Unresolved constraint in bundle pentaho-hadoop-shims-osgi-jaas [268]: Unable to resolve 268.0: missing requirement [268.0] osgi.wiring.package; (&(osgi.wiring.package=org.apache.karaf.jaas.config)(version>=3.0.0)(!(version>=4.0.0)))
	at org.apache.felix.framework.Felix.resolveBundleRevision(Felix.java:4002)
	at org.apache.felix.framework.Felix.startBundle(Felix.java:2045)
	at org.apache.felix.framework.Felix.setActiveStartLevel(Felix.java:1299)
	at org.apache.felix.framework.FrameworkStartLevelImpl.run(FrameworkStartLevelImpl.java:304)
	at java.lang.Thread.run(Thread.java:748)
22:31:57,917 ERROR [KarafLifecycleListener] The Kettle Karaf Lifecycle Listener failed to execute properly after waiting for 100 seconds. Releasing lifecycle hold, but some services may be unavailable.
2025/07/20 22:31:58 - REST_Call_and_Load_Ciena_to_DB - Start of job execution
log4j:ERROR No output stream or file set for the appender named [pdi-execution-appender].
2025/07/20 22:31:58 - REST_Call_and_Load_Ciena_to_DB - Starting entry [LoadConfiguration]
2025/07/20 22:31:58 - LoadConfiguration - Loading transformation from XML file [file:///hawaiki_il/endpointcentral/endpoint_configuration.ktr]
2025/07/20 22:31:58 - LoadConfiguration - Using run configuration [Pentaho local]
2025/07/20 22:31:58 - LoadConfiguration - Using legacy execution engine
2025/07/20 22:31:58 - ciena_load_configuration - Dispatching started for transformation [ciena_load_configuration]
2025/07/20 22:31:58 - Property Input.0 - Finished processing (I=20, O=0, R=0, W=20, U=0, E=0)
2025/07/20 22:31:58 - Row denormaliser.0 - Finished processing (I=0, O=0, R=20, W=1, U=0, E=0)
2025/07/20 22:31:58 - Set Variables.0 - Setting environment variables...
2025/07/20 22:31:58 - Set Variables.0 - Set variable TARGET_DB_IP to value [10.7.2.132]
2025/07/20 22:31:58 - Set Variables.0 - Set variable TARGET_DB_NAME to value [pm_db]
2025/07/20 22:31:58 - Set Variables.0 - Set variable TARGET_DB_PORT to value [3306]
2025/07/20 22:31:58 - Set Variables.0 - Set variable TARGET_DB_USER to value [mediation_rw]
2025/07/20 22:31:58 - Set Variables.0 - Set variable TARGET_DB_PASS to value [RKbZ4NzQJrL20tmu]
2025/07/20 22:31:58 - Set Variables.0 - Set variable TARGET_ACCESS_URL to value [https://desktop-central.bw-digital-ext.com:8383/api/1.4/patch/allsystems]
2025/07/20 22:31:58 - Set Variables.0 - Set variable TARGET_KEY to value [AUTHORIZATION]
2025/07/20 22:31:58 - Set Variables.0 - Set variable TARGET_VALUE to value [F33E4AD8-C9AD-4892-9E2A-EBDD26043FC4]
2025/07/20 22:31:58 - Set Variables.0 - Set variable TARGET_EMAIL_DESTINATION_ADDRESS to value [itsys@bw-digital.com]
2025/07/20 22:31:58 - Set Variables.0 - Set variable TARGET_EMAIL_SENDER_ADDRESS to value [no-reply@bw-digital.com]
2025/07/20 22:31:58 - Set Variables.0 - Set variable TARGET_EMAIL_SMTP_SERVER to value []
2025/07/20 22:31:58 - Set Variables.0 - Set variable TARGET_EMAIL_PORT to value []
2025/07/20 22:31:58 - Set Variables.0 - Set variable TARGET_EMAIL_SMTP_PASSWORD to value []
2025/07/20 22:31:58 - Set Variables.0 - Set variable TARGET_EMAIL_SUBJECT to value []
2025/07/20 22:31:58 - Set Variables.0 - Set variable TARGET-SLEEP_AFTER_REST_ATTEMPT to value [Y]
2025/07/20 22:31:58 - Set Variables.0 - Set variable TARGET_SLEEP_TIMER to value [3.0]
2025/07/20 22:31:58 - Set Variables.0 - Set variable TARGET_DURATION_DAYS to value [2.0]
2025/07/20 22:31:58 - Set Variables.0 - Set variable TARGET_BINSTATE_LOG to value [Y]
2025/07/20 22:31:58 - Set Variables.0 - Set variable TARGET_DATE_START to value [2024-10-31]
2025/07/20 22:31:58 - Set Variables.0 - Set variable TARGET_DATE_END to value [2024-10-31]
2025/07/20 22:31:58 - Set Variables.0 - Finished after 1 rows.
2025/07/20 22:31:58 - Set Variables.0 - Finished processing (I=0, O=0, R=1, W=1, U=0, E=0)
2025/07/20 22:31:58 - REST_Call_and_Load_Ciena_to_DB - Starting entry [ExtractData]
2025/07/20 22:31:58 - ExtractData - Loading transformation from XML file [file:///hawaiki_il/endpointcentral/endpoint_report_extraction.ktr]
2025/07/20 22:31:58 - ExtractData - Using run configuration [Pentaho local]
2025/07/20 22:31:58 - ExtractData - Using legacy execution engine
2025/07/20 22:31:58 - ciena_report_extraction - Dispatching started for transformation [ciena_report_extraction]
SLF4J: Class path contains multiple SLF4J bindings.
SLF4J: Found binding in [jar:file:/hawaiki_il/data-integration/launcher/../lib/slf4j-log4j12-1.7.7.jar!/org/slf4j/impl/StaticLoggerBinder.class]
SLF4J: Found binding in [jar:file:/hawaiki_il/data-integration/plugins/kettle-json-plugin/lib/slf4j-log4j12-1.7.7.jar!/org/slf4j/impl/StaticLoggerBinder.class]
SLF4J: See http://www.slf4j.org/codes.html#multiple_bindings for an explanation.
SLF4J: Actual binding is of type [org.slf4j.impl.Log4jLoggerFactory]
2025/07/20 22:31:58 - Table output.0 - Connected to database [db] (commit=1000)
2025/07/20 22:31:58 - Generate Rows.0 - Finished processing (I=0, O=0, R=0, W=1, U=0, E=0)
2025/07/20 22:31:59 - REST client.0 - ERROR (version 8.1.0.0-365, build 8.1.0.0-365 from 2018-04-30 09.42.24 by buildguy) : Because of an error, this step can't continue: 
2025/07/20 22:31:59 - REST client.0 - Can not result from [https://desktop-central.bw-digital-ext.com:8383/api/1.4/patch/allsystems?page=1&pagelimit=1000]
2025/07/20 22:31:59 - REST client.0 - javax.net.ssl.SSLHandshakeException: sun.security.validator.ValidatorException: PKIX path building failed: sun.security.provider.certpath.SunCertPathBuilderException: unable to find valid certification path to requested target
2025/07/20 22:31:59 - REST client.0 - ERROR (version 8.1.0.0-365, build 8.1.0.0-365 from 2018-04-30 09.42.24 by buildguy) : org.pentaho.di.core.exception.KettleException: 
2025/07/20 22:31:59 - REST client.0 - Can not result from [https://desktop-central.bw-digital-ext.com:8383/api/1.4/patch/allsystems?page=1&pagelimit=1000]
2025/07/20 22:31:59 - REST client.0 - javax.net.ssl.SSLHandshakeException: sun.security.validator.ValidatorException: PKIX path building failed: sun.security.provider.certpath.SunCertPathBuilderException: unable to find valid certification path to requested target
2025/07/20 22:31:59 - REST client.0 - 
2025/07/20 22:31:59 - REST client.0 - 	at org.pentaho.di.trans.steps.rest.Rest.callRest(Rest.java:256)
2025/07/20 22:31:59 - REST client.0 - 	at org.pentaho.di.trans.steps.rest.Rest.processRow(Rest.java:453)
2025/07/20 22:31:59 - REST client.0 - 	at org.pentaho.di.trans.step.RunThread.run(RunThread.java:62)
2025/07/20 22:31:59 - REST client.0 - 	at java.lang.Thread.run(Thread.java:748)
2025/07/20 22:31:59 - REST client.0 - Caused by: com.sun.jersey.api.client.ClientHandlerException: javax.net.ssl.SSLHandshakeException: sun.security.validator.ValidatorException: PKIX path building failed: sun.security.provider.certpath.SunCertPathBuilderException: unable to find valid certification path to requested target
2025/07/20 22:31:59 - REST client.0 - 	at com.sun.jersey.client.apache4.ApacheHttpClient4Handler.handle(ApacheHttpClient4Handler.java:187)
2025/07/20 22:31:59 - REST client.0 - 	at com.sun.jersey.api.client.Client.handle(Client.java:652)
2025/07/20 22:31:59 - REST client.0 - 	at com.sun.jersey.api.client.WebResource.handle(WebResource.java:682)
2025/07/20 22:31:59 - REST client.0 - 	at com.sun.jersey.api.client.WebResource.access$200(WebResource.java:74)
2025/07/20 22:31:59 - REST client.0 - 	at com.sun.jersey.api.client.WebResource$Builder.get(WebResource.java:509)
2025/07/20 22:31:59 - REST client.0 - 	at org.pentaho.di.trans.steps.rest.Rest.callRest(Rest.java:179)
2025/07/20 22:31:59 - REST client.0 - 	... 3 more
2025/07/20 22:31:59 - REST client.0 - Caused by: javax.net.ssl.SSLHandshakeException: sun.security.validator.ValidatorException: PKIX path building failed: sun.security.provider.certpath.SunCertPathBuilderException: unable to find valid certification path to requested target
2025/07/20 22:31:59 - REST client.0 - 	at sun.security.ssl.Alerts.getSSLException(Alerts.java:192)
2025/07/20 22:31:59 - REST client.0 - 	at sun.security.ssl.SSLSocketImpl.fatal(SSLSocketImpl.java:1946)
2025/07/20 22:31:59 - REST client.0 - 	at sun.security.ssl.Handshaker.fatalSE(Handshaker.java:316)
2025/07/20 22:31:59 - REST client.0 - 	at sun.security.ssl.Handshaker.fatalSE(Handshaker.java:310)
2025/07/20 22:31:59 - REST client.0 - 	at sun.security.ssl.ClientHandshaker.serverCertificate(ClientHandshaker.java:1639)
2025/07/20 22:31:59 - REST client.0 - 	at sun.security.ssl.ClientHandshaker.processMessage(ClientHandshaker.java:223)
2025/07/20 22:31:59 - REST client.0 - 	at sun.security.ssl.Handshaker.processLoop(Handshaker.java:1037)
2025/07/20 22:31:59 - REST client.0 - 	at sun.security.ssl.Handshaker.process_record(Handshaker.java:965)
2025/07/20 22:31:59 - REST client.0 - 	at sun.security.ssl.SSLSocketImpl.readRecord(SSLSocketImpl.java:1064)
2025/07/20 22:31:59 - REST client.0 - 	at sun.security.ssl.SSLSocketImpl.performInitialHandshake(SSLSocketImpl.java:1367)
2025/07/20 22:31:59 - REST client.0 - 	at sun.security.ssl.SSLSocketImpl.startHandshake(SSLSocketImpl.java:1395)
2025/07/20 22:31:59 - REST client.0 - 	at sun.security.ssl.SSLSocketImpl.startHandshake(SSLSocketImpl.java:1379)
2025/07/20 22:31:59 - REST client.0 - 	at org.apache.http.conn.ssl.SSLSocketFactory.createLayeredSocket(SSLSocketFactory.java:573)
2025/07/20 22:31:59 - REST client.0 - 	at org.apache.http.conn.ssl.SSLSocketFactory.connectSocket(SSLSocketFactory.java:557)
2025/07/20 22:31:59 - REST client.0 - 	at org.apache.http.conn.ssl.SSLSocketFactory.connectSocket(SSLSocketFactory.java:414)
2025/07/20 22:31:59 - REST client.0 - 	at org.apache.http.impl.conn.DefaultClientConnectionOperator.openConnection(DefaultClientConnectionOperator.java:180)
2025/07/20 22:31:59 - REST client.0 - 	at org.apache.http.impl.conn.ManagedClientConnectionImpl.open(ManagedClientConnectionImpl.java:326)
2025/07/20 22:31:59 - REST client.0 - 	at org.apache.http.impl.client.DefaultRequestDirector.tryConnect(DefaultRequestDirector.java:610)
2025/07/20 22:31:59 - REST client.0 - 	at org.apache.http.impl.client.DefaultRequestDirector.execute(DefaultRequestDirector.java:445)
2025/07/20 22:31:59 - REST client.0 - 	at org.apache.http.impl.client.AbstractHttpClient.doExecute(AbstractHttpClient.java:835)
2025/07/20 22:31:59 - REST client.0 - 	at org.apache.http.impl.client.CloseableHttpClient.execute(CloseableHttpClient.java:118)
2025/07/20 22:31:59 - REST client.0 - 	at org.apache.http.impl.client.CloseableHttpClient.execute(CloseableHttpClient.java:56)
2025/07/20 22:31:59 - REST client.0 - 	at com.sun.jersey.client.apache4.ApacheHttpClient4Handler.handle(ApacheHttpClient4Handler.java:173)
2025/07/20 22:31:59 - REST client.0 - 	... 8 more
2025/07/20 22:31:59 - REST client.0 - Caused by: sun.security.validator.ValidatorException: PKIX path building failed: sun.security.provider.certpath.SunCertPathBuilderException: unable to find valid certification path to requested target
2025/07/20 22:31:59 - REST client.0 - 	at sun.security.validator.PKIXValidator.doBuild(PKIXValidator.java:397)
2025/07/20 22:31:59 - REST client.0 - 	at sun.security.validator.PKIXValidator.engineValidate(PKIXValidator.java:302)
2025/07/20 22:31:59 - REST client.0 - 	at sun.security.validator.Validator.validate(Validator.java:262)
2025/07/20 22:31:59 - REST client.0 - 	at sun.security.ssl.X509TrustManagerImpl.validate(X509TrustManagerImpl.java:324)
2025/07/20 22:31:59 - REST client.0 - 	at sun.security.ssl.X509TrustManagerImpl.checkTrusted(X509TrustManagerImpl.java:229)
2025/07/20 22:31:59 - REST client.0 - 	at sun.security.ssl.X509TrustManagerImpl.checkServerTrusted(X509TrustManagerImpl.java:124)
2025/07/20 22:31:59 - REST client.0 - 	at sun.security.ssl.ClientHandshaker.serverCertificate(ClientHandshaker.java:1621)
2025/07/20 22:31:59 - REST client.0 - 	... 26 more
2025/07/20 22:31:59 - REST client.0 - Caused by: sun.security.provider.certpath.SunCertPathBuilderException: unable to find valid certification path to requested target
2025/07/20 22:31:59 - REST client.0 - 	at sun.security.provider.certpath.SunCertPathBuilder.build(SunCertPathBuilder.java:141)
2025/07/20 22:31:59 - REST client.0 - 	at sun.security.provider.certpath.SunCertPathBuilder.engineBuild(SunCertPathBuilder.java:126)
2025/07/20 22:31:59 - REST client.0 - 	at java.security.cert.CertPathBuilder.build(CertPathBuilder.java:280)
2025/07/20 22:31:59 - REST client.0 - 	at sun.security.validator.PKIXValidator.doBuild(PKIXValidator.java:392)
2025/07/20 22:31:59 - REST client.0 - 	... 32 more
2025/07/20 22:31:59 - ciena_report_extraction - ERROR (version 8.1.0.0-365, build 8.1.0.0-365 from 2018-04-30 09.42.24 by buildguy) : Errors detected!
2025/07/20 22:31:59 - REST client.0 - Finished processing (I=0, O=0, R=1, W=0, U=0, E=1)
2025/07/20 22:31:59 - ciena_report_extraction - Transformation detected one or more steps with errors.
2025/07/20 22:31:59 - ciena_report_extraction - Transformation is killing the other steps!
2025/07/20 22:31:59 - ciena_report_extraction - ERROR (version 8.1.0.0-365, build 8.1.0.0-365 from 2018-04-30 09.42.24 by buildguy) : Errors detected!
2025/07/20 22:31:59 - REST_Call_and_Load_Ciena_to_DB - Finished job entry [ExtractData] (result=[false])
2025/07/20 22:31:59 - REST_Call_and_Load_Ciena_to_DB - Finished job entry [LoadConfiguration] (result=[false])
2025/07/20 22:31:59 - REST_Call_and_Load_Ciena_to_DB - Job execution finished
2025/07/20 22:31:59 - Kitchen - Finished!
2025/07/20 22:31:59 - Kitchen - ERROR (version 8.1.0.0-365, build 8.1.0.0-365 from 2018-04-30 09.42.24 by buildguy) : Finished with errors
2025/07/20 22:31:59 - Kitchen - Start=2025/07/20 22:30:12.997, Stop=2025/07/20 22:31:59.543
2025/07/20 22:31:59 - Kitchen - Processing ended after 1 minutes and 46 seconds (106 seconds total).
#######################################################################
WARNING:  no libwebkitgtk-1.0 detected, some features will be unavailable
    Consider installing the package with apt-get or yum.
    e.g. 'sudo apt-get install libwebkitgtk-1.0-0'
#######################################################################
Java HotSpot(TM) Server VM warning: ignoring option MaxPermSize=256m; support was removed in 8.0
log4j:WARN Continuable parsing error 45 and column 76
log4j:WARN Element type "rollingPolicy" must be declared.
log4j:WARN Continuable parsing error 52 and column 14
log4j:WARN The content of element type "appender" must match "(errorHandler?,param*,layout?,filter*,appender-ref*)".
log4j:WARN Please set a rolling policy for the RollingFileAppender named 'pdi-execution-appender'
22:30:05,986 INFO  [KarafBoot] Checking to see if org.pentaho.clean.karaf.cache is enabled
22:32:15,552 INFO  [KarafInstance] 
*******************************************************************************
*** Karaf Instance Number: 4 at /hawaiki_il/data-integration/./system/karaf ***
***   /caches/kitchen/data-4                                                ***
*** FastBin Provider Port:52904                                             ***
*** Karaf Port:8805                                                         ***
*** OSGI Service Port:9054                                                  ***
*******************************************************************************
Jul 21, 2025 10:32:16 PM org.apache.karaf.main.Main$KarafLockCallback lockAquired
INFO: Lock acquired. Setting startlevel to 100
ERROR: Bundle org.apache.geronimo.specs.geronimo-osgi-registry [176] Error starting mvn:org.apache.geronimo.specs/geronimo-osgi-registry/1.1 (org.osgi.framework.BundleException: Unresolved constraint in bundle org.apache.geronimo.specs.geronimo-osgi-registry [176]: Unable to resolve 176.0: missing requirement [176.0] osgi.wiring.package; (&(osgi.wiring.package=org.osgi.service.log)(version>=1.3.0)))
org.osgi.framework.BundleException: Unresolved constraint in bundle org.apache.geronimo.specs.geronimo-osgi-registry [176]: Unable to resolve 176.0: missing requirement [176.0] osgi.wiring.package; (&(osgi.wiring.package=org.osgi.service.log)(version>=1.3.0))
	at org.apache.felix.framework.Felix.resolveBundleRevision(Felix.java:4002)
	at org.apache.felix.framework.Felix.startBundle(Felix.java:2045)
	at org.apache.felix.framework.Felix.setActiveStartLevel(Felix.java:1299)
	at org.apache.felix.framework.FrameworkStartLevelImpl.run(FrameworkStartLevelImpl.java:304)
	at java.lang.Thread.run(Thread.java:748)
2025/07/21 22:32:17 - Kitchen - Start of run.
ERROR: Bundle org.apache.karaf.bundle.springstate [175] Error starting mvn:org.apache.karaf.bundle/org.apache.karaf.bundle.springstate/3.0.3 (org.osgi.framework.BundleException: Unresolved constraint in bundle org.apache.karaf.bundle.springstate [175]: Unable to resolve 175.0: missing requirement [175.0] osgi.wiring.package; (&(osgi.wiring.package=org.apache.karaf.bundle.core)(version>=3.0.0)(!(version>=4.0.0))))
org.osgi.framework.BundleException: Unresolved constraint in bundle org.apache.karaf.bundle.springstate [175]: Unable to resolve 175.0: missing requirement [175.0] osgi.wiring.package; (&(osgi.wiring.package=org.apache.karaf.bundle.core)(version>=3.0.0)(!(version>=4.0.0)))
	at org.apache.felix.framework.Felix.resolveBundleRevision(Felix.java:4002)
	at org.apache.felix.framework.Felix.startBundle(Felix.java:2045)
	at org.apache.felix.framework.Felix.setActiveStartLevel(Felix.java:1299)
	at org.apache.felix.framework.FrameworkStartLevelImpl.run(FrameworkStartLevelImpl.java:304)
	at java.lang.Thread.run(Thread.java:748)
ERROR: Bundle org.apache.wss4j.wss4j-ws-security-common [229] Error starting mvn:org.apache.wss4j/wss4j-ws-security-common/2.0.6 (org.osgi.framework.BundleException: Unresolved constraint in bundle org.apache.wss4j.wss4j-ws-security-common [229]: Unable to resolve 229.0: missing requirement [229.0] osgi.wiring.package; (&(osgi.wiring.package=javax.mail.internet)(version>=1.4.0)(!(version>=2.0.0))))
org.osgi.framework.BundleException: Unresolved constraint in bundle org.apache.wss4j.wss4j-ws-security-common [229]: Unable to resolve 229.0: missing requirement [229.0] osgi.wiring.package; (&(osgi.wiring.package=javax.mail.internet)(version>=1.4.0)(!(version>=2.0.0)))
	at org.apache.felix.framework.Felix.resolveBundleRevision(Felix.java:4002)
	at org.apache.felix.framework.Felix.startBundle(Felix.java:2045)
	at org.apache.felix.framework.Felix.setActiveStartLevel(Felix.java:1299)
	at org.apache.felix.framework.FrameworkStartLevelImpl.run(FrameworkStartLevelImpl.java:304)
	at java.lang.Thread.run(Thread.java:748)
ERROR: Bundle org.apache.wss4j.wss4j-ws-security-dom [230] Error starting mvn:org.apache.wss4j/wss4j-ws-security-dom/2.0.6 (org.osgi.framework.BundleException: Unresolved constraint in bundle org.apache.wss4j.wss4j-ws-security-dom [230]: Unable to resolve 230.0: missing requirement [230.0] osgi.wiring.package; (&(osgi.wiring.package=org.apache.wss4j.common)(version>=2.0.0)(!(version>=3.0.0))) [caused by: Unable to resolve 229.0: missing requirement [229.0] osgi.wiring.package; (&(osgi.wiring.package=javax.mail.internet)(version>=1.4.0)(!(version>=2.0.0)))])
org.osgi.framework.BundleException: Unresolved constraint in bundle org.apache.wss4j.wss4j-ws-security-dom [230]: Unable to resolve 230.0: missing requirement [230.0] osgi.wiring.package; (&(osgi.wiring.package=org.apache.wss4j.common)(version>=2.0.0)(!(version>=3.0.0))) [caused by: Unable to resolve 229.0: missing requirement [229.0] osgi.wiring.package; (&(osgi.wiring.package=javax.mail.internet)(version>=1.4.0)(!(version>=2.0.0)))]
	at org.apache.felix.framework.Felix.resolveBundleRevision(Felix.java:4002)
	at org.apache.felix.framework.Felix.startBundle(Felix.java:2045)
	at org.apache.felix.framework.Felix.setActiveStartLevel(Felix.java:1299)
	at org.apache.felix.framework.FrameworkStartLevelImpl.run(FrameworkStartLevelImpl.java:304)
	at java.lang.Thread.run(Thread.java:748)
ERROR: Bundle org.apache.wss4j.wss4j-ws-security-stax [232] Error starting mvn:org.apache.wss4j/wss4j-ws-security-stax/2.0.6 (org.osgi.framework.BundleException: Unresolved constraint in bundle org.apache.wss4j.wss4j-ws-security-stax [232]: Unable to resolve 232.0: missing requirement [232.0] osgi.wiring.package; (&(osgi.wiring.package=org.apache.wss4j.common)(version>=2.0.0)(!(version>=3.0.0))) [caused by: Unable to resolve 229.0: missing requirement [229.0] osgi.wiring.package; (&(osgi.wiring.package=javax.mail.internet)(version>=1.4.0)(!(version>=2.0.0)))])
org.osgi.framework.BundleException: Unresolved constraint in bundle org.apache.wss4j.wss4j-ws-security-stax [232]: Unable to resolve 232.0: missing requirement [232.0] osgi.wiring.package; (&(osgi.wiring.package=org.apache.wss4j.common)(version>=2.0.0)(!(version>=3.0.0))) [caused by: Unable to resolve 229.0: missing requirement [229.0] osgi.wiring.package; (&(osgi.wiring.package=javax.mail.internet)(version>=1.4.0)(!(version>=2.0.0)))]
	at org.apache.felix.framework.Felix.resolveBundleRevision(Felix.java:4002)
	at org.apache.felix.framework.Felix.startBundle(Felix.java:2045)
	at org.apache.felix.framework.Felix.setActiveStartLevel(Felix.java:1299)
	at org.apache.felix.framework.FrameworkStartLevelImpl.run(FrameworkStartLevelImpl.java:304)
	at java.lang.Thread.run(Thread.java:748)
ERROR: Bundle org.apache.wss4j.wss4j-ws-security-policy-stax [233] Error starting mvn:org.apache.wss4j/wss4j-ws-security-policy-stax/2.0.6 (org.osgi.framework.BundleException: Unresolved constraint in bundle org.apache.wss4j.wss4j-ws-security-policy-stax [233]: Unable to resolve 233.0: missing requirement [233.0] osgi.wiring.package; (&(osgi.wiring.package=org.apache.wss4j.common)(version>=2.0.0)(!(version>=3.0.0))) [caused by: Unable to resolve 229.0: missing requirement [229.0] osgi.wiring.package; (&(osgi.wiring.package=javax.mail.internet)(version>=1.4.0)(!(version>=2.0.0)))])
org.osgi.framework.BundleException: Unresolved constraint in bundle org.apache.wss4j.wss4j-ws-security-policy-stax [233]: Unable to resolve 233.0: missing requirement [233.0] osgi.wiring.package; (&(osgi.wiring.package=org.apache.wss4j.common)(version>=2.0.0)(!(version>=3.0.0))) [caused by: Unable to resolve 229.0: missing requirement [229.0] osgi.wiring.package; (&(osgi.wiring.package=javax.mail.internet)(version>=1.4.0)(!(version>=2.0.0)))]
	at org.apache.felix.framework.Felix.resolveBundleRevision(Felix.java:4002)
	at org.apache.felix.framework.Felix.startBundle(Felix.java:2045)
	at org.apache.felix.framework.Felix.setActiveStartLevel(Felix.java:1299)
	at org.apache.felix.framework.FrameworkStartLevelImpl.run(FrameworkStartLevelImpl.java:304)
	at java.lang.Thread.run(Thread.java:748)
ERROR: Bundle org.apache.cxf.cxf-core [191] Error starting mvn:org.apache.cxf/cxf-core/3.0.13 (org.osgi.framework.BundleException: Unresolved constraint in bundle org.apache.cxf.cxf-core [191]: Unable to resolve 191.0: missing requirement [191.0] osgi.wiring.package; (&(osgi.wiring.package=org.osgi.service.blueprint.container)(version>=1.0.0)(!(version>=2.0.0))))
org.osgi.framework.BundleException: Unresolved constraint in bundle org.apache.cxf.cxf-core [191]: Unable to resolve 191.0: missing requirement [191.0] osgi.wiring.package; (&(osgi.wiring.package=org.osgi.service.blueprint.container)(version>=1.0.0)(!(version>=2.0.0)))
	at org.apache.felix.framework.Felix.resolveBundleRevision(Felix.java:4002)
	at org.apache.felix.framework.Felix.startBundle(Felix.java:2045)
	at org.apache.felix.framework.Felix.setActiveStartLevel(Felix.java:1299)
	at org.apache.felix.framework.FrameworkStartLevelImpl.run(FrameworkStartLevelImpl.java:304)
	at java.lang.Thread.run(Thread.java:748)
ERROR: Bundle org.apache.cxf.cxf-rt-management [192] Error starting mvn:org.apache.cxf/cxf-rt-management/3.0.13 (org.osgi.framework.BundleException: Unresolved constraint in bundle org.apache.cxf.cxf-rt-management [192]: Unable to resolve 192.0: missing requirement [192.0] osgi.wiring.package; (&(osgi.wiring.package=org.apache.cxf)(version>=3.0.0)(!(version>=4.0.0))) [caused by: Unable to resolve 191.0: missing requirement [191.0] osgi.wiring.package; (&(osgi.wiring.package=org.osgi.service.blueprint.container)(version>=1.0.0)(!(version>=2.0.0)))])
org.osgi.framework.BundleException: Unresolved constraint in bundle org.apache.cxf.cxf-rt-management [192]: Unable to resolve 192.0: missing requirement [192.0] osgi.wiring.package; (&(osgi.wiring.package=org.apache.cxf)(version>=3.0.0)(!(version>=4.0.0))) [caused by: Unable to resolve 191.0: missing requirement [191.0] osgi.wiring.package; (&(osgi.wiring.package=org.osgi.service.blueprint.container)(version>=1.0.0)(!(version>=2.0.0)))]
	at org.apache.felix.framework.Felix.resolveBundleRevision(Felix.java:4002)
	at org.apache.felix.framework.Felix.startBundle(Felix.java:2045)
	at org.apache.felix.framework.Felix.setActiveStartLevel(Felix.java:1299)
	at org.apache.felix.framework.FrameworkStartLevelImpl.run(FrameworkStartLevelImpl.java:304)
	at java.lang.Thread.run(Thread.java:748)
ERROR: Bundle org.apache.cxf.karaf.cxf-karaf-commands [193] Error starting mvn:org.apache.cxf.karaf/cxf-karaf-commands/3.0.13 (org.osgi.framework.BundleException: Unresolved constraint in bundle org.apache.cxf.karaf.cxf-karaf-commands [193]: Unable to resolve 193.0: missing requirement [193.0] osgi.wiring.package; (&(osgi.wiring.package=org.apache.cxf)(version>=3.0.0)(!(version>=4.0.0))) [caused by: Unable to resolve 191.0: missing requirement [191.0] osgi.wiring.package; (&(osgi.wiring.package=org.osgi.service.blueprint.container)(version>=1.0.0)(!(version>=2.0.0)))])
org.osgi.framework.BundleException: Unresolved constraint in bundle org.apache.cxf.karaf.cxf-karaf-commands [193]: Unable to resolve 193.0: missing requirement [193.0] osgi.wiring.package; (&(osgi.wiring.package=org.apache.cxf)(version>=3.0.0)(!(version>=4.0.0))) [caused by: Unable to resolve 191.0: missing requirement [191.0] osgi.wiring.package; (&(osgi.wiring.package=org.osgi.service.blueprint.container)(version>=1.0.0)(!(version>=2.0.0)))]
	at org.apache.felix.framework.Felix.resolveBundleRevision(Felix.java:4002)
	at org.apache.felix.framework.Felix.startBundle(Felix.java:2045)
	at org.apache.felix.framework.Felix.setActiveStartLevel(Felix.java:1299)
	at org.apache.felix.framework.FrameworkStartLevelImpl.run(FrameworkStartLevelImpl.java:304)
	at java.lang.Thread.run(Thread.java:748)
ERROR: Bundle org.apache.cxf.cxf-rt-wsdl [195] Error starting mvn:org.apache.cxf/cxf-rt-wsdl/3.0.13 (org.osgi.framework.BundleException: Unresolved constraint in bundle org.apache.cxf.cxf-rt-wsdl [195]: Unable to resolve 195.0: missing requirement [195.0] osgi.wiring.package; (&(osgi.wiring.package=org.apache.cxf)(version>=3.0.0)(!(version>=4.0.0))) [caused by: Unable to resolve 191.0: missing requirement [191.0] osgi.wiring.package; (&(osgi.wiring.package=org.osgi.service.blueprint.container)(version>=1.0.0)(!(version>=2.0.0)))])
org.osgi.framework.BundleException: Unresolved constraint in bundle org.apache.cxf.cxf-rt-wsdl [195]: Unable to resolve 195.0: missing requirement [195.0] osgi.wiring.package; (&(osgi.wiring.package=org.apache.cxf)(version>=3.0.0)(!(version>=4.0.0))) [caused by: Unable to resolve 191.0: missing requirement [191.0] osgi.wiring.package; (&(osgi.wiring.package=org.osgi.service.blueprint.container)(version>=1.0.0)(!(version>=2.0.0)))]
	at org.apache.felix.framework.Felix.resolveBundleRevision(Felix.java:4002)
	at org.apache.felix.framework.Felix.startBundle(Felix.java:2045)
	at org.apache.felix.framework.Felix.setActiveStartLevel(Felix.java:1299)
	at org.apache.felix.framework.FrameworkStartLevelImpl.run(FrameworkStartLevelImpl.java:304)
	at java.lang.Thread.run(Thread.java:748)
ERROR: Bundle org.apache.cxf.cxf-rt-databinding-jaxb [196] Error starting mvn:org.apache.cxf/cxf-rt-databinding-jaxb/3.0.13 (org.osgi.framework.BundleException: Unresolved constraint in bundle org.apache.cxf.cxf-rt-databinding-jaxb [196]: Unable to resolve 196.0: missing requirement [196.0] osgi.wiring.package; (&(osgi.wiring.package=org.apache.cxf.annotations)(version>=3.0.0)(!(version>=4.0.0))) [caused by: Unable to resolve 191.0: missing requirement [191.0] osgi.wiring.package; (&(osgi.wiring.package=org.osgi.service.blueprint.container)(version>=1.0.0)(!(version>=2.0.0)))])
org.osgi.framework.BundleException: Unresolved constraint in bundle org.apache.cxf.cxf-rt-databinding-jaxb [196]: Unable to resolve 196.0: missing requirement [196.0] osgi.wiring.package; (&(osgi.wiring.package=org.apache.cxf.annotations)(version>=3.0.0)(!(version>=4.0.0))) [caused by: Unable to resolve 191.0: missing requirement [191.0] osgi.wiring.package; (&(osgi.wiring.package=org.osgi.service.blueprint.container)(version>=1.0.0)(!(version>=2.0.0)))]
	at org.apache.felix.framework.Felix.resolveBundleRevision(Felix.java:4002)
	at org.apache.felix.framework.Felix.startBundle(Felix.java:2045)
	at org.apache.felix.framework.Felix.setActiveStartLevel(Felix.java:1299)
	at org.apache.felix.framework.FrameworkStartLevelImpl.run(FrameworkStartLevelImpl.java:304)
	at java.lang.Thread.run(Thread.java:748)
ERROR: Bundle org.apache.cxf.cxf-rt-bindings-xml [197] Error starting mvn:org.apache.cxf/cxf-rt-bindings-xml/3.0.13 (org.osgi.framework.BundleException: Unresolved constraint in bundle org.apache.cxf.cxf-rt-bindings-xml [197]: Unable to resolve 197.0: missing requirement [197.0] osgi.wiring.package; (&(osgi.wiring.package=org.apache.cxf)(version>=3.0.0)(!(version>=4.0.0))) [caused by: Unable to resolve 191.0: missing requirement [191.0] osgi.wiring.package; (&(osgi.wiring.package=org.osgi.service.blueprint.container)(version>=1.0.0)(!(version>=2.0.0)))])
org.osgi.framework.BundleException: Unresolved constraint in bundle org.apache.cxf.cxf-rt-bindings-xml [197]: Unable to resolve 197.0: missing requirement [197.0] osgi.wiring.package; (&(osgi.wiring.package=org.apache.cxf)(version>=3.0.0)(!(version>=4.0.0))) [caused by: Unable to resolve 191.0: missing requirement [191.0] osgi.wiring.package; (&(osgi.wiring.package=org.osgi.service.blueprint.container)(version>=1.0.0)(!(version>=2.0.0)))]
	at org.apache.felix.framework.Felix.resolveBundleRevision(Felix.java:4002)
	at org.apache.felix.framework.Felix.startBundle(Felix.java:2045)
	at org.apache.felix.framework.Felix.setActiveStartLevel(Felix.java:1299)
	at org.apache.felix.framework.FrameworkStartLevelImpl.run(FrameworkStartLevelImpl.java:304)
	at java.lang.Thread.run(Thread.java:748)
ERROR: Bundle org.apache.cxf.cxf-rt-bindings-soap [198] Error starting mvn:org.apache.cxf/cxf-rt-bindings-soap/3.0.13 (org.osgi.framework.BundleException: Unresolved constraint in bundle org.apache.cxf.cxf-rt-bindings-soap [198]: Unable to resolve 198.0: missing requirement [198.0] osgi.wiring.package; (&(osgi.wiring.package=org.apache.cxf)(version>=3.0.0)(!(version>=4.0.0))) [caused by: Unable to resolve 191.0: missing requirement [191.0] osgi.wiring.package; (&(osgi.wiring.package=org.osgi.service.blueprint.container)(version>=1.0.0)(!(version>=2.0.0)))])
org.osgi.framework.BundleException: Unresolved constraint in bundle org.apache.cxf.cxf-rt-bindings-soap [198]: Unable to resolve 198.0: missing requirement [198.0] osgi.wiring.package; (&(osgi.wiring.package=org.apache.cxf)(version>=3.0.0)(!(version>=4.0.0))) [caused by: Unable to resolve 191.0: missing requirement [191.0] osgi.wiring.package; (&(osgi.wiring.package=org.osgi.service.blueprint.container)(version>=1.0.0)(!(version>=2.0.0)))]
	at org.apache.felix.framework.Felix.resolveBundleRevision(Felix.java:4002)
	at org.apache.felix.framework.Felix.startBundle(Felix.java:2045)
	at org.apache.felix.framework.Felix.setActiveStartLevel(Felix.java:1299)
	at org.apache.felix.framework.FrameworkStartLevelImpl.run(FrameworkStartLevelImpl.java:304)
	at java.lang.Thread.run(Thread.java:748)
ERROR: Bundle org.apache.cxf.cxf-rt-transports-http [199] Error starting mvn:org.apache.cxf/cxf-rt-transports-http/3.0.13 (org.osgi.framework.BundleException: Unresolved constraint in bundle org.apache.cxf.cxf-rt-transports-http [199]: Unable to resolve 199.0: missing requirement [199.0] osgi.wiring.package; (&(osgi.wiring.package=org.apache.cxf)(version>=3.0.0)(!(version>=4.0.0))) [caused by: Unable to resolve 191.0: missing requirement [191.0] osgi.wiring.package; (&(osgi.wiring.package=org.osgi.service.blueprint.container)(version>=1.0.0)(!(version>=2.0.0)))])
org.osgi.framework.BundleException: Unresolved constraint in bundle org.apache.cxf.cxf-rt-transports-http [199]: Unable to resolve 199.0: missing requirement [199.0] osgi.wiring.package; (&(osgi.wiring.package=org.apache.cxf)(version>=3.0.0)(!(version>=4.0.0))) [caused by: Unable to resolve 191.0: missing requirement [191.0] osgi.wiring.package; (&(osgi.wiring.package=org.osgi.service.blueprint.container)(version>=1.0.0)(!(version>=2.0.0)))]
	at org.apache.felix.framework.Felix.resolveBundleRevision(Felix.java:4002)
	at org.apache.felix.framework.Felix.startBundle(Felix.java:2045)
	at org.apache.felix.framework.Felix.setActiveStartLevel(Felix.java:1299)
	at org.apache.felix.framework.FrameworkStartLevelImpl.run(FrameworkStartLevelImpl.java:304)
	at java.lang.Thread.run(Thread.java:748)
ERROR: Bundle org.apache.cxf.cxf-rt-frontend-simple [200] Error starting mvn:org.apache.cxf/cxf-rt-frontend-simple/3.0.13 (org.osgi.framework.BundleException: Unresolved constraint in bundle org.apache.cxf.cxf-rt-frontend-simple [200]: Unable to resolve 200.0: missing requirement [200.0] osgi.wiring.package; (&(osgi.wiring.package=org.apache.cxf)(version>=3.0.0)(!(version>=4.0.0))) [caused by: Unable to resolve 191.0: missing requirement [191.0] osgi.wiring.package; (&(osgi.wiring.package=org.osgi.service.blueprint.container)(version>=1.0.0)(!(version>=2.0.0)))])
org.osgi.framework.BundleException: Unresolved constraint in bundle org.apache.cxf.cxf-rt-frontend-simple [200]: Unable to resolve 200.0: missing requirement [200.0] osgi.wiring.package; (&(osgi.wiring.package=org.apache.cxf)(version>=3.0.0)(!(version>=4.0.0))) [caused by: Unable to resolve 191.0: missing requirement [191.0] osgi.wiring.package; (&(osgi.wiring.package=org.osgi.service.blueprint.container)(version>=1.0.0)(!(version>=2.0.0)))]
	at org.apache.felix.framework.Felix.resolveBundleRevision(Felix.java:4002)
	at org.apache.felix.framework.Felix.startBundle(Felix.java:2045)
	at org.apache.felix.framework.Felix.setActiveStartLevel(Felix.java:1299)
	at org.apache.felix.framework.FrameworkStartLevelImpl.run(FrameworkStartLevelImpl.java:304)
	at java.lang.Thread.run(Thread.java:748)
ERROR: Bundle org.apache.cxf.cxf-rt-frontend-jaxws [201] Error starting mvn:org.apache.cxf/cxf-rt-frontend-jaxws/3.0.13 (org.osgi.framework.BundleException: Unresolved constraint in bundle org.apache.cxf.cxf-rt-frontend-jaxws [201]: Unable to resolve 201.0: missing requirement [201.0] osgi.wiring.package; (&(osgi.wiring.package=org.apache.cxf)(version>=3.0.0)(!(version>=4.0.0))) [caused by: Unable to resolve 191.0: missing requirement [191.0] osgi.wiring.package; (&(osgi.wiring.package=org.osgi.service.blueprint.container)(version>=1.0.0)(!(version>=2.0.0)))])
org.osgi.framework.BundleException: Unresolved constraint in bundle org.apache.cxf.cxf-rt-frontend-jaxws [201]: Unable to resolve 201.0: missing requirement [201.0] osgi.wiring.package; (&(osgi.wiring.package=org.apache.cxf)(version>=3.0.0)(!(version>=4.0.0))) [caused by: Unable to resolve 191.0: missing requirement [191.0] osgi.wiring.package; (&(osgi.wiring.package=org.osgi.service.blueprint.container)(version>=1.0.0)(!(version>=2.0.0)))]
	at org.apache.felix.framework.Felix.resolveBundleRevision(Felix.java:4002)
	at org.apache.felix.framework.Felix.startBundle(Felix.java:2045)
	at org.apache.felix.framework.Felix.setActiveStartLevel(Felix.java:1299)
	at org.apache.felix.framework.FrameworkStartLevelImpl.run(FrameworkStartLevelImpl.java:304)
	at java.lang.Thread.run(Thread.java:748)
ERROR: Bundle org.apache.cxf.cxf-rt-rs-extension-providers [203] Error starting mvn:org.apache.cxf/cxf-rt-rs-extension-providers/3.0.13 (org.osgi.framework.BundleException: Unresolved constraint in bundle org.apache.cxf.cxf-rt-rs-extension-providers [203]: Unable to resolve 203.0: missing requirement [203.0] osgi.wiring.package; (&(osgi.wiring.package=org.apache.cxf.common.logging)(version>=3.0.0)(!(version>=4.0.0))) [caused by: Unable to resolve 191.0: missing requirement [191.0] osgi.wiring.package; (&(osgi.wiring.package=org.osgi.service.blueprint.container)(version>=1.0.0)(!(version>=2.0.0)))])
org.osgi.framework.BundleException: Unresolved constraint in bundle org.apache.cxf.cxf-rt-rs-extension-providers [203]: Unable to resolve 203.0: missing requirement [203.0] osgi.wiring.package; (&(osgi.wiring.package=org.apache.cxf.common.logging)(version>=3.0.0)(!(version>=4.0.0))) [caused by: Unable to resolve 191.0: missing requirement [191.0] osgi.wiring.package; (&(osgi.wiring.package=org.osgi.service.blueprint.container)(version>=1.0.0)(!(version>=2.0.0)))]
	at org.apache.felix.framework.Felix.resolveBundleRevision(Felix.java:4002)
	at org.apache.felix.framework.Felix.startBundle(Felix.java:2045)
	at org.apache.felix.framework.Felix.setActiveStartLevel(Felix.java:1299)
	at org.apache.felix.framework.FrameworkStartLevelImpl.run(FrameworkStartLevelImpl.java:304)
	at java.lang.Thread.run(Thread.java:748)
ERROR: Bundle org.apache.cxf.cxf-rt-rs-extension-search [204] Error starting mvn:org.apache.cxf/cxf-rt-rs-extension-search/3.0.13 (org.osgi.framework.BundleException: Unresolved constraint in bundle org.apache.cxf.cxf-rt-rs-extension-search [204]: Unable to resolve 204.0: missing requirement [204.0] osgi.wiring.package; (&(osgi.wiring.package=org.apache.cxf.common.classloader)(version>=3.0.0)(!(version>=4.0.0))) [caused by: Unable to resolve 191.0: missing requirement [191.0] osgi.wiring.package; (&(osgi.wiring.package=org.osgi.service.blueprint.container)(version>=1.0.0)(!(version>=2.0.0)))])
org.osgi.framework.BundleException: Unresolved constraint in bundle org.apache.cxf.cxf-rt-rs-extension-search [204]: Unable to resolve 204.0: missing requirement [204.0] osgi.wiring.package; (&(osgi.wiring.package=org.apache.cxf.common.classloader)(version>=3.0.0)(!(version>=4.0.0))) [caused by: Unable to resolve 191.0: missing requirement [191.0] osgi.wiring.package; (&(osgi.wiring.package=org.osgi.service.blueprint.container)(version>=1.0.0)(!(version>=2.0.0)))]
	at org.apache.felix.framework.Felix.resolveBundleRevision(Felix.java:4002)
	at org.apache.felix.framework.Felix.startBundle(Felix.java:2045)
	at org.apache.felix.framework.Felix.setActiveStartLevel(Felix.java:1299)
	at org.apache.felix.framework.FrameworkStartLevelImpl.run(FrameworkStartLevelImpl.java:304)
	at java.lang.Thread.run(Thread.java:748)
ERROR: Bundle org.apache.cxf.cxf-rt-rs-json-basic [205] Error starting mvn:org.apache.cxf/cxf-rt-rs-json-basic/3.0.13 (org.osgi.framework.BundleException: Unresolved constraint in bundle org.apache.cxf.cxf-rt-rs-json-basic [205]: Unable to resolve 205.0: missing requirement [205.0] osgi.wiring.package; (&(osgi.wiring.package=org.apache.cxf.common.util)(version>=3.0.0)(!(version>=4.0.0))) [caused by: Unable to resolve 191.0: missing requirement [191.0] osgi.wiring.package; (&(osgi.wiring.package=org.osgi.service.blueprint.container)(version>=1.0.0)(!(version>=2.0.0)))])
org.osgi.framework.BundleException: Unresolved constraint in bundle org.apache.cxf.cxf-rt-rs-json-basic [205]: Unable to resolve 205.0: missing requirement [205.0] osgi.wiring.package; (&(osgi.wiring.package=org.apache.cxf.common.util)(version>=3.0.0)(!(version>=4.0.0))) [caused by: Unable to resolve 191.0: missing requirement [191.0] osgi.wiring.package; (&(osgi.wiring.package=org.osgi.service.blueprint.container)(version>=1.0.0)(!(version>=2.0.0)))]
	at org.apache.felix.framework.Felix.resolveBundleRevision(Felix.java:4002)
	at org.apache.felix.framework.Felix.startBundle(Felix.java:2045)
	at org.apache.felix.framework.Felix.setActiveStartLevel(Felix.java:1299)
	at org.apache.felix.framework.FrameworkStartLevelImpl.run(FrameworkStartLevelImpl.java:304)
	at java.lang.Thread.run(Thread.java:748)
ERROR: Bundle org.apache.cxf.cxf-rt-rs-service-description [206] Error starting mvn:org.apache.cxf/cxf-rt-rs-service-description/3.0.13 (org.osgi.framework.BundleException: Unresolved constraint in bundle org.apache.cxf.cxf-rt-rs-service-description [206]: Unable to resolve 206.0: missing requirement [206.0] osgi.wiring.package; (&(osgi.wiring.package=org.apache.cxf)(version>=3.0.0)(!(version>=4.0.0))) [caused by: Unable to resolve 191.0: missing requirement [191.0] osgi.wiring.package; (&(osgi.wiring.package=org.osgi.service.blueprint.container)(version>=1.0.0)(!(version>=2.0.0)))])
org.osgi.framework.BundleException: Unresolved constraint in bundle org.apache.cxf.cxf-rt-rs-service-description [206]: Unable to resolve 206.0: missing requirement [206.0] osgi.wiring.package; (&(osgi.wiring.package=org.apache.cxf)(version>=3.0.0)(!(version>=4.0.0))) [caused by: Unable to resolve 191.0: missing requirement [191.0] osgi.wiring.package; (&(osgi.wiring.package=org.osgi.service.blueprint.container)(version>=1.0.0)(!(version>=2.0.0)))]
	at org.apache.felix.framework.Felix.resolveBundleRevision(Felix.java:4002)
	at org.apache.felix.framework.Felix.startBundle(Felix.java:2045)
	at org.apache.felix.framework.Felix.setActiveStartLevel(Felix.java:1299)
	at org.apache.felix.framework.FrameworkStartLevelImpl.run(FrameworkStartLevelImpl.java:304)
	at java.lang.Thread.run(Thread.java:748)
ERROR: Bundle org.apache.cxf.cxf-rt-frontend-jaxrs [207] Error starting mvn:org.apache.cxf/cxf-rt-frontend-jaxrs/3.0.13 (org.osgi.framework.BundleException: Unresolved constraint in bundle org.apache.cxf.cxf-rt-frontend-jaxrs [207]: Unable to resolve 207.0: missing requirement [207.0] osgi.wiring.package; (&(osgi.wiring.package=org.apache.cxf)(version>=3.0.0)(!(version>=4.0.0))) [caused by: Unable to resolve 191.0: missing requirement [191.0] osgi.wiring.package; (&(osgi.wiring.package=org.osgi.service.blueprint.container)(version>=1.0.0)(!(version>=2.0.0)))])
org.osgi.framework.BundleException: Unresolved constraint in bundle org.apache.cxf.cxf-rt-frontend-jaxrs [207]: Unable to resolve 207.0: missing requirement [207.0] osgi.wiring.package; (&(osgi.wiring.package=org.apache.cxf)(version>=3.0.0)(!(version>=4.0.0))) [caused by: Unable to resolve 191.0: missing requirement [191.0] osgi.wiring.package; (&(osgi.wiring.package=org.osgi.service.blueprint.container)(version>=1.0.0)(!(version>=2.0.0)))]
	at org.apache.felix.framework.Felix.resolveBundleRevision(Felix.java:4002)
	at org.apache.felix.framework.Felix.startBundle(Felix.java:2045)
	at org.apache.felix.framework.Felix.setActiveStartLevel(Felix.java:1299)
	at org.apache.felix.framework.FrameworkStartLevelImpl.run(FrameworkStartLevelImpl.java:304)
	at java.lang.Thread.run(Thread.java:748)
ERROR: Bundle org.apache.cxf.cxf-rt-rs-client [208] Error starting mvn:org.apache.cxf/cxf-rt-rs-client/3.0.13 (org.osgi.framework.BundleException: Unresolved constraint in bundle org.apache.cxf.cxf-rt-rs-client [208]: Unable to resolve 208.0: missing requirement [208.0] osgi.wiring.package; (&(osgi.wiring.package=org.apache.cxf)(version>=3.0.0)(!(version>=4.0.0))) [caused by: Unable to resolve 191.0: missing requirement [191.0] osgi.wiring.package; (&(osgi.wiring.package=org.osgi.service.blueprint.container)(version>=1.0.0)(!(version>=2.0.0)))])
org.osgi.framework.BundleException: Unresolved constraint in bundle org.apache.cxf.cxf-rt-rs-client [208]: Unable to resolve 208.0: missing requirement [208.0] osgi.wiring.package; (&(osgi.wiring.package=org.apache.cxf)(version>=3.0.0)(!(version>=4.0.0))) [caused by: Unable to resolve 191.0: missing requirement [191.0] osgi.wiring.package; (&(osgi.wiring.package=org.osgi.service.blueprint.container)(version>=1.0.0)(!(version>=2.0.0)))]
	at org.apache.felix.framework.Felix.resolveBundleRevision(Felix.java:4002)
	at org.apache.felix.framework.Felix.startBundle(Felix.java:2045)
	at org.apache.felix.framework.Felix.setActiveStartLevel(Felix.java:1299)
	at org.apache.felix.framework.FrameworkStartLevelImpl.run(FrameworkStartLevelImpl.java:304)
	at java.lang.Thread.run(Thread.java:748)
ERROR: Bundle org.apache.cxf.cxf-rt-databinding-aegis [209] Error starting mvn:org.apache.cxf/cxf-rt-databinding-aegis/3.0.13 (org.osgi.framework.BundleException: Unresolved constraint in bundle org.apache.cxf.cxf-rt-databinding-aegis [209]: Unable to resolve 209.0: missing requirement [209.0] osgi.wiring.package; (&(osgi.wiring.package=org.apache.cxf)(version>=3.0.0)(!(version>=4.0.0))) [caused by: Unable to resolve 191.0: missing requirement [191.0] osgi.wiring.package; (&(osgi.wiring.package=org.osgi.service.blueprint.container)(version>=1.0.0)(!(version>=2.0.0)))])
org.osgi.framework.BundleException: Unresolved constraint in bundle org.apache.cxf.cxf-rt-databinding-aegis [209]: Unable to resolve 209.0: missing requirement [209.0] osgi.wiring.package; (&(osgi.wiring.package=org.apache.cxf)(version>=3.0.0)(!(version>=4.0.0))) [caused by: Unable to resolve 191.0: missing requirement [191.0] osgi.wiring.package; (&(osgi.wiring.package=org.osgi.service.blueprint.container)(version>=1.0.0)(!(version>=2.0.0)))]
	at org.apache.felix.framework.Felix.resolveBundleRevision(Felix.java:4002)
	at org.apache.felix.framework.Felix.startBundle(Felix.java:2045)
	at org.apache.felix.framework.Felix.setActiveStartLevel(Felix.java:1299)
	at org.apache.felix.framework.FrameworkStartLevelImpl.run(FrameworkStartLevelImpl.java:304)
	at java.lang.Thread.run(Thread.java:748)
ERROR: Bundle org.apache.cxf.cxf-rt-databinding-xmlbeans [211] Error starting mvn:org.apache.cxf/cxf-rt-databinding-xmlbeans/3.0.13 (org.osgi.framework.BundleException: Unresolved constraint in bundle org.apache.cxf.cxf-rt-databinding-xmlbeans [211]: Unable to resolve 211.0: missing requirement [211.0] osgi.wiring.package; (&(osgi.wiring.package=org.apache.cxf.common.i18n)(version>=3.0.0)(!(version>=4.0.0))) [caused by: Unable to resolve 191.0: missing requirement [191.0] osgi.wiring.package; (&(osgi.wiring.package=org.osgi.service.blueprint.container)(version>=1.0.0)(!(version>=2.0.0)))])
org.osgi.framework.BundleException: Unresolved constraint in bundle org.apache.cxf.cxf-rt-databinding-xmlbeans [211]: Unable to resolve 211.0: missing requirement [211.0] osgi.wiring.package; (&(osgi.wiring.package=org.apache.cxf.common.i18n)(version>=3.0.0)(!(version>=4.0.0))) [caused by: Unable to resolve 191.0: missing requirement [191.0] osgi.wiring.package; (&(osgi.wiring.package=org.osgi.service.blueprint.container)(version>=1.0.0)(!(version>=2.0.0)))]
	at org.apache.felix.framework.Felix.resolveBundleRevision(Felix.java:4002)
	at org.apache.felix.framework.Felix.startBundle(Felix.java:2045)
	at org.apache.felix.framework.Felix.setActiveStartLevel(Felix.java:1299)
	at org.apache.felix.framework.FrameworkStartLevelImpl.run(FrameworkStartLevelImpl.java:304)
	at java.lang.Thread.run(Thread.java:748)
ERROR: Bundle org.apache.cxf.cxf-rt-bindings-coloc [212] Error starting mvn:org.apache.cxf/cxf-rt-bindings-coloc/3.0.13 (org.osgi.framework.BundleException: Unresolved constraint in bundle org.apache.cxf.cxf-rt-bindings-coloc [212]: Unable to resolve 212.0: missing requirement [212.0] osgi.wiring.package; (&(osgi.wiring.package=org.apache.cxf)(version>=3.0.0)(!(version>=4.0.0))) [caused by: Unable to resolve 191.0: missing requirement [191.0] osgi.wiring.package; (&(osgi.wiring.package=org.osgi.service.blueprint.container)(version>=1.0.0)(!(version>=2.0.0)))])
org.osgi.framework.BundleException: Unresolved constraint in bundle org.apache.cxf.cxf-rt-bindings-coloc [212]: Unable to resolve 212.0: missing requirement [212.0] osgi.wiring.package; (&(osgi.wiring.package=org.apache.cxf)(version>=3.0.0)(!(version>=4.0.0))) [caused by: Unable to resolve 191.0: missing requirement [191.0] osgi.wiring.package; (&(osgi.wiring.package=org.osgi.service.blueprint.container)(version>=1.0.0)(!(version>=2.0.0)))]
	at org.apache.felix.framework.Felix.resolveBundleRevision(Felix.java:4002)
	at org.apache.felix.framework.Felix.startBundle(Felix.java:2045)
	at org.apache.felix.framework.Felix.setActiveStartLevel(Felix.java:1299)
	at org.apache.felix.framework.FrameworkStartLevelImpl.run(FrameworkStartLevelImpl.java:304)
	at java.lang.Thread.run(Thread.java:748)
ERROR: Bundle org.apache.cxf.cxf-rt-transports-local [213] Error starting mvn:org.apache.cxf/cxf-rt-transports-local/3.0.13 (org.osgi.framework.BundleException: Unresolved constraint in bundle org.apache.cxf.cxf-rt-transports-local [213]: Unable to resolve 213.0: missing requirement [213.0] osgi.wiring.package; (&(osgi.wiring.package=org.apache.cxf)(version>=3.0.0)(!(version>=4.0.0))) [caused by: Unable to resolve 191.0: missing requirement [191.0] osgi.wiring.package; (&(osgi.wiring.package=org.osgi.service.blueprint.container)(version>=1.0.0)(!(version>=2.0.0)))])
org.osgi.framework.BundleException: Unresolved constraint in bundle org.apache.cxf.cxf-rt-transports-local [213]: Unable to resolve 213.0: missing requirement [213.0] osgi.wiring.package; (&(osgi.wiring.package=org.apache.cxf)(version>=3.0.0)(!(version>=4.0.0))) [caused by: Unable to resolve 191.0: missing requirement [191.0] osgi.wiring.package; (&(osgi.wiring.package=org.osgi.service.blueprint.container)(version>=1.0.0)(!(version>=2.0.0)))]
	at org.apache.felix.framework.Felix.resolveBundleRevision(Felix.java:4002)
	at org.apache.felix.framework.Felix.startBundle(Felix.java:2045)
	at org.apache.felix.framework.Felix.setActiveStartLevel(Felix.java:1299)
	at org.apache.felix.framework.FrameworkStartLevelImpl.run(FrameworkStartLevelImpl.java:304)
	at java.lang.Thread.run(Thread.java:748)
ERROR: Bundle org.apache.cxf.cxf-rt-bindings-object [214] Error starting mvn:org.apache.cxf/cxf-rt-bindings-object/3.0.13 (org.osgi.framework.BundleException: Unresolved constraint in bundle org.apache.cxf.cxf-rt-bindings-object [214]: Unable to resolve 214.0: missing requirement [214.0] osgi.wiring.package; (&(osgi.wiring.package=org.apache.cxf)(version>=3.0.0)(!(version>=4.0.0))) [caused by: Unable to resolve 191.0: missing requirement [191.0] osgi.wiring.package; (&(osgi.wiring.package=org.osgi.service.blueprint.container)(version>=1.0.0)(!(version>=2.0.0)))])
org.osgi.framework.BundleException: Unresolved constraint in bundle org.apache.cxf.cxf-rt-bindings-object [214]: Unable to resolve 214.0: missing requirement [214.0] osgi.wiring.package; (&(osgi.wiring.package=org.apache.cxf)(version>=3.0.0)(!(version>=4.0.0))) [caused by: Unable to resolve 191.0: missing requirement [191.0] osgi.wiring.package; (&(osgi.wiring.package=org.osgi.service.blueprint.container)(version>=1.0.0)(!(version>=2.0.0)))]
	at org.apache.felix.framework.Felix.resolveBundleRevision(Felix.java:4002)
	at org.apache.felix.framework.Felix.startBundle(Felix.java:2045)
	at org.apache.felix.framework.Felix.setActiveStartLevel(Felix.java:1299)
	at org.apache.felix.framework.FrameworkStartLevelImpl.run(FrameworkStartLevelImpl.java:304)
	at java.lang.Thread.run(Thread.java:748)
ERROR: Bundle org.apache.cxf.cxf-rt-ws-policy [217] Error starting mvn:org.apache.cxf/cxf-rt-ws-policy/3.0.13 (org.osgi.framework.BundleException: Unresolved constraint in bundle org.apache.cxf.cxf-rt-ws-policy [217]: Unable to resolve 217.0: missing requirement [217.0] osgi.wiring.package; (&(osgi.wiring.package=org.apache.cxf)(version>=3.0.0)(!(version>=4.0.0))) [caused by: Unable to resolve 191.0: missing requirement [191.0] osgi.wiring.package; (&(osgi.wiring.package=org.osgi.service.blueprint.container)(version>=1.0.0)(!(version>=2.0.0)))])
org.osgi.framework.BundleException: Unresolved constraint in bundle org.apache.cxf.cxf-rt-ws-policy [217]: Unable to resolve 217.0: missing requirement [217.0] osgi.wiring.package; (&(osgi.wiring.package=org.apache.cxf)(version>=3.0.0)(!(version>=4.0.0))) [caused by: Unable to resolve 191.0: missing requirement [191.0] osgi.wiring.package; (&(osgi.wiring.package=org.osgi.service.blueprint.container)(version>=1.0.0)(!(version>=2.0.0)))]
	at org.apache.felix.framework.Felix.resolveBundleRevision(Felix.java:4002)
	at org.apache.felix.framework.Felix.startBundle(Felix.java:2045)
	at org.apache.felix.framework.Felix.setActiveStartLevel(Felix.java:1299)
	at org.apache.felix.framework.FrameworkStartLevelImpl.run(FrameworkStartLevelImpl.java:304)
	at java.lang.Thread.run(Thread.java:748)
ERROR: Bundle org.apache.cxf.cxf-rt-ws-addr [234] Error starting mvn:org.apache.cxf/cxf-rt-ws-addr/3.0.13 (org.osgi.framework.BundleException: Unresolved constraint in bundle org.apache.cxf.cxf-rt-ws-addr [234]: Unable to resolve 234.0: missing requirement [234.0] osgi.wiring.package; (&(osgi.wiring.package=org.apache.cxf)(version>=3.0.0)(!(version>=4.0.0))) [caused by: Unable to resolve 191.0: missing requirement [191.0] osgi.wiring.package; (&(osgi.wiring.package=org.osgi.service.blueprint.container)(version>=1.0.0)(!(version>=2.0.0)))])
org.osgi.framework.BundleException: Unresolved constraint in bundle org.apache.cxf.cxf-rt-ws-addr [234]: Unable to resolve 234.0: missing requirement [234.0] osgi.wiring.package; (&(osgi.wiring.package=org.apache.cxf)(version>=3.0.0)(!(version>=4.0.0))) [caused by: Unable to resolve 191.0: missing requirement [191.0] osgi.wiring.package; (&(osgi.wiring.package=org.osgi.service.blueprint.container)(version>=1.0.0)(!(version>=2.0.0)))]
	at org.apache.felix.framework.Felix.resolveBundleRevision(Felix.java:4002)
	at org.apache.felix.framework.Felix.startBundle(Felix.java:2045)
	at org.apache.felix.framework.Felix.setActiveStartLevel(Felix.java:1299)
	at org.apache.felix.framework.FrameworkStartLevelImpl.run(FrameworkStartLevelImpl.java:304)
	at java.lang.Thread.run(Thread.java:748)
ERROR: Bundle net.sf.ehcache [235] Error starting mvn:net.sf.ehcache/ehcache/2.8.5 (org.osgi.framework.BundleException: Unresolved constraint in bundle net.sf.ehcache [235]: Unable to resolve 235.0: missing requirement [235.0] osgi.wiring.package; (osgi.wiring.package=javax.transaction.xa))
org.osgi.framework.BundleException: Unresolved constraint in bundle net.sf.ehcache [235]: Unable to resolve 235.0: missing requirement [235.0] osgi.wiring.package; (osgi.wiring.package=javax.transaction.xa)
	at org.apache.felix.framework.Felix.resolveBundleRevision(Felix.java:4002)
	at org.apache.felix.framework.Felix.startBundle(Felix.java:2045)
	at org.apache.felix.framework.Felix.setActiveStartLevel(Felix.java:1299)
	at org.apache.felix.framework.FrameworkStartLevelImpl.run(FrameworkStartLevelImpl.java:304)
	at java.lang.Thread.run(Thread.java:748)
ERROR: Bundle org.apache.cxf.cxf-rt-ws-security [236] Error starting mvn:org.apache.cxf/cxf-rt-ws-security/3.0.13 (org.osgi.framework.BundleException: Unresolved constraint in bundle org.apache.cxf.cxf-rt-ws-security [236]: Unable to resolve 236.0: missing requirement [236.0] osgi.wiring.package; (&(osgi.wiring.package=org.apache.cxf)(version>=3.0.0)(!(version>=4.0.0))) [caused by: Unable to resolve 191.0: missing requirement [191.0] osgi.wiring.package; (&(osgi.wiring.package=org.osgi.service.blueprint.container)(version>=1.0.0)(!(version>=2.0.0)))])
org.osgi.framework.BundleException: Unresolved constraint in bundle org.apache.cxf.cxf-rt-ws-security [236]: Unable to resolve 236.0: missing requirement [236.0] osgi.wiring.package; (&(osgi.wiring.package=org.apache.cxf)(version>=3.0.0)(!(version>=4.0.0))) [caused by: Unable to resolve 191.0: missing requirement [191.0] osgi.wiring.package; (&(osgi.wiring.package=org.osgi.service.blueprint.container)(version>=1.0.0)(!(version>=2.0.0)))]
	at org.apache.felix.framework.Felix.resolveBundleRevision(Felix.java:4002)
	at org.apache.felix.framework.Felix.startBundle(Felix.java:2045)
	at org.apache.felix.framework.Felix.setActiveStartLevel(Felix.java:1299)
	at org.apache.felix.framework.FrameworkStartLevelImpl.run(FrameworkStartLevelImpl.java:304)
	at java.lang.Thread.run(Thread.java:748)
ERROR: Bundle org.apache.cxf.cxf-rt-security [237] Error starting mvn:org.apache.cxf/cxf-rt-security/3.0.13 (org.osgi.framework.BundleException: Unresolved constraint in bundle org.apache.cxf.cxf-rt-security [237]: Unable to resolve 237.0: missing requirement [237.0] osgi.wiring.package; (&(osgi.wiring.package=org.apache.cxf.common.classloader)(version>=3.0.0)(!(version>=4.0.0))) [caused by: Unable to resolve 191.0: missing requirement [191.0] osgi.wiring.package; (&(osgi.wiring.package=org.osgi.service.blueprint.container)(version>=1.0.0)(!(version>=2.0.0)))])
org.osgi.framework.BundleException: Unresolved constraint in bundle org.apache.cxf.cxf-rt-security [237]: Unable to resolve 237.0: missing requirement [237.0] osgi.wiring.package; (&(osgi.wiring.package=org.apache.cxf.common.classloader)(version>=3.0.0)(!(version>=4.0.0))) [caused by: Unable to resolve 191.0: missing requirement [191.0] osgi.wiring.package; (&(osgi.wiring.package=org.osgi.service.blueprint.container)(version>=1.0.0)(!(version>=2.0.0)))]
	at org.apache.felix.framework.Felix.resolveBundleRevision(Felix.java:4002)
	at org.apache.felix.framework.Felix.startBundle(Felix.java:2045)
	at org.apache.felix.framework.Felix.setActiveStartLevel(Felix.java:1299)
	at org.apache.felix.framework.FrameworkStartLevelImpl.run(FrameworkStartLevelImpl.java:304)
	at java.lang.Thread.run(Thread.java:748)
ERROR: Bundle org.apache.cxf.cxf-rt-ws-rm [238] Error starting mvn:org.apache.cxf/cxf-rt-ws-rm/3.0.13 (org.osgi.framework.BundleException: Unresolved constraint in bundle org.apache.cxf.cxf-rt-ws-rm [238]: Unable to resolve 238.0: missing requirement [238.0] osgi.wiring.package; (&(osgi.wiring.package=org.apache.cxf)(version>=3.0.0)(!(version>=4.0.0))) [caused by: Unable to resolve 191.0: missing requirement [191.0] osgi.wiring.package; (&(osgi.wiring.package=org.osgi.service.blueprint.container)(version>=1.0.0)(!(version>=2.0.0)))])
org.osgi.framework.BundleException: Unresolved constraint in bundle org.apache.cxf.cxf-rt-ws-rm [238]: Unable to resolve 238.0: missing requirement [238.0] osgi.wiring.package; (&(osgi.wiring.package=org.apache.cxf)(version>=3.0.0)(!(version>=4.0.0))) [caused by: Unable to resolve 191.0: missing requirement [191.0] osgi.wiring.package; (&(osgi.wiring.package=org.osgi.service.blueprint.container)(version>=1.0.0)(!(version>=2.0.0)))]
	at org.apache.felix.framework.Felix.resolveBundleRevision(Felix.java:4002)
	at org.apache.felix.framework.Felix.startBundle(Felix.java:2045)
	at org.apache.felix.framework.Felix.setActiveStartLevel(Felix.java:1299)
	at org.apache.felix.framework.FrameworkStartLevelImpl.run(FrameworkStartLevelImpl.java:304)
	at java.lang.Thread.run(Thread.java:748)
ERROR: Bundle org.apache.cxf.cxf-rt-javascript [239] Error starting mvn:org.apache.cxf/cxf-rt-javascript/3.0.13 (org.osgi.framework.BundleException: Unresolved constraint in bundle org.apache.cxf.cxf-rt-javascript [239]: Unable to resolve 239.0: missing requirement [239.0] osgi.wiring.package; (&(osgi.wiring.package=org.apache.cxf)(version>=3.0.0)(!(version>=4.0.0))) [caused by: Unable to resolve 191.0: missing requirement [191.0] osgi.wiring.package; (&(osgi.wiring.package=org.osgi.service.blueprint.container)(version>=1.0.0)(!(version>=2.0.0)))])
org.osgi.framework.BundleException: Unresolved constraint in bundle org.apache.cxf.cxf-rt-javascript [239]: Unable to resolve 239.0: missing requirement [239.0] osgi.wiring.package; (&(osgi.wiring.package=org.apache.cxf)(version>=3.0.0)(!(version>=4.0.0))) [caused by: Unable to resolve 191.0: missing requirement [191.0] osgi.wiring.package; (&(osgi.wiring.package=org.osgi.service.blueprint.container)(version>=1.0.0)(!(version>=2.0.0)))]
	at org.apache.felix.framework.Felix.resolveBundleRevision(Felix.java:4002)
	at org.apache.felix.framework.Felix.startBundle(Felix.java:2045)
	at org.apache.felix.framework.Felix.setActiveStartLevel(Felix.java:1299)
	at org.apache.felix.framework.FrameworkStartLevelImpl.run(FrameworkStartLevelImpl.java:304)
	at java.lang.Thread.run(Thread.java:748)
ERROR: Bundle pentaho-big-data-kettle-plugins-formats [130] Error starting mvn:pentaho/pentaho-big-data-kettle-plugins-formats/8.1.0.0-365 (org.osgi.framework.BundleException: Unresolved constraint in bundle pentaho-big-data-kettle-plugins-formats [130]: Unable to resolve 130.0: missing requirement [130.0] osgi.wiring.package; (&(osgi.wiring.package=org.apache.commons.lang)(version>=2.6.0)(!(version>=3.0.0))))
org.osgi.framework.BundleException: Unresolved constraint in bundle pentaho-big-data-kettle-plugins-formats [130]: Unable to resolve 130.0: missing requirement [130.0] osgi.wiring.package; (&(osgi.wiring.package=org.apache.commons.lang)(version>=2.6.0)(!(version>=3.0.0)))
	at org.apache.felix.framework.Felix.resolveBundleRevision(Felix.java:4002)
	at org.apache.felix.framework.Felix.startBundle(Felix.java:2045)
	at org.apache.felix.framework.Felix.setActiveStartLevel(Felix.java:1299)
	at org.apache.felix.framework.FrameworkStartLevelImpl.run(FrameworkStartLevelImpl.java:304)
	at java.lang.Thread.run(Thread.java:748)
ERROR: Bundle pentaho-big-data-impl-shim-format [131] Error starting mvn:pentaho/pentaho-big-data-impl-shim-format/8.1.0.0-365 (org.osgi.framework.BundleException: Unresolved constraint in bundle pentaho-big-data-impl-shim-format [131]: Unable to resolve 131.0: missing requirement [131.0] osgi.wiring.package; (&(osgi.wiring.package=com.pentaho.big.data.bundles.impl.shim.common)(version>=8.1.0)(!(version>=9.0.0))))
org.osgi.framework.BundleException: Unresolved constraint in bundle pentaho-big-data-impl-shim-format [131]: Unable to resolve 131.0: missing requirement [131.0] osgi.wiring.package; (&(osgi.wiring.package=com.pentaho.big.data.bundles.impl.shim.common)(version>=8.1.0)(!(version>=9.0.0)))
	at org.apache.felix.framework.Felix.resolveBundleRevision(Felix.java:4002)
	at org.apache.felix.framework.Felix.startBundle(Felix.java:2045)
	at org.apache.felix.framework.Felix.setActiveStartLevel(Felix.java:1299)
	at org.apache.felix.framework.FrameworkStartLevelImpl.run(FrameworkStartLevelImpl.java:304)
	at java.lang.Thread.run(Thread.java:748)
ERROR: Bundle pentaho-big-data-impl-clusterTests [132] Error starting mvn:pentaho/pentaho-big-data-impl-clusterTests/8.1.0.0-365 (org.osgi.framework.BundleException: Unresolved constraint in bundle pentaho-big-data-impl-clusterTests [132]: Unable to resolve 132.0: missing requirement [132.0] osgi.wiring.package; (&(osgi.wiring.package=org.apache.commons.lang)(version>=2.6.0)(!(version>=3.0.0))))
org.osgi.framework.BundleException: Unresolved constraint in bundle pentaho-big-data-impl-clusterTests [132]: Unable to resolve 132.0: missing requirement [132.0] osgi.wiring.package; (&(osgi.wiring.package=org.apache.commons.lang)(version>=2.6.0)(!(version>=3.0.0)))
	at org.apache.felix.framework.Felix.resolveBundleRevision(Felix.java:4002)
	at org.apache.felix.framework.Felix.startBundle(Felix.java:2045)
	at org.apache.felix.framework.Felix.setActiveStartLevel(Felix.java:1299)
	at org.apache.felix.framework.FrameworkStartLevelImpl.run(FrameworkStartLevelImpl.java:304)
	at java.lang.Thread.run(Thread.java:748)
ERROR: Bundle pentaho-big-data-impl-shim-shimTests [133] Error starting mvn:pentaho/pentaho-big-data-impl-shim-shimTests/8.1.0.0-365 (org.osgi.framework.BundleException: Unresolved constraint in bundle pentaho-big-data-impl-shim-shimTests [133]: Unable to resolve 133.0: missing requirement [133.0] osgi.wiring.package; (&(osgi.wiring.package=com.pentaho.big.data.bundles.impl.shim.common)(version>=8.1.0)(!(version>=9.0.0))))
org.osgi.framework.BundleException: Unresolved constraint in bundle pentaho-big-data-impl-shim-shimTests [133]: Unable to resolve 133.0: missing requirement [133.0] osgi.wiring.package; (&(osgi.wiring.package=com.pentaho.big.data.bundles.impl.shim.common)(version>=8.1.0)(!(version>=9.0.0)))
	at org.apache.felix.framework.Felix.resolveBundleRevision(Felix.java:4002)
	at org.apache.felix.framework.Felix.startBundle(Felix.java:2045)
	at org.apache.felix.framework.Felix.setActiveStartLevel(Felix.java:1299)
	at org.apache.felix.framework.FrameworkStartLevelImpl.run(FrameworkStartLevelImpl.java:304)
	at java.lang.Thread.run(Thread.java:748)
ERROR: Bundle org.apache.activemq.artemis-jms-client-osgi [149] Error starting mvn:org.apache.activemq/artemis-jms-client-osgi/2.5.0 (org.osgi.framework.BundleException: Unresolved constraint in bundle org.apache.activemq.artemis-jms-client-osgi [149]: Unable to resolve 149.0: missing requirement [149.0] osgi.wiring.package; (&(osgi.wiring.package=javax.jms)(version>=2.0.0)(!(version>=3.0.0))) [caused by: Unable to resolve 152.0: missing requirement [152.0] osgi.wiring.package; (osgi.wiring.package=javax.transaction.xa)])
org.osgi.framework.BundleException: Unresolved constraint in bundle org.apache.activemq.artemis-jms-client-osgi [149]: Unable to resolve 149.0: missing requirement [149.0] osgi.wiring.package; (&(osgi.wiring.package=javax.jms)(version>=2.0.0)(!(version>=3.0.0))) [caused by: Unable to resolve 152.0: missing requirement [152.0] osgi.wiring.package; (osgi.wiring.package=javax.transaction.xa)]
	at org.apache.felix.framework.Felix.resolveBundleRevision(Felix.java:4002)
	at org.apache.felix.framework.Felix.startBundle(Felix.java:2045)
	at org.apache.felix.framework.Felix.setActiveStartLevel(Felix.java:1299)
	at org.apache.felix.framework.FrameworkStartLevelImpl.run(FrameworkStartLevelImpl.java:304)
	at java.lang.Thread.run(Thread.java:748)
ERROR: Bundle pentaho-streaming-jms-plugin [150] Error starting mvn:org.pentaho.di.plugins/pentaho-streaming-jms-plugin/8.1.0.0-365 (org.osgi.framework.BundleException: Unresolved constraint in bundle pentaho-streaming-jms-plugin [150]: Unable to resolve 150.0: missing requirement [150.0] osgi.wiring.package; (&(osgi.wiring.package=javax.jms)(version>=2.0.0)(!(version>=3.0.0))) [caused by: Unable to resolve 152.0: missing requirement [152.0] osgi.wiring.package; (osgi.wiring.package=javax.transaction.xa)])
org.osgi.framework.BundleException: Unresolved constraint in bundle pentaho-streaming-jms-plugin [150]: Unable to resolve 150.0: missing requirement [150.0] osgi.wiring.package; (&(osgi.wiring.package=javax.jms)(version>=2.0.0)(!(version>=3.0.0))) [caused by: Unable to resolve 152.0: missing requirement [152.0] osgi.wiring.package; (osgi.wiring.package=javax.transaction.xa)]
	at org.apache.felix.framework.Felix.resolveBundleRevision(Felix.java:4002)
	at org.apache.felix.framework.Felix.startBundle(Felix.java:2045)
	at org.apache.felix.framework.Felix.setActiveStartLevel(Felix.java:1299)
	at org.apache.felix.framework.FrameworkStartLevelImpl.run(FrameworkStartLevelImpl.java:304)
	at java.lang.Thread.run(Thread.java:748)
ERROR: Bundle javax.jms-api [152] Error starting mvn:javax.jms/javax.jms-api/2.0.1 (org.osgi.framework.BundleException: Unresolved constraint in bundle javax.jms-api [152]: Unable to resolve 152.0: missing requirement [152.0] osgi.wiring.package; (osgi.wiring.package=javax.transaction.xa))
org.osgi.framework.BundleException: Unresolved constraint in bundle javax.jms-api [152]: Unable to resolve 152.0: missing requirement [152.0] osgi.wiring.package; (osgi.wiring.package=javax.transaction.xa)
	at org.apache.felix.framework.Felix.resolveBundleRevision(Felix.java:4002)
	at org.apache.felix.framework.Felix.startBundle(Felix.java:2045)
	at org.apache.felix.framework.Felix.setActiveStartLevel(Felix.java:1299)
	at org.apache.felix.framework.FrameworkStartLevelImpl.run(FrameworkStartLevelImpl.java:304)
	at java.lang.Thread.run(Thread.java:748)
ERROR: Bundle pentaho-streaming-mqtt-plugin [153] Error starting mvn:org.pentaho.di.plugins/pentaho-streaming-mqtt-plugin/8.1.0.0-365 (org.osgi.framework.BundleException: Unresolved constraint in bundle pentaho-streaming-mqtt-plugin [153]: Unable to resolve 153.0: missing requirement [153.0] osgi.wiring.package; (&(osgi.wiring.package=com.google.common.base)(version>=17.0.0)(!(version>=18.0.0))))
org.osgi.framework.BundleException: Unresolved constraint in bundle pentaho-streaming-mqtt-plugin [153]: Unable to resolve 153.0: missing requirement [153.0] osgi.wiring.package; (&(osgi.wiring.package=com.google.common.base)(version>=17.0.0)(!(version>=18.0.0)))
	at org.apache.felix.framework.Felix.resolveBundleRevision(Felix.java:4002)
	at org.apache.felix.framework.Felix.startBundle(Felix.java:2045)
	at org.apache.felix.framework.Felix.setActiveStartLevel(Felix.java:1299)
	at org.apache.felix.framework.FrameworkStartLevelImpl.run(FrameworkStartLevelImpl.java:304)
	at java.lang.Thread.run(Thread.java:748)
ERROR: Bundle pentaho-metaverse-core [162] Error starting mvn:pentaho/pentaho-metaverse-core/8.1.0.0-365 (org.osgi.framework.BundleException: Unresolved constraint in bundle pentaho-metaverse-core [162]: Unable to resolve 162.0: missing requirement [162.0] osgi.wiring.package; (&(osgi.wiring.package=com.google.common.collect)(version>=17.0.0)(!(version>=18.0.0))))
org.osgi.framework.BundleException: Unresolved constraint in bundle pentaho-metaverse-core [162]: Unable to resolve 162.0: missing requirement [162.0] osgi.wiring.package; (&(osgi.wiring.package=com.google.common.collect)(version>=17.0.0)(!(version>=18.0.0)))
	at org.apache.felix.framework.Felix.resolveBundleRevision(Felix.java:4002)
	at org.apache.felix.framework.Felix.startBundle(Felix.java:2045)
	at org.apache.felix.framework.Felix.setActiveStartLevel(Felix.java:1299)
	at org.apache.felix.framework.FrameworkStartLevelImpl.run(FrameworkStartLevelImpl.java:304)
	at java.lang.Thread.run(Thread.java:748)
ERROR: Bundle pentaho-metaverse-web [243] Error starting mvn:pentaho/pentaho-metaverse-web/8.1.0.0-365 (org.osgi.framework.BundleException: Unresolved constraint in bundle pentaho-metaverse-web [243]: Unable to resolve 243.0: missing requirement [243.0] osgi.wiring.package; (&(osgi.wiring.package=org.osgi.service.blueprint)(version>=1.0.0)(!(version>=2.0.0))))
org.osgi.framework.BundleException: Unresolved constraint in bundle pentaho-metaverse-web [243]: Unable to resolve 243.0: missing requirement [243.0] osgi.wiring.package; (&(osgi.wiring.package=org.osgi.service.blueprint)(version>=1.0.0)(!(version>=2.0.0)))
	at org.apache.felix.framework.Felix.resolveBundleRevision(Felix.java:4002)
	at org.apache.felix.framework.Felix.startBundle(Felix.java:2045)
	at org.apache.felix.framework.Felix.setActiveStartLevel(Felix.java:1299)
	at org.apache.felix.framework.FrameworkStartLevelImpl.run(FrameworkStartLevelImpl.java:304)
	at java.lang.Thread.run(Thread.java:748)
ERROR: Bundle pentaho-i18n-webservice-bundle [244] Error starting mvn:pentaho/pentaho-i18n-webservice-bundle/8.1.0.0-365 (org.osgi.framework.BundleException: Unresolved constraint in bundle pentaho-i18n-webservice-bundle [244]: Unable to resolve 244.0: missing requirement [244.0] osgi.wiring.package; (&(osgi.wiring.package=org.ops4j.pax.web.extender.whiteboard)(version>=3.1.0)(!(version>=4.0.0))))
org.osgi.framework.BundleException: Unresolved constraint in bundle pentaho-i18n-webservice-bundle [244]: Unable to resolve 244.0: missing requirement [244.0] osgi.wiring.package; (&(osgi.wiring.package=org.ops4j.pax.web.extender.whiteboard)(version>=3.1.0)(!(version>=4.0.0)))
	at org.apache.felix.framework.Felix.resolveBundleRevision(Felix.java:4002)
	at org.apache.felix.framework.Felix.startBundle(Felix.java:2045)
	at org.apache.felix.framework.Felix.setActiveStartLevel(Felix.java:1299)
	at org.apache.felix.framework.FrameworkStartLevelImpl.run(FrameworkStartLevelImpl.java:304)
	at java.lang.Thread.run(Thread.java:748)
ERROR: Bundle pdi-dataservice-client-plugin [245] Error starting mvn:pentaho/pdi-dataservice-client-plugin/8.1.0.0-365 (org.osgi.framework.BundleException: Unresolved constraint in bundle pdi-dataservice-client-plugin [245]: Unable to resolve 245.0: missing requirement [245.0] osgi.wiring.package; (&(osgi.wiring.package=com.google.common.base)(version>=17.0.0)(!(version>=18.0.0))))
org.osgi.framework.BundleException: Unresolved constraint in bundle pdi-dataservice-client-plugin [245]: Unable to resolve 245.0: missing requirement [245.0] osgi.wiring.package; (&(osgi.wiring.package=com.google.common.base)(version>=17.0.0)(!(version>=18.0.0)))
	at org.apache.felix.framework.Felix.resolveBundleRevision(Felix.java:4002)
	at org.apache.felix.framework.Felix.startBundle(Felix.java:2045)
	at org.apache.felix.framework.Felix.setActiveStartLevel(Felix.java:1299)
	at org.apache.felix.framework.FrameworkStartLevelImpl.run(FrameworkStartLevelImpl.java:304)
	at java.lang.Thread.run(Thread.java:748)
ERROR: Bundle pdi-dataservice-server-plugin [247] Error starting mvn:pentaho/pdi-dataservice-server-plugin/8.1.0.0-365 (org.osgi.framework.BundleException: Unresolved constraint in bundle pdi-dataservice-server-plugin [247]: Unable to resolve 247.0: missing requirement [247.0] osgi.wiring.package; (&(osgi.wiring.package=com.google.common.base)(version>=17.0.0)(!(version>=18.0.0))))
org.osgi.framework.BundleException: Unresolved constraint in bundle pdi-dataservice-server-plugin [247]: Unable to resolve 247.0: missing requirement [247.0] osgi.wiring.package; (&(osgi.wiring.package=com.google.common.base)(version>=17.0.0)(!(version>=18.0.0)))
	at org.apache.felix.framework.Felix.resolveBundleRevision(Felix.java:4002)
	at org.apache.felix.framework.Felix.startBundle(Felix.java:2045)
	at org.apache.felix.framework.Felix.setActiveStartLevel(Felix.java:1299)
	at org.apache.felix.framework.FrameworkStartLevelImpl.run(FrameworkStartLevelImpl.java:304)
	at java.lang.Thread.run(Thread.java:748)
ERROR: Bundle data-refinery-pdi-plugin [250] Error starting mvn:pentaho/data-refinery-pdi-plugin/8.1.0.0-365 (org.osgi.framework.BundleException: Unresolved constraint in bundle data-refinery-pdi-plugin [250]: Unable to resolve 250.0: missing requirement [250.0] osgi.wiring.package; (&(osgi.wiring.package=org.osgi.service.cm)(version>=1.4.0)(!(version>=2.0.0))))
org.osgi.framework.BundleException: Unresolved constraint in bundle data-refinery-pdi-plugin [250]: Unable to resolve 250.0: missing requirement [250.0] osgi.wiring.package; (&(osgi.wiring.package=org.osgi.service.cm)(version>=1.4.0)(!(version>=2.0.0)))
	at org.apache.felix.framework.Felix.resolveBundleRevision(Felix.java:4002)
	at org.apache.felix.framework.Felix.startBundle(Felix.java:2045)
	at org.apache.felix.framework.Felix.setActiveStartLevel(Felix.java:1299)
	at org.apache.felix.framework.FrameworkStartLevelImpl.run(FrameworkStartLevelImpl.java:304)
	at java.lang.Thread.run(Thread.java:748)
ERROR: Bundle pentaho-big-data-impl-shim-initializer [258] Error starting mvn:pentaho/pentaho-big-data-impl-shim-initializer/8.1.0.0-365 (org.osgi.framework.BundleException: Unresolved constraint in bundle pentaho-big-data-impl-shim-initializer [258]: Unable to resolve 258.0: missing requirement [258.0] osgi.wiring.package; (&(osgi.wiring.package=com.pentaho.big.data.bundles.impl.shim.common)(version>=8.1.0)(!(version>=9.0.0))))
org.osgi.framework.BundleException: Unresolved constraint in bundle pentaho-big-data-impl-shim-initializer [258]: Unable to resolve 258.0: missing requirement [258.0] osgi.wiring.package; (&(osgi.wiring.package=com.pentaho.big.data.bundles.impl.shim.common)(version>=8.1.0)(!(version>=9.0.0)))
	at org.apache.felix.framework.Felix.resolveBundleRevision(Felix.java:4002)
	at org.apache.felix.framework.Felix.startBundle(Felix.java:2045)
	at org.apache.felix.framework.Felix.setActiveStartLevel(Felix.java:1299)
	at org.apache.felix.framework.FrameworkStartLevelImpl.run(FrameworkStartLevelImpl.java:304)
	at java.lang.Thread.run(Thread.java:748)
ERROR: Bundle pentaho-big-data-impl-shim-hdfs [259] Error starting mvn:pentaho/pentaho-big-data-impl-shim-hdfs/8.1.0.0-365 (org.osgi.framework.BundleException: Unresolved constraint in bundle pentaho-big-data-impl-shim-hdfs [259]: Unable to resolve 259.0: missing requirement [259.0] osgi.wiring.package; (&(osgi.wiring.package=com.pentaho.big.data.bundles.impl.shim.common)(version>=8.1.0)(!(version>=9.0.0))))
org.osgi.framework.BundleException: Unresolved constraint in bundle pentaho-big-data-impl-shim-hdfs [259]: Unable to resolve 259.0: missing requirement [259.0] osgi.wiring.package; (&(osgi.wiring.package=com.pentaho.big.data.bundles.impl.shim.common)(version>=8.1.0)(!(version>=9.0.0)))
	at org.apache.felix.framework.Felix.resolveBundleRevision(Felix.java:4002)
	at org.apache.felix.framework.Felix.startBundle(Felix.java:2045)
	at org.apache.felix.framework.Felix.setActiveStartLevel(Felix.java:1299)
	at org.apache.felix.framework.FrameworkStartLevelImpl.run(FrameworkStartLevelImpl.java:304)
	at java.lang.Thread.run(Thread.java:748)
ERROR: Bundle pentaho-big-data-impl-shim-hbase [260] Error starting mvn:pentaho/pentaho-big-data-impl-shim-hbase/8.1.0.0-365 (org.osgi.framework.BundleException: Unresolved constraint in bundle pentaho-big-data-impl-shim-hbase [260]: Unable to resolve 260.0: missing requirement [260.0] osgi.wiring.package; (&(osgi.wiring.package=com.google.common.collect)(version>=17.0.0)(!(version>=18.0.0))))
org.osgi.framework.BundleException: Unresolved constraint in bundle pentaho-big-data-impl-shim-hbase [260]: Unable to resolve 260.0: missing requirement [260.0] osgi.wiring.package; (&(osgi.wiring.package=com.google.common.collect)(version>=17.0.0)(!(version>=18.0.0)))
	at org.apache.felix.framework.Felix.resolveBundleRevision(Felix.java:4002)
	at org.apache.felix.framework.Felix.startBundle(Felix.java:2045)
	at org.apache.felix.framework.Felix.setActiveStartLevel(Felix.java:1299)
	at org.apache.felix.framework.FrameworkStartLevelImpl.run(FrameworkStartLevelImpl.java:304)
	at java.lang.Thread.run(Thread.java:748)
ERROR: Bundle pentaho-big-data-impl-shim-mapreduce [261] Error starting mvn:pentaho/pentaho-big-data-impl-shim-mapreduce/8.1.0.0-365 (org.osgi.framework.BundleException: Unresolved constraint in bundle pentaho-big-data-impl-shim-mapreduce [261]: Unable to resolve 261.0: missing requirement [261.0] osgi.wiring.package; (&(osgi.wiring.package=com.pentaho.big.data.bundles.impl.shim.common)(version>=8.1.0)(!(version>=9.0.0))))
org.osgi.framework.BundleException: Unresolved constraint in bundle pentaho-big-data-impl-shim-mapreduce [261]: Unable to resolve 261.0: missing requirement [261.0] osgi.wiring.package; (&(osgi.wiring.package=com.pentaho.big.data.bundles.impl.shim.common)(version>=8.1.0)(!(version>=9.0.0)))
	at org.apache.felix.framework.Felix.resolveBundleRevision(Felix.java:4002)
	at org.apache.felix.framework.Felix.startBundle(Felix.java:2045)
	at org.apache.felix.framework.Felix.setActiveStartLevel(Felix.java:1299)
	at org.apache.felix.framework.FrameworkStartLevelImpl.run(FrameworkStartLevelImpl.java:304)
	at java.lang.Thread.run(Thread.java:748)
ERROR: Bundle pentaho-big-data-impl-shim-pig [262] Error starting mvn:pentaho/pentaho-big-data-impl-shim-pig/8.1.0.0-365 (org.osgi.framework.BundleException: Unresolved constraint in bundle pentaho-big-data-impl-shim-pig [262]: Unable to resolve 262.0: missing requirement [262.0] osgi.wiring.package; (&(osgi.wiring.package=com.pentaho.big.data.bundles.impl.shim.common)(version>=8.1.0)(!(version>=9.0.0))))
org.osgi.framework.BundleException: Unresolved constraint in bundle pentaho-big-data-impl-shim-pig [262]: Unable to resolve 262.0: missing requirement [262.0] osgi.wiring.package; (&(osgi.wiring.package=com.pentaho.big.data.bundles.impl.shim.common)(version>=8.1.0)(!(version>=9.0.0)))
	at org.apache.felix.framework.Felix.resolveBundleRevision(Felix.java:4002)
	at org.apache.felix.framework.Felix.startBundle(Felix.java:2045)
	at org.apache.felix.framework.Felix.setActiveStartLevel(Felix.java:1299)
	at org.apache.felix.framework.FrameworkStartLevelImpl.run(FrameworkStartLevelImpl.java:304)
	at java.lang.Thread.run(Thread.java:748)
ERROR: Bundle pentaho-big-data-impl-shim-oozie [263] Error starting mvn:pentaho/pentaho-big-data-impl-shim-oozie/8.1.0.0-365 (org.osgi.framework.BundleException: Unresolved constraint in bundle pentaho-big-data-impl-shim-oozie [263]: Unable to resolve 263.0: missing requirement [263.0] osgi.wiring.package; (&(osgi.wiring.package=com.pentaho.big.data.bundles.impl.shim.common)(version>=8.1.0)(!(version>=9.0.0))))
org.osgi.framework.BundleException: Unresolved constraint in bundle pentaho-big-data-impl-shim-oozie [263]: Unable to resolve 263.0: missing requirement [263.0] osgi.wiring.package; (&(osgi.wiring.package=com.pentaho.big.data.bundles.impl.shim.common)(version>=8.1.0)(!(version>=9.0.0)))
	at org.apache.felix.framework.Felix.resolveBundleRevision(Felix.java:4002)
	at org.apache.felix.framework.Felix.startBundle(Felix.java:2045)
	at org.apache.felix.framework.Felix.setActiveStartLevel(Felix.java:1299)
	at org.apache.felix.framework.FrameworkStartLevelImpl.run(FrameworkStartLevelImpl.java:304)
	at java.lang.Thread.run(Thread.java:748)
ERROR: Bundle pentaho-big-data-impl-shim-sqoop [264] Error starting mvn:pentaho/pentaho-big-data-impl-shim-sqoop/8.1.0.0-365 (org.osgi.framework.BundleException: Unresolved constraint in bundle pentaho-big-data-impl-shim-sqoop [264]: Unable to resolve 264.0: missing requirement [264.0] osgi.wiring.package; (&(osgi.wiring.package=com.google.common.collect)(version>=17.0.0)(!(version>=18.0.0))))
org.osgi.framework.BundleException: Unresolved constraint in bundle pentaho-big-data-impl-shim-sqoop [264]: Unable to resolve 264.0: missing requirement [264.0] osgi.wiring.package; (&(osgi.wiring.package=com.google.common.collect)(version>=17.0.0)(!(version>=18.0.0)))
	at org.apache.felix.framework.Felix.resolveBundleRevision(Felix.java:4002)
	at org.apache.felix.framework.Felix.startBundle(Felix.java:2045)
	at org.apache.felix.framework.Felix.setActiveStartLevel(Felix.java:1299)
	at org.apache.felix.framework.FrameworkStartLevelImpl.run(FrameworkStartLevelImpl.java:304)
	at java.lang.Thread.run(Thread.java:748)
ERROR: Bundle pentaho-big-data-impl-shim-jaas [265] Error starting mvn:pentaho/pentaho-big-data-impl-shim-jaas/8.1.0.0-365 (org.osgi.framework.BundleException: Unresolved constraint in bundle pentaho-big-data-impl-shim-jaas [265]: Unable to resolve 265.0: missing requirement [265.0] osgi.wiring.package; (&(osgi.wiring.package=com.pentaho.big.data.bundles.impl.shim.common)(version>=8.1.0)(!(version>=9.0.0))))
org.osgi.framework.BundleException: Unresolved constraint in bundle pentaho-big-data-impl-shim-jaas [265]: Unable to resolve 265.0: missing requirement [265.0] osgi.wiring.package; (&(osgi.wiring.package=com.pentaho.big.data.bundles.impl.shim.common)(version>=8.1.0)(!(version>=9.0.0)))
	at org.apache.felix.framework.Felix.resolveBundleRevision(Felix.java:4002)
	at org.apache.felix.framework.Felix.startBundle(Felix.java:2045)
	at org.apache.felix.framework.Felix.setActiveStartLevel(Felix.java:1299)
	at org.apache.felix.framework.FrameworkStartLevelImpl.run(FrameworkStartLevelImpl.java:304)
	at java.lang.Thread.run(Thread.java:748)
ERROR: Bundle pentaho-big-data-impl-shim-hive [266] Error starting mvn:pentaho/pentaho-big-data-impl-shim-hive/8.1.0.0-365 (org.osgi.framework.BundleException: Unresolved constraint in bundle pentaho-big-data-impl-shim-hive [266]: Unable to resolve 266.0: missing requirement [266.0] osgi.wiring.package; (osgi.wiring.package=com.pentaho.big.data.bundles.impl.shim.common))
org.osgi.framework.BundleException: Unresolved constraint in bundle pentaho-big-data-impl-shim-hive [266]: Unable to resolve 266.0: missing requirement [266.0] osgi.wiring.package; (osgi.wiring.package=com.pentaho.big.data.bundles.impl.shim.common)
	at org.apache.felix.framework.Felix.resolveBundleRevision(Felix.java:4002)
	at org.apache.felix.framework.Felix.startBundle(Felix.java:2045)
	at org.apache.felix.framework.Felix.setActiveStartLevel(Felix.java:1299)
	at org.apache.felix.framework.FrameworkStartLevelImpl.run(FrameworkStartLevelImpl.java:304)
	at java.lang.Thread.run(Thread.java:748)
ERROR: Bundle pentaho-big-data-impl-vfs-hdfs [267] Error starting mvn:pentaho/pentaho-big-data-impl-vfs-hdfs/8.1.0.0-365 (org.osgi.framework.BundleException: Unresolved constraint in bundle pentaho-big-data-impl-vfs-hdfs [267]: Unable to resolve 267.0: missing requirement [267.0] osgi.wiring.package; (&(osgi.wiring.package=org.osgi.service.blueprint)(version>=1.0.0)(!(version>=2.0.0))))
org.osgi.framework.BundleException: Unresolved constraint in bundle pentaho-big-data-impl-vfs-hdfs [267]: Unable to resolve 267.0: missing requirement [267.0] osgi.wiring.package; (&(osgi.wiring.package=org.osgi.service.blueprint)(version>=1.0.0)(!(version>=2.0.0)))
	at org.apache.felix.framework.Felix.resolveBundleRevision(Felix.java:4002)
	at org.apache.felix.framework.Felix.startBundle(Felix.java:2045)
	at org.apache.felix.framework.Felix.setActiveStartLevel(Felix.java:1299)
	at org.apache.felix.framework.FrameworkStartLevelImpl.run(FrameworkStartLevelImpl.java:304)
	at java.lang.Thread.run(Thread.java:748)
ERROR: Bundle pentaho-hadoop-shims-osgi-jaas [268] Error starting mvn:pentaho/pentaho-hadoop-shims-osgi-jaas/8.1.0.0-365 (org.osgi.framework.BundleException: Unresolved constraint in bundle pentaho-hadoop-shims-osgi-jaas [268]: Unable to resolve 268.0: missing requirement [268.0] osgi.wiring.package; (&(osgi.wiring.package=org.apache.karaf.jaas.config)(version>=3.0.0)(!(version>=4.0.0))))
org.osgi.framework.BundleException: Unresolved constraint in bundle pentaho-hadoop-shims-osgi-jaas [268]: Unable to resolve 268.0: missing requirement [268.0] osgi.wiring.package; (&(osgi.wiring.package=org.apache.karaf.jaas.config)(version>=3.0.0)(!(version>=4.0.0)))
	at org.apache.felix.framework.Felix.resolveBundleRevision(Felix.java:4002)
	at org.apache.felix.framework.Felix.startBundle(Felix.java:2045)
	at org.apache.felix.framework.Felix.setActiveStartLevel(Felix.java:1299)
	at org.apache.felix.framework.FrameworkStartLevelImpl.run(FrameworkStartLevelImpl.java:304)
	at java.lang.Thread.run(Thread.java:748)
22:34:01,134 ERROR [KarafLifecycleListener] The Kettle Karaf Lifecycle Listener failed to execute properly after waiting for 100 seconds. Releasing lifecycle hold, but some services may be unavailable.
2025/07/21 22:34:01 - REST_Call_and_Load_Ciena_to_DB - Start of job execution
log4j:ERROR No output stream or file set for the appender named [pdi-execution-appender].
2025/07/21 22:34:01 - REST_Call_and_Load_Ciena_to_DB - Starting entry [LoadConfiguration]
2025/07/21 22:34:01 - LoadConfiguration - Loading transformation from XML file [file:///hawaiki_il/endpointcentral/endpoint_configuration.ktr]
2025/07/21 22:34:01 - LoadConfiguration - Using run configuration [Pentaho local]
2025/07/21 22:34:01 - LoadConfiguration - Using legacy execution engine
2025/07/21 22:34:01 - ciena_load_configuration - Dispatching started for transformation [ciena_load_configuration]
2025/07/21 22:34:01 - Property Input.0 - Finished processing (I=20, O=0, R=0, W=20, U=0, E=0)
2025/07/21 22:34:01 - Row denormaliser.0 - Finished processing (I=0, O=0, R=20, W=1, U=0, E=0)
2025/07/21 22:34:01 - Set Variables.0 - Setting environment variables...
2025/07/21 22:34:01 - Set Variables.0 - Set variable TARGET_DB_IP to value [10.7.2.132]
2025/07/21 22:34:01 - Set Variables.0 - Set variable TARGET_DB_NAME to value [pm_db]
2025/07/21 22:34:01 - Set Variables.0 - Set variable TARGET_DB_PORT to value [3306]
2025/07/21 22:34:01 - Set Variables.0 - Set variable TARGET_DB_USER to value [mediation_rw]
2025/07/21 22:34:01 - Set Variables.0 - Set variable TARGET_DB_PASS to value [RKbZ4NzQJrL20tmu]
2025/07/21 22:34:01 - Set Variables.0 - Set variable TARGET_ACCESS_URL to value [https://desktop-central.bw-digital-ext.com:8383/api/1.4/patch/allsystems]
2025/07/21 22:34:01 - Set Variables.0 - Set variable TARGET_KEY to value [AUTHORIZATION]
2025/07/21 22:34:01 - Set Variables.0 - Set variable TARGET_VALUE to value [F33E4AD8-C9AD-4892-9E2A-EBDD26043FC4]
2025/07/21 22:34:01 - Set Variables.0 - Set variable TARGET_EMAIL_DESTINATION_ADDRESS to value [itsys@bw-digital.com]
2025/07/21 22:34:01 - Set Variables.0 - Set variable TARGET_EMAIL_SENDER_ADDRESS to value [no-reply@bw-digital.com]
2025/07/21 22:34:01 - Set Variables.0 - Set variable TARGET_EMAIL_SMTP_SERVER to value []
2025/07/21 22:34:01 - Set Variables.0 - Set variable TARGET_EMAIL_PORT to value []
2025/07/21 22:34:01 - Set Variables.0 - Set variable TARGET_EMAIL_SMTP_PASSWORD to value []
2025/07/21 22:34:01 - Set Variables.0 - Set variable TARGET_EMAIL_SUBJECT to value []
2025/07/21 22:34:01 - Set Variables.0 - Set variable TARGET-SLEEP_AFTER_REST_ATTEMPT to value [Y]
2025/07/21 22:34:01 - Set Variables.0 - Set variable TARGET_SLEEP_TIMER to value [3.0]
2025/07/21 22:34:01 - Set Variables.0 - Set variable TARGET_DURATION_DAYS to value [2.0]
2025/07/21 22:34:01 - Set Variables.0 - Set variable TARGET_BINSTATE_LOG to value [Y]
2025/07/21 22:34:01 - Set Variables.0 - Set variable TARGET_DATE_START to value [2024-10-31]
2025/07/21 22:34:01 - Set Variables.0 - Set variable TARGET_DATE_END to value [2024-10-31]
2025/07/21 22:34:01 - Set Variables.0 - Finished after 1 rows.
2025/07/21 22:34:01 - Set Variables.0 - Finished processing (I=0, O=0, R=1, W=1, U=0, E=0)
2025/07/21 22:34:01 - REST_Call_and_Load_Ciena_to_DB - Starting entry [ExtractData]
2025/07/21 22:34:01 - ExtractData - Loading transformation from XML file [file:///hawaiki_il/endpointcentral/endpoint_report_extraction.ktr]
2025/07/21 22:34:01 - ExtractData - Using run configuration [Pentaho local]
2025/07/21 22:34:01 - ExtractData - Using legacy execution engine
2025/07/21 22:34:01 - ciena_report_extraction - Dispatching started for transformation [ciena_report_extraction]
SLF4J: Class path contains multiple SLF4J bindings.
SLF4J: Found binding in [jar:file:/hawaiki_il/data-integration/launcher/../lib/slf4j-log4j12-1.7.7.jar!/org/slf4j/impl/StaticLoggerBinder.class]
SLF4J: Found binding in [jar:file:/hawaiki_il/data-integration/plugins/kettle-json-plugin/lib/slf4j-log4j12-1.7.7.jar!/org/slf4j/impl/StaticLoggerBinder.class]
SLF4J: See http://www.slf4j.org/codes.html#multiple_bindings for an explanation.
SLF4J: Actual binding is of type [org.slf4j.impl.Log4jLoggerFactory]
2025/07/21 22:34:02 - Table output.0 - Connected to database [db] (commit=1000)
2025/07/21 22:34:02 - Generate Rows.0 - Finished processing (I=0, O=0, R=0, W=1, U=0, E=0)
2025/07/21 22:34:03 - REST client.0 - ERROR (version 8.1.0.0-365, build 8.1.0.0-365 from 2018-04-30 09.42.24 by buildguy) : Because of an error, this step can't continue: 
2025/07/21 22:34:03 - REST client.0 - Can not result from [https://desktop-central.bw-digital-ext.com:8383/api/1.4/patch/allsystems?page=1&pagelimit=1000]
2025/07/21 22:34:03 - REST client.0 - javax.net.ssl.SSLHandshakeException: sun.security.validator.ValidatorException: PKIX path building failed: sun.security.provider.certpath.SunCertPathBuilderException: unable to find valid certification path to requested target
2025/07/21 22:34:03 - REST client.0 - ERROR (version 8.1.0.0-365, build 8.1.0.0-365 from 2018-04-30 09.42.24 by buildguy) : org.pentaho.di.core.exception.KettleException: 
2025/07/21 22:34:03 - REST client.0 - Can not result from [https://desktop-central.bw-digital-ext.com:8383/api/1.4/patch/allsystems?page=1&pagelimit=1000]
2025/07/21 22:34:03 - REST client.0 - javax.net.ssl.SSLHandshakeException: sun.security.validator.ValidatorException: PKIX path building failed: sun.security.provider.certpath.SunCertPathBuilderException: unable to find valid certification path to requested target
2025/07/21 22:34:03 - REST client.0 - 
2025/07/21 22:34:03 - REST client.0 - 	at org.pentaho.di.trans.steps.rest.Rest.callRest(Rest.java:256)
2025/07/21 22:34:03 - REST client.0 - 	at org.pentaho.di.trans.steps.rest.Rest.processRow(Rest.java:453)
2025/07/21 22:34:03 - REST client.0 - 	at org.pentaho.di.trans.step.RunThread.run(RunThread.java:62)
2025/07/21 22:34:03 - REST client.0 - 	at java.lang.Thread.run(Thread.java:748)
2025/07/21 22:34:03 - REST client.0 - Caused by: com.sun.jersey.api.client.ClientHandlerException: javax.net.ssl.SSLHandshakeException: sun.security.validator.ValidatorException: PKIX path building failed: sun.security.provider.certpath.SunCertPathBuilderException: unable to find valid certification path to requested target
2025/07/21 22:34:03 - REST client.0 - 	at com.sun.jersey.client.apache4.ApacheHttpClient4Handler.handle(ApacheHttpClient4Handler.java:187)
2025/07/21 22:34:03 - REST client.0 - 	at com.sun.jersey.api.client.Client.handle(Client.java:652)
2025/07/21 22:34:03 - REST client.0 - 	at com.sun.jersey.api.client.WebResource.handle(WebResource.java:682)
2025/07/21 22:34:03 - REST client.0 - 	at com.sun.jersey.api.client.WebResource.access$200(WebResource.java:74)
2025/07/21 22:34:03 - REST client.0 - 	at com.sun.jersey.api.client.WebResource$Builder.get(WebResource.java:509)
2025/07/21 22:34:03 - REST client.0 - 	at org.pentaho.di.trans.steps.rest.Rest.callRest(Rest.java:179)
2025/07/21 22:34:03 - REST client.0 - 	... 3 more
2025/07/21 22:34:03 - REST client.0 - Caused by: javax.net.ssl.SSLHandshakeException: sun.security.validator.ValidatorException: PKIX path building failed: sun.security.provider.certpath.SunCertPathBuilderException: unable to find valid certification path to requested target
2025/07/21 22:34:03 - REST client.0 - 	at sun.security.ssl.Alerts.getSSLException(Alerts.java:192)
2025/07/21 22:34:03 - REST client.0 - 	at sun.security.ssl.SSLSocketImpl.fatal(SSLSocketImpl.java:1946)
2025/07/21 22:34:03 - REST client.0 - 	at sun.security.ssl.Handshaker.fatalSE(Handshaker.java:316)
2025/07/21 22:34:03 - REST client.0 - 	at sun.security.ssl.Handshaker.fatalSE(Handshaker.java:310)
2025/07/21 22:34:03 - REST client.0 - 	at sun.security.ssl.ClientHandshaker.serverCertificate(ClientHandshaker.java:1639)
2025/07/21 22:34:03 - REST client.0 - 	at sun.security.ssl.ClientHandshaker.processMessage(ClientHandshaker.java:223)
2025/07/21 22:34:03 - REST client.0 - 	at sun.security.ssl.Handshaker.processLoop(Handshaker.java:1037)
2025/07/21 22:34:03 - REST client.0 - 	at sun.security.ssl.Handshaker.process_record(Handshaker.java:965)
2025/07/21 22:34:03 - REST client.0 - 	at sun.security.ssl.SSLSocketImpl.readRecord(SSLSocketImpl.java:1064)
2025/07/21 22:34:03 - REST client.0 - 	at sun.security.ssl.SSLSocketImpl.performInitialHandshake(SSLSocketImpl.java:1367)
2025/07/21 22:34:03 - REST client.0 - 	at sun.security.ssl.SSLSocketImpl.startHandshake(SSLSocketImpl.java:1395)
2025/07/21 22:34:03 - REST client.0 - 	at sun.security.ssl.SSLSocketImpl.startHandshake(SSLSocketImpl.java:1379)
2025/07/21 22:34:03 - REST client.0 - 	at org.apache.http.conn.ssl.SSLSocketFactory.createLayeredSocket(SSLSocketFactory.java:573)
2025/07/21 22:34:03 - REST client.0 - 	at org.apache.http.conn.ssl.SSLSocketFactory.connectSocket(SSLSocketFactory.java:557)
2025/07/21 22:34:03 - REST client.0 - 	at org.apache.http.conn.ssl.SSLSocketFactory.connectSocket(SSLSocketFactory.java:414)
2025/07/21 22:34:03 - REST client.0 - 	at org.apache.http.impl.conn.DefaultClientConnectionOperator.openConnection(DefaultClientConnectionOperator.java:180)
2025/07/21 22:34:03 - REST client.0 - 	at org.apache.http.impl.conn.ManagedClientConnectionImpl.open(ManagedClientConnectionImpl.java:326)
2025/07/21 22:34:03 - REST client.0 - 	at org.apache.http.impl.client.DefaultRequestDirector.tryConnect(DefaultRequestDirector.java:610)
2025/07/21 22:34:03 - REST client.0 - 	at org.apache.http.impl.client.DefaultRequestDirector.execute(DefaultRequestDirector.java:445)
2025/07/21 22:34:03 - REST client.0 - 	at org.apache.http.impl.client.AbstractHttpClient.doExecute(AbstractHttpClient.java:835)
2025/07/21 22:34:03 - REST client.0 - 	at org.apache.http.impl.client.CloseableHttpClient.execute(CloseableHttpClient.java:118)
2025/07/21 22:34:03 - REST client.0 - 	at org.apache.http.impl.client.CloseableHttpClient.execute(CloseableHttpClient.java:56)
2025/07/21 22:34:03 - REST client.0 - 	at com.sun.jersey.client.apache4.ApacheHttpClient4Handler.handle(ApacheHttpClient4Handler.java:173)
2025/07/21 22:34:03 - REST client.0 - 	... 8 more
2025/07/21 22:34:03 - REST client.0 - Caused by: sun.security.validator.ValidatorException: PKIX path building failed: sun.security.provider.certpath.SunCertPathBuilderException: unable to find valid certification path to requested target
2025/07/21 22:34:03 - REST client.0 - 	at sun.security.validator.PKIXValidator.doBuild(PKIXValidator.java:397)
2025/07/21 22:34:03 - REST client.0 - 	at sun.security.validator.PKIXValidator.engineValidate(PKIXValidator.java:302)
2025/07/21 22:34:03 - REST client.0 - 	at sun.security.validator.Validator.validate(Validator.java:262)
2025/07/21 22:34:03 - REST client.0 - 	at sun.security.ssl.X509TrustManagerImpl.validate(X509TrustManagerImpl.java:324)
2025/07/21 22:34:03 - REST client.0 - 	at sun.security.ssl.X509TrustManagerImpl.checkTrusted(X509TrustManagerImpl.java:229)
2025/07/21 22:34:03 - REST client.0 - 	at sun.security.ssl.X509TrustManagerImpl.checkServerTrusted(X509TrustManagerImpl.java:124)
2025/07/21 22:34:03 - REST client.0 - 	at sun.security.ssl.ClientHandshaker.serverCertificate(ClientHandshaker.java:1621)
2025/07/21 22:34:03 - REST client.0 - 	... 26 more
2025/07/21 22:34:03 - REST client.0 - Caused by: sun.security.provider.certpath.SunCertPathBuilderException: unable to find valid certification path to requested target
2025/07/21 22:34:03 - REST client.0 - 	at sun.security.provider.certpath.SunCertPathBuilder.build(SunCertPathBuilder.java:141)
2025/07/21 22:34:03 - REST client.0 - 	at sun.security.provider.certpath.SunCertPathBuilder.engineBuild(SunCertPathBuilder.java:126)
2025/07/21 22:34:03 - REST client.0 - 	at java.security.cert.CertPathBuilder.build(CertPathBuilder.java:280)
2025/07/21 22:34:03 - REST client.0 - 	at sun.security.validator.PKIXValidator.doBuild(PKIXValidator.java:392)
2025/07/21 22:34:03 - REST client.0 - 	... 32 more
2025/07/21 22:34:03 - ciena_report_extraction - ERROR (version 8.1.0.0-365, build 8.1.0.0-365 from 2018-04-30 09.42.24 by buildguy) : Errors detected!
2025/07/21 22:34:03 - REST client.0 - Finished processing (I=0, O=0, R=1, W=0, U=0, E=1)
2025/07/21 22:34:03 - ciena_report_extraction - Transformation detected one or more steps with errors.
2025/07/21 22:34:03 - ciena_report_extraction - Transformation is killing the other steps!
2025/07/21 22:34:03 - ciena_report_extraction - ERROR (version 8.1.0.0-365, build 8.1.0.0-365 from 2018-04-30 09.42.24 by buildguy) : Errors detected!
2025/07/21 22:34:03 - REST_Call_and_Load_Ciena_to_DB - Finished job entry [ExtractData] (result=[false])
2025/07/21 22:34:03 - REST_Call_and_Load_Ciena_to_DB - Finished job entry [LoadConfiguration] (result=[false])
2025/07/21 22:34:03 - REST_Call_and_Load_Ciena_to_DB - Job execution finished
2025/07/21 22:34:03 - Kitchen - Finished!
2025/07/21 22:34:03 - Kitchen - ERROR (version 8.1.0.0-365, build 8.1.0.0-365 from 2018-04-30 09.42.24 by buildguy) : Finished with errors
2025/07/21 22:34:03 - Kitchen - Start=2025/07/21 22:32:17.338, Stop=2025/07/21 22:34:03.219
2025/07/21 22:34:03 - Kitchen - Processing ended after 1 minutes and 45 seconds (105 seconds total).
#######################################################################
WARNING:  no libwebkitgtk-1.0 detected, some features will be unavailable
    Consider installing the package with apt-get or yum.
    e.g. 'sudo apt-get install libwebkitgtk-1.0-0'
#######################################################################
Java HotSpot(TM) Server VM warning: ignoring option MaxPermSize=256m; support was removed in 8.0
log4j:WARN Continuable parsing error 45 and column 76
log4j:WARN Element type "rollingPolicy" must be declared.
log4j:WARN Continuable parsing error 52 and column 14
log4j:WARN The content of element type "appender" must match "(errorHandler?,param*,layout?,filter*,appender-ref*)".
log4j:WARN Please set a rolling policy for the RollingFileAppender named 'pdi-execution-appender'
22:30:08,106 INFO  [KarafBoot] Checking to see if org.pentaho.clean.karaf.cache is enabled
22:30:08,416 INFO  [KarafInstance] 
*******************************************************************************
*** Karaf Instance Number: 7 at /hawaiki_il/data-integration/./system/karaf ***
***   /caches/kitchen/data-4                                                ***
*** FastBin Provider Port:52907                                             ***
*** Karaf Port:8808                                                         ***
*** OSGI Service Port:9057                                                  ***
*******************************************************************************
Jul 22, 2025 10:30:11 PM org.apache.karaf.main.Main$KarafLockCallback lockAquired
INFO: Lock acquired. Setting startlevel to 100
ERROR: Bundle org.apache.geronimo.specs.geronimo-osgi-registry [176] Error starting mvn:org.apache.geronimo.specs/geronimo-osgi-registry/1.1 (org.osgi.framework.BundleException: Unresolved constraint in bundle org.apache.geronimo.specs.geronimo-osgi-registry [176]: Unable to resolve 176.0: missing requirement [176.0] osgi.wiring.package; (&(osgi.wiring.package=org.osgi.service.log)(version>=1.3.0)))
org.osgi.framework.BundleException: Unresolved constraint in bundle org.apache.geronimo.specs.geronimo-osgi-registry [176]: Unable to resolve 176.0: missing requirement [176.0] osgi.wiring.package; (&(osgi.wiring.package=org.osgi.service.log)(version>=1.3.0))
	at org.apache.felix.framework.Felix.resolveBundleRevision(Felix.java:4002)
	at org.apache.felix.framework.Felix.startBundle(Felix.java:2045)
	at org.apache.felix.framework.Felix.setActiveStartLevel(Felix.java:1299)
	at org.apache.felix.framework.FrameworkStartLevelImpl.run(FrameworkStartLevelImpl.java:304)
	at java.lang.Thread.run(Thread.java:748)
2025/07/22 22:30:12 - Kitchen - Start of run.
ERROR: Bundle org.apache.karaf.bundle.springstate [175] Error starting mvn:org.apache.karaf.bundle/org.apache.karaf.bundle.springstate/3.0.3 (org.osgi.framework.BundleException: Unresolved constraint in bundle org.apache.karaf.bundle.springstate [175]: Unable to resolve 175.0: missing requirement [175.0] osgi.wiring.package; (&(osgi.wiring.package=org.apache.karaf.bundle.core)(version>=3.0.0)(!(version>=4.0.0))))
org.osgi.framework.BundleException: Unresolved constraint in bundle org.apache.karaf.bundle.springstate [175]: Unable to resolve 175.0: missing requirement [175.0] osgi.wiring.package; (&(osgi.wiring.package=org.apache.karaf.bundle.core)(version>=3.0.0)(!(version>=4.0.0)))
	at org.apache.felix.framework.Felix.resolveBundleRevision(Felix.java:4002)
	at org.apache.felix.framework.Felix.startBundle(Felix.java:2045)
	at org.apache.felix.framework.Felix.setActiveStartLevel(Felix.java:1299)
	at org.apache.felix.framework.FrameworkStartLevelImpl.run(FrameworkStartLevelImpl.java:304)
	at java.lang.Thread.run(Thread.java:748)
ERROR: Bundle org.apache.wss4j.wss4j-ws-security-common [229] Error starting mvn:org.apache.wss4j/wss4j-ws-security-common/2.0.6 (org.osgi.framework.BundleException: Unresolved constraint in bundle org.apache.wss4j.wss4j-ws-security-common [229]: Unable to resolve 229.0: missing requirement [229.0] osgi.wiring.package; (&(osgi.wiring.package=javax.mail.internet)(version>=1.4.0)(!(version>=2.0.0))))
org.osgi.framework.BundleException: Unresolved constraint in bundle org.apache.wss4j.wss4j-ws-security-common [229]: Unable to resolve 229.0: missing requirement [229.0] osgi.wiring.package; (&(osgi.wiring.package=javax.mail.internet)(version>=1.4.0)(!(version>=2.0.0)))
	at org.apache.felix.framework.Felix.resolveBundleRevision(Felix.java:4002)
	at org.apache.felix.framework.Felix.startBundle(Felix.java:2045)
	at org.apache.felix.framework.Felix.setActiveStartLevel(Felix.java:1299)
	at org.apache.felix.framework.FrameworkStartLevelImpl.run(FrameworkStartLevelImpl.java:304)
	at java.lang.Thread.run(Thread.java:748)
ERROR: Bundle org.apache.wss4j.wss4j-ws-security-dom [230] Error starting mvn:org.apache.wss4j/wss4j-ws-security-dom/2.0.6 (org.osgi.framework.BundleException: Unresolved constraint in bundle org.apache.wss4j.wss4j-ws-security-dom [230]: Unable to resolve 230.0: missing requirement [230.0] osgi.wiring.package; (&(osgi.wiring.package=org.apache.wss4j.common)(version>=2.0.0)(!(version>=3.0.0))) [caused by: Unable to resolve 229.0: missing requirement [229.0] osgi.wiring.package; (&(osgi.wiring.package=javax.mail.internet)(version>=1.4.0)(!(version>=2.0.0)))])
org.osgi.framework.BundleException: Unresolved constraint in bundle org.apache.wss4j.wss4j-ws-security-dom [230]: Unable to resolve 230.0: missing requirement [230.0] osgi.wiring.package; (&(osgi.wiring.package=org.apache.wss4j.common)(version>=2.0.0)(!(version>=3.0.0))) [caused by: Unable to resolve 229.0: missing requirement [229.0] osgi.wiring.package; (&(osgi.wiring.package=javax.mail.internet)(version>=1.4.0)(!(version>=2.0.0)))]
	at org.apache.felix.framework.Felix.resolveBundleRevision(Felix.java:4002)
	at org.apache.felix.framework.Felix.startBundle(Felix.java:2045)
	at org.apache.felix.framework.Felix.setActiveStartLevel(Felix.java:1299)
	at org.apache.felix.framework.FrameworkStartLevelImpl.run(FrameworkStartLevelImpl.java:304)
	at java.lang.Thread.run(Thread.java:748)
ERROR: Bundle org.apache.wss4j.wss4j-ws-security-stax [232] Error starting mvn:org.apache.wss4j/wss4j-ws-security-stax/2.0.6 (org.osgi.framework.BundleException: Unresolved constraint in bundle org.apache.wss4j.wss4j-ws-security-stax [232]: Unable to resolve 232.0: missing requirement [232.0] osgi.wiring.package; (&(osgi.wiring.package=org.apache.wss4j.common)(version>=2.0.0)(!(version>=3.0.0))) [caused by: Unable to resolve 229.0: missing requirement [229.0] osgi.wiring.package; (&(osgi.wiring.package=javax.mail.internet)(version>=1.4.0)(!(version>=2.0.0)))])
org.osgi.framework.BundleException: Unresolved constraint in bundle org.apache.wss4j.wss4j-ws-security-stax [232]: Unable to resolve 232.0: missing requirement [232.0] osgi.wiring.package; (&(osgi.wiring.package=org.apache.wss4j.common)(version>=2.0.0)(!(version>=3.0.0))) [caused by: Unable to resolve 229.0: missing requirement [229.0] osgi.wiring.package; (&(osgi.wiring.package=javax.mail.internet)(version>=1.4.0)(!(version>=2.0.0)))]
	at org.apache.felix.framework.Felix.resolveBundleRevision(Felix.java:4002)
	at org.apache.felix.framework.Felix.startBundle(Felix.java:2045)
	at org.apache.felix.framework.Felix.setActiveStartLevel(Felix.java:1299)
	at org.apache.felix.framework.FrameworkStartLevelImpl.run(FrameworkStartLevelImpl.java:304)
	at java.lang.Thread.run(Thread.java:748)
ERROR: Bundle org.apache.wss4j.wss4j-ws-security-policy-stax [233] Error starting mvn:org.apache.wss4j/wss4j-ws-security-policy-stax/2.0.6 (org.osgi.framework.BundleException: Unresolved constraint in bundle org.apache.wss4j.wss4j-ws-security-policy-stax [233]: Unable to resolve 233.0: missing requirement [233.0] osgi.wiring.package; (&(osgi.wiring.package=org.apache.wss4j.common)(version>=2.0.0)(!(version>=3.0.0))) [caused by: Unable to resolve 229.0: missing requirement [229.0] osgi.wiring.package; (&(osgi.wiring.package=javax.mail.internet)(version>=1.4.0)(!(version>=2.0.0)))])
org.osgi.framework.BundleException: Unresolved constraint in bundle org.apache.wss4j.wss4j-ws-security-policy-stax [233]: Unable to resolve 233.0: missing requirement [233.0] osgi.wiring.package; (&(osgi.wiring.package=org.apache.wss4j.common)(version>=2.0.0)(!(version>=3.0.0))) [caused by: Unable to resolve 229.0: missing requirement [229.0] osgi.wiring.package; (&(osgi.wiring.package=javax.mail.internet)(version>=1.4.0)(!(version>=2.0.0)))]
	at org.apache.felix.framework.Felix.resolveBundleRevision(Felix.java:4002)
	at org.apache.felix.framework.Felix.startBundle(Felix.java:2045)
	at org.apache.felix.framework.Felix.setActiveStartLevel(Felix.java:1299)
	at org.apache.felix.framework.FrameworkStartLevelImpl.run(FrameworkStartLevelImpl.java:304)
	at java.lang.Thread.run(Thread.java:748)
ERROR: Bundle org.apache.cxf.cxf-core [191] Error starting mvn:org.apache.cxf/cxf-core/3.0.13 (org.osgi.framework.BundleException: Unresolved constraint in bundle org.apache.cxf.cxf-core [191]: Unable to resolve 191.0: missing requirement [191.0] osgi.wiring.package; (&(osgi.wiring.package=org.osgi.service.blueprint.container)(version>=1.0.0)(!(version>=2.0.0))))
org.osgi.framework.BundleException: Unresolved constraint in bundle org.apache.cxf.cxf-core [191]: Unable to resolve 191.0: missing requirement [191.0] osgi.wiring.package; (&(osgi.wiring.package=org.osgi.service.blueprint.container)(version>=1.0.0)(!(version>=2.0.0)))
	at org.apache.felix.framework.Felix.resolveBundleRevision(Felix.java:4002)
	at org.apache.felix.framework.Felix.startBundle(Felix.java:2045)
	at org.apache.felix.framework.Felix.setActiveStartLevel(Felix.java:1299)
	at org.apache.felix.framework.FrameworkStartLevelImpl.run(FrameworkStartLevelImpl.java:304)
	at java.lang.Thread.run(Thread.java:748)
ERROR: Bundle org.apache.cxf.cxf-rt-management [192] Error starting mvn:org.apache.cxf/cxf-rt-management/3.0.13 (org.osgi.framework.BundleException: Unresolved constraint in bundle org.apache.cxf.cxf-rt-management [192]: Unable to resolve 192.0: missing requirement [192.0] osgi.wiring.package; (&(osgi.wiring.package=org.apache.cxf)(version>=3.0.0)(!(version>=4.0.0))) [caused by: Unable to resolve 191.0: missing requirement [191.0] osgi.wiring.package; (&(osgi.wiring.package=org.osgi.service.blueprint.container)(version>=1.0.0)(!(version>=2.0.0)))])
org.osgi.framework.BundleException: Unresolved constraint in bundle org.apache.cxf.cxf-rt-management [192]: Unable to resolve 192.0: missing requirement [192.0] osgi.wiring.package; (&(osgi.wiring.package=org.apache.cxf)(version>=3.0.0)(!(version>=4.0.0))) [caused by: Unable to resolve 191.0: missing requirement [191.0] osgi.wiring.package; (&(osgi.wiring.package=org.osgi.service.blueprint.container)(version>=1.0.0)(!(version>=2.0.0)))]
	at org.apache.felix.framework.Felix.resolveBundleRevision(Felix.java:4002)
	at org.apache.felix.framework.Felix.startBundle(Felix.java:2045)
	at org.apache.felix.framework.Felix.setActiveStartLevel(Felix.java:1299)
	at org.apache.felix.framework.FrameworkStartLevelImpl.run(FrameworkStartLevelImpl.java:304)
	at java.lang.Thread.run(Thread.java:748)
ERROR: Bundle org.apache.cxf.karaf.cxf-karaf-commands [193] Error starting mvn:org.apache.cxf.karaf/cxf-karaf-commands/3.0.13 (org.osgi.framework.BundleException: Unresolved constraint in bundle org.apache.cxf.karaf.cxf-karaf-commands [193]: Unable to resolve 193.0: missing requirement [193.0] osgi.wiring.package; (&(osgi.wiring.package=org.apache.cxf)(version>=3.0.0)(!(version>=4.0.0))) [caused by: Unable to resolve 191.0: missing requirement [191.0] osgi.wiring.package; (&(osgi.wiring.package=org.osgi.service.blueprint.container)(version>=1.0.0)(!(version>=2.0.0)))])
org.osgi.framework.BundleException: Unresolved constraint in bundle org.apache.cxf.karaf.cxf-karaf-commands [193]: Unable to resolve 193.0: missing requirement [193.0] osgi.wiring.package; (&(osgi.wiring.package=org.apache.cxf)(version>=3.0.0)(!(version>=4.0.0))) [caused by: Unable to resolve 191.0: missing requirement [191.0] osgi.wiring.package; (&(osgi.wiring.package=org.osgi.service.blueprint.container)(version>=1.0.0)(!(version>=2.0.0)))]
	at org.apache.felix.framework.Felix.resolveBundleRevision(Felix.java:4002)
	at org.apache.felix.framework.Felix.startBundle(Felix.java:2045)
	at org.apache.felix.framework.Felix.setActiveStartLevel(Felix.java:1299)
	at org.apache.felix.framework.FrameworkStartLevelImpl.run(FrameworkStartLevelImpl.java:304)
	at java.lang.Thread.run(Thread.java:748)
ERROR: Bundle org.apache.cxf.cxf-rt-wsdl [195] Error starting mvn:org.apache.cxf/cxf-rt-wsdl/3.0.13 (org.osgi.framework.BundleException: Unresolved constraint in bundle org.apache.cxf.cxf-rt-wsdl [195]: Unable to resolve 195.0: missing requirement [195.0] osgi.wiring.package; (&(osgi.wiring.package=org.apache.cxf)(version>=3.0.0)(!(version>=4.0.0))) [caused by: Unable to resolve 191.0: missing requirement [191.0] osgi.wiring.package; (&(osgi.wiring.package=org.osgi.service.blueprint.container)(version>=1.0.0)(!(version>=2.0.0)))])
org.osgi.framework.BundleException: Unresolved constraint in bundle org.apache.cxf.cxf-rt-wsdl [195]: Unable to resolve 195.0: missing requirement [195.0] osgi.wiring.package; (&(osgi.wiring.package=org.apache.cxf)(version>=3.0.0)(!(version>=4.0.0))) [caused by: Unable to resolve 191.0: missing requirement [191.0] osgi.wiring.package; (&(osgi.wiring.package=org.osgi.service.blueprint.container)(version>=1.0.0)(!(version>=2.0.0)))]
	at org.apache.felix.framework.Felix.resolveBundleRevision(Felix.java:4002)
	at org.apache.felix.framework.Felix.startBundle(Felix.java:2045)
	at org.apache.felix.framework.Felix.setActiveStartLevel(Felix.java:1299)
	at org.apache.felix.framework.FrameworkStartLevelImpl.run(FrameworkStartLevelImpl.java:304)
	at java.lang.Thread.run(Thread.java:748)
ERROR: Bundle org.apache.cxf.cxf-rt-databinding-jaxb [196] Error starting mvn:org.apache.cxf/cxf-rt-databinding-jaxb/3.0.13 (org.osgi.framework.BundleException: Unresolved constraint in bundle org.apache.cxf.cxf-rt-databinding-jaxb [196]: Unable to resolve 196.0: missing requirement [196.0] osgi.wiring.package; (&(osgi.wiring.package=org.apache.cxf.annotations)(version>=3.0.0)(!(version>=4.0.0))) [caused by: Unable to resolve 191.0: missing requirement [191.0] osgi.wiring.package; (&(osgi.wiring.package=org.osgi.service.blueprint.container)(version>=1.0.0)(!(version>=2.0.0)))])
org.osgi.framework.BundleException: Unresolved constraint in bundle org.apache.cxf.cxf-rt-databinding-jaxb [196]: Unable to resolve 196.0: missing requirement [196.0] osgi.wiring.package; (&(osgi.wiring.package=org.apache.cxf.annotations)(version>=3.0.0)(!(version>=4.0.0))) [caused by: Unable to resolve 191.0: missing requirement [191.0] osgi.wiring.package; (&(osgi.wiring.package=org.osgi.service.blueprint.container)(version>=1.0.0)(!(version>=2.0.0)))]
	at org.apache.felix.framework.Felix.resolveBundleRevision(Felix.java:4002)
	at org.apache.felix.framework.Felix.startBundle(Felix.java:2045)
	at org.apache.felix.framework.Felix.setActiveStartLevel(Felix.java:1299)
	at org.apache.felix.framework.FrameworkStartLevelImpl.run(FrameworkStartLevelImpl.java:304)
	at java.lang.Thread.run(Thread.java:748)
ERROR: Bundle org.apache.cxf.cxf-rt-bindings-xml [197] Error starting mvn:org.apache.cxf/cxf-rt-bindings-xml/3.0.13 (org.osgi.framework.BundleException: Unresolved constraint in bundle org.apache.cxf.cxf-rt-bindings-xml [197]: Unable to resolve 197.0: missing requirement [197.0] osgi.wiring.package; (&(osgi.wiring.package=org.apache.cxf)(version>=3.0.0)(!(version>=4.0.0))) [caused by: Unable to resolve 191.0: missing requirement [191.0] osgi.wiring.package; (&(osgi.wiring.package=org.osgi.service.blueprint.container)(version>=1.0.0)(!(version>=2.0.0)))])
org.osgi.framework.BundleException: Unresolved constraint in bundle org.apache.cxf.cxf-rt-bindings-xml [197]: Unable to resolve 197.0: missing requirement [197.0] osgi.wiring.package; (&(osgi.wiring.package=org.apache.cxf)(version>=3.0.0)(!(version>=4.0.0))) [caused by: Unable to resolve 191.0: missing requirement [191.0] osgi.wiring.package; (&(osgi.wiring.package=org.osgi.service.blueprint.container)(version>=1.0.0)(!(version>=2.0.0)))]
	at org.apache.felix.framework.Felix.resolveBundleRevision(Felix.java:4002)
	at org.apache.felix.framework.Felix.startBundle(Felix.java:2045)
	at org.apache.felix.framework.Felix.setActiveStartLevel(Felix.java:1299)
	at org.apache.felix.framework.FrameworkStartLevelImpl.run(FrameworkStartLevelImpl.java:304)
	at java.lang.Thread.run(Thread.java:748)
ERROR: Bundle org.apache.cxf.cxf-rt-bindings-soap [198] Error starting mvn:org.apache.cxf/cxf-rt-bindings-soap/3.0.13 (org.osgi.framework.BundleException: Unresolved constraint in bundle org.apache.cxf.cxf-rt-bindings-soap [198]: Unable to resolve 198.0: missing requirement [198.0] osgi.wiring.package; (&(osgi.wiring.package=org.apache.cxf)(version>=3.0.0)(!(version>=4.0.0))) [caused by: Unable to resolve 191.0: missing requirement [191.0] osgi.wiring.package; (&(osgi.wiring.package=org.osgi.service.blueprint.container)(version>=1.0.0)(!(version>=2.0.0)))])
org.osgi.framework.BundleException: Unresolved constraint in bundle org.apache.cxf.cxf-rt-bindings-soap [198]: Unable to resolve 198.0: missing requirement [198.0] osgi.wiring.package; (&(osgi.wiring.package=org.apache.cxf)(version>=3.0.0)(!(version>=4.0.0))) [caused by: Unable to resolve 191.0: missing requirement [191.0] osgi.wiring.package; (&(osgi.wiring.package=org.osgi.service.blueprint.container)(version>=1.0.0)(!(version>=2.0.0)))]
	at org.apache.felix.framework.Felix.resolveBundleRevision(Felix.java:4002)
	at org.apache.felix.framework.Felix.startBundle(Felix.java:2045)
	at org.apache.felix.framework.Felix.setActiveStartLevel(Felix.java:1299)
	at org.apache.felix.framework.FrameworkStartLevelImpl.run(FrameworkStartLevelImpl.java:304)
	at java.lang.Thread.run(Thread.java:748)
ERROR: Bundle org.apache.cxf.cxf-rt-transports-http [199] Error starting mvn:org.apache.cxf/cxf-rt-transports-http/3.0.13 (org.osgi.framework.BundleException: Unresolved constraint in bundle org.apache.cxf.cxf-rt-transports-http [199]: Unable to resolve 199.0: missing requirement [199.0] osgi.wiring.package; (&(osgi.wiring.package=org.apache.cxf)(version>=3.0.0)(!(version>=4.0.0))) [caused by: Unable to resolve 191.0: missing requirement [191.0] osgi.wiring.package; (&(osgi.wiring.package=org.osgi.service.blueprint.container)(version>=1.0.0)(!(version>=2.0.0)))])
org.osgi.framework.BundleException: Unresolved constraint in bundle org.apache.cxf.cxf-rt-transports-http [199]: Unable to resolve 199.0: missing requirement [199.0] osgi.wiring.package; (&(osgi.wiring.package=org.apache.cxf)(version>=3.0.0)(!(version>=4.0.0))) [caused by: Unable to resolve 191.0: missing requirement [191.0] osgi.wiring.package; (&(osgi.wiring.package=org.osgi.service.blueprint.container)(version>=1.0.0)(!(version>=2.0.0)))]
	at org.apache.felix.framework.Felix.resolveBundleRevision(Felix.java:4002)
	at org.apache.felix.framework.Felix.startBundle(Felix.java:2045)
	at org.apache.felix.framework.Felix.setActiveStartLevel(Felix.java:1299)
	at org.apache.felix.framework.FrameworkStartLevelImpl.run(FrameworkStartLevelImpl.java:304)
	at java.lang.Thread.run(Thread.java:748)
ERROR: Bundle org.apache.cxf.cxf-rt-frontend-simple [200] Error starting mvn:org.apache.cxf/cxf-rt-frontend-simple/3.0.13 (org.osgi.framework.BundleException: Unresolved constraint in bundle org.apache.cxf.cxf-rt-frontend-simple [200]: Unable to resolve 200.0: missing requirement [200.0] osgi.wiring.package; (&(osgi.wiring.package=org.apache.cxf)(version>=3.0.0)(!(version>=4.0.0))) [caused by: Unable to resolve 191.0: missing requirement [191.0] osgi.wiring.package; (&(osgi.wiring.package=org.osgi.service.blueprint.container)(version>=1.0.0)(!(version>=2.0.0)))])
org.osgi.framework.BundleException: Unresolved constraint in bundle org.apache.cxf.cxf-rt-frontend-simple [200]: Unable to resolve 200.0: missing requirement [200.0] osgi.wiring.package; (&(osgi.wiring.package=org.apache.cxf)(version>=3.0.0)(!(version>=4.0.0))) [caused by: Unable to resolve 191.0: missing requirement [191.0] osgi.wiring.package; (&(osgi.wiring.package=org.osgi.service.blueprint.container)(version>=1.0.0)(!(version>=2.0.0)))]
	at org.apache.felix.framework.Felix.resolveBundleRevision(Felix.java:4002)
	at org.apache.felix.framework.Felix.startBundle(Felix.java:2045)
	at org.apache.felix.framework.Felix.setActiveStartLevel(Felix.java:1299)
	at org.apache.felix.framework.FrameworkStartLevelImpl.run(FrameworkStartLevelImpl.java:304)
	at java.lang.Thread.run(Thread.java:748)
ERROR: Bundle org.apache.cxf.cxf-rt-frontend-jaxws [201] Error starting mvn:org.apache.cxf/cxf-rt-frontend-jaxws/3.0.13 (org.osgi.framework.BundleException: Unresolved constraint in bundle org.apache.cxf.cxf-rt-frontend-jaxws [201]: Unable to resolve 201.0: missing requirement [201.0] osgi.wiring.package; (&(osgi.wiring.package=org.apache.cxf)(version>=3.0.0)(!(version>=4.0.0))) [caused by: Unable to resolve 191.0: missing requirement [191.0] osgi.wiring.package; (&(osgi.wiring.package=org.osgi.service.blueprint.container)(version>=1.0.0)(!(version>=2.0.0)))])
org.osgi.framework.BundleException: Unresolved constraint in bundle org.apache.cxf.cxf-rt-frontend-jaxws [201]: Unable to resolve 201.0: missing requirement [201.0] osgi.wiring.package; (&(osgi.wiring.package=org.apache.cxf)(version>=3.0.0)(!(version>=4.0.0))) [caused by: Unable to resolve 191.0: missing requirement [191.0] osgi.wiring.package; (&(osgi.wiring.package=org.osgi.service.blueprint.container)(version>=1.0.0)(!(version>=2.0.0)))]
	at org.apache.felix.framework.Felix.resolveBundleRevision(Felix.java:4002)
	at org.apache.felix.framework.Felix.startBundle(Felix.java:2045)
	at org.apache.felix.framework.Felix.setActiveStartLevel(Felix.java:1299)
	at org.apache.felix.framework.FrameworkStartLevelImpl.run(FrameworkStartLevelImpl.java:304)
	at java.lang.Thread.run(Thread.java:748)
ERROR: Bundle org.apache.cxf.cxf-rt-rs-extension-providers [203] Error starting mvn:org.apache.cxf/cxf-rt-rs-extension-providers/3.0.13 (org.osgi.framework.BundleException: Unresolved constraint in bundle org.apache.cxf.cxf-rt-rs-extension-providers [203]: Unable to resolve 203.0: missing requirement [203.0] osgi.wiring.package; (&(osgi.wiring.package=org.apache.cxf.common.logging)(version>=3.0.0)(!(version>=4.0.0))) [caused by: Unable to resolve 191.0: missing requirement [191.0] osgi.wiring.package; (&(osgi.wiring.package=org.osgi.service.blueprint.container)(version>=1.0.0)(!(version>=2.0.0)))])
org.osgi.framework.BundleException: Unresolved constraint in bundle org.apache.cxf.cxf-rt-rs-extension-providers [203]: Unable to resolve 203.0: missing requirement [203.0] osgi.wiring.package; (&(osgi.wiring.package=org.apache.cxf.common.logging)(version>=3.0.0)(!(version>=4.0.0))) [caused by: Unable to resolve 191.0: missing requirement [191.0] osgi.wiring.package; (&(osgi.wiring.package=org.osgi.service.blueprint.container)(version>=1.0.0)(!(version>=2.0.0)))]
	at org.apache.felix.framework.Felix.resolveBundleRevision(Felix.java:4002)
	at org.apache.felix.framework.Felix.startBundle(Felix.java:2045)
	at org.apache.felix.framework.Felix.setActiveStartLevel(Felix.java:1299)
	at org.apache.felix.framework.FrameworkStartLevelImpl.run(FrameworkStartLevelImpl.java:304)
	at java.lang.Thread.run(Thread.java:748)
ERROR: Bundle org.apache.cxf.cxf-rt-rs-extension-search [204] Error starting mvn:org.apache.cxf/cxf-rt-rs-extension-search/3.0.13 (org.osgi.framework.BundleException: Unresolved constraint in bundle org.apache.cxf.cxf-rt-rs-extension-search [204]: Unable to resolve 204.0: missing requirement [204.0] osgi.wiring.package; (&(osgi.wiring.package=org.apache.cxf.common.classloader)(version>=3.0.0)(!(version>=4.0.0))) [caused by: Unable to resolve 191.0: missing requirement [191.0] osgi.wiring.package; (&(osgi.wiring.package=org.osgi.service.blueprint.container)(version>=1.0.0)(!(version>=2.0.0)))])
org.osgi.framework.BundleException: Unresolved constraint in bundle org.apache.cxf.cxf-rt-rs-extension-search [204]: Unable to resolve 204.0: missing requirement [204.0] osgi.wiring.package; (&(osgi.wiring.package=org.apache.cxf.common.classloader)(version>=3.0.0)(!(version>=4.0.0))) [caused by: Unable to resolve 191.0: missing requirement [191.0] osgi.wiring.package; (&(osgi.wiring.package=org.osgi.service.blueprint.container)(version>=1.0.0)(!(version>=2.0.0)))]
	at org.apache.felix.framework.Felix.resolveBundleRevision(Felix.java:4002)
	at org.apache.felix.framework.Felix.startBundle(Felix.java:2045)
	at org.apache.felix.framework.Felix.setActiveStartLevel(Felix.java:1299)
	at org.apache.felix.framework.FrameworkStartLevelImpl.run(FrameworkStartLevelImpl.java:304)
	at java.lang.Thread.run(Thread.java:748)
ERROR: Bundle org.apache.cxf.cxf-rt-rs-json-basic [205] Error starting mvn:org.apache.cxf/cxf-rt-rs-json-basic/3.0.13 (org.osgi.framework.BundleException: Unresolved constraint in bundle org.apache.cxf.cxf-rt-rs-json-basic [205]: Unable to resolve 205.0: missing requirement [205.0] osgi.wiring.package; (&(osgi.wiring.package=org.apache.cxf.common.util)(version>=3.0.0)(!(version>=4.0.0))) [caused by: Unable to resolve 191.0: missing requirement [191.0] osgi.wiring.package; (&(osgi.wiring.package=org.osgi.service.blueprint.container)(version>=1.0.0)(!(version>=2.0.0)))])
org.osgi.framework.BundleException: Unresolved constraint in bundle org.apache.cxf.cxf-rt-rs-json-basic [205]: Unable to resolve 205.0: missing requirement [205.0] osgi.wiring.package; (&(osgi.wiring.package=org.apache.cxf.common.util)(version>=3.0.0)(!(version>=4.0.0))) [caused by: Unable to resolve 191.0: missing requirement [191.0] osgi.wiring.package; (&(osgi.wiring.package=org.osgi.service.blueprint.container)(version>=1.0.0)(!(version>=2.0.0)))]
	at org.apache.felix.framework.Felix.resolveBundleRevision(Felix.java:4002)
	at org.apache.felix.framework.Felix.startBundle(Felix.java:2045)
	at org.apache.felix.framework.Felix.setActiveStartLevel(Felix.java:1299)
	at org.apache.felix.framework.FrameworkStartLevelImpl.run(FrameworkStartLevelImpl.java:304)
	at java.lang.Thread.run(Thread.java:748)
ERROR: Bundle org.apache.cxf.cxf-rt-rs-service-description [206] Error starting mvn:org.apache.cxf/cxf-rt-rs-service-description/3.0.13 (org.osgi.framework.BundleException: Unresolved constraint in bundle org.apache.cxf.cxf-rt-rs-service-description [206]: Unable to resolve 206.0: missing requirement [206.0] osgi.wiring.package; (&(osgi.wiring.package=org.apache.cxf)(version>=3.0.0)(!(version>=4.0.0))) [caused by: Unable to resolve 191.0: missing requirement [191.0] osgi.wiring.package; (&(osgi.wiring.package=org.osgi.service.blueprint.container)(version>=1.0.0)(!(version>=2.0.0)))])
org.osgi.framework.BundleException: Unresolved constraint in bundle org.apache.cxf.cxf-rt-rs-service-description [206]: Unable to resolve 206.0: missing requirement [206.0] osgi.wiring.package; (&(osgi.wiring.package=org.apache.cxf)(version>=3.0.0)(!(version>=4.0.0))) [caused by: Unable to resolve 191.0: missing requirement [191.0] osgi.wiring.package; (&(osgi.wiring.package=org.osgi.service.blueprint.container)(version>=1.0.0)(!(version>=2.0.0)))]
	at org.apache.felix.framework.Felix.resolveBundleRevision(Felix.java:4002)
	at org.apache.felix.framework.Felix.startBundle(Felix.java:2045)
	at org.apache.felix.framework.Felix.setActiveStartLevel(Felix.java:1299)
	at org.apache.felix.framework.FrameworkStartLevelImpl.run(FrameworkStartLevelImpl.java:304)
	at java.lang.Thread.run(Thread.java:748)
ERROR: Bundle org.apache.cxf.cxf-rt-frontend-jaxrs [207] Error starting mvn:org.apache.cxf/cxf-rt-frontend-jaxrs/3.0.13 (org.osgi.framework.BundleException: Unresolved constraint in bundle org.apache.cxf.cxf-rt-frontend-jaxrs [207]: Unable to resolve 207.0: missing requirement [207.0] osgi.wiring.package; (&(osgi.wiring.package=org.apache.cxf)(version>=3.0.0)(!(version>=4.0.0))) [caused by: Unable to resolve 191.0: missing requirement [191.0] osgi.wiring.package; (&(osgi.wiring.package=org.osgi.service.blueprint.container)(version>=1.0.0)(!(version>=2.0.0)))])
org.osgi.framework.BundleException: Unresolved constraint in bundle org.apache.cxf.cxf-rt-frontend-jaxrs [207]: Unable to resolve 207.0: missing requirement [207.0] osgi.wiring.package; (&(osgi.wiring.package=org.apache.cxf)(version>=3.0.0)(!(version>=4.0.0))) [caused by: Unable to resolve 191.0: missing requirement [191.0] osgi.wiring.package; (&(osgi.wiring.package=org.osgi.service.blueprint.container)(version>=1.0.0)(!(version>=2.0.0)))]
	at org.apache.felix.framework.Felix.resolveBundleRevision(Felix.java:4002)
	at org.apache.felix.framework.Felix.startBundle(Felix.java:2045)
	at org.apache.felix.framework.Felix.setActiveStartLevel(Felix.java:1299)
	at org.apache.felix.framework.FrameworkStartLevelImpl.run(FrameworkStartLevelImpl.java:304)
	at java.lang.Thread.run(Thread.java:748)
ERROR: Bundle org.apache.cxf.cxf-rt-rs-client [208] Error starting mvn:org.apache.cxf/cxf-rt-rs-client/3.0.13 (org.osgi.framework.BundleException: Unresolved constraint in bundle org.apache.cxf.cxf-rt-rs-client [208]: Unable to resolve 208.0: missing requirement [208.0] osgi.wiring.package; (&(osgi.wiring.package=org.apache.cxf)(version>=3.0.0)(!(version>=4.0.0))) [caused by: Unable to resolve 191.0: missing requirement [191.0] osgi.wiring.package; (&(osgi.wiring.package=org.osgi.service.blueprint.container)(version>=1.0.0)(!(version>=2.0.0)))])
org.osgi.framework.BundleException: Unresolved constraint in bundle org.apache.cxf.cxf-rt-rs-client [208]: Unable to resolve 208.0: missing requirement [208.0] osgi.wiring.package; (&(osgi.wiring.package=org.apache.cxf)(version>=3.0.0)(!(version>=4.0.0))) [caused by: Unable to resolve 191.0: missing requirement [191.0] osgi.wiring.package; (&(osgi.wiring.package=org.osgi.service.blueprint.container)(version>=1.0.0)(!(version>=2.0.0)))]
	at org.apache.felix.framework.Felix.resolveBundleRevision(Felix.java:4002)
	at org.apache.felix.framework.Felix.startBundle(Felix.java:2045)
	at org.apache.felix.framework.Felix.setActiveStartLevel(Felix.java:1299)
	at org.apache.felix.framework.FrameworkStartLevelImpl.run(FrameworkStartLevelImpl.java:304)
	at java.lang.Thread.run(Thread.java:748)
ERROR: Bundle org.apache.cxf.cxf-rt-databinding-aegis [209] Error starting mvn:org.apache.cxf/cxf-rt-databinding-aegis/3.0.13 (org.osgi.framework.BundleException: Unresolved constraint in bundle org.apache.cxf.cxf-rt-databinding-aegis [209]: Unable to resolve 209.0: missing requirement [209.0] osgi.wiring.package; (&(osgi.wiring.package=org.apache.cxf)(version>=3.0.0)(!(version>=4.0.0))) [caused by: Unable to resolve 191.0: missing requirement [191.0] osgi.wiring.package; (&(osgi.wiring.package=org.osgi.service.blueprint.container)(version>=1.0.0)(!(version>=2.0.0)))])
org.osgi.framework.BundleException: Unresolved constraint in bundle org.apache.cxf.cxf-rt-databinding-aegis [209]: Unable to resolve 209.0: missing requirement [209.0] osgi.wiring.package; (&(osgi.wiring.package=org.apache.cxf)(version>=3.0.0)(!(version>=4.0.0))) [caused by: Unable to resolve 191.0: missing requirement [191.0] osgi.wiring.package; (&(osgi.wiring.package=org.osgi.service.blueprint.container)(version>=1.0.0)(!(version>=2.0.0)))]
	at org.apache.felix.framework.Felix.resolveBundleRevision(Felix.java:4002)
	at org.apache.felix.framework.Felix.startBundle(Felix.java:2045)
	at org.apache.felix.framework.Felix.setActiveStartLevel(Felix.java:1299)
	at org.apache.felix.framework.FrameworkStartLevelImpl.run(FrameworkStartLevelImpl.java:304)
	at java.lang.Thread.run(Thread.java:748)
ERROR: Bundle org.apache.cxf.cxf-rt-databinding-xmlbeans [211] Error starting mvn:org.apache.cxf/cxf-rt-databinding-xmlbeans/3.0.13 (org.osgi.framework.BundleException: Unresolved constraint in bundle org.apache.cxf.cxf-rt-databinding-xmlbeans [211]: Unable to resolve 211.0: missing requirement [211.0] osgi.wiring.package; (&(osgi.wiring.package=org.apache.cxf.common.i18n)(version>=3.0.0)(!(version>=4.0.0))) [caused by: Unable to resolve 191.0: missing requirement [191.0] osgi.wiring.package; (&(osgi.wiring.package=org.osgi.service.blueprint.container)(version>=1.0.0)(!(version>=2.0.0)))])
org.osgi.framework.BundleException: Unresolved constraint in bundle org.apache.cxf.cxf-rt-databinding-xmlbeans [211]: Unable to resolve 211.0: missing requirement [211.0] osgi.wiring.package; (&(osgi.wiring.package=org.apache.cxf.common.i18n)(version>=3.0.0)(!(version>=4.0.0))) [caused by: Unable to resolve 191.0: missing requirement [191.0] osgi.wiring.package; (&(osgi.wiring.package=org.osgi.service.blueprint.container)(version>=1.0.0)(!(version>=2.0.0)))]
	at org.apache.felix.framework.Felix.resolveBundleRevision(Felix.java:4002)
	at org.apache.felix.framework.Felix.startBundle(Felix.java:2045)
	at org.apache.felix.framework.Felix.setActiveStartLevel(Felix.java:1299)
	at org.apache.felix.framework.FrameworkStartLevelImpl.run(FrameworkStartLevelImpl.java:304)
	at java.lang.Thread.run(Thread.java:748)
ERROR: Bundle org.apache.cxf.cxf-rt-bindings-coloc [212] Error starting mvn:org.apache.cxf/cxf-rt-bindings-coloc/3.0.13 (org.osgi.framework.BundleException: Unresolved constraint in bundle org.apache.cxf.cxf-rt-bindings-coloc [212]: Unable to resolve 212.0: missing requirement [212.0] osgi.wiring.package; (&(osgi.wiring.package=org.apache.cxf)(version>=3.0.0)(!(version>=4.0.0))) [caused by: Unable to resolve 191.0: missing requirement [191.0] osgi.wiring.package; (&(osgi.wiring.package=org.osgi.service.blueprint.container)(version>=1.0.0)(!(version>=2.0.0)))])
org.osgi.framework.BundleException: Unresolved constraint in bundle org.apache.cxf.cxf-rt-bindings-coloc [212]: Unable to resolve 212.0: missing requirement [212.0] osgi.wiring.package; (&(osgi.wiring.package=org.apache.cxf)(version>=3.0.0)(!(version>=4.0.0))) [caused by: Unable to resolve 191.0: missing requirement [191.0] osgi.wiring.package; (&(osgi.wiring.package=org.osgi.service.blueprint.container)(version>=1.0.0)(!(version>=2.0.0)))]
	at org.apache.felix.framework.Felix.resolveBundleRevision(Felix.java:4002)
	at org.apache.felix.framework.Felix.startBundle(Felix.java:2045)
	at org.apache.felix.framework.Felix.setActiveStartLevel(Felix.java:1299)
	at org.apache.felix.framework.FrameworkStartLevelImpl.run(FrameworkStartLevelImpl.java:304)
	at java.lang.Thread.run(Thread.java:748)
ERROR: Bundle org.apache.cxf.cxf-rt-transports-local [213] Error starting mvn:org.apache.cxf/cxf-rt-transports-local/3.0.13 (org.osgi.framework.BundleException: Unresolved constraint in bundle org.apache.cxf.cxf-rt-transports-local [213]: Unable to resolve 213.0: missing requirement [213.0] osgi.wiring.package; (&(osgi.wiring.package=org.apache.cxf)(version>=3.0.0)(!(version>=4.0.0))) [caused by: Unable to resolve 191.0: missing requirement [191.0] osgi.wiring.package; (&(osgi.wiring.package=org.osgi.service.blueprint.container)(version>=1.0.0)(!(version>=2.0.0)))])
org.osgi.framework.BundleException: Unresolved constraint in bundle org.apache.cxf.cxf-rt-transports-local [213]: Unable to resolve 213.0: missing requirement [213.0] osgi.wiring.package; (&(osgi.wiring.package=org.apache.cxf)(version>=3.0.0)(!(version>=4.0.0))) [caused by: Unable to resolve 191.0: missing requirement [191.0] osgi.wiring.package; (&(osgi.wiring.package=org.osgi.service.blueprint.container)(version>=1.0.0)(!(version>=2.0.0)))]
	at org.apache.felix.framework.Felix.resolveBundleRevision(Felix.java:4002)
	at org.apache.felix.framework.Felix.startBundle(Felix.java:2045)
	at org.apache.felix.framework.Felix.setActiveStartLevel(Felix.java:1299)
	at org.apache.felix.framework.FrameworkStartLevelImpl.run(FrameworkStartLevelImpl.java:304)
	at java.lang.Thread.run(Thread.java:748)
ERROR: Bundle org.apache.cxf.cxf-rt-bindings-object [214] Error starting mvn:org.apache.cxf/cxf-rt-bindings-object/3.0.13 (org.osgi.framework.BundleException: Unresolved constraint in bundle org.apache.cxf.cxf-rt-bindings-object [214]: Unable to resolve 214.0: missing requirement [214.0] osgi.wiring.package; (&(osgi.wiring.package=org.apache.cxf)(version>=3.0.0)(!(version>=4.0.0))) [caused by: Unable to resolve 191.0: missing requirement [191.0] osgi.wiring.package; (&(osgi.wiring.package=org.osgi.service.blueprint.container)(version>=1.0.0)(!(version>=2.0.0)))])
org.osgi.framework.BundleException: Unresolved constraint in bundle org.apache.cxf.cxf-rt-bindings-object [214]: Unable to resolve 214.0: missing requirement [214.0] osgi.wiring.package; (&(osgi.wiring.package=org.apache.cxf)(version>=3.0.0)(!(version>=4.0.0))) [caused by: Unable to resolve 191.0: missing requirement [191.0] osgi.wiring.package; (&(osgi.wiring.package=org.osgi.service.blueprint.container)(version>=1.0.0)(!(version>=2.0.0)))]
	at org.apache.felix.framework.Felix.resolveBundleRevision(Felix.java:4002)
	at org.apache.felix.framework.Felix.startBundle(Felix.java:2045)
	at org.apache.felix.framework.Felix.setActiveStartLevel(Felix.java:1299)
	at org.apache.felix.framework.FrameworkStartLevelImpl.run(FrameworkStartLevelImpl.java:304)
	at java.lang.Thread.run(Thread.java:748)
ERROR: Bundle org.apache.cxf.cxf-rt-ws-policy [217] Error starting mvn:org.apache.cxf/cxf-rt-ws-policy/3.0.13 (org.osgi.framework.BundleException: Unresolved constraint in bundle org.apache.cxf.cxf-rt-ws-policy [217]: Unable to resolve 217.0: missing requirement [217.0] osgi.wiring.package; (&(osgi.wiring.package=org.apache.cxf)(version>=3.0.0)(!(version>=4.0.0))) [caused by: Unable to resolve 191.0: missing requirement [191.0] osgi.wiring.package; (&(osgi.wiring.package=org.osgi.service.blueprint.container)(version>=1.0.0)(!(version>=2.0.0)))])
org.osgi.framework.BundleException: Unresolved constraint in bundle org.apache.cxf.cxf-rt-ws-policy [217]: Unable to resolve 217.0: missing requirement [217.0] osgi.wiring.package; (&(osgi.wiring.package=org.apache.cxf)(version>=3.0.0)(!(version>=4.0.0))) [caused by: Unable to resolve 191.0: missing requirement [191.0] osgi.wiring.package; (&(osgi.wiring.package=org.osgi.service.blueprint.container)(version>=1.0.0)(!(version>=2.0.0)))]
	at org.apache.felix.framework.Felix.resolveBundleRevision(Felix.java:4002)
	at org.apache.felix.framework.Felix.startBundle(Felix.java:2045)
	at org.apache.felix.framework.Felix.setActiveStartLevel(Felix.java:1299)
	at org.apache.felix.framework.FrameworkStartLevelImpl.run(FrameworkStartLevelImpl.java:304)
	at java.lang.Thread.run(Thread.java:748)
ERROR: Bundle org.apache.cxf.cxf-rt-ws-addr [234] Error starting mvn:org.apache.cxf/cxf-rt-ws-addr/3.0.13 (org.osgi.framework.BundleException: Unresolved constraint in bundle org.apache.cxf.cxf-rt-ws-addr [234]: Unable to resolve 234.0: missing requirement [234.0] osgi.wiring.package; (&(osgi.wiring.package=org.apache.cxf)(version>=3.0.0)(!(version>=4.0.0))) [caused by: Unable to resolve 191.0: missing requirement [191.0] osgi.wiring.package; (&(osgi.wiring.package=org.osgi.service.blueprint.container)(version>=1.0.0)(!(version>=2.0.0)))])
org.osgi.framework.BundleException: Unresolved constraint in bundle org.apache.cxf.cxf-rt-ws-addr [234]: Unable to resolve 234.0: missing requirement [234.0] osgi.wiring.package; (&(osgi.wiring.package=org.apache.cxf)(version>=3.0.0)(!(version>=4.0.0))) [caused by: Unable to resolve 191.0: missing requirement [191.0] osgi.wiring.package; (&(osgi.wiring.package=org.osgi.service.blueprint.container)(version>=1.0.0)(!(version>=2.0.0)))]
	at org.apache.felix.framework.Felix.resolveBundleRevision(Felix.java:4002)
	at org.apache.felix.framework.Felix.startBundle(Felix.java:2045)
	at org.apache.felix.framework.Felix.setActiveStartLevel(Felix.java:1299)
	at org.apache.felix.framework.FrameworkStartLevelImpl.run(FrameworkStartLevelImpl.java:304)
	at java.lang.Thread.run(Thread.java:748)
ERROR: Bundle net.sf.ehcache [235] Error starting mvn:net.sf.ehcache/ehcache/2.8.5 (org.osgi.framework.BundleException: Unresolved constraint in bundle net.sf.ehcache [235]: Unable to resolve 235.0: missing requirement [235.0] osgi.wiring.package; (osgi.wiring.package=javax.transaction.xa))
org.osgi.framework.BundleException: Unresolved constraint in bundle net.sf.ehcache [235]: Unable to resolve 235.0: missing requirement [235.0] osgi.wiring.package; (osgi.wiring.package=javax.transaction.xa)
	at org.apache.felix.framework.Felix.resolveBundleRevision(Felix.java:4002)
	at org.apache.felix.framework.Felix.startBundle(Felix.java:2045)
	at org.apache.felix.framework.Felix.setActiveStartLevel(Felix.java:1299)
	at org.apache.felix.framework.FrameworkStartLevelImpl.run(FrameworkStartLevelImpl.java:304)
	at java.lang.Thread.run(Thread.java:748)
ERROR: Bundle org.apache.cxf.cxf-rt-ws-security [236] Error starting mvn:org.apache.cxf/cxf-rt-ws-security/3.0.13 (org.osgi.framework.BundleException: Unresolved constraint in bundle org.apache.cxf.cxf-rt-ws-security [236]: Unable to resolve 236.0: missing requirement [236.0] osgi.wiring.package; (&(osgi.wiring.package=org.apache.cxf)(version>=3.0.0)(!(version>=4.0.0))) [caused by: Unable to resolve 191.0: missing requirement [191.0] osgi.wiring.package; (&(osgi.wiring.package=org.osgi.service.blueprint.container)(version>=1.0.0)(!(version>=2.0.0)))])
org.osgi.framework.BundleException: Unresolved constraint in bundle org.apache.cxf.cxf-rt-ws-security [236]: Unable to resolve 236.0: missing requirement [236.0] osgi.wiring.package; (&(osgi.wiring.package=org.apache.cxf)(version>=3.0.0)(!(version>=4.0.0))) [caused by: Unable to resolve 191.0: missing requirement [191.0] osgi.wiring.package; (&(osgi.wiring.package=org.osgi.service.blueprint.container)(version>=1.0.0)(!(version>=2.0.0)))]
	at org.apache.felix.framework.Felix.resolveBundleRevision(Felix.java:4002)
	at org.apache.felix.framework.Felix.startBundle(Felix.java:2045)
	at org.apache.felix.framework.Felix.setActiveStartLevel(Felix.java:1299)
	at org.apache.felix.framework.FrameworkStartLevelImpl.run(FrameworkStartLevelImpl.java:304)
	at java.lang.Thread.run(Thread.java:748)
ERROR: Bundle org.apache.cxf.cxf-rt-security [237] Error starting mvn:org.apache.cxf/cxf-rt-security/3.0.13 (org.osgi.framework.BundleException: Unresolved constraint in bundle org.apache.cxf.cxf-rt-security [237]: Unable to resolve 237.0: missing requirement [237.0] osgi.wiring.package; (&(osgi.wiring.package=org.apache.cxf.common.classloader)(version>=3.0.0)(!(version>=4.0.0))) [caused by: Unable to resolve 191.0: missing requirement [191.0] osgi.wiring.package; (&(osgi.wiring.package=org.osgi.service.blueprint.container)(version>=1.0.0)(!(version>=2.0.0)))])
org.osgi.framework.BundleException: Unresolved constraint in bundle org.apache.cxf.cxf-rt-security [237]: Unable to resolve 237.0: missing requirement [237.0] osgi.wiring.package; (&(osgi.wiring.package=org.apache.cxf.common.classloader)(version>=3.0.0)(!(version>=4.0.0))) [caused by: Unable to resolve 191.0: missing requirement [191.0] osgi.wiring.package; (&(osgi.wiring.package=org.osgi.service.blueprint.container)(version>=1.0.0)(!(version>=2.0.0)))]
	at org.apache.felix.framework.Felix.resolveBundleRevision(Felix.java:4002)
	at org.apache.felix.framework.Felix.startBundle(Felix.java:2045)
	at org.apache.felix.framework.Felix.setActiveStartLevel(Felix.java:1299)
	at org.apache.felix.framework.FrameworkStartLevelImpl.run(FrameworkStartLevelImpl.java:304)
	at java.lang.Thread.run(Thread.java:748)
ERROR: Bundle org.apache.cxf.cxf-rt-ws-rm [238] Error starting mvn:org.apache.cxf/cxf-rt-ws-rm/3.0.13 (org.osgi.framework.BundleException: Unresolved constraint in bundle org.apache.cxf.cxf-rt-ws-rm [238]: Unable to resolve 238.0: missing requirement [238.0] osgi.wiring.package; (&(osgi.wiring.package=org.apache.cxf)(version>=3.0.0)(!(version>=4.0.0))) [caused by: Unable to resolve 191.0: missing requirement [191.0] osgi.wiring.package; (&(osgi.wiring.package=org.osgi.service.blueprint.container)(version>=1.0.0)(!(version>=2.0.0)))])
org.osgi.framework.BundleException: Unresolved constraint in bundle org.apache.cxf.cxf-rt-ws-rm [238]: Unable to resolve 238.0: missing requirement [238.0] osgi.wiring.package; (&(osgi.wiring.package=org.apache.cxf)(version>=3.0.0)(!(version>=4.0.0))) [caused by: Unable to resolve 191.0: missing requirement [191.0] osgi.wiring.package; (&(osgi.wiring.package=org.osgi.service.blueprint.container)(version>=1.0.0)(!(version>=2.0.0)))]
	at org.apache.felix.framework.Felix.resolveBundleRevision(Felix.java:4002)
	at org.apache.felix.framework.Felix.startBundle(Felix.java:2045)
	at org.apache.felix.framework.Felix.setActiveStartLevel(Felix.java:1299)
	at org.apache.felix.framework.FrameworkStartLevelImpl.run(FrameworkStartLevelImpl.java:304)
	at java.lang.Thread.run(Thread.java:748)
ERROR: Bundle org.apache.cxf.cxf-rt-javascript [239] Error starting mvn:org.apache.cxf/cxf-rt-javascript/3.0.13 (org.osgi.framework.BundleException: Unresolved constraint in bundle org.apache.cxf.cxf-rt-javascript [239]: Unable to resolve 239.0: missing requirement [239.0] osgi.wiring.package; (&(osgi.wiring.package=org.apache.cxf)(version>=3.0.0)(!(version>=4.0.0))) [caused by: Unable to resolve 191.0: missing requirement [191.0] osgi.wiring.package; (&(osgi.wiring.package=org.osgi.service.blueprint.container)(version>=1.0.0)(!(version>=2.0.0)))])
org.osgi.framework.BundleException: Unresolved constraint in bundle org.apache.cxf.cxf-rt-javascript [239]: Unable to resolve 239.0: missing requirement [239.0] osgi.wiring.package; (&(osgi.wiring.package=org.apache.cxf)(version>=3.0.0)(!(version>=4.0.0))) [caused by: Unable to resolve 191.0: missing requirement [191.0] osgi.wiring.package; (&(osgi.wiring.package=org.osgi.service.blueprint.container)(version>=1.0.0)(!(version>=2.0.0)))]
	at org.apache.felix.framework.Felix.resolveBundleRevision(Felix.java:4002)
	at org.apache.felix.framework.Felix.startBundle(Felix.java:2045)
	at org.apache.felix.framework.Felix.setActiveStartLevel(Felix.java:1299)
	at org.apache.felix.framework.FrameworkStartLevelImpl.run(FrameworkStartLevelImpl.java:304)
	at java.lang.Thread.run(Thread.java:748)
ERROR: Bundle pentaho-big-data-kettle-plugins-formats [130] Error starting mvn:pentaho/pentaho-big-data-kettle-plugins-formats/8.1.0.0-365 (org.osgi.framework.BundleException: Unresolved constraint in bundle pentaho-big-data-kettle-plugins-formats [130]: Unable to resolve 130.0: missing requirement [130.0] osgi.wiring.package; (&(osgi.wiring.package=org.apache.commons.lang)(version>=2.6.0)(!(version>=3.0.0))))
org.osgi.framework.BundleException: Unresolved constraint in bundle pentaho-big-data-kettle-plugins-formats [130]: Unable to resolve 130.0: missing requirement [130.0] osgi.wiring.package; (&(osgi.wiring.package=org.apache.commons.lang)(version>=2.6.0)(!(version>=3.0.0)))
	at org.apache.felix.framework.Felix.resolveBundleRevision(Felix.java:4002)
	at org.apache.felix.framework.Felix.startBundle(Felix.java:2045)
	at org.apache.felix.framework.Felix.setActiveStartLevel(Felix.java:1299)
	at org.apache.felix.framework.FrameworkStartLevelImpl.run(FrameworkStartLevelImpl.java:304)
	at java.lang.Thread.run(Thread.java:748)
ERROR: Bundle pentaho-big-data-impl-shim-format [131] Error starting mvn:pentaho/pentaho-big-data-impl-shim-format/8.1.0.0-365 (org.osgi.framework.BundleException: Unresolved constraint in bundle pentaho-big-data-impl-shim-format [131]: Unable to resolve 131.0: missing requirement [131.0] osgi.wiring.package; (&(osgi.wiring.package=com.pentaho.big.data.bundles.impl.shim.common)(version>=8.1.0)(!(version>=9.0.0))))
org.osgi.framework.BundleException: Unresolved constraint in bundle pentaho-big-data-impl-shim-format [131]: Unable to resolve 131.0: missing requirement [131.0] osgi.wiring.package; (&(osgi.wiring.package=com.pentaho.big.data.bundles.impl.shim.common)(version>=8.1.0)(!(version>=9.0.0)))
	at org.apache.felix.framework.Felix.resolveBundleRevision(Felix.java:4002)
	at org.apache.felix.framework.Felix.startBundle(Felix.java:2045)
	at org.apache.felix.framework.Felix.setActiveStartLevel(Felix.java:1299)
	at org.apache.felix.framework.FrameworkStartLevelImpl.run(FrameworkStartLevelImpl.java:304)
	at java.lang.Thread.run(Thread.java:748)
ERROR: Bundle pentaho-big-data-impl-clusterTests [132] Error starting mvn:pentaho/pentaho-big-data-impl-clusterTests/8.1.0.0-365 (org.osgi.framework.BundleException: Unresolved constraint in bundle pentaho-big-data-impl-clusterTests [132]: Unable to resolve 132.0: missing requirement [132.0] osgi.wiring.package; (&(osgi.wiring.package=org.apache.commons.lang)(version>=2.6.0)(!(version>=3.0.0))))
org.osgi.framework.BundleException: Unresolved constraint in bundle pentaho-big-data-impl-clusterTests [132]: Unable to resolve 132.0: missing requirement [132.0] osgi.wiring.package; (&(osgi.wiring.package=org.apache.commons.lang)(version>=2.6.0)(!(version>=3.0.0)))
	at org.apache.felix.framework.Felix.resolveBundleRevision(Felix.java:4002)
	at org.apache.felix.framework.Felix.startBundle(Felix.java:2045)
	at org.apache.felix.framework.Felix.setActiveStartLevel(Felix.java:1299)
	at org.apache.felix.framework.FrameworkStartLevelImpl.run(FrameworkStartLevelImpl.java:304)
	at java.lang.Thread.run(Thread.java:748)
ERROR: Bundle pentaho-big-data-impl-shim-shimTests [133] Error starting mvn:pentaho/pentaho-big-data-impl-shim-shimTests/8.1.0.0-365 (org.osgi.framework.BundleException: Unresolved constraint in bundle pentaho-big-data-impl-shim-shimTests [133]: Unable to resolve 133.0: missing requirement [133.0] osgi.wiring.package; (&(osgi.wiring.package=com.pentaho.big.data.bundles.impl.shim.common)(version>=8.1.0)(!(version>=9.0.0))))
org.osgi.framework.BundleException: Unresolved constraint in bundle pentaho-big-data-impl-shim-shimTests [133]: Unable to resolve 133.0: missing requirement [133.0] osgi.wiring.package; (&(osgi.wiring.package=com.pentaho.big.data.bundles.impl.shim.common)(version>=8.1.0)(!(version>=9.0.0)))
	at org.apache.felix.framework.Felix.resolveBundleRevision(Felix.java:4002)
	at org.apache.felix.framework.Felix.startBundle(Felix.java:2045)
	at org.apache.felix.framework.Felix.setActiveStartLevel(Felix.java:1299)
	at org.apache.felix.framework.FrameworkStartLevelImpl.run(FrameworkStartLevelImpl.java:304)
	at java.lang.Thread.run(Thread.java:748)
ERROR: Bundle org.apache.activemq.artemis-jms-client-osgi [149] Error starting mvn:org.apache.activemq/artemis-jms-client-osgi/2.5.0 (org.osgi.framework.BundleException: Unresolved constraint in bundle org.apache.activemq.artemis-jms-client-osgi [149]: Unable to resolve 149.0: missing requirement [149.0] osgi.wiring.package; (&(osgi.wiring.package=javax.jms)(version>=2.0.0)(!(version>=3.0.0))) [caused by: Unable to resolve 152.0: missing requirement [152.0] osgi.wiring.package; (osgi.wiring.package=javax.transaction.xa)])
org.osgi.framework.BundleException: Unresolved constraint in bundle org.apache.activemq.artemis-jms-client-osgi [149]: Unable to resolve 149.0: missing requirement [149.0] osgi.wiring.package; (&(osgi.wiring.package=javax.jms)(version>=2.0.0)(!(version>=3.0.0))) [caused by: Unable to resolve 152.0: missing requirement [152.0] osgi.wiring.package; (osgi.wiring.package=javax.transaction.xa)]
	at org.apache.felix.framework.Felix.resolveBundleRevision(Felix.java:4002)
	at org.apache.felix.framework.Felix.startBundle(Felix.java:2045)
	at org.apache.felix.framework.Felix.setActiveStartLevel(Felix.java:1299)
	at org.apache.felix.framework.FrameworkStartLevelImpl.run(FrameworkStartLevelImpl.java:304)
	at java.lang.Thread.run(Thread.java:748)
ERROR: Bundle pentaho-streaming-jms-plugin [150] Error starting mvn:org.pentaho.di.plugins/pentaho-streaming-jms-plugin/8.1.0.0-365 (org.osgi.framework.BundleException: Unresolved constraint in bundle pentaho-streaming-jms-plugin [150]: Unable to resolve 150.0: missing requirement [150.0] osgi.wiring.package; (&(osgi.wiring.package=javax.jms)(version>=2.0.0)(!(version>=3.0.0))) [caused by: Unable to resolve 152.0: missing requirement [152.0] osgi.wiring.package; (osgi.wiring.package=javax.transaction.xa)])
org.osgi.framework.BundleException: Unresolved constraint in bundle pentaho-streaming-jms-plugin [150]: Unable to resolve 150.0: missing requirement [150.0] osgi.wiring.package; (&(osgi.wiring.package=javax.jms)(version>=2.0.0)(!(version>=3.0.0))) [caused by: Unable to resolve 152.0: missing requirement [152.0] osgi.wiring.package; (osgi.wiring.package=javax.transaction.xa)]
	at org.apache.felix.framework.Felix.resolveBundleRevision(Felix.java:4002)
	at org.apache.felix.framework.Felix.startBundle(Felix.java:2045)
	at org.apache.felix.framework.Felix.setActiveStartLevel(Felix.java:1299)
	at org.apache.felix.framework.FrameworkStartLevelImpl.run(FrameworkStartLevelImpl.java:304)
	at java.lang.Thread.run(Thread.java:748)
ERROR: Bundle javax.jms-api [152] Error starting mvn:javax.jms/javax.jms-api/2.0.1 (org.osgi.framework.BundleException: Unresolved constraint in bundle javax.jms-api [152]: Unable to resolve 152.0: missing requirement [152.0] osgi.wiring.package; (osgi.wiring.package=javax.transaction.xa))
org.osgi.framework.BundleException: Unresolved constraint in bundle javax.jms-api [152]: Unable to resolve 152.0: missing requirement [152.0] osgi.wiring.package; (osgi.wiring.package=javax.transaction.xa)
	at org.apache.felix.framework.Felix.resolveBundleRevision(Felix.java:4002)
	at org.apache.felix.framework.Felix.startBundle(Felix.java:2045)
	at org.apache.felix.framework.Felix.setActiveStartLevel(Felix.java:1299)
	at org.apache.felix.framework.FrameworkStartLevelImpl.run(FrameworkStartLevelImpl.java:304)
	at java.lang.Thread.run(Thread.java:748)
ERROR: Bundle pentaho-streaming-mqtt-plugin [153] Error starting mvn:org.pentaho.di.plugins/pentaho-streaming-mqtt-plugin/8.1.0.0-365 (org.osgi.framework.BundleException: Unresolved constraint in bundle pentaho-streaming-mqtt-plugin [153]: Unable to resolve 153.0: missing requirement [153.0] osgi.wiring.package; (&(osgi.wiring.package=com.google.common.base)(version>=17.0.0)(!(version>=18.0.0))))
org.osgi.framework.BundleException: Unresolved constraint in bundle pentaho-streaming-mqtt-plugin [153]: Unable to resolve 153.0: missing requirement [153.0] osgi.wiring.package; (&(osgi.wiring.package=com.google.common.base)(version>=17.0.0)(!(version>=18.0.0)))
	at org.apache.felix.framework.Felix.resolveBundleRevision(Felix.java:4002)
	at org.apache.felix.framework.Felix.startBundle(Felix.java:2045)
	at org.apache.felix.framework.Felix.setActiveStartLevel(Felix.java:1299)
	at org.apache.felix.framework.FrameworkStartLevelImpl.run(FrameworkStartLevelImpl.java:304)
	at java.lang.Thread.run(Thread.java:748)
ERROR: Bundle pentaho-metaverse-core [162] Error starting mvn:pentaho/pentaho-metaverse-core/8.1.0.0-365 (org.osgi.framework.BundleException: Unresolved constraint in bundle pentaho-metaverse-core [162]: Unable to resolve 162.0: missing requirement [162.0] osgi.wiring.package; (&(osgi.wiring.package=com.google.common.collect)(version>=17.0.0)(!(version>=18.0.0))))
org.osgi.framework.BundleException: Unresolved constraint in bundle pentaho-metaverse-core [162]: Unable to resolve 162.0: missing requirement [162.0] osgi.wiring.package; (&(osgi.wiring.package=com.google.common.collect)(version>=17.0.0)(!(version>=18.0.0)))
	at org.apache.felix.framework.Felix.resolveBundleRevision(Felix.java:4002)
	at org.apache.felix.framework.Felix.startBundle(Felix.java:2045)
	at org.apache.felix.framework.Felix.setActiveStartLevel(Felix.java:1299)
	at org.apache.felix.framework.FrameworkStartLevelImpl.run(FrameworkStartLevelImpl.java:304)
	at java.lang.Thread.run(Thread.java:748)
ERROR: Bundle pentaho-metaverse-web [243] Error starting mvn:pentaho/pentaho-metaverse-web/8.1.0.0-365 (org.osgi.framework.BundleException: Unresolved constraint in bundle pentaho-metaverse-web [243]: Unable to resolve 243.0: missing requirement [243.0] osgi.wiring.package; (&(osgi.wiring.package=org.osgi.service.blueprint)(version>=1.0.0)(!(version>=2.0.0))))
org.osgi.framework.BundleException: Unresolved constraint in bundle pentaho-metaverse-web [243]: Unable to resolve 243.0: missing requirement [243.0] osgi.wiring.package; (&(osgi.wiring.package=org.osgi.service.blueprint)(version>=1.0.0)(!(version>=2.0.0)))
	at org.apache.felix.framework.Felix.resolveBundleRevision(Felix.java:4002)
	at org.apache.felix.framework.Felix.startBundle(Felix.java:2045)
	at org.apache.felix.framework.Felix.setActiveStartLevel(Felix.java:1299)
	at org.apache.felix.framework.FrameworkStartLevelImpl.run(FrameworkStartLevelImpl.java:304)
	at java.lang.Thread.run(Thread.java:748)
ERROR: Bundle pentaho-i18n-webservice-bundle [244] Error starting mvn:pentaho/pentaho-i18n-webservice-bundle/8.1.0.0-365 (org.osgi.framework.BundleException: Unresolved constraint in bundle pentaho-i18n-webservice-bundle [244]: Unable to resolve 244.0: missing requirement [244.0] osgi.wiring.package; (&(osgi.wiring.package=org.ops4j.pax.web.extender.whiteboard)(version>=3.1.0)(!(version>=4.0.0))))
org.osgi.framework.BundleException: Unresolved constraint in bundle pentaho-i18n-webservice-bundle [244]: Unable to resolve 244.0: missing requirement [244.0] osgi.wiring.package; (&(osgi.wiring.package=org.ops4j.pax.web.extender.whiteboard)(version>=3.1.0)(!(version>=4.0.0)))
	at org.apache.felix.framework.Felix.resolveBundleRevision(Felix.java:4002)
	at org.apache.felix.framework.Felix.startBundle(Felix.java:2045)
	at org.apache.felix.framework.Felix.setActiveStartLevel(Felix.java:1299)
	at org.apache.felix.framework.FrameworkStartLevelImpl.run(FrameworkStartLevelImpl.java:304)
	at java.lang.Thread.run(Thread.java:748)
ERROR: Bundle pdi-dataservice-client-plugin [245] Error starting mvn:pentaho/pdi-dataservice-client-plugin/8.1.0.0-365 (org.osgi.framework.BundleException: Unresolved constraint in bundle pdi-dataservice-client-plugin [245]: Unable to resolve 245.0: missing requirement [245.0] osgi.wiring.package; (&(osgi.wiring.package=com.google.common.base)(version>=17.0.0)(!(version>=18.0.0))))
org.osgi.framework.BundleException: Unresolved constraint in bundle pdi-dataservice-client-plugin [245]: Unable to resolve 245.0: missing requirement [245.0] osgi.wiring.package; (&(osgi.wiring.package=com.google.common.base)(version>=17.0.0)(!(version>=18.0.0)))
	at org.apache.felix.framework.Felix.resolveBundleRevision(Felix.java:4002)
	at org.apache.felix.framework.Felix.startBundle(Felix.java:2045)
	at org.apache.felix.framework.Felix.setActiveStartLevel(Felix.java:1299)
	at org.apache.felix.framework.FrameworkStartLevelImpl.run(FrameworkStartLevelImpl.java:304)
	at java.lang.Thread.run(Thread.java:748)
ERROR: Bundle pdi-dataservice-server-plugin [247] Error starting mvn:pentaho/pdi-dataservice-server-plugin/8.1.0.0-365 (org.osgi.framework.BundleException: Unresolved constraint in bundle pdi-dataservice-server-plugin [247]: Unable to resolve 247.0: missing requirement [247.0] osgi.wiring.package; (&(osgi.wiring.package=com.google.common.base)(version>=17.0.0)(!(version>=18.0.0))))
org.osgi.framework.BundleException: Unresolved constraint in bundle pdi-dataservice-server-plugin [247]: Unable to resolve 247.0: missing requirement [247.0] osgi.wiring.package; (&(osgi.wiring.package=com.google.common.base)(version>=17.0.0)(!(version>=18.0.0)))
	at org.apache.felix.framework.Felix.resolveBundleRevision(Felix.java:4002)
	at org.apache.felix.framework.Felix.startBundle(Felix.java:2045)
	at org.apache.felix.framework.Felix.setActiveStartLevel(Felix.java:1299)
	at org.apache.felix.framework.FrameworkStartLevelImpl.run(FrameworkStartLevelImpl.java:304)
	at java.lang.Thread.run(Thread.java:748)
ERROR: Bundle data-refinery-pdi-plugin [250] Error starting mvn:pentaho/data-refinery-pdi-plugin/8.1.0.0-365 (org.osgi.framework.BundleException: Unresolved constraint in bundle data-refinery-pdi-plugin [250]: Unable to resolve 250.0: missing requirement [250.0] osgi.wiring.package; (&(osgi.wiring.package=org.osgi.service.cm)(version>=1.4.0)(!(version>=2.0.0))))
org.osgi.framework.BundleException: Unresolved constraint in bundle data-refinery-pdi-plugin [250]: Unable to resolve 250.0: missing requirement [250.0] osgi.wiring.package; (&(osgi.wiring.package=org.osgi.service.cm)(version>=1.4.0)(!(version>=2.0.0)))
	at org.apache.felix.framework.Felix.resolveBundleRevision(Felix.java:4002)
	at org.apache.felix.framework.Felix.startBundle(Felix.java:2045)
	at org.apache.felix.framework.Felix.setActiveStartLevel(Felix.java:1299)
	at org.apache.felix.framework.FrameworkStartLevelImpl.run(FrameworkStartLevelImpl.java:304)
	at java.lang.Thread.run(Thread.java:748)
ERROR: Bundle pentaho-big-data-impl-shim-initializer [258] Error starting mvn:pentaho/pentaho-big-data-impl-shim-initializer/8.1.0.0-365 (org.osgi.framework.BundleException: Unresolved constraint in bundle pentaho-big-data-impl-shim-initializer [258]: Unable to resolve 258.0: missing requirement [258.0] osgi.wiring.package; (&(osgi.wiring.package=com.pentaho.big.data.bundles.impl.shim.common)(version>=8.1.0)(!(version>=9.0.0))))
org.osgi.framework.BundleException: Unresolved constraint in bundle pentaho-big-data-impl-shim-initializer [258]: Unable to resolve 258.0: missing requirement [258.0] osgi.wiring.package; (&(osgi.wiring.package=com.pentaho.big.data.bundles.impl.shim.common)(version>=8.1.0)(!(version>=9.0.0)))
	at org.apache.felix.framework.Felix.resolveBundleRevision(Felix.java:4002)
	at org.apache.felix.framework.Felix.startBundle(Felix.java:2045)
	at org.apache.felix.framework.Felix.setActiveStartLevel(Felix.java:1299)
	at org.apache.felix.framework.FrameworkStartLevelImpl.run(FrameworkStartLevelImpl.java:304)
	at java.lang.Thread.run(Thread.java:748)
ERROR: Bundle pentaho-big-data-impl-shim-hdfs [259] Error starting mvn:pentaho/pentaho-big-data-impl-shim-hdfs/8.1.0.0-365 (org.osgi.framework.BundleException: Unresolved constraint in bundle pentaho-big-data-impl-shim-hdfs [259]: Unable to resolve 259.0: missing requirement [259.0] osgi.wiring.package; (&(osgi.wiring.package=com.pentaho.big.data.bundles.impl.shim.common)(version>=8.1.0)(!(version>=9.0.0))))
org.osgi.framework.BundleException: Unresolved constraint in bundle pentaho-big-data-impl-shim-hdfs [259]: Unable to resolve 259.0: missing requirement [259.0] osgi.wiring.package; (&(osgi.wiring.package=com.pentaho.big.data.bundles.impl.shim.common)(version>=8.1.0)(!(version>=9.0.0)))
	at org.apache.felix.framework.Felix.resolveBundleRevision(Felix.java:4002)
	at org.apache.felix.framework.Felix.startBundle(Felix.java:2045)
	at org.apache.felix.framework.Felix.setActiveStartLevel(Felix.java:1299)
	at org.apache.felix.framework.FrameworkStartLevelImpl.run(FrameworkStartLevelImpl.java:304)
	at java.lang.Thread.run(Thread.java:748)
ERROR: Bundle pentaho-big-data-impl-shim-hbase [260] Error starting mvn:pentaho/pentaho-big-data-impl-shim-hbase/8.1.0.0-365 (org.osgi.framework.BundleException: Unresolved constraint in bundle pentaho-big-data-impl-shim-hbase [260]: Unable to resolve 260.0: missing requirement [260.0] osgi.wiring.package; (&(osgi.wiring.package=com.google.common.collect)(version>=17.0.0)(!(version>=18.0.0))))
org.osgi.framework.BundleException: Unresolved constraint in bundle pentaho-big-data-impl-shim-hbase [260]: Unable to resolve 260.0: missing requirement [260.0] osgi.wiring.package; (&(osgi.wiring.package=com.google.common.collect)(version>=17.0.0)(!(version>=18.0.0)))
	at org.apache.felix.framework.Felix.resolveBundleRevision(Felix.java:4002)
	at org.apache.felix.framework.Felix.startBundle(Felix.java:2045)
	at org.apache.felix.framework.Felix.setActiveStartLevel(Felix.java:1299)
	at org.apache.felix.framework.FrameworkStartLevelImpl.run(FrameworkStartLevelImpl.java:304)
	at java.lang.Thread.run(Thread.java:748)
ERROR: Bundle pentaho-big-data-impl-shim-mapreduce [261] Error starting mvn:pentaho/pentaho-big-data-impl-shim-mapreduce/8.1.0.0-365 (org.osgi.framework.BundleException: Unresolved constraint in bundle pentaho-big-data-impl-shim-mapreduce [261]: Unable to resolve 261.0: missing requirement [261.0] osgi.wiring.package; (&(osgi.wiring.package=com.pentaho.big.data.bundles.impl.shim.common)(version>=8.1.0)(!(version>=9.0.0))))
org.osgi.framework.BundleException: Unresolved constraint in bundle pentaho-big-data-impl-shim-mapreduce [261]: Unable to resolve 261.0: missing requirement [261.0] osgi.wiring.package; (&(osgi.wiring.package=com.pentaho.big.data.bundles.impl.shim.common)(version>=8.1.0)(!(version>=9.0.0)))
	at org.apache.felix.framework.Felix.resolveBundleRevision(Felix.java:4002)
	at org.apache.felix.framework.Felix.startBundle(Felix.java:2045)
	at org.apache.felix.framework.Felix.setActiveStartLevel(Felix.java:1299)
	at org.apache.felix.framework.FrameworkStartLevelImpl.run(FrameworkStartLevelImpl.java:304)
	at java.lang.Thread.run(Thread.java:748)
ERROR: Bundle pentaho-big-data-impl-shim-pig [262] Error starting mvn:pentaho/pentaho-big-data-impl-shim-pig/8.1.0.0-365 (org.osgi.framework.BundleException: Unresolved constraint in bundle pentaho-big-data-impl-shim-pig [262]: Unable to resolve 262.0: missing requirement [262.0] osgi.wiring.package; (&(osgi.wiring.package=com.pentaho.big.data.bundles.impl.shim.common)(version>=8.1.0)(!(version>=9.0.0))))
org.osgi.framework.BundleException: Unresolved constraint in bundle pentaho-big-data-impl-shim-pig [262]: Unable to resolve 262.0: missing requirement [262.0] osgi.wiring.package; (&(osgi.wiring.package=com.pentaho.big.data.bundles.impl.shim.common)(version>=8.1.0)(!(version>=9.0.0)))
	at org.apache.felix.framework.Felix.resolveBundleRevision(Felix.java:4002)
	at org.apache.felix.framework.Felix.startBundle(Felix.java:2045)
	at org.apache.felix.framework.Felix.setActiveStartLevel(Felix.java:1299)
	at org.apache.felix.framework.FrameworkStartLevelImpl.run(FrameworkStartLevelImpl.java:304)
	at java.lang.Thread.run(Thread.java:748)
ERROR: Bundle pentaho-big-data-impl-shim-oozie [263] Error starting mvn:pentaho/pentaho-big-data-impl-shim-oozie/8.1.0.0-365 (org.osgi.framework.BundleException: Unresolved constraint in bundle pentaho-big-data-impl-shim-oozie [263]: Unable to resolve 263.0: missing requirement [263.0] osgi.wiring.package; (&(osgi.wiring.package=com.pentaho.big.data.bundles.impl.shim.common)(version>=8.1.0)(!(version>=9.0.0))))
org.osgi.framework.BundleException: Unresolved constraint in bundle pentaho-big-data-impl-shim-oozie [263]: Unable to resolve 263.0: missing requirement [263.0] osgi.wiring.package; (&(osgi.wiring.package=com.pentaho.big.data.bundles.impl.shim.common)(version>=8.1.0)(!(version>=9.0.0)))
	at org.apache.felix.framework.Felix.resolveBundleRevision(Felix.java:4002)
	at org.apache.felix.framework.Felix.startBundle(Felix.java:2045)
	at org.apache.felix.framework.Felix.setActiveStartLevel(Felix.java:1299)
	at org.apache.felix.framework.FrameworkStartLevelImpl.run(FrameworkStartLevelImpl.java:304)
	at java.lang.Thread.run(Thread.java:748)
ERROR: Bundle pentaho-big-data-impl-shim-sqoop [264] Error starting mvn:pentaho/pentaho-big-data-impl-shim-sqoop/8.1.0.0-365 (org.osgi.framework.BundleException: Unresolved constraint in bundle pentaho-big-data-impl-shim-sqoop [264]: Unable to resolve 264.0: missing requirement [264.0] osgi.wiring.package; (&(osgi.wiring.package=com.google.common.collect)(version>=17.0.0)(!(version>=18.0.0))))
org.osgi.framework.BundleException: Unresolved constraint in bundle pentaho-big-data-impl-shim-sqoop [264]: Unable to resolve 264.0: missing requirement [264.0] osgi.wiring.package; (&(osgi.wiring.package=com.google.common.collect)(version>=17.0.0)(!(version>=18.0.0)))
	at org.apache.felix.framework.Felix.resolveBundleRevision(Felix.java:4002)
	at org.apache.felix.framework.Felix.startBundle(Felix.java:2045)
	at org.apache.felix.framework.Felix.setActiveStartLevel(Felix.java:1299)
	at org.apache.felix.framework.FrameworkStartLevelImpl.run(FrameworkStartLevelImpl.java:304)
	at java.lang.Thread.run(Thread.java:748)
ERROR: Bundle pentaho-big-data-impl-shim-jaas [265] Error starting mvn:pentaho/pentaho-big-data-impl-shim-jaas/8.1.0.0-365 (org.osgi.framework.BundleException: Unresolved constraint in bundle pentaho-big-data-impl-shim-jaas [265]: Unable to resolve 265.0: missing requirement [265.0] osgi.wiring.package; (&(osgi.wiring.package=com.pentaho.big.data.bundles.impl.shim.common)(version>=8.1.0)(!(version>=9.0.0))))
org.osgi.framework.BundleException: Unresolved constraint in bundle pentaho-big-data-impl-shim-jaas [265]: Unable to resolve 265.0: missing requirement [265.0] osgi.wiring.package; (&(osgi.wiring.package=com.pentaho.big.data.bundles.impl.shim.common)(version>=8.1.0)(!(version>=9.0.0)))
	at org.apache.felix.framework.Felix.resolveBundleRevision(Felix.java:4002)
	at org.apache.felix.framework.Felix.startBundle(Felix.java:2045)
	at org.apache.felix.framework.Felix.setActiveStartLevel(Felix.java:1299)
	at org.apache.felix.framework.FrameworkStartLevelImpl.run(FrameworkStartLevelImpl.java:304)
	at java.lang.Thread.run(Thread.java:748)
ERROR: Bundle pentaho-big-data-impl-shim-hive [266] Error starting mvn:pentaho/pentaho-big-data-impl-shim-hive/8.1.0.0-365 (org.osgi.framework.BundleException: Unresolved constraint in bundle pentaho-big-data-impl-shim-hive [266]: Unable to resolve 266.0: missing requirement [266.0] osgi.wiring.package; (osgi.wiring.package=com.pentaho.big.data.bundles.impl.shim.common))
org.osgi.framework.BundleException: Unresolved constraint in bundle pentaho-big-data-impl-shim-hive [266]: Unable to resolve 266.0: missing requirement [266.0] osgi.wiring.package; (osgi.wiring.package=com.pentaho.big.data.bundles.impl.shim.common)
	at org.apache.felix.framework.Felix.resolveBundleRevision(Felix.java:4002)
	at org.apache.felix.framework.Felix.startBundle(Felix.java:2045)
	at org.apache.felix.framework.Felix.setActiveStartLevel(Felix.java:1299)
	at org.apache.felix.framework.FrameworkStartLevelImpl.run(FrameworkStartLevelImpl.java:304)
	at java.lang.Thread.run(Thread.java:748)
ERROR: Bundle pentaho-big-data-impl-vfs-hdfs [267] Error starting mvn:pentaho/pentaho-big-data-impl-vfs-hdfs/8.1.0.0-365 (org.osgi.framework.BundleException: Unresolved constraint in bundle pentaho-big-data-impl-vfs-hdfs [267]: Unable to resolve 267.0: missing requirement [267.0] osgi.wiring.package; (&(osgi.wiring.package=org.osgi.service.blueprint)(version>=1.0.0)(!(version>=2.0.0))))
org.osgi.framework.BundleException: Unresolved constraint in bundle pentaho-big-data-impl-vfs-hdfs [267]: Unable to resolve 267.0: missing requirement [267.0] osgi.wiring.package; (&(osgi.wiring.package=org.osgi.service.blueprint)(version>=1.0.0)(!(version>=2.0.0)))
	at org.apache.felix.framework.Felix.resolveBundleRevision(Felix.java:4002)
	at org.apache.felix.framework.Felix.startBundle(Felix.java:2045)
	at org.apache.felix.framework.Felix.setActiveStartLevel(Felix.java:1299)
	at org.apache.felix.framework.FrameworkStartLevelImpl.run(FrameworkStartLevelImpl.java:304)
	at java.lang.Thread.run(Thread.java:748)
ERROR: Bundle pentaho-hadoop-shims-osgi-jaas [268] Error starting mvn:pentaho/pentaho-hadoop-shims-osgi-jaas/8.1.0.0-365 (org.osgi.framework.BundleException: Unresolved constraint in bundle pentaho-hadoop-shims-osgi-jaas [268]: Unable to resolve 268.0: missing requirement [268.0] osgi.wiring.package; (&(osgi.wiring.package=org.apache.karaf.jaas.config)(version>=3.0.0)(!(version>=4.0.0))))
org.osgi.framework.BundleException: Unresolved constraint in bundle pentaho-hadoop-shims-osgi-jaas [268]: Unable to resolve 268.0: missing requirement [268.0] osgi.wiring.package; (&(osgi.wiring.package=org.apache.karaf.jaas.config)(version>=3.0.0)(!(version>=4.0.0)))
	at org.apache.felix.framework.Felix.resolveBundleRevision(Felix.java:4002)
	at org.apache.felix.framework.Felix.startBundle(Felix.java:2045)
	at org.apache.felix.framework.Felix.setActiveStartLevel(Felix.java:1299)
	at org.apache.felix.framework.FrameworkStartLevelImpl.run(FrameworkStartLevelImpl.java:304)
	at java.lang.Thread.run(Thread.java:748)
22:31:58,724 ERROR [KarafLifecycleListener] The Kettle Karaf Lifecycle Listener failed to execute properly after waiting for 100 seconds. Releasing lifecycle hold, but some services may be unavailable.
2025/07/22 22:31:58 - REST_Call_and_Load_Ciena_to_DB - Start of job execution
log4j:ERROR No output stream or file set for the appender named [pdi-execution-appender].
2025/07/22 22:31:58 - REST_Call_and_Load_Ciena_to_DB - Starting entry [LoadConfiguration]
2025/07/22 22:31:58 - LoadConfiguration - Loading transformation from XML file [file:///hawaiki_il/endpointcentral/endpoint_configuration.ktr]
2025/07/22 22:31:58 - LoadConfiguration - Using run configuration [Pentaho local]
2025/07/22 22:31:58 - LoadConfiguration - Using legacy execution engine
2025/07/22 22:31:59 - ciena_load_configuration - Dispatching started for transformation [ciena_load_configuration]
2025/07/22 22:31:59 - Property Input.0 - Finished processing (I=20, O=0, R=0, W=20, U=0, E=0)
2025/07/22 22:31:59 - Row denormaliser.0 - Finished processing (I=0, O=0, R=20, W=1, U=0, E=0)
2025/07/22 22:31:59 - Set Variables.0 - Setting environment variables...
2025/07/22 22:31:59 - Set Variables.0 - Set variable TARGET_DB_IP to value [10.7.2.132]
2025/07/22 22:31:59 - Set Variables.0 - Set variable TARGET_DB_NAME to value [pm_db]
2025/07/22 22:31:59 - Set Variables.0 - Set variable TARGET_DB_PORT to value [3306]
2025/07/22 22:31:59 - Set Variables.0 - Set variable TARGET_DB_USER to value [mediation_rw]
2025/07/22 22:31:59 - Set Variables.0 - Set variable TARGET_DB_PASS to value [RKbZ4NzQJrL20tmu]
2025/07/22 22:31:59 - Set Variables.0 - Set variable TARGET_ACCESS_URL to value [https://desktop-central.bw-digital-ext.com:8383/api/1.4/patch/allsystems]
2025/07/22 22:31:59 - Set Variables.0 - Set variable TARGET_KEY to value [AUTHORIZATION]
2025/07/22 22:31:59 - Set Variables.0 - Set variable TARGET_VALUE to value [F33E4AD8-C9AD-4892-9E2A-EBDD26043FC4]
2025/07/22 22:31:59 - Set Variables.0 - Set variable TARGET_EMAIL_DESTINATION_ADDRESS to value [itsys@bw-digital.com]
2025/07/22 22:31:59 - Set Variables.0 - Set variable TARGET_EMAIL_SENDER_ADDRESS to value [no-reply@bw-digital.com]
2025/07/22 22:31:59 - Set Variables.0 - Set variable TARGET_EMAIL_SMTP_SERVER to value []
2025/07/22 22:31:59 - Set Variables.0 - Set variable TARGET_EMAIL_PORT to value []
2025/07/22 22:31:59 - Set Variables.0 - Set variable TARGET_EMAIL_SMTP_PASSWORD to value []
2025/07/22 22:31:59 - Set Variables.0 - Set variable TARGET_EMAIL_SUBJECT to value []
2025/07/22 22:31:59 - Set Variables.0 - Set variable TARGET-SLEEP_AFTER_REST_ATTEMPT to value [Y]
2025/07/22 22:31:59 - Set Variables.0 - Set variable TARGET_SLEEP_TIMER to value [3.0]
2025/07/22 22:31:59 - Set Variables.0 - Set variable TARGET_DURATION_DAYS to value [2.0]
2025/07/22 22:31:59 - Set Variables.0 - Set variable TARGET_BINSTATE_LOG to value [Y]
2025/07/22 22:31:59 - Set Variables.0 - Set variable TARGET_DATE_START to value [2024-10-31]
2025/07/22 22:31:59 - Set Variables.0 - Set variable TARGET_DATE_END to value [2024-10-31]
2025/07/22 22:31:59 - Set Variables.0 - Finished after 1 rows.
2025/07/22 22:31:59 - Set Variables.0 - Finished processing (I=0, O=0, R=1, W=1, U=0, E=0)
2025/07/22 22:31:59 - REST_Call_and_Load_Ciena_to_DB - Starting entry [ExtractData]
2025/07/22 22:31:59 - ExtractData - Loading transformation from XML file [file:///hawaiki_il/endpointcentral/endpoint_report_extraction.ktr]
2025/07/22 22:31:59 - ExtractData - Using run configuration [Pentaho local]
2025/07/22 22:31:59 - ExtractData - Using legacy execution engine
2025/07/22 22:31:59 - ciena_report_extraction - Dispatching started for transformation [ciena_report_extraction]
SLF4J: Class path contains multiple SLF4J bindings.
SLF4J: Found binding in [jar:file:/hawaiki_il/data-integration/launcher/../lib/slf4j-log4j12-1.7.7.jar!/org/slf4j/impl/StaticLoggerBinder.class]
SLF4J: Found binding in [jar:file:/hawaiki_il/data-integration/plugins/kettle-json-plugin/lib/slf4j-log4j12-1.7.7.jar!/org/slf4j/impl/StaticLoggerBinder.class]
SLF4J: See http://www.slf4j.org/codes.html#multiple_bindings for an explanation.
SLF4J: Actual binding is of type [org.slf4j.impl.Log4jLoggerFactory]
2025/07/22 22:31:59 - Table output.0 - Connected to database [db] (commit=1000)
2025/07/22 22:31:59 - Generate Rows.0 - Finished processing (I=0, O=0, R=0, W=1, U=0, E=0)
2025/07/22 22:32:00 - REST client.0 - ERROR (version 8.1.0.0-365, build 8.1.0.0-365 from 2018-04-30 09.42.24 by buildguy) : Because of an error, this step can't continue: 
2025/07/22 22:32:00 - REST client.0 - Can not result from [https://desktop-central.bw-digital-ext.com:8383/api/1.4/patch/allsystems?page=1&pagelimit=1000]
2025/07/22 22:32:00 - REST client.0 - javax.net.ssl.SSLHandshakeException: sun.security.validator.ValidatorException: PKIX path building failed: sun.security.provider.certpath.SunCertPathBuilderException: unable to find valid certification path to requested target
2025/07/22 22:32:00 - ciena_report_extraction - ERROR (version 8.1.0.0-365, build 8.1.0.0-365 from 2018-04-30 09.42.24 by buildguy) : Errors detected!
2025/07/22 22:32:00 - REST client.0 - ERROR (version 8.1.0.0-365, build 8.1.0.0-365 from 2018-04-30 09.42.24 by buildguy) : org.pentaho.di.core.exception.KettleException: 
2025/07/22 22:32:00 - REST client.0 - Can not result from [https://desktop-central.bw-digital-ext.com:8383/api/1.4/patch/allsystems?page=1&pagelimit=1000]
2025/07/22 22:32:00 - REST client.0 - javax.net.ssl.SSLHandshakeException: sun.security.validator.ValidatorException: PKIX path building failed: sun.security.provider.certpath.SunCertPathBuilderException: unable to find valid certification path to requested target
2025/07/22 22:32:00 - REST client.0 - 
2025/07/22 22:32:00 - REST client.0 - 	at org.pentaho.di.trans.steps.rest.Rest.callRest(Rest.java:256)
2025/07/22 22:32:00 - REST client.0 - 	at org.pentaho.di.trans.steps.rest.Rest.processRow(Rest.java:453)
2025/07/22 22:32:00 - REST client.0 - 	at org.pentaho.di.trans.step.RunThread.run(RunThread.java:62)
2025/07/22 22:32:00 - REST client.0 - 	at java.lang.Thread.run(Thread.java:748)
2025/07/22 22:32:00 - REST client.0 - Caused by: com.sun.jersey.api.client.ClientHandlerException: javax.net.ssl.SSLHandshakeException: sun.security.validator.ValidatorException: PKIX path building failed: sun.security.provider.certpath.SunCertPathBuilderException: unable to find valid certification path to requested target
2025/07/22 22:32:00 - REST client.0 - 	at com.sun.jersey.client.apache4.ApacheHttpClient4Handler.handle(ApacheHttpClient4Handler.java:187)
2025/07/22 22:32:00 - REST client.0 - 	at com.sun.jersey.api.client.Client.handle(Client.java:652)
2025/07/22 22:32:00 - REST client.0 - 	at com.sun.jersey.api.client.WebResource.handle(WebResource.java:682)
2025/07/22 22:32:00 - REST client.0 - 	at com.sun.jersey.api.client.WebResource.access$200(WebResource.java:74)
2025/07/22 22:32:00 - REST client.0 - 	at com.sun.jersey.api.client.WebResource$Builder.get(WebResource.java:509)
2025/07/22 22:32:00 - REST client.0 - 	at org.pentaho.di.trans.steps.rest.Rest.callRest(Rest.java:179)
2025/07/22 22:32:00 - REST client.0 - 	... 3 more
2025/07/22 22:32:00 - REST client.0 - Caused by: javax.net.ssl.SSLHandshakeException: sun.security.validator.ValidatorException: PKIX path building failed: sun.security.provider.certpath.SunCertPathBuilderException: unable to find valid certification path to requested target
2025/07/22 22:32:00 - REST client.0 - 	at sun.security.ssl.Alerts.getSSLException(Alerts.java:192)
2025/07/22 22:32:00 - REST client.0 - 	at sun.security.ssl.SSLSocketImpl.fatal(SSLSocketImpl.java:1946)
2025/07/22 22:32:00 - REST client.0 - 	at sun.security.ssl.Handshaker.fatalSE(Handshaker.java:316)
2025/07/22 22:32:00 - REST client.0 - 	at sun.security.ssl.Handshaker.fatalSE(Handshaker.java:310)
2025/07/22 22:32:00 - REST client.0 - 	at sun.security.ssl.ClientHandshaker.serverCertificate(ClientHandshaker.java:1639)
2025/07/22 22:32:00 - REST client.0 - 	at sun.security.ssl.ClientHandshaker.processMessage(ClientHandshaker.java:223)
2025/07/22 22:32:00 - REST client.0 - 	at sun.security.ssl.Handshaker.processLoop(Handshaker.java:1037)
2025/07/22 22:32:00 - REST client.0 - 	at sun.security.ssl.Handshaker.process_record(Handshaker.java:965)
2025/07/22 22:32:00 - REST client.0 - 	at sun.security.ssl.SSLSocketImpl.readRecord(SSLSocketImpl.java:1064)
2025/07/22 22:32:00 - REST client.0 - 	at sun.security.ssl.SSLSocketImpl.performInitialHandshake(SSLSocketImpl.java:1367)
2025/07/22 22:32:00 - REST client.0 - 	at sun.security.ssl.SSLSocketImpl.startHandshake(SSLSocketImpl.java:1395)
2025/07/22 22:32:00 - REST client.0 - 	at sun.security.ssl.SSLSocketImpl.startHandshake(SSLSocketImpl.java:1379)
2025/07/22 22:32:00 - REST client.0 - 	at org.apache.http.conn.ssl.SSLSocketFactory.createLayeredSocket(SSLSocketFactory.java:573)
2025/07/22 22:32:00 - REST client.0 - 	at org.apache.http.conn.ssl.SSLSocketFactory.connectSocket(SSLSocketFactory.java:557)
2025/07/22 22:32:00 - REST client.0 - 	at org.apache.http.conn.ssl.SSLSocketFactory.connectSocket(SSLSocketFactory.java:414)
2025/07/22 22:32:00 - REST client.0 - 	at org.apache.http.impl.conn.DefaultClientConnectionOperator.openConnection(DefaultClientConnectionOperator.java:180)
2025/07/22 22:32:00 - REST client.0 - 	at org.apache.http.impl.conn.ManagedClientConnectionImpl.open(ManagedClientConnectionImpl.java:326)
2025/07/22 22:32:00 - REST client.0 - 	at org.apache.http.impl.client.DefaultRequestDirector.tryConnect(DefaultRequestDirector.java:610)
2025/07/22 22:32:00 - REST client.0 - 	at org.apache.http.impl.client.DefaultRequestDirector.execute(DefaultRequestDirector.java:445)
2025/07/22 22:32:00 - REST client.0 - 	at org.apache.http.impl.client.AbstractHttpClient.doExecute(AbstractHttpClient.java:835)
2025/07/22 22:32:00 - REST client.0 - 	at org.apache.http.impl.client.CloseableHttpClient.execute(CloseableHttpClient.java:118)
2025/07/22 22:32:00 - REST client.0 - 	at org.apache.http.impl.client.CloseableHttpClient.execute(CloseableHttpClient.java:56)
2025/07/22 22:32:00 - REST client.0 - 	at com.sun.jersey.client.apache4.ApacheHttpClient4Handler.handle(ApacheHttpClient4Handler.java:173)
2025/07/22 22:32:00 - REST client.0 - 	... 8 more
2025/07/22 22:32:00 - REST client.0 - Caused by: sun.security.validator.ValidatorException: PKIX path building failed: sun.security.provider.certpath.SunCertPathBuilderException: unable to find valid certification path to requested target
2025/07/22 22:32:00 - REST client.0 - 	at sun.security.validator.PKIXValidator.doBuild(PKIXValidator.java:397)
2025/07/22 22:32:00 - REST client.0 - 	at sun.security.validator.PKIXValidator.engineValidate(PKIXValidator.java:302)
2025/07/22 22:32:00 - REST client.0 - 	at sun.security.validator.Validator.validate(Validator.java:262)
2025/07/22 22:32:00 - REST client.0 - 	at sun.security.ssl.X509TrustManagerImpl.validate(X509TrustManagerImpl.java:324)
2025/07/22 22:32:00 - REST client.0 - 	at sun.security.ssl.X509TrustManagerImpl.checkTrusted(X509TrustManagerImpl.java:229)
2025/07/22 22:32:00 - REST client.0 - 	at sun.security.ssl.X509TrustManagerImpl.checkServerTrusted(X509TrustManagerImpl.java:124)
2025/07/22 22:32:00 - REST client.0 - 	at sun.security.ssl.ClientHandshaker.serverCertificate(ClientHandshaker.java:1621)
2025/07/22 22:32:00 - REST client.0 - 	... 26 more
2025/07/22 22:32:00 - REST client.0 - Caused by: sun.security.provider.certpath.SunCertPathBuilderException: unable to find valid certification path to requested target
2025/07/22 22:32:00 - REST client.0 - 	at sun.security.provider.certpath.SunCertPathBuilder.build(SunCertPathBuilder.java:141)
2025/07/22 22:32:00 - REST client.0 - 	at sun.security.provider.certpath.SunCertPathBuilder.engineBuild(SunCertPathBuilder.java:126)
2025/07/22 22:32:00 - REST client.0 - 	at java.security.cert.CertPathBuilder.build(CertPathBuilder.java:280)
2025/07/22 22:32:00 - REST client.0 - 	at sun.security.validator.PKIXValidator.doBuild(PKIXValidator.java:392)
2025/07/22 22:32:00 - REST client.0 - 	... 32 more
2025/07/22 22:32:00 - REST client.0 - Finished processing (I=0, O=0, R=1, W=0, U=0, E=1)
2025/07/22 22:32:00 - ciena_report_extraction - Transformation detected one or more steps with errors.
2025/07/22 22:32:00 - ciena_report_extraction - Transformation is killing the other steps!
2025/07/22 22:32:00 - ciena_report_extraction - ERROR (version 8.1.0.0-365, build 8.1.0.0-365 from 2018-04-30 09.42.24 by buildguy) : Errors detected!
2025/07/22 22:32:00 - REST_Call_and_Load_Ciena_to_DB - Finished job entry [ExtractData] (result=[false])
2025/07/22 22:32:00 - REST_Call_and_Load_Ciena_to_DB - Finished job entry [LoadConfiguration] (result=[false])
2025/07/22 22:32:00 - REST_Call_and_Load_Ciena_to_DB - Job execution finished
2025/07/22 22:32:00 - Kitchen - Finished!
2025/07/22 22:32:00 - Kitchen - ERROR (version 8.1.0.0-365, build 8.1.0.0-365 from 2018-04-30 09.42.24 by buildguy) : Finished with errors
2025/07/22 22:32:00 - Kitchen - Start=2025/07/22 22:30:12.952, Stop=2025/07/22 22:32:00.607
2025/07/22 22:32:00 - Kitchen - Processing ended after 1 minutes and 47 seconds (107 seconds total).
#######################################################################
WARNING:  no libwebkitgtk-1.0 detected, some features will be unavailable
    Consider installing the package with apt-get or yum.
    e.g. 'sudo apt-get install libwebkitgtk-1.0-0'
#######################################################################
Java HotSpot(TM) Server VM warning: ignoring option MaxPermSize=256m; support was removed in 8.0
log4j:WARN Continuable parsing error 45 and column 76
log4j:WARN Element type "rollingPolicy" must be declared.
log4j:WARN Continuable parsing error 52 and column 14
log4j:WARN The content of element type "appender" must match "(errorHandler?,param*,layout?,filter*,appender-ref*)".
log4j:WARN Please set a rolling policy for the RollingFileAppender named 'pdi-execution-appender'
22:30:06,264 INFO  [KarafBoot] Checking to see if org.pentaho.clean.karaf.cache is enabled
22:32:16,025 INFO  [KarafInstance] 
*******************************************************************************
*** Karaf Instance Number: 4 at /hawaiki_il/data-integration/./system/karaf ***
***   /caches/kitchen/data-4                                                ***
*** FastBin Provider Port:52904                                             ***
*** Karaf Port:8805                                                         ***
*** OSGI Service Port:9054                                                  ***
*******************************************************************************
Jul 23, 2025 10:32:16 PM org.apache.karaf.main.Main$KarafLockCallback lockAquired
INFO: Lock acquired. Setting startlevel to 100
ERROR: Bundle org.apache.geronimo.specs.geronimo-osgi-registry [176] Error starting mvn:org.apache.geronimo.specs/geronimo-osgi-registry/1.1 (org.osgi.framework.BundleException: Unresolved constraint in bundle org.apache.geronimo.specs.geronimo-osgi-registry [176]: Unable to resolve 176.0: missing requirement [176.0] osgi.wiring.package; (&(osgi.wiring.package=org.osgi.service.log)(version>=1.3.0)))
org.osgi.framework.BundleException: Unresolved constraint in bundle org.apache.geronimo.specs.geronimo-osgi-registry [176]: Unable to resolve 176.0: missing requirement [176.0] osgi.wiring.package; (&(osgi.wiring.package=org.osgi.service.log)(version>=1.3.0))
	at org.apache.felix.framework.Felix.resolveBundleRevision(Felix.java:4002)
	at org.apache.felix.framework.Felix.startBundle(Felix.java:2045)
	at org.apache.felix.framework.Felix.setActiveStartLevel(Felix.java:1299)
	at org.apache.felix.framework.FrameworkStartLevelImpl.run(FrameworkStartLevelImpl.java:304)
	at java.lang.Thread.run(Thread.java:748)
2025/07/23 22:32:17 - Kitchen - Start of run.
ERROR: Bundle org.apache.karaf.bundle.springstate [175] Error starting mvn:org.apache.karaf.bundle/org.apache.karaf.bundle.springstate/3.0.3 (org.osgi.framework.BundleException: Unresolved constraint in bundle org.apache.karaf.bundle.springstate [175]: Unable to resolve 175.0: missing requirement [175.0] osgi.wiring.package; (&(osgi.wiring.package=org.apache.karaf.bundle.core)(version>=3.0.0)(!(version>=4.0.0))))
org.osgi.framework.BundleException: Unresolved constraint in bundle org.apache.karaf.bundle.springstate [175]: Unable to resolve 175.0: missing requirement [175.0] osgi.wiring.package; (&(osgi.wiring.package=org.apache.karaf.bundle.core)(version>=3.0.0)(!(version>=4.0.0)))
	at org.apache.felix.framework.Felix.resolveBundleRevision(Felix.java:4002)
	at org.apache.felix.framework.Felix.startBundle(Felix.java:2045)
	at org.apache.felix.framework.Felix.setActiveStartLevel(Felix.java:1299)
	at org.apache.felix.framework.FrameworkStartLevelImpl.run(FrameworkStartLevelImpl.java:304)
	at java.lang.Thread.run(Thread.java:748)
ERROR: Bundle org.apache.wss4j.wss4j-ws-security-common [229] Error starting mvn:org.apache.wss4j/wss4j-ws-security-common/2.0.6 (org.osgi.framework.BundleException: Unresolved constraint in bundle org.apache.wss4j.wss4j-ws-security-common [229]: Unable to resolve 229.0: missing requirement [229.0] osgi.wiring.package; (&(osgi.wiring.package=javax.mail.internet)(version>=1.4.0)(!(version>=2.0.0))))
org.osgi.framework.BundleException: Unresolved constraint in bundle org.apache.wss4j.wss4j-ws-security-common [229]: Unable to resolve 229.0: missing requirement [229.0] osgi.wiring.package; (&(osgi.wiring.package=javax.mail.internet)(version>=1.4.0)(!(version>=2.0.0)))
	at org.apache.felix.framework.Felix.resolveBundleRevision(Felix.java:4002)
	at org.apache.felix.framework.Felix.startBundle(Felix.java:2045)
	at org.apache.felix.framework.Felix.setActiveStartLevel(Felix.java:1299)
	at org.apache.felix.framework.FrameworkStartLevelImpl.run(FrameworkStartLevelImpl.java:304)
	at java.lang.Thread.run(Thread.java:748)
ERROR: Bundle org.apache.wss4j.wss4j-ws-security-dom [230] Error starting mvn:org.apache.wss4j/wss4j-ws-security-dom/2.0.6 (org.osgi.framework.BundleException: Unresolved constraint in bundle org.apache.wss4j.wss4j-ws-security-dom [230]: Unable to resolve 230.0: missing requirement [230.0] osgi.wiring.package; (&(osgi.wiring.package=org.apache.wss4j.common)(version>=2.0.0)(!(version>=3.0.0))) [caused by: Unable to resolve 229.0: missing requirement [229.0] osgi.wiring.package; (&(osgi.wiring.package=javax.mail.internet)(version>=1.4.0)(!(version>=2.0.0)))])
org.osgi.framework.BundleException: Unresolved constraint in bundle org.apache.wss4j.wss4j-ws-security-dom [230]: Unable to resolve 230.0: missing requirement [230.0] osgi.wiring.package; (&(osgi.wiring.package=org.apache.wss4j.common)(version>=2.0.0)(!(version>=3.0.0))) [caused by: Unable to resolve 229.0: missing requirement [229.0] osgi.wiring.package; (&(osgi.wiring.package=javax.mail.internet)(version>=1.4.0)(!(version>=2.0.0)))]
	at org.apache.felix.framework.Felix.resolveBundleRevision(Felix.java:4002)
	at org.apache.felix.framework.Felix.startBundle(Felix.java:2045)
	at org.apache.felix.framework.Felix.setActiveStartLevel(Felix.java:1299)
	at org.apache.felix.framework.FrameworkStartLevelImpl.run(FrameworkStartLevelImpl.java:304)
	at java.lang.Thread.run(Thread.java:748)
ERROR: Bundle org.apache.wss4j.wss4j-ws-security-stax [232] Error starting mvn:org.apache.wss4j/wss4j-ws-security-stax/2.0.6 (org.osgi.framework.BundleException: Unresolved constraint in bundle org.apache.wss4j.wss4j-ws-security-stax [232]: Unable to resolve 232.0: missing requirement [232.0] osgi.wiring.package; (&(osgi.wiring.package=org.apache.wss4j.common)(version>=2.0.0)(!(version>=3.0.0))) [caused by: Unable to resolve 229.0: missing requirement [229.0] osgi.wiring.package; (&(osgi.wiring.package=javax.mail.internet)(version>=1.4.0)(!(version>=2.0.0)))])
org.osgi.framework.BundleException: Unresolved constraint in bundle org.apache.wss4j.wss4j-ws-security-stax [232]: Unable to resolve 232.0: missing requirement [232.0] osgi.wiring.package; (&(osgi.wiring.package=org.apache.wss4j.common)(version>=2.0.0)(!(version>=3.0.0))) [caused by: Unable to resolve 229.0: missing requirement [229.0] osgi.wiring.package; (&(osgi.wiring.package=javax.mail.internet)(version>=1.4.0)(!(version>=2.0.0)))]
	at org.apache.felix.framework.Felix.resolveBundleRevision(Felix.java:4002)
	at org.apache.felix.framework.Felix.startBundle(Felix.java:2045)
	at org.apache.felix.framework.Felix.setActiveStartLevel(Felix.java:1299)
	at org.apache.felix.framework.FrameworkStartLevelImpl.run(FrameworkStartLevelImpl.java:304)
	at java.lang.Thread.run(Thread.java:748)
ERROR: Bundle org.apache.wss4j.wss4j-ws-security-policy-stax [233] Error starting mvn:org.apache.wss4j/wss4j-ws-security-policy-stax/2.0.6 (org.osgi.framework.BundleException: Unresolved constraint in bundle org.apache.wss4j.wss4j-ws-security-policy-stax [233]: Unable to resolve 233.0: missing requirement [233.0] osgi.wiring.package; (&(osgi.wiring.package=org.apache.wss4j.common)(version>=2.0.0)(!(version>=3.0.0))) [caused by: Unable to resolve 229.0: missing requirement [229.0] osgi.wiring.package; (&(osgi.wiring.package=javax.mail.internet)(version>=1.4.0)(!(version>=2.0.0)))])
org.osgi.framework.BundleException: Unresolved constraint in bundle org.apache.wss4j.wss4j-ws-security-policy-stax [233]: Unable to resolve 233.0: missing requirement [233.0] osgi.wiring.package; (&(osgi.wiring.package=org.apache.wss4j.common)(version>=2.0.0)(!(version>=3.0.0))) [caused by: Unable to resolve 229.0: missing requirement [229.0] osgi.wiring.package; (&(osgi.wiring.package=javax.mail.internet)(version>=1.4.0)(!(version>=2.0.0)))]
	at org.apache.felix.framework.Felix.resolveBundleRevision(Felix.java:4002)
	at org.apache.felix.framework.Felix.startBundle(Felix.java:2045)
	at org.apache.felix.framework.Felix.setActiveStartLevel(Felix.java:1299)
	at org.apache.felix.framework.FrameworkStartLevelImpl.run(FrameworkStartLevelImpl.java:304)
	at java.lang.Thread.run(Thread.java:748)
ERROR: Bundle org.apache.cxf.cxf-core [191] Error starting mvn:org.apache.cxf/cxf-core/3.0.13 (org.osgi.framework.BundleException: Unresolved constraint in bundle org.apache.cxf.cxf-core [191]: Unable to resolve 191.0: missing requirement [191.0] osgi.wiring.package; (&(osgi.wiring.package=org.osgi.service.blueprint.container)(version>=1.0.0)(!(version>=2.0.0))))
org.osgi.framework.BundleException: Unresolved constraint in bundle org.apache.cxf.cxf-core [191]: Unable to resolve 191.0: missing requirement [191.0] osgi.wiring.package; (&(osgi.wiring.package=org.osgi.service.blueprint.container)(version>=1.0.0)(!(version>=2.0.0)))
	at org.apache.felix.framework.Felix.resolveBundleRevision(Felix.java:4002)
	at org.apache.felix.framework.Felix.startBundle(Felix.java:2045)
	at org.apache.felix.framework.Felix.setActiveStartLevel(Felix.java:1299)
	at org.apache.felix.framework.FrameworkStartLevelImpl.run(FrameworkStartLevelImpl.java:304)
	at java.lang.Thread.run(Thread.java:748)
ERROR: Bundle org.apache.cxf.cxf-rt-management [192] Error starting mvn:org.apache.cxf/cxf-rt-management/3.0.13 (org.osgi.framework.BundleException: Unresolved constraint in bundle org.apache.cxf.cxf-rt-management [192]: Unable to resolve 192.0: missing requirement [192.0] osgi.wiring.package; (&(osgi.wiring.package=org.apache.cxf)(version>=3.0.0)(!(version>=4.0.0))) [caused by: Unable to resolve 191.0: missing requirement [191.0] osgi.wiring.package; (&(osgi.wiring.package=org.osgi.service.blueprint.container)(version>=1.0.0)(!(version>=2.0.0)))])
org.osgi.framework.BundleException: Unresolved constraint in bundle org.apache.cxf.cxf-rt-management [192]: Unable to resolve 192.0: missing requirement [192.0] osgi.wiring.package; (&(osgi.wiring.package=org.apache.cxf)(version>=3.0.0)(!(version>=4.0.0))) [caused by: Unable to resolve 191.0: missing requirement [191.0] osgi.wiring.package; (&(osgi.wiring.package=org.osgi.service.blueprint.container)(version>=1.0.0)(!(version>=2.0.0)))]
	at org.apache.felix.framework.Felix.resolveBundleRevision(Felix.java:4002)
	at org.apache.felix.framework.Felix.startBundle(Felix.java:2045)
	at org.apache.felix.framework.Felix.setActiveStartLevel(Felix.java:1299)
	at org.apache.felix.framework.FrameworkStartLevelImpl.run(FrameworkStartLevelImpl.java:304)
	at java.lang.Thread.run(Thread.java:748)
ERROR: Bundle org.apache.cxf.karaf.cxf-karaf-commands [193] Error starting mvn:org.apache.cxf.karaf/cxf-karaf-commands/3.0.13 (org.osgi.framework.BundleException: Unresolved constraint in bundle org.apache.cxf.karaf.cxf-karaf-commands [193]: Unable to resolve 193.0: missing requirement [193.0] osgi.wiring.package; (&(osgi.wiring.package=org.apache.cxf)(version>=3.0.0)(!(version>=4.0.0))) [caused by: Unable to resolve 191.0: missing requirement [191.0] osgi.wiring.package; (&(osgi.wiring.package=org.osgi.service.blueprint.container)(version>=1.0.0)(!(version>=2.0.0)))])
org.osgi.framework.BundleException: Unresolved constraint in bundle org.apache.cxf.karaf.cxf-karaf-commands [193]: Unable to resolve 193.0: missing requirement [193.0] osgi.wiring.package; (&(osgi.wiring.package=org.apache.cxf)(version>=3.0.0)(!(version>=4.0.0))) [caused by: Unable to resolve 191.0: missing requirement [191.0] osgi.wiring.package; (&(osgi.wiring.package=org.osgi.service.blueprint.container)(version>=1.0.0)(!(version>=2.0.0)))]
	at org.apache.felix.framework.Felix.resolveBundleRevision(Felix.java:4002)
	at org.apache.felix.framework.Felix.startBundle(Felix.java:2045)
	at org.apache.felix.framework.Felix.setActiveStartLevel(Felix.java:1299)
	at org.apache.felix.framework.FrameworkStartLevelImpl.run(FrameworkStartLevelImpl.java:304)
	at java.lang.Thread.run(Thread.java:748)
ERROR: Bundle org.apache.cxf.cxf-rt-wsdl [195] Error starting mvn:org.apache.cxf/cxf-rt-wsdl/3.0.13 (org.osgi.framework.BundleException: Unresolved constraint in bundle org.apache.cxf.cxf-rt-wsdl [195]: Unable to resolve 195.0: missing requirement [195.0] osgi.wiring.package; (&(osgi.wiring.package=org.apache.cxf)(version>=3.0.0)(!(version>=4.0.0))) [caused by: Unable to resolve 191.0: missing requirement [191.0] osgi.wiring.package; (&(osgi.wiring.package=org.osgi.service.blueprint.container)(version>=1.0.0)(!(version>=2.0.0)))])
org.osgi.framework.BundleException: Unresolved constraint in bundle org.apache.cxf.cxf-rt-wsdl [195]: Unable to resolve 195.0: missing requirement [195.0] osgi.wiring.package; (&(osgi.wiring.package=org.apache.cxf)(version>=3.0.0)(!(version>=4.0.0))) [caused by: Unable to resolve 191.0: missing requirement [191.0] osgi.wiring.package; (&(osgi.wiring.package=org.osgi.service.blueprint.container)(version>=1.0.0)(!(version>=2.0.0)))]
	at org.apache.felix.framework.Felix.resolveBundleRevision(Felix.java:4002)
	at org.apache.felix.framework.Felix.startBundle(Felix.java:2045)
	at org.apache.felix.framework.Felix.setActiveStartLevel(Felix.java:1299)
	at org.apache.felix.framework.FrameworkStartLevelImpl.run(FrameworkStartLevelImpl.java:304)
	at java.lang.Thread.run(Thread.java:748)
ERROR: Bundle org.apache.cxf.cxf-rt-databinding-jaxb [196] Error starting mvn:org.apache.cxf/cxf-rt-databinding-jaxb/3.0.13 (org.osgi.framework.BundleException: Unresolved constraint in bundle org.apache.cxf.cxf-rt-databinding-jaxb [196]: Unable to resolve 196.0: missing requirement [196.0] osgi.wiring.package; (&(osgi.wiring.package=org.apache.cxf.annotations)(version>=3.0.0)(!(version>=4.0.0))) [caused by: Unable to resolve 191.0: missing requirement [191.0] osgi.wiring.package; (&(osgi.wiring.package=org.osgi.service.blueprint.container)(version>=1.0.0)(!(version>=2.0.0)))])
org.osgi.framework.BundleException: Unresolved constraint in bundle org.apache.cxf.cxf-rt-databinding-jaxb [196]: Unable to resolve 196.0: missing requirement [196.0] osgi.wiring.package; (&(osgi.wiring.package=org.apache.cxf.annotations)(version>=3.0.0)(!(version>=4.0.0))) [caused by: Unable to resolve 191.0: missing requirement [191.0] osgi.wiring.package; (&(osgi.wiring.package=org.osgi.service.blueprint.container)(version>=1.0.0)(!(version>=2.0.0)))]
	at org.apache.felix.framework.Felix.resolveBundleRevision(Felix.java:4002)
	at org.apache.felix.framework.Felix.startBundle(Felix.java:2045)
	at org.apache.felix.framework.Felix.setActiveStartLevel(Felix.java:1299)
	at org.apache.felix.framework.FrameworkStartLevelImpl.run(FrameworkStartLevelImpl.java:304)
	at java.lang.Thread.run(Thread.java:748)
ERROR: Bundle org.apache.cxf.cxf-rt-bindings-xml [197] Error starting mvn:org.apache.cxf/cxf-rt-bindings-xml/3.0.13 (org.osgi.framework.BundleException: Unresolved constraint in bundle org.apache.cxf.cxf-rt-bindings-xml [197]: Unable to resolve 197.0: missing requirement [197.0] osgi.wiring.package; (&(osgi.wiring.package=org.apache.cxf)(version>=3.0.0)(!(version>=4.0.0))) [caused by: Unable to resolve 191.0: missing requirement [191.0] osgi.wiring.package; (&(osgi.wiring.package=org.osgi.service.blueprint.container)(version>=1.0.0)(!(version>=2.0.0)))])
org.osgi.framework.BundleException: Unresolved constraint in bundle org.apache.cxf.cxf-rt-bindings-xml [197]: Unable to resolve 197.0: missing requirement [197.0] osgi.wiring.package; (&(osgi.wiring.package=org.apache.cxf)(version>=3.0.0)(!(version>=4.0.0))) [caused by: Unable to resolve 191.0: missing requirement [191.0] osgi.wiring.package; (&(osgi.wiring.package=org.osgi.service.blueprint.container)(version>=1.0.0)(!(version>=2.0.0)))]
	at org.apache.felix.framework.Felix.resolveBundleRevision(Felix.java:4002)
	at org.apache.felix.framework.Felix.startBundle(Felix.java:2045)
	at org.apache.felix.framework.Felix.setActiveStartLevel(Felix.java:1299)
	at org.apache.felix.framework.FrameworkStartLevelImpl.run(FrameworkStartLevelImpl.java:304)
	at java.lang.Thread.run(Thread.java:748)
ERROR: Bundle org.apache.cxf.cxf-rt-bindings-soap [198] Error starting mvn:org.apache.cxf/cxf-rt-bindings-soap/3.0.13 (org.osgi.framework.BundleException: Unresolved constraint in bundle org.apache.cxf.cxf-rt-bindings-soap [198]: Unable to resolve 198.0: missing requirement [198.0] osgi.wiring.package; (&(osgi.wiring.package=org.apache.cxf)(version>=3.0.0)(!(version>=4.0.0))) [caused by: Unable to resolve 191.0: missing requirement [191.0] osgi.wiring.package; (&(osgi.wiring.package=org.osgi.service.blueprint.container)(version>=1.0.0)(!(version>=2.0.0)))])
org.osgi.framework.BundleException: Unresolved constraint in bundle org.apache.cxf.cxf-rt-bindings-soap [198]: Unable to resolve 198.0: missing requirement [198.0] osgi.wiring.package; (&(osgi.wiring.package=org.apache.cxf)(version>=3.0.0)(!(version>=4.0.0))) [caused by: Unable to resolve 191.0: missing requirement [191.0] osgi.wiring.package; (&(osgi.wiring.package=org.osgi.service.blueprint.container)(version>=1.0.0)(!(version>=2.0.0)))]
	at org.apache.felix.framework.Felix.resolveBundleRevision(Felix.java:4002)
	at org.apache.felix.framework.Felix.startBundle(Felix.java:2045)
	at org.apache.felix.framework.Felix.setActiveStartLevel(Felix.java:1299)
	at org.apache.felix.framework.FrameworkStartLevelImpl.run(FrameworkStartLevelImpl.java:304)
	at java.lang.Thread.run(Thread.java:748)
ERROR: Bundle org.apache.cxf.cxf-rt-transports-http [199] Error starting mvn:org.apache.cxf/cxf-rt-transports-http/3.0.13 (org.osgi.framework.BundleException: Unresolved constraint in bundle org.apache.cxf.cxf-rt-transports-http [199]: Unable to resolve 199.0: missing requirement [199.0] osgi.wiring.package; (&(osgi.wiring.package=org.apache.cxf)(version>=3.0.0)(!(version>=4.0.0))) [caused by: Unable to resolve 191.0: missing requirement [191.0] osgi.wiring.package; (&(osgi.wiring.package=org.osgi.service.blueprint.container)(version>=1.0.0)(!(version>=2.0.0)))])
org.osgi.framework.BundleException: Unresolved constraint in bundle org.apache.cxf.cxf-rt-transports-http [199]: Unable to resolve 199.0: missing requirement [199.0] osgi.wiring.package; (&(osgi.wiring.package=org.apache.cxf)(version>=3.0.0)(!(version>=4.0.0))) [caused by: Unable to resolve 191.0: missing requirement [191.0] osgi.wiring.package; (&(osgi.wiring.package=org.osgi.service.blueprint.container)(version>=1.0.0)(!(version>=2.0.0)))]
	at org.apache.felix.framework.Felix.resolveBundleRevision(Felix.java:4002)
	at org.apache.felix.framework.Felix.startBundle(Felix.java:2045)
	at org.apache.felix.framework.Felix.setActiveStartLevel(Felix.java:1299)
	at org.apache.felix.framework.FrameworkStartLevelImpl.run(FrameworkStartLevelImpl.java:304)
	at java.lang.Thread.run(Thread.java:748)
ERROR: Bundle org.apache.cxf.cxf-rt-frontend-simple [200] Error starting mvn:org.apache.cxf/cxf-rt-frontend-simple/3.0.13 (org.osgi.framework.BundleException: Unresolved constraint in bundle org.apache.cxf.cxf-rt-frontend-simple [200]: Unable to resolve 200.0: missing requirement [200.0] osgi.wiring.package; (&(osgi.wiring.package=org.apache.cxf)(version>=3.0.0)(!(version>=4.0.0))) [caused by: Unable to resolve 191.0: missing requirement [191.0] osgi.wiring.package; (&(osgi.wiring.package=org.osgi.service.blueprint.container)(version>=1.0.0)(!(version>=2.0.0)))])
org.osgi.framework.BundleException: Unresolved constraint in bundle org.apache.cxf.cxf-rt-frontend-simple [200]: Unable to resolve 200.0: missing requirement [200.0] osgi.wiring.package; (&(osgi.wiring.package=org.apache.cxf)(version>=3.0.0)(!(version>=4.0.0))) [caused by: Unable to resolve 191.0: missing requirement [191.0] osgi.wiring.package; (&(osgi.wiring.package=org.osgi.service.blueprint.container)(version>=1.0.0)(!(version>=2.0.0)))]
	at org.apache.felix.framework.Felix.resolveBundleRevision(Felix.java:4002)
	at org.apache.felix.framework.Felix.startBundle(Felix.java:2045)
	at org.apache.felix.framework.Felix.setActiveStartLevel(Felix.java:1299)
	at org.apache.felix.framework.FrameworkStartLevelImpl.run(FrameworkStartLevelImpl.java:304)
	at java.lang.Thread.run(Thread.java:748)
ERROR: Bundle org.apache.cxf.cxf-rt-frontend-jaxws [201] Error starting mvn:org.apache.cxf/cxf-rt-frontend-jaxws/3.0.13 (org.osgi.framework.BundleException: Unresolved constraint in bundle org.apache.cxf.cxf-rt-frontend-jaxws [201]: Unable to resolve 201.0: missing requirement [201.0] osgi.wiring.package; (&(osgi.wiring.package=org.apache.cxf)(version>=3.0.0)(!(version>=4.0.0))) [caused by: Unable to resolve 191.0: missing requirement [191.0] osgi.wiring.package; (&(osgi.wiring.package=org.osgi.service.blueprint.container)(version>=1.0.0)(!(version>=2.0.0)))])
org.osgi.framework.BundleException: Unresolved constraint in bundle org.apache.cxf.cxf-rt-frontend-jaxws [201]: Unable to resolve 201.0: missing requirement [201.0] osgi.wiring.package; (&(osgi.wiring.package=org.apache.cxf)(version>=3.0.0)(!(version>=4.0.0))) [caused by: Unable to resolve 191.0: missing requirement [191.0] osgi.wiring.package; (&(osgi.wiring.package=org.osgi.service.blueprint.container)(version>=1.0.0)(!(version>=2.0.0)))]
	at org.apache.felix.framework.Felix.resolveBundleRevision(Felix.java:4002)
	at org.apache.felix.framework.Felix.startBundle(Felix.java:2045)
	at org.apache.felix.framework.Felix.setActiveStartLevel(Felix.java:1299)
	at org.apache.felix.framework.FrameworkStartLevelImpl.run(FrameworkStartLevelImpl.java:304)
	at java.lang.Thread.run(Thread.java:748)
ERROR: Bundle org.apache.cxf.cxf-rt-rs-extension-providers [203] Error starting mvn:org.apache.cxf/cxf-rt-rs-extension-providers/3.0.13 (org.osgi.framework.BundleException: Unresolved constraint in bundle org.apache.cxf.cxf-rt-rs-extension-providers [203]: Unable to resolve 203.0: missing requirement [203.0] osgi.wiring.package; (&(osgi.wiring.package=org.apache.cxf.common.logging)(version>=3.0.0)(!(version>=4.0.0))) [caused by: Unable to resolve 191.0: missing requirement [191.0] osgi.wiring.package; (&(osgi.wiring.package=org.osgi.service.blueprint.container)(version>=1.0.0)(!(version>=2.0.0)))])
org.osgi.framework.BundleException: Unresolved constraint in bundle org.apache.cxf.cxf-rt-rs-extension-providers [203]: Unable to resolve 203.0: missing requirement [203.0] osgi.wiring.package; (&(osgi.wiring.package=org.apache.cxf.common.logging)(version>=3.0.0)(!(version>=4.0.0))) [caused by: Unable to resolve 191.0: missing requirement [191.0] osgi.wiring.package; (&(osgi.wiring.package=org.osgi.service.blueprint.container)(version>=1.0.0)(!(version>=2.0.0)))]
	at org.apache.felix.framework.Felix.resolveBundleRevision(Felix.java:4002)
	at org.apache.felix.framework.Felix.startBundle(Felix.java:2045)
	at org.apache.felix.framework.Felix.setActiveStartLevel(Felix.java:1299)
	at org.apache.felix.framework.FrameworkStartLevelImpl.run(FrameworkStartLevelImpl.java:304)
	at java.lang.Thread.run(Thread.java:748)
ERROR: Bundle org.apache.cxf.cxf-rt-rs-extension-search [204] Error starting mvn:org.apache.cxf/cxf-rt-rs-extension-search/3.0.13 (org.osgi.framework.BundleException: Unresolved constraint in bundle org.apache.cxf.cxf-rt-rs-extension-search [204]: Unable to resolve 204.0: missing requirement [204.0] osgi.wiring.package; (&(osgi.wiring.package=org.apache.cxf.common.classloader)(version>=3.0.0)(!(version>=4.0.0))) [caused by: Unable to resolve 191.0: missing requirement [191.0] osgi.wiring.package; (&(osgi.wiring.package=org.osgi.service.blueprint.container)(version>=1.0.0)(!(version>=2.0.0)))])
org.osgi.framework.BundleException: Unresolved constraint in bundle org.apache.cxf.cxf-rt-rs-extension-search [204]: Unable to resolve 204.0: missing requirement [204.0] osgi.wiring.package; (&(osgi.wiring.package=org.apache.cxf.common.classloader)(version>=3.0.0)(!(version>=4.0.0))) [caused by: Unable to resolve 191.0: missing requirement [191.0] osgi.wiring.package; (&(osgi.wiring.package=org.osgi.service.blueprint.container)(version>=1.0.0)(!(version>=2.0.0)))]
	at org.apache.felix.framework.Felix.resolveBundleRevision(Felix.java:4002)
	at org.apache.felix.framework.Felix.startBundle(Felix.java:2045)
	at org.apache.felix.framework.Felix.setActiveStartLevel(Felix.java:1299)
	at org.apache.felix.framework.FrameworkStartLevelImpl.run(FrameworkStartLevelImpl.java:304)
	at java.lang.Thread.run(Thread.java:748)
ERROR: Bundle org.apache.cxf.cxf-rt-rs-json-basic [205] Error starting mvn:org.apache.cxf/cxf-rt-rs-json-basic/3.0.13 (org.osgi.framework.BundleException: Unresolved constraint in bundle org.apache.cxf.cxf-rt-rs-json-basic [205]: Unable to resolve 205.0: missing requirement [205.0] osgi.wiring.package; (&(osgi.wiring.package=org.apache.cxf.common.util)(version>=3.0.0)(!(version>=4.0.0))) [caused by: Unable to resolve 191.0: missing requirement [191.0] osgi.wiring.package; (&(osgi.wiring.package=org.osgi.service.blueprint.container)(version>=1.0.0)(!(version>=2.0.0)))])
org.osgi.framework.BundleException: Unresolved constraint in bundle org.apache.cxf.cxf-rt-rs-json-basic [205]: Unable to resolve 205.0: missing requirement [205.0] osgi.wiring.package; (&(osgi.wiring.package=org.apache.cxf.common.util)(version>=3.0.0)(!(version>=4.0.0))) [caused by: Unable to resolve 191.0: missing requirement [191.0] osgi.wiring.package; (&(osgi.wiring.package=org.osgi.service.blueprint.container)(version>=1.0.0)(!(version>=2.0.0)))]
	at org.apache.felix.framework.Felix.resolveBundleRevision(Felix.java:4002)
	at org.apache.felix.framework.Felix.startBundle(Felix.java:2045)
	at org.apache.felix.framework.Felix.setActiveStartLevel(Felix.java:1299)
	at org.apache.felix.framework.FrameworkStartLevelImpl.run(FrameworkStartLevelImpl.java:304)
	at java.lang.Thread.run(Thread.java:748)
ERROR: Bundle org.apache.cxf.cxf-rt-rs-service-description [206] Error starting mvn:org.apache.cxf/cxf-rt-rs-service-description/3.0.13 (org.osgi.framework.BundleException: Unresolved constraint in bundle org.apache.cxf.cxf-rt-rs-service-description [206]: Unable to resolve 206.0: missing requirement [206.0] osgi.wiring.package; (&(osgi.wiring.package=org.apache.cxf)(version>=3.0.0)(!(version>=4.0.0))) [caused by: Unable to resolve 191.0: missing requirement [191.0] osgi.wiring.package; (&(osgi.wiring.package=org.osgi.service.blueprint.container)(version>=1.0.0)(!(version>=2.0.0)))])
org.osgi.framework.BundleException: Unresolved constraint in bundle org.apache.cxf.cxf-rt-rs-service-description [206]: Unable to resolve 206.0: missing requirement [206.0] osgi.wiring.package; (&(osgi.wiring.package=org.apache.cxf)(version>=3.0.0)(!(version>=4.0.0))) [caused by: Unable to resolve 191.0: missing requirement [191.0] osgi.wiring.package; (&(osgi.wiring.package=org.osgi.service.blueprint.container)(version>=1.0.0)(!(version>=2.0.0)))]
	at org.apache.felix.framework.Felix.resolveBundleRevision(Felix.java:4002)
	at org.apache.felix.framework.Felix.startBundle(Felix.java:2045)
	at org.apache.felix.framework.Felix.setActiveStartLevel(Felix.java:1299)
	at org.apache.felix.framework.FrameworkStartLevelImpl.run(FrameworkStartLevelImpl.java:304)
	at java.lang.Thread.run(Thread.java:748)
ERROR: Bundle org.apache.cxf.cxf-rt-frontend-jaxrs [207] Error starting mvn:org.apache.cxf/cxf-rt-frontend-jaxrs/3.0.13 (org.osgi.framework.BundleException: Unresolved constraint in bundle org.apache.cxf.cxf-rt-frontend-jaxrs [207]: Unable to resolve 207.0: missing requirement [207.0] osgi.wiring.package; (&(osgi.wiring.package=org.apache.cxf)(version>=3.0.0)(!(version>=4.0.0))) [caused by: Unable to resolve 191.0: missing requirement [191.0] osgi.wiring.package; (&(osgi.wiring.package=org.osgi.service.blueprint.container)(version>=1.0.0)(!(version>=2.0.0)))])
org.osgi.framework.BundleException: Unresolved constraint in bundle org.apache.cxf.cxf-rt-frontend-jaxrs [207]: Unable to resolve 207.0: missing requirement [207.0] osgi.wiring.package; (&(osgi.wiring.package=org.apache.cxf)(version>=3.0.0)(!(version>=4.0.0))) [caused by: Unable to resolve 191.0: missing requirement [191.0] osgi.wiring.package; (&(osgi.wiring.package=org.osgi.service.blueprint.container)(version>=1.0.0)(!(version>=2.0.0)))]
	at org.apache.felix.framework.Felix.resolveBundleRevision(Felix.java:4002)
	at org.apache.felix.framework.Felix.startBundle(Felix.java:2045)
	at org.apache.felix.framework.Felix.setActiveStartLevel(Felix.java:1299)
	at org.apache.felix.framework.FrameworkStartLevelImpl.run(FrameworkStartLevelImpl.java:304)
	at java.lang.Thread.run(Thread.java:748)
ERROR: Bundle org.apache.cxf.cxf-rt-rs-client [208] Error starting mvn:org.apache.cxf/cxf-rt-rs-client/3.0.13 (org.osgi.framework.BundleException: Unresolved constraint in bundle org.apache.cxf.cxf-rt-rs-client [208]: Unable to resolve 208.0: missing requirement [208.0] osgi.wiring.package; (&(osgi.wiring.package=org.apache.cxf)(version>=3.0.0)(!(version>=4.0.0))) [caused by: Unable to resolve 191.0: missing requirement [191.0] osgi.wiring.package; (&(osgi.wiring.package=org.osgi.service.blueprint.container)(version>=1.0.0)(!(version>=2.0.0)))])
org.osgi.framework.BundleException: Unresolved constraint in bundle org.apache.cxf.cxf-rt-rs-client [208]: Unable to resolve 208.0: missing requirement [208.0] osgi.wiring.package; (&(osgi.wiring.package=org.apache.cxf)(version>=3.0.0)(!(version>=4.0.0))) [caused by: Unable to resolve 191.0: missing requirement [191.0] osgi.wiring.package; (&(osgi.wiring.package=org.osgi.service.blueprint.container)(version>=1.0.0)(!(version>=2.0.0)))]
	at org.apache.felix.framework.Felix.resolveBundleRevision(Felix.java:4002)
	at org.apache.felix.framework.Felix.startBundle(Felix.java:2045)
	at org.apache.felix.framework.Felix.setActiveStartLevel(Felix.java:1299)
	at org.apache.felix.framework.FrameworkStartLevelImpl.run(FrameworkStartLevelImpl.java:304)
	at java.lang.Thread.run(Thread.java:748)
ERROR: Bundle org.apache.cxf.cxf-rt-databinding-aegis [209] Error starting mvn:org.apache.cxf/cxf-rt-databinding-aegis/3.0.13 (org.osgi.framework.BundleException: Unresolved constraint in bundle org.apache.cxf.cxf-rt-databinding-aegis [209]: Unable to resolve 209.0: missing requirement [209.0] osgi.wiring.package; (&(osgi.wiring.package=org.apache.cxf)(version>=3.0.0)(!(version>=4.0.0))) [caused by: Unable to resolve 191.0: missing requirement [191.0] osgi.wiring.package; (&(osgi.wiring.package=org.osgi.service.blueprint.container)(version>=1.0.0)(!(version>=2.0.0)))])
org.osgi.framework.BundleException: Unresolved constraint in bundle org.apache.cxf.cxf-rt-databinding-aegis [209]: Unable to resolve 209.0: missing requirement [209.0] osgi.wiring.package; (&(osgi.wiring.package=org.apache.cxf)(version>=3.0.0)(!(version>=4.0.0))) [caused by: Unable to resolve 191.0: missing requirement [191.0] osgi.wiring.package; (&(osgi.wiring.package=org.osgi.service.blueprint.container)(version>=1.0.0)(!(version>=2.0.0)))]
	at org.apache.felix.framework.Felix.resolveBundleRevision(Felix.java:4002)
	at org.apache.felix.framework.Felix.startBundle(Felix.java:2045)
	at org.apache.felix.framework.Felix.setActiveStartLevel(Felix.java:1299)
	at org.apache.felix.framework.FrameworkStartLevelImpl.run(FrameworkStartLevelImpl.java:304)
	at java.lang.Thread.run(Thread.java:748)
ERROR: Bundle org.apache.cxf.cxf-rt-databinding-xmlbeans [211] Error starting mvn:org.apache.cxf/cxf-rt-databinding-xmlbeans/3.0.13 (org.osgi.framework.BundleException: Unresolved constraint in bundle org.apache.cxf.cxf-rt-databinding-xmlbeans [211]: Unable to resolve 211.0: missing requirement [211.0] osgi.wiring.package; (&(osgi.wiring.package=org.apache.cxf.common.i18n)(version>=3.0.0)(!(version>=4.0.0))) [caused by: Unable to resolve 191.0: missing requirement [191.0] osgi.wiring.package; (&(osgi.wiring.package=org.osgi.service.blueprint.container)(version>=1.0.0)(!(version>=2.0.0)))])
org.osgi.framework.BundleException: Unresolved constraint in bundle org.apache.cxf.cxf-rt-databinding-xmlbeans [211]: Unable to resolve 211.0: missing requirement [211.0] osgi.wiring.package; (&(osgi.wiring.package=org.apache.cxf.common.i18n)(version>=3.0.0)(!(version>=4.0.0))) [caused by: Unable to resolve 191.0: missing requirement [191.0] osgi.wiring.package; (&(osgi.wiring.package=org.osgi.service.blueprint.container)(version>=1.0.0)(!(version>=2.0.0)))]
	at org.apache.felix.framework.Felix.resolveBundleRevision(Felix.java:4002)
	at org.apache.felix.framework.Felix.startBundle(Felix.java:2045)
	at org.apache.felix.framework.Felix.setActiveStartLevel(Felix.java:1299)
	at org.apache.felix.framework.FrameworkStartLevelImpl.run(FrameworkStartLevelImpl.java:304)
	at java.lang.Thread.run(Thread.java:748)
ERROR: Bundle org.apache.cxf.cxf-rt-bindings-coloc [212] Error starting mvn:org.apache.cxf/cxf-rt-bindings-coloc/3.0.13 (org.osgi.framework.BundleException: Unresolved constraint in bundle org.apache.cxf.cxf-rt-bindings-coloc [212]: Unable to resolve 212.0: missing requirement [212.0] osgi.wiring.package; (&(osgi.wiring.package=org.apache.cxf)(version>=3.0.0)(!(version>=4.0.0))) [caused by: Unable to resolve 191.0: missing requirement [191.0] osgi.wiring.package; (&(osgi.wiring.package=org.osgi.service.blueprint.container)(version>=1.0.0)(!(version>=2.0.0)))])
org.osgi.framework.BundleException: Unresolved constraint in bundle org.apache.cxf.cxf-rt-bindings-coloc [212]: Unable to resolve 212.0: missing requirement [212.0] osgi.wiring.package; (&(osgi.wiring.package=org.apache.cxf)(version>=3.0.0)(!(version>=4.0.0))) [caused by: Unable to resolve 191.0: missing requirement [191.0] osgi.wiring.package; (&(osgi.wiring.package=org.osgi.service.blueprint.container)(version>=1.0.0)(!(version>=2.0.0)))]
	at org.apache.felix.framework.Felix.resolveBundleRevision(Felix.java:4002)
	at org.apache.felix.framework.Felix.startBundle(Felix.java:2045)
	at org.apache.felix.framework.Felix.setActiveStartLevel(Felix.java:1299)
	at org.apache.felix.framework.FrameworkStartLevelImpl.run(FrameworkStartLevelImpl.java:304)
	at java.lang.Thread.run(Thread.java:748)
ERROR: Bundle org.apache.cxf.cxf-rt-transports-local [213] Error starting mvn:org.apache.cxf/cxf-rt-transports-local/3.0.13 (org.osgi.framework.BundleException: Unresolved constraint in bundle org.apache.cxf.cxf-rt-transports-local [213]: Unable to resolve 213.0: missing requirement [213.0] osgi.wiring.package; (&(osgi.wiring.package=org.apache.cxf)(version>=3.0.0)(!(version>=4.0.0))) [caused by: Unable to resolve 191.0: missing requirement [191.0] osgi.wiring.package; (&(osgi.wiring.package=org.osgi.service.blueprint.container)(version>=1.0.0)(!(version>=2.0.0)))])
org.osgi.framework.BundleException: Unresolved constraint in bundle org.apache.cxf.cxf-rt-transports-local [213]: Unable to resolve 213.0: missing requirement [213.0] osgi.wiring.package; (&(osgi.wiring.package=org.apache.cxf)(version>=3.0.0)(!(version>=4.0.0))) [caused by: Unable to resolve 191.0: missing requirement [191.0] osgi.wiring.package; (&(osgi.wiring.package=org.osgi.service.blueprint.container)(version>=1.0.0)(!(version>=2.0.0)))]
	at org.apache.felix.framework.Felix.resolveBundleRevision(Felix.java:4002)
	at org.apache.felix.framework.Felix.startBundle(Felix.java:2045)
	at org.apache.felix.framework.Felix.setActiveStartLevel(Felix.java:1299)
	at org.apache.felix.framework.FrameworkStartLevelImpl.run(FrameworkStartLevelImpl.java:304)
	at java.lang.Thread.run(Thread.java:748)
ERROR: Bundle org.apache.cxf.cxf-rt-bindings-object [214] Error starting mvn:org.apache.cxf/cxf-rt-bindings-object/3.0.13 (org.osgi.framework.BundleException: Unresolved constraint in bundle org.apache.cxf.cxf-rt-bindings-object [214]: Unable to resolve 214.0: missing requirement [214.0] osgi.wiring.package; (&(osgi.wiring.package=org.apache.cxf)(version>=3.0.0)(!(version>=4.0.0))) [caused by: Unable to resolve 191.0: missing requirement [191.0] osgi.wiring.package; (&(osgi.wiring.package=org.osgi.service.blueprint.container)(version>=1.0.0)(!(version>=2.0.0)))])
org.osgi.framework.BundleException: Unresolved constraint in bundle org.apache.cxf.cxf-rt-bindings-object [214]: Unable to resolve 214.0: missing requirement [214.0] osgi.wiring.package; (&(osgi.wiring.package=org.apache.cxf)(version>=3.0.0)(!(version>=4.0.0))) [caused by: Unable to resolve 191.0: missing requirement [191.0] osgi.wiring.package; (&(osgi.wiring.package=org.osgi.service.blueprint.container)(version>=1.0.0)(!(version>=2.0.0)))]
	at org.apache.felix.framework.Felix.resolveBundleRevision(Felix.java:4002)
	at org.apache.felix.framework.Felix.startBundle(Felix.java:2045)
	at org.apache.felix.framework.Felix.setActiveStartLevel(Felix.java:1299)
	at org.apache.felix.framework.FrameworkStartLevelImpl.run(FrameworkStartLevelImpl.java:304)
	at java.lang.Thread.run(Thread.java:748)
ERROR: Bundle org.apache.cxf.cxf-rt-ws-policy [217] Error starting mvn:org.apache.cxf/cxf-rt-ws-policy/3.0.13 (org.osgi.framework.BundleException: Unresolved constraint in bundle org.apache.cxf.cxf-rt-ws-policy [217]: Unable to resolve 217.0: missing requirement [217.0] osgi.wiring.package; (&(osgi.wiring.package=org.apache.cxf)(version>=3.0.0)(!(version>=4.0.0))) [caused by: Unable to resolve 191.0: missing requirement [191.0] osgi.wiring.package; (&(osgi.wiring.package=org.osgi.service.blueprint.container)(version>=1.0.0)(!(version>=2.0.0)))])
org.osgi.framework.BundleException: Unresolved constraint in bundle org.apache.cxf.cxf-rt-ws-policy [217]: Unable to resolve 217.0: missing requirement [217.0] osgi.wiring.package; (&(osgi.wiring.package=org.apache.cxf)(version>=3.0.0)(!(version>=4.0.0))) [caused by: Unable to resolve 191.0: missing requirement [191.0] osgi.wiring.package; (&(osgi.wiring.package=org.osgi.service.blueprint.container)(version>=1.0.0)(!(version>=2.0.0)))]
	at org.apache.felix.framework.Felix.resolveBundleRevision(Felix.java:4002)
	at org.apache.felix.framework.Felix.startBundle(Felix.java:2045)
	at org.apache.felix.framework.Felix.setActiveStartLevel(Felix.java:1299)
	at org.apache.felix.framework.FrameworkStartLevelImpl.run(FrameworkStartLevelImpl.java:304)
	at java.lang.Thread.run(Thread.java:748)
ERROR: Bundle org.apache.cxf.cxf-rt-ws-addr [234] Error starting mvn:org.apache.cxf/cxf-rt-ws-addr/3.0.13 (org.osgi.framework.BundleException: Unresolved constraint in bundle org.apache.cxf.cxf-rt-ws-addr [234]: Unable to resolve 234.0: missing requirement [234.0] osgi.wiring.package; (&(osgi.wiring.package=org.apache.cxf)(version>=3.0.0)(!(version>=4.0.0))) [caused by: Unable to resolve 191.0: missing requirement [191.0] osgi.wiring.package; (&(osgi.wiring.package=org.osgi.service.blueprint.container)(version>=1.0.0)(!(version>=2.0.0)))])
org.osgi.framework.BundleException: Unresolved constraint in bundle org.apache.cxf.cxf-rt-ws-addr [234]: Unable to resolve 234.0: missing requirement [234.0] osgi.wiring.package; (&(osgi.wiring.package=org.apache.cxf)(version>=3.0.0)(!(version>=4.0.0))) [caused by: Unable to resolve 191.0: missing requirement [191.0] osgi.wiring.package; (&(osgi.wiring.package=org.osgi.service.blueprint.container)(version>=1.0.0)(!(version>=2.0.0)))]
	at org.apache.felix.framework.Felix.resolveBundleRevision(Felix.java:4002)
	at org.apache.felix.framework.Felix.startBundle(Felix.java:2045)
	at org.apache.felix.framework.Felix.setActiveStartLevel(Felix.java:1299)
	at org.apache.felix.framework.FrameworkStartLevelImpl.run(FrameworkStartLevelImpl.java:304)
	at java.lang.Thread.run(Thread.java:748)
ERROR: Bundle net.sf.ehcache [235] Error starting mvn:net.sf.ehcache/ehcache/2.8.5 (org.osgi.framework.BundleException: Unresolved constraint in bundle net.sf.ehcache [235]: Unable to resolve 235.0: missing requirement [235.0] osgi.wiring.package; (osgi.wiring.package=javax.transaction.xa))
org.osgi.framework.BundleException: Unresolved constraint in bundle net.sf.ehcache [235]: Unable to resolve 235.0: missing requirement [235.0] osgi.wiring.package; (osgi.wiring.package=javax.transaction.xa)
	at org.apache.felix.framework.Felix.resolveBundleRevision(Felix.java:4002)
	at org.apache.felix.framework.Felix.startBundle(Felix.java:2045)
	at org.apache.felix.framework.Felix.setActiveStartLevel(Felix.java:1299)
	at org.apache.felix.framework.FrameworkStartLevelImpl.run(FrameworkStartLevelImpl.java:304)
	at java.lang.Thread.run(Thread.java:748)
ERROR: Bundle org.apache.cxf.cxf-rt-ws-security [236] Error starting mvn:org.apache.cxf/cxf-rt-ws-security/3.0.13 (org.osgi.framework.BundleException: Unresolved constraint in bundle org.apache.cxf.cxf-rt-ws-security [236]: Unable to resolve 236.0: missing requirement [236.0] osgi.wiring.package; (&(osgi.wiring.package=org.apache.cxf)(version>=3.0.0)(!(version>=4.0.0))) [caused by: Unable to resolve 191.0: missing requirement [191.0] osgi.wiring.package; (&(osgi.wiring.package=org.osgi.service.blueprint.container)(version>=1.0.0)(!(version>=2.0.0)))])
org.osgi.framework.BundleException: Unresolved constraint in bundle org.apache.cxf.cxf-rt-ws-security [236]: Unable to resolve 236.0: missing requirement [236.0] osgi.wiring.package; (&(osgi.wiring.package=org.apache.cxf)(version>=3.0.0)(!(version>=4.0.0))) [caused by: Unable to resolve 191.0: missing requirement [191.0] osgi.wiring.package; (&(osgi.wiring.package=org.osgi.service.blueprint.container)(version>=1.0.0)(!(version>=2.0.0)))]
	at org.apache.felix.framework.Felix.resolveBundleRevision(Felix.java:4002)
	at org.apache.felix.framework.Felix.startBundle(Felix.java:2045)
	at org.apache.felix.framework.Felix.setActiveStartLevel(Felix.java:1299)
	at org.apache.felix.framework.FrameworkStartLevelImpl.run(FrameworkStartLevelImpl.java:304)
	at java.lang.Thread.run(Thread.java:748)
ERROR: Bundle org.apache.cxf.cxf-rt-security [237] Error starting mvn:org.apache.cxf/cxf-rt-security/3.0.13 (org.osgi.framework.BundleException: Unresolved constraint in bundle org.apache.cxf.cxf-rt-security [237]: Unable to resolve 237.0: missing requirement [237.0] osgi.wiring.package; (&(osgi.wiring.package=org.apache.cxf.common.classloader)(version>=3.0.0)(!(version>=4.0.0))) [caused by: Unable to resolve 191.0: missing requirement [191.0] osgi.wiring.package; (&(osgi.wiring.package=org.osgi.service.blueprint.container)(version>=1.0.0)(!(version>=2.0.0)))])
org.osgi.framework.BundleException: Unresolved constraint in bundle org.apache.cxf.cxf-rt-security [237]: Unable to resolve 237.0: missing requirement [237.0] osgi.wiring.package; (&(osgi.wiring.package=org.apache.cxf.common.classloader)(version>=3.0.0)(!(version>=4.0.0))) [caused by: Unable to resolve 191.0: missing requirement [191.0] osgi.wiring.package; (&(osgi.wiring.package=org.osgi.service.blueprint.container)(version>=1.0.0)(!(version>=2.0.0)))]
	at org.apache.felix.framework.Felix.resolveBundleRevision(Felix.java:4002)
	at org.apache.felix.framework.Felix.startBundle(Felix.java:2045)
	at org.apache.felix.framework.Felix.setActiveStartLevel(Felix.java:1299)
	at org.apache.felix.framework.FrameworkStartLevelImpl.run(FrameworkStartLevelImpl.java:304)
	at java.lang.Thread.run(Thread.java:748)
ERROR: Bundle org.apache.cxf.cxf-rt-ws-rm [238] Error starting mvn:org.apache.cxf/cxf-rt-ws-rm/3.0.13 (org.osgi.framework.BundleException: Unresolved constraint in bundle org.apache.cxf.cxf-rt-ws-rm [238]: Unable to resolve 238.0: missing requirement [238.0] osgi.wiring.package; (&(osgi.wiring.package=org.apache.cxf)(version>=3.0.0)(!(version>=4.0.0))) [caused by: Unable to resolve 191.0: missing requirement [191.0] osgi.wiring.package; (&(osgi.wiring.package=org.osgi.service.blueprint.container)(version>=1.0.0)(!(version>=2.0.0)))])
org.osgi.framework.BundleException: Unresolved constraint in bundle org.apache.cxf.cxf-rt-ws-rm [238]: Unable to resolve 238.0: missing requirement [238.0] osgi.wiring.package; (&(osgi.wiring.package=org.apache.cxf)(version>=3.0.0)(!(version>=4.0.0))) [caused by: Unable to resolve 191.0: missing requirement [191.0] osgi.wiring.package; (&(osgi.wiring.package=org.osgi.service.blueprint.container)(version>=1.0.0)(!(version>=2.0.0)))]
	at org.apache.felix.framework.Felix.resolveBundleRevision(Felix.java:4002)
	at org.apache.felix.framework.Felix.startBundle(Felix.java:2045)
	at org.apache.felix.framework.Felix.setActiveStartLevel(Felix.java:1299)
	at org.apache.felix.framework.FrameworkStartLevelImpl.run(FrameworkStartLevelImpl.java:304)
	at java.lang.Thread.run(Thread.java:748)
ERROR: Bundle org.apache.cxf.cxf-rt-javascript [239] Error starting mvn:org.apache.cxf/cxf-rt-javascript/3.0.13 (org.osgi.framework.BundleException: Unresolved constraint in bundle org.apache.cxf.cxf-rt-javascript [239]: Unable to resolve 239.0: missing requirement [239.0] osgi.wiring.package; (&(osgi.wiring.package=org.apache.cxf)(version>=3.0.0)(!(version>=4.0.0))) [caused by: Unable to resolve 191.0: missing requirement [191.0] osgi.wiring.package; (&(osgi.wiring.package=org.osgi.service.blueprint.container)(version>=1.0.0)(!(version>=2.0.0)))])
org.osgi.framework.BundleException: Unresolved constraint in bundle org.apache.cxf.cxf-rt-javascript [239]: Unable to resolve 239.0: missing requirement [239.0] osgi.wiring.package; (&(osgi.wiring.package=org.apache.cxf)(version>=3.0.0)(!(version>=4.0.0))) [caused by: Unable to resolve 191.0: missing requirement [191.0] osgi.wiring.package; (&(osgi.wiring.package=org.osgi.service.blueprint.container)(version>=1.0.0)(!(version>=2.0.0)))]
	at org.apache.felix.framework.Felix.resolveBundleRevision(Felix.java:4002)
	at org.apache.felix.framework.Felix.startBundle(Felix.java:2045)
	at org.apache.felix.framework.Felix.setActiveStartLevel(Felix.java:1299)
	at org.apache.felix.framework.FrameworkStartLevelImpl.run(FrameworkStartLevelImpl.java:304)
	at java.lang.Thread.run(Thread.java:748)
ERROR: Bundle pentaho-big-data-kettle-plugins-formats [130] Error starting mvn:pentaho/pentaho-big-data-kettle-plugins-formats/8.1.0.0-365 (org.osgi.framework.BundleException: Unresolved constraint in bundle pentaho-big-data-kettle-plugins-formats [130]: Unable to resolve 130.0: missing requirement [130.0] osgi.wiring.package; (&(osgi.wiring.package=org.apache.commons.lang)(version>=2.6.0)(!(version>=3.0.0))))
org.osgi.framework.BundleException: Unresolved constraint in bundle pentaho-big-data-kettle-plugins-formats [130]: Unable to resolve 130.0: missing requirement [130.0] osgi.wiring.package; (&(osgi.wiring.package=org.apache.commons.lang)(version>=2.6.0)(!(version>=3.0.0)))
	at org.apache.felix.framework.Felix.resolveBundleRevision(Felix.java:4002)
	at org.apache.felix.framework.Felix.startBundle(Felix.java:2045)
	at org.apache.felix.framework.Felix.setActiveStartLevel(Felix.java:1299)
	at org.apache.felix.framework.FrameworkStartLevelImpl.run(FrameworkStartLevelImpl.java:304)
	at java.lang.Thread.run(Thread.java:748)
ERROR: Bundle pentaho-big-data-impl-shim-format [131] Error starting mvn:pentaho/pentaho-big-data-impl-shim-format/8.1.0.0-365 (org.osgi.framework.BundleException: Unresolved constraint in bundle pentaho-big-data-impl-shim-format [131]: Unable to resolve 131.0: missing requirement [131.0] osgi.wiring.package; (&(osgi.wiring.package=com.pentaho.big.data.bundles.impl.shim.common)(version>=8.1.0)(!(version>=9.0.0))))
org.osgi.framework.BundleException: Unresolved constraint in bundle pentaho-big-data-impl-shim-format [131]: Unable to resolve 131.0: missing requirement [131.0] osgi.wiring.package; (&(osgi.wiring.package=com.pentaho.big.data.bundles.impl.shim.common)(version>=8.1.0)(!(version>=9.0.0)))
	at org.apache.felix.framework.Felix.resolveBundleRevision(Felix.java:4002)
	at org.apache.felix.framework.Felix.startBundle(Felix.java:2045)
	at org.apache.felix.framework.Felix.setActiveStartLevel(Felix.java:1299)
	at org.apache.felix.framework.FrameworkStartLevelImpl.run(FrameworkStartLevelImpl.java:304)
	at java.lang.Thread.run(Thread.java:748)
ERROR: Bundle pentaho-big-data-impl-clusterTests [132] Error starting mvn:pentaho/pentaho-big-data-impl-clusterTests/8.1.0.0-365 (org.osgi.framework.BundleException: Unresolved constraint in bundle pentaho-big-data-impl-clusterTests [132]: Unable to resolve 132.0: missing requirement [132.0] osgi.wiring.package; (&(osgi.wiring.package=org.apache.commons.lang)(version>=2.6.0)(!(version>=3.0.0))))
org.osgi.framework.BundleException: Unresolved constraint in bundle pentaho-big-data-impl-clusterTests [132]: Unable to resolve 132.0: missing requirement [132.0] osgi.wiring.package; (&(osgi.wiring.package=org.apache.commons.lang)(version>=2.6.0)(!(version>=3.0.0)))
	at org.apache.felix.framework.Felix.resolveBundleRevision(Felix.java:4002)
	at org.apache.felix.framework.Felix.startBundle(Felix.java:2045)
	at org.apache.felix.framework.Felix.setActiveStartLevel(Felix.java:1299)
	at org.apache.felix.framework.FrameworkStartLevelImpl.run(FrameworkStartLevelImpl.java:304)
	at java.lang.Thread.run(Thread.java:748)
ERROR: Bundle pentaho-big-data-impl-shim-shimTests [133] Error starting mvn:pentaho/pentaho-big-data-impl-shim-shimTests/8.1.0.0-365 (org.osgi.framework.BundleException: Unresolved constraint in bundle pentaho-big-data-impl-shim-shimTests [133]: Unable to resolve 133.0: missing requirement [133.0] osgi.wiring.package; (&(osgi.wiring.package=com.pentaho.big.data.bundles.impl.shim.common)(version>=8.1.0)(!(version>=9.0.0))))
org.osgi.framework.BundleException: Unresolved constraint in bundle pentaho-big-data-impl-shim-shimTests [133]: Unable to resolve 133.0: missing requirement [133.0] osgi.wiring.package; (&(osgi.wiring.package=com.pentaho.big.data.bundles.impl.shim.common)(version>=8.1.0)(!(version>=9.0.0)))
	at org.apache.felix.framework.Felix.resolveBundleRevision(Felix.java:4002)
	at org.apache.felix.framework.Felix.startBundle(Felix.java:2045)
	at org.apache.felix.framework.Felix.setActiveStartLevel(Felix.java:1299)
	at org.apache.felix.framework.FrameworkStartLevelImpl.run(FrameworkStartLevelImpl.java:304)
	at java.lang.Thread.run(Thread.java:748)
ERROR: Bundle org.apache.activemq.artemis-jms-client-osgi [149] Error starting mvn:org.apache.activemq/artemis-jms-client-osgi/2.5.0 (org.osgi.framework.BundleException: Unresolved constraint in bundle org.apache.activemq.artemis-jms-client-osgi [149]: Unable to resolve 149.0: missing requirement [149.0] osgi.wiring.package; (&(osgi.wiring.package=javax.jms)(version>=2.0.0)(!(version>=3.0.0))) [caused by: Unable to resolve 152.0: missing requirement [152.0] osgi.wiring.package; (osgi.wiring.package=javax.transaction.xa)])
org.osgi.framework.BundleException: Unresolved constraint in bundle org.apache.activemq.artemis-jms-client-osgi [149]: Unable to resolve 149.0: missing requirement [149.0] osgi.wiring.package; (&(osgi.wiring.package=javax.jms)(version>=2.0.0)(!(version>=3.0.0))) [caused by: Unable to resolve 152.0: missing requirement [152.0] osgi.wiring.package; (osgi.wiring.package=javax.transaction.xa)]
	at org.apache.felix.framework.Felix.resolveBundleRevision(Felix.java:4002)
	at org.apache.felix.framework.Felix.startBundle(Felix.java:2045)
	at org.apache.felix.framework.Felix.setActiveStartLevel(Felix.java:1299)
	at org.apache.felix.framework.FrameworkStartLevelImpl.run(FrameworkStartLevelImpl.java:304)
	at java.lang.Thread.run(Thread.java:748)
ERROR: Bundle pentaho-streaming-jms-plugin [150] Error starting mvn:org.pentaho.di.plugins/pentaho-streaming-jms-plugin/8.1.0.0-365 (org.osgi.framework.BundleException: Unresolved constraint in bundle pentaho-streaming-jms-plugin [150]: Unable to resolve 150.0: missing requirement [150.0] osgi.wiring.package; (&(osgi.wiring.package=javax.jms)(version>=2.0.0)(!(version>=3.0.0))) [caused by: Unable to resolve 152.0: missing requirement [152.0] osgi.wiring.package; (osgi.wiring.package=javax.transaction.xa)])
org.osgi.framework.BundleException: Unresolved constraint in bundle pentaho-streaming-jms-plugin [150]: Unable to resolve 150.0: missing requirement [150.0] osgi.wiring.package; (&(osgi.wiring.package=javax.jms)(version>=2.0.0)(!(version>=3.0.0))) [caused by: Unable to resolve 152.0: missing requirement [152.0] osgi.wiring.package; (osgi.wiring.package=javax.transaction.xa)]
	at org.apache.felix.framework.Felix.resolveBundleRevision(Felix.java:4002)
	at org.apache.felix.framework.Felix.startBundle(Felix.java:2045)
	at org.apache.felix.framework.Felix.setActiveStartLevel(Felix.java:1299)
	at org.apache.felix.framework.FrameworkStartLevelImpl.run(FrameworkStartLevelImpl.java:304)
	at java.lang.Thread.run(Thread.java:748)
ERROR: Bundle javax.jms-api [152] Error starting mvn:javax.jms/javax.jms-api/2.0.1 (org.osgi.framework.BundleException: Unresolved constraint in bundle javax.jms-api [152]: Unable to resolve 152.0: missing requirement [152.0] osgi.wiring.package; (osgi.wiring.package=javax.transaction.xa))
org.osgi.framework.BundleException: Unresolved constraint in bundle javax.jms-api [152]: Unable to resolve 152.0: missing requirement [152.0] osgi.wiring.package; (osgi.wiring.package=javax.transaction.xa)
	at org.apache.felix.framework.Felix.resolveBundleRevision(Felix.java:4002)
	at org.apache.felix.framework.Felix.startBundle(Felix.java:2045)
	at org.apache.felix.framework.Felix.setActiveStartLevel(Felix.java:1299)
	at org.apache.felix.framework.FrameworkStartLevelImpl.run(FrameworkStartLevelImpl.java:304)
	at java.lang.Thread.run(Thread.java:748)
ERROR: Bundle pentaho-streaming-mqtt-plugin [153] Error starting mvn:org.pentaho.di.plugins/pentaho-streaming-mqtt-plugin/8.1.0.0-365 (org.osgi.framework.BundleException: Unresolved constraint in bundle pentaho-streaming-mqtt-plugin [153]: Unable to resolve 153.0: missing requirement [153.0] osgi.wiring.package; (&(osgi.wiring.package=com.google.common.base)(version>=17.0.0)(!(version>=18.0.0))))
org.osgi.framework.BundleException: Unresolved constraint in bundle pentaho-streaming-mqtt-plugin [153]: Unable to resolve 153.0: missing requirement [153.0] osgi.wiring.package; (&(osgi.wiring.package=com.google.common.base)(version>=17.0.0)(!(version>=18.0.0)))
	at org.apache.felix.framework.Felix.resolveBundleRevision(Felix.java:4002)
	at org.apache.felix.framework.Felix.startBundle(Felix.java:2045)
	at org.apache.felix.framework.Felix.setActiveStartLevel(Felix.java:1299)
	at org.apache.felix.framework.FrameworkStartLevelImpl.run(FrameworkStartLevelImpl.java:304)
	at java.lang.Thread.run(Thread.java:748)
ERROR: Bundle pentaho-metaverse-core [162] Error starting mvn:pentaho/pentaho-metaverse-core/8.1.0.0-365 (org.osgi.framework.BundleException: Unresolved constraint in bundle pentaho-metaverse-core [162]: Unable to resolve 162.0: missing requirement [162.0] osgi.wiring.package; (&(osgi.wiring.package=com.google.common.collect)(version>=17.0.0)(!(version>=18.0.0))))
org.osgi.framework.BundleException: Unresolved constraint in bundle pentaho-metaverse-core [162]: Unable to resolve 162.0: missing requirement [162.0] osgi.wiring.package; (&(osgi.wiring.package=com.google.common.collect)(version>=17.0.0)(!(version>=18.0.0)))
	at org.apache.felix.framework.Felix.resolveBundleRevision(Felix.java:4002)
	at org.apache.felix.framework.Felix.startBundle(Felix.java:2045)
	at org.apache.felix.framework.Felix.setActiveStartLevel(Felix.java:1299)
	at org.apache.felix.framework.FrameworkStartLevelImpl.run(FrameworkStartLevelImpl.java:304)
	at java.lang.Thread.run(Thread.java:748)
ERROR: Bundle pentaho-metaverse-web [243] Error starting mvn:pentaho/pentaho-metaverse-web/8.1.0.0-365 (org.osgi.framework.BundleException: Unresolved constraint in bundle pentaho-metaverse-web [243]: Unable to resolve 243.0: missing requirement [243.0] osgi.wiring.package; (&(osgi.wiring.package=org.osgi.service.blueprint)(version>=1.0.0)(!(version>=2.0.0))))
org.osgi.framework.BundleException: Unresolved constraint in bundle pentaho-metaverse-web [243]: Unable to resolve 243.0: missing requirement [243.0] osgi.wiring.package; (&(osgi.wiring.package=org.osgi.service.blueprint)(version>=1.0.0)(!(version>=2.0.0)))
	at org.apache.felix.framework.Felix.resolveBundleRevision(Felix.java:4002)
	at org.apache.felix.framework.Felix.startBundle(Felix.java:2045)
	at org.apache.felix.framework.Felix.setActiveStartLevel(Felix.java:1299)
	at org.apache.felix.framework.FrameworkStartLevelImpl.run(FrameworkStartLevelImpl.java:304)
	at java.lang.Thread.run(Thread.java:748)
ERROR: Bundle pentaho-i18n-webservice-bundle [244] Error starting mvn:pentaho/pentaho-i18n-webservice-bundle/8.1.0.0-365 (org.osgi.framework.BundleException: Unresolved constraint in bundle pentaho-i18n-webservice-bundle [244]: Unable to resolve 244.0: missing requirement [244.0] osgi.wiring.package; (&(osgi.wiring.package=org.ops4j.pax.web.extender.whiteboard)(version>=3.1.0)(!(version>=4.0.0))))
org.osgi.framework.BundleException: Unresolved constraint in bundle pentaho-i18n-webservice-bundle [244]: Unable to resolve 244.0: missing requirement [244.0] osgi.wiring.package; (&(osgi.wiring.package=org.ops4j.pax.web.extender.whiteboard)(version>=3.1.0)(!(version>=4.0.0)))
	at org.apache.felix.framework.Felix.resolveBundleRevision(Felix.java:4002)
	at org.apache.felix.framework.Felix.startBundle(Felix.java:2045)
	at org.apache.felix.framework.Felix.setActiveStartLevel(Felix.java:1299)
	at org.apache.felix.framework.FrameworkStartLevelImpl.run(FrameworkStartLevelImpl.java:304)
	at java.lang.Thread.run(Thread.java:748)
ERROR: Bundle pdi-dataservice-client-plugin [245] Error starting mvn:pentaho/pdi-dataservice-client-plugin/8.1.0.0-365 (org.osgi.framework.BundleException: Unresolved constraint in bundle pdi-dataservice-client-plugin [245]: Unable to resolve 245.0: missing requirement [245.0] osgi.wiring.package; (&(osgi.wiring.package=com.google.common.base)(version>=17.0.0)(!(version>=18.0.0))))
org.osgi.framework.BundleException: Unresolved constraint in bundle pdi-dataservice-client-plugin [245]: Unable to resolve 245.0: missing requirement [245.0] osgi.wiring.package; (&(osgi.wiring.package=com.google.common.base)(version>=17.0.0)(!(version>=18.0.0)))
	at org.apache.felix.framework.Felix.resolveBundleRevision(Felix.java:4002)
	at org.apache.felix.framework.Felix.startBundle(Felix.java:2045)
	at org.apache.felix.framework.Felix.setActiveStartLevel(Felix.java:1299)
	at org.apache.felix.framework.FrameworkStartLevelImpl.run(FrameworkStartLevelImpl.java:304)
	at java.lang.Thread.run(Thread.java:748)
ERROR: Bundle pdi-dataservice-server-plugin [247] Error starting mvn:pentaho/pdi-dataservice-server-plugin/8.1.0.0-365 (org.osgi.framework.BundleException: Unresolved constraint in bundle pdi-dataservice-server-plugin [247]: Unable to resolve 247.0: missing requirement [247.0] osgi.wiring.package; (&(osgi.wiring.package=com.google.common.base)(version>=17.0.0)(!(version>=18.0.0))))
org.osgi.framework.BundleException: Unresolved constraint in bundle pdi-dataservice-server-plugin [247]: Unable to resolve 247.0: missing requirement [247.0] osgi.wiring.package; (&(osgi.wiring.package=com.google.common.base)(version>=17.0.0)(!(version>=18.0.0)))
	at org.apache.felix.framework.Felix.resolveBundleRevision(Felix.java:4002)
	at org.apache.felix.framework.Felix.startBundle(Felix.java:2045)
	at org.apache.felix.framework.Felix.setActiveStartLevel(Felix.java:1299)
	at org.apache.felix.framework.FrameworkStartLevelImpl.run(FrameworkStartLevelImpl.java:304)
	at java.lang.Thread.run(Thread.java:748)
ERROR: Bundle data-refinery-pdi-plugin [250] Error starting mvn:pentaho/data-refinery-pdi-plugin/8.1.0.0-365 (org.osgi.framework.BundleException: Unresolved constraint in bundle data-refinery-pdi-plugin [250]: Unable to resolve 250.0: missing requirement [250.0] osgi.wiring.package; (&(osgi.wiring.package=org.osgi.service.cm)(version>=1.4.0)(!(version>=2.0.0))))
org.osgi.framework.BundleException: Unresolved constraint in bundle data-refinery-pdi-plugin [250]: Unable to resolve 250.0: missing requirement [250.0] osgi.wiring.package; (&(osgi.wiring.package=org.osgi.service.cm)(version>=1.4.0)(!(version>=2.0.0)))
	at org.apache.felix.framework.Felix.resolveBundleRevision(Felix.java:4002)
	at org.apache.felix.framework.Felix.startBundle(Felix.java:2045)
	at org.apache.felix.framework.Felix.setActiveStartLevel(Felix.java:1299)
	at org.apache.felix.framework.FrameworkStartLevelImpl.run(FrameworkStartLevelImpl.java:304)
	at java.lang.Thread.run(Thread.java:748)
ERROR: Bundle pentaho-big-data-impl-shim-initializer [258] Error starting mvn:pentaho/pentaho-big-data-impl-shim-initializer/8.1.0.0-365 (org.osgi.framework.BundleException: Unresolved constraint in bundle pentaho-big-data-impl-shim-initializer [258]: Unable to resolve 258.0: missing requirement [258.0] osgi.wiring.package; (&(osgi.wiring.package=com.pentaho.big.data.bundles.impl.shim.common)(version>=8.1.0)(!(version>=9.0.0))))
org.osgi.framework.BundleException: Unresolved constraint in bundle pentaho-big-data-impl-shim-initializer [258]: Unable to resolve 258.0: missing requirement [258.0] osgi.wiring.package; (&(osgi.wiring.package=com.pentaho.big.data.bundles.impl.shim.common)(version>=8.1.0)(!(version>=9.0.0)))
	at org.apache.felix.framework.Felix.resolveBundleRevision(Felix.java:4002)
	at org.apache.felix.framework.Felix.startBundle(Felix.java:2045)
	at org.apache.felix.framework.Felix.setActiveStartLevel(Felix.java:1299)
	at org.apache.felix.framework.FrameworkStartLevelImpl.run(FrameworkStartLevelImpl.java:304)
	at java.lang.Thread.run(Thread.java:748)
ERROR: Bundle pentaho-big-data-impl-shim-hdfs [259] Error starting mvn:pentaho/pentaho-big-data-impl-shim-hdfs/8.1.0.0-365 (org.osgi.framework.BundleException: Unresolved constraint in bundle pentaho-big-data-impl-shim-hdfs [259]: Unable to resolve 259.0: missing requirement [259.0] osgi.wiring.package; (&(osgi.wiring.package=com.pentaho.big.data.bundles.impl.shim.common)(version>=8.1.0)(!(version>=9.0.0))))
org.osgi.framework.BundleException: Unresolved constraint in bundle pentaho-big-data-impl-shim-hdfs [259]: Unable to resolve 259.0: missing requirement [259.0] osgi.wiring.package; (&(osgi.wiring.package=com.pentaho.big.data.bundles.impl.shim.common)(version>=8.1.0)(!(version>=9.0.0)))
	at org.apache.felix.framework.Felix.resolveBundleRevision(Felix.java:4002)
	at org.apache.felix.framework.Felix.startBundle(Felix.java:2045)
	at org.apache.felix.framework.Felix.setActiveStartLevel(Felix.java:1299)
	at org.apache.felix.framework.FrameworkStartLevelImpl.run(FrameworkStartLevelImpl.java:304)
	at java.lang.Thread.run(Thread.java:748)
ERROR: Bundle pentaho-big-data-impl-shim-hbase [260] Error starting mvn:pentaho/pentaho-big-data-impl-shim-hbase/8.1.0.0-365 (org.osgi.framework.BundleException: Unresolved constraint in bundle pentaho-big-data-impl-shim-hbase [260]: Unable to resolve 260.0: missing requirement [260.0] osgi.wiring.package; (&(osgi.wiring.package=com.google.common.collect)(version>=17.0.0)(!(version>=18.0.0))))
org.osgi.framework.BundleException: Unresolved constraint in bundle pentaho-big-data-impl-shim-hbase [260]: Unable to resolve 260.0: missing requirement [260.0] osgi.wiring.package; (&(osgi.wiring.package=com.google.common.collect)(version>=17.0.0)(!(version>=18.0.0)))
	at org.apache.felix.framework.Felix.resolveBundleRevision(Felix.java:4002)
	at org.apache.felix.framework.Felix.startBundle(Felix.java:2045)
	at org.apache.felix.framework.Felix.setActiveStartLevel(Felix.java:1299)
	at org.apache.felix.framework.FrameworkStartLevelImpl.run(FrameworkStartLevelImpl.java:304)
	at java.lang.Thread.run(Thread.java:748)
ERROR: Bundle pentaho-big-data-impl-shim-mapreduce [261] Error starting mvn:pentaho/pentaho-big-data-impl-shim-mapreduce/8.1.0.0-365 (org.osgi.framework.BundleException: Unresolved constraint in bundle pentaho-big-data-impl-shim-mapreduce [261]: Unable to resolve 261.0: missing requirement [261.0] osgi.wiring.package; (&(osgi.wiring.package=com.pentaho.big.data.bundles.impl.shim.common)(version>=8.1.0)(!(version>=9.0.0))))
org.osgi.framework.BundleException: Unresolved constraint in bundle pentaho-big-data-impl-shim-mapreduce [261]: Unable to resolve 261.0: missing requirement [261.0] osgi.wiring.package; (&(osgi.wiring.package=com.pentaho.big.data.bundles.impl.shim.common)(version>=8.1.0)(!(version>=9.0.0)))
	at org.apache.felix.framework.Felix.resolveBundleRevision(Felix.java:4002)
	at org.apache.felix.framework.Felix.startBundle(Felix.java:2045)
	at org.apache.felix.framework.Felix.setActiveStartLevel(Felix.java:1299)
	at org.apache.felix.framework.FrameworkStartLevelImpl.run(FrameworkStartLevelImpl.java:304)
	at java.lang.Thread.run(Thread.java:748)
ERROR: Bundle pentaho-big-data-impl-shim-pig [262] Error starting mvn:pentaho/pentaho-big-data-impl-shim-pig/8.1.0.0-365 (org.osgi.framework.BundleException: Unresolved constraint in bundle pentaho-big-data-impl-shim-pig [262]: Unable to resolve 262.0: missing requirement [262.0] osgi.wiring.package; (&(osgi.wiring.package=com.pentaho.big.data.bundles.impl.shim.common)(version>=8.1.0)(!(version>=9.0.0))))
org.osgi.framework.BundleException: Unresolved constraint in bundle pentaho-big-data-impl-shim-pig [262]: Unable to resolve 262.0: missing requirement [262.0] osgi.wiring.package; (&(osgi.wiring.package=com.pentaho.big.data.bundles.impl.shim.common)(version>=8.1.0)(!(version>=9.0.0)))
	at org.apache.felix.framework.Felix.resolveBundleRevision(Felix.java:4002)
	at org.apache.felix.framework.Felix.startBundle(Felix.java:2045)
	at org.apache.felix.framework.Felix.setActiveStartLevel(Felix.java:1299)
	at org.apache.felix.framework.FrameworkStartLevelImpl.run(FrameworkStartLevelImpl.java:304)
	at java.lang.Thread.run(Thread.java:748)
ERROR: Bundle pentaho-big-data-impl-shim-oozie [263] Error starting mvn:pentaho/pentaho-big-data-impl-shim-oozie/8.1.0.0-365 (org.osgi.framework.BundleException: Unresolved constraint in bundle pentaho-big-data-impl-shim-oozie [263]: Unable to resolve 263.0: missing requirement [263.0] osgi.wiring.package; (&(osgi.wiring.package=com.pentaho.big.data.bundles.impl.shim.common)(version>=8.1.0)(!(version>=9.0.0))))
org.osgi.framework.BundleException: Unresolved constraint in bundle pentaho-big-data-impl-shim-oozie [263]: Unable to resolve 263.0: missing requirement [263.0] osgi.wiring.package; (&(osgi.wiring.package=com.pentaho.big.data.bundles.impl.shim.common)(version>=8.1.0)(!(version>=9.0.0)))
	at org.apache.felix.framework.Felix.resolveBundleRevision(Felix.java:4002)
	at org.apache.felix.framework.Felix.startBundle(Felix.java:2045)
	at org.apache.felix.framework.Felix.setActiveStartLevel(Felix.java:1299)
	at org.apache.felix.framework.FrameworkStartLevelImpl.run(FrameworkStartLevelImpl.java:304)
	at java.lang.Thread.run(Thread.java:748)
ERROR: Bundle pentaho-big-data-impl-shim-sqoop [264] Error starting mvn:pentaho/pentaho-big-data-impl-shim-sqoop/8.1.0.0-365 (org.osgi.framework.BundleException: Unresolved constraint in bundle pentaho-big-data-impl-shim-sqoop [264]: Unable to resolve 264.0: missing requirement [264.0] osgi.wiring.package; (&(osgi.wiring.package=com.google.common.collect)(version>=17.0.0)(!(version>=18.0.0))))
org.osgi.framework.BundleException: Unresolved constraint in bundle pentaho-big-data-impl-shim-sqoop [264]: Unable to resolve 264.0: missing requirement [264.0] osgi.wiring.package; (&(osgi.wiring.package=com.google.common.collect)(version>=17.0.0)(!(version>=18.0.0)))
	at org.apache.felix.framework.Felix.resolveBundleRevision(Felix.java:4002)
	at org.apache.felix.framework.Felix.startBundle(Felix.java:2045)
	at org.apache.felix.framework.Felix.setActiveStartLevel(Felix.java:1299)
	at org.apache.felix.framework.FrameworkStartLevelImpl.run(FrameworkStartLevelImpl.java:304)
	at java.lang.Thread.run(Thread.java:748)
ERROR: Bundle pentaho-big-data-impl-shim-jaas [265] Error starting mvn:pentaho/pentaho-big-data-impl-shim-jaas/8.1.0.0-365 (org.osgi.framework.BundleException: Unresolved constraint in bundle pentaho-big-data-impl-shim-jaas [265]: Unable to resolve 265.0: missing requirement [265.0] osgi.wiring.package; (&(osgi.wiring.package=com.pentaho.big.data.bundles.impl.shim.common)(version>=8.1.0)(!(version>=9.0.0))))
org.osgi.framework.BundleException: Unresolved constraint in bundle pentaho-big-data-impl-shim-jaas [265]: Unable to resolve 265.0: missing requirement [265.0] osgi.wiring.package; (&(osgi.wiring.package=com.pentaho.big.data.bundles.impl.shim.common)(version>=8.1.0)(!(version>=9.0.0)))
	at org.apache.felix.framework.Felix.resolveBundleRevision(Felix.java:4002)
	at org.apache.felix.framework.Felix.startBundle(Felix.java:2045)
	at org.apache.felix.framework.Felix.setActiveStartLevel(Felix.java:1299)
	at org.apache.felix.framework.FrameworkStartLevelImpl.run(FrameworkStartLevelImpl.java:304)
	at java.lang.Thread.run(Thread.java:748)
ERROR: Bundle pentaho-big-data-impl-shim-hive [266] Error starting mvn:pentaho/pentaho-big-data-impl-shim-hive/8.1.0.0-365 (org.osgi.framework.BundleException: Unresolved constraint in bundle pentaho-big-data-impl-shim-hive [266]: Unable to resolve 266.0: missing requirement [266.0] osgi.wiring.package; (osgi.wiring.package=com.pentaho.big.data.bundles.impl.shim.common))
org.osgi.framework.BundleException: Unresolved constraint in bundle pentaho-big-data-impl-shim-hive [266]: Unable to resolve 266.0: missing requirement [266.0] osgi.wiring.package; (osgi.wiring.package=com.pentaho.big.data.bundles.impl.shim.common)
	at org.apache.felix.framework.Felix.resolveBundleRevision(Felix.java:4002)
	at org.apache.felix.framework.Felix.startBundle(Felix.java:2045)
	at org.apache.felix.framework.Felix.setActiveStartLevel(Felix.java:1299)
	at org.apache.felix.framework.FrameworkStartLevelImpl.run(FrameworkStartLevelImpl.java:304)
	at java.lang.Thread.run(Thread.java:748)
ERROR: Bundle pentaho-big-data-impl-vfs-hdfs [267] Error starting mvn:pentaho/pentaho-big-data-impl-vfs-hdfs/8.1.0.0-365 (org.osgi.framework.BundleException: Unresolved constraint in bundle pentaho-big-data-impl-vfs-hdfs [267]: Unable to resolve 267.0: missing requirement [267.0] osgi.wiring.package; (&(osgi.wiring.package=org.osgi.service.blueprint)(version>=1.0.0)(!(version>=2.0.0))))
org.osgi.framework.BundleException: Unresolved constraint in bundle pentaho-big-data-impl-vfs-hdfs [267]: Unable to resolve 267.0: missing requirement [267.0] osgi.wiring.package; (&(osgi.wiring.package=org.osgi.service.blueprint)(version>=1.0.0)(!(version>=2.0.0)))
	at org.apache.felix.framework.Felix.resolveBundleRevision(Felix.java:4002)
	at org.apache.felix.framework.Felix.startBundle(Felix.java:2045)
	at org.apache.felix.framework.Felix.setActiveStartLevel(Felix.java:1299)
	at org.apache.felix.framework.FrameworkStartLevelImpl.run(FrameworkStartLevelImpl.java:304)
	at java.lang.Thread.run(Thread.java:748)
ERROR: Bundle pentaho-hadoop-shims-osgi-jaas [268] Error starting mvn:pentaho/pentaho-hadoop-shims-osgi-jaas/8.1.0.0-365 (org.osgi.framework.BundleException: Unresolved constraint in bundle pentaho-hadoop-shims-osgi-jaas [268]: Unable to resolve 268.0: missing requirement [268.0] osgi.wiring.package; (&(osgi.wiring.package=org.apache.karaf.jaas.config)(version>=3.0.0)(!(version>=4.0.0))))
org.osgi.framework.BundleException: Unresolved constraint in bundle pentaho-hadoop-shims-osgi-jaas [268]: Unable to resolve 268.0: missing requirement [268.0] osgi.wiring.package; (&(osgi.wiring.package=org.apache.karaf.jaas.config)(version>=3.0.0)(!(version>=4.0.0)))
	at org.apache.felix.framework.Felix.resolveBundleRevision(Felix.java:4002)
	at org.apache.felix.framework.Felix.startBundle(Felix.java:2045)
	at org.apache.felix.framework.Felix.setActiveStartLevel(Felix.java:1299)
	at org.apache.felix.framework.FrameworkStartLevelImpl.run(FrameworkStartLevelImpl.java:304)
	at java.lang.Thread.run(Thread.java:748)
22:33:58,708 ERROR [KarafLifecycleListener] The Kettle Karaf Lifecycle Listener failed to execute properly after waiting for 100 seconds. Releasing lifecycle hold, but some services may be unavailable.
2025/07/23 22:33:58 - REST_Call_and_Load_Ciena_to_DB - Start of job execution
log4j:ERROR No output stream or file set for the appender named [pdi-execution-appender].
2025/07/23 22:33:58 - REST_Call_and_Load_Ciena_to_DB - Starting entry [LoadConfiguration]
2025/07/23 22:33:58 - LoadConfiguration - Loading transformation from XML file [file:///hawaiki_il/endpointcentral/endpoint_configuration.ktr]
2025/07/23 22:33:58 - LoadConfiguration - Using run configuration [Pentaho local]
2025/07/23 22:33:58 - LoadConfiguration - Using legacy execution engine
2025/07/23 22:33:58 - ciena_load_configuration - Dispatching started for transformation [ciena_load_configuration]
2025/07/23 22:33:59 - Property Input.0 - Finished processing (I=20, O=0, R=0, W=20, U=0, E=0)
2025/07/23 22:33:59 - Row denormaliser.0 - Finished processing (I=0, O=0, R=20, W=1, U=0, E=0)
2025/07/23 22:33:59 - Set Variables.0 - Setting environment variables...
2025/07/23 22:33:59 - Set Variables.0 - Set variable TARGET_DB_IP to value [10.7.2.132]
2025/07/23 22:33:59 - Set Variables.0 - Set variable TARGET_DB_NAME to value [pm_db]
2025/07/23 22:33:59 - Set Variables.0 - Set variable TARGET_DB_PORT to value [3306]
2025/07/23 22:33:59 - Set Variables.0 - Set variable TARGET_DB_USER to value [mediation_rw]
2025/07/23 22:33:59 - Set Variables.0 - Set variable TARGET_DB_PASS to value [RKbZ4NzQJrL20tmu]
2025/07/23 22:33:59 - Set Variables.0 - Set variable TARGET_ACCESS_URL to value [https://desktop-central.bw-digital-ext.com:8383/api/1.4/patch/allsystems]
2025/07/23 22:33:59 - Set Variables.0 - Set variable TARGET_KEY to value [AUTHORIZATION]
2025/07/23 22:33:59 - Set Variables.0 - Set variable TARGET_VALUE to value [F33E4AD8-C9AD-4892-9E2A-EBDD26043FC4]
2025/07/23 22:33:59 - Set Variables.0 - Set variable TARGET_EMAIL_DESTINATION_ADDRESS to value [itsys@bw-digital.com]
2025/07/23 22:33:59 - Set Variables.0 - Set variable TARGET_EMAIL_SENDER_ADDRESS to value [no-reply@bw-digital.com]
2025/07/23 22:33:59 - Set Variables.0 - Set variable TARGET_EMAIL_SMTP_SERVER to value []
2025/07/23 22:33:59 - Set Variables.0 - Set variable TARGET_EMAIL_PORT to value []
2025/07/23 22:33:59 - Set Variables.0 - Set variable TARGET_EMAIL_SMTP_PASSWORD to value []
2025/07/23 22:33:59 - Set Variables.0 - Set variable TARGET_EMAIL_SUBJECT to value []
2025/07/23 22:33:59 - Set Variables.0 - Set variable TARGET-SLEEP_AFTER_REST_ATTEMPT to value [Y]
2025/07/23 22:33:59 - Set Variables.0 - Set variable TARGET_SLEEP_TIMER to value [3.0]
2025/07/23 22:33:59 - Set Variables.0 - Set variable TARGET_DURATION_DAYS to value [2.0]
2025/07/23 22:33:59 - Set Variables.0 - Set variable TARGET_BINSTATE_LOG to value [Y]
2025/07/23 22:33:59 - Set Variables.0 - Set variable TARGET_DATE_START to value [2024-10-31]
2025/07/23 22:33:59 - Set Variables.0 - Set variable TARGET_DATE_END to value [2024-10-31]
2025/07/23 22:33:59 - Set Variables.0 - Finished after 1 rows.
2025/07/23 22:33:59 - Set Variables.0 - Finished processing (I=0, O=0, R=1, W=1, U=0, E=0)
2025/07/23 22:33:59 - REST_Call_and_Load_Ciena_to_DB - Starting entry [ExtractData]
2025/07/23 22:33:59 - ExtractData - Loading transformation from XML file [file:///hawaiki_il/endpointcentral/endpoint_report_extraction.ktr]
2025/07/23 22:33:59 - ExtractData - Using run configuration [Pentaho local]
2025/07/23 22:33:59 - ExtractData - Using legacy execution engine
2025/07/23 22:33:59 - ciena_report_extraction - Dispatching started for transformation [ciena_report_extraction]
SLF4J: Class path contains multiple SLF4J bindings.
SLF4J: Found binding in [jar:file:/hawaiki_il/data-integration/launcher/../lib/slf4j-log4j12-1.7.7.jar!/org/slf4j/impl/StaticLoggerBinder.class]
SLF4J: Found binding in [jar:file:/hawaiki_il/data-integration/plugins/kettle-json-plugin/lib/slf4j-log4j12-1.7.7.jar!/org/slf4j/impl/StaticLoggerBinder.class]
SLF4J: See http://www.slf4j.org/codes.html#multiple_bindings for an explanation.
SLF4J: Actual binding is of type [org.slf4j.impl.Log4jLoggerFactory]
2025/07/23 22:33:59 - Table output.0 - Connected to database [db] (commit=1000)
2025/07/23 22:33:59 - Generate Rows.0 - Finished processing (I=0, O=0, R=0, W=1, U=0, E=0)
2025/07/23 22:33:59 - REST client.0 - ERROR (version 8.1.0.0-365, build 8.1.0.0-365 from 2018-04-30 09.42.24 by buildguy) : Because of an error, this step can't continue: 
2025/07/23 22:33:59 - REST client.0 - Can not result from [https://desktop-central.bw-digital-ext.com:8383/api/1.4/patch/allsystems?page=1&pagelimit=1000]
2025/07/23 22:33:59 - REST client.0 - javax.net.ssl.SSLHandshakeException: sun.security.validator.ValidatorException: PKIX path building failed: sun.security.provider.certpath.SunCertPathBuilderException: unable to find valid certification path to requested target
2025/07/23 22:33:59 - ciena_report_extraction - ERROR (version 8.1.0.0-365, build 8.1.0.0-365 from 2018-04-30 09.42.24 by buildguy) : Errors detected!
2025/07/23 22:33:59 - REST client.0 - ERROR (version 8.1.0.0-365, build 8.1.0.0-365 from 2018-04-30 09.42.24 by buildguy) : org.pentaho.di.core.exception.KettleException: 
2025/07/23 22:33:59 - REST client.0 - Can not result from [https://desktop-central.bw-digital-ext.com:8383/api/1.4/patch/allsystems?page=1&pagelimit=1000]
2025/07/23 22:33:59 - REST client.0 - javax.net.ssl.SSLHandshakeException: sun.security.validator.ValidatorException: PKIX path building failed: sun.security.provider.certpath.SunCertPathBuilderException: unable to find valid certification path to requested target
2025/07/23 22:33:59 - REST client.0 - 
2025/07/23 22:33:59 - REST client.0 - 	at org.pentaho.di.trans.steps.rest.Rest.callRest(Rest.java:256)
2025/07/23 22:33:59 - REST client.0 - 	at org.pentaho.di.trans.steps.rest.Rest.processRow(Rest.java:453)
2025/07/23 22:33:59 - REST client.0 - 	at org.pentaho.di.trans.step.RunThread.run(RunThread.java:62)
2025/07/23 22:33:59 - REST client.0 - 	at java.lang.Thread.run(Thread.java:748)
2025/07/23 22:33:59 - REST client.0 - Caused by: com.sun.jersey.api.client.ClientHandlerException: javax.net.ssl.SSLHandshakeException: sun.security.validator.ValidatorException: PKIX path building failed: sun.security.provider.certpath.SunCertPathBuilderException: unable to find valid certification path to requested target
2025/07/23 22:33:59 - REST client.0 - 	at com.sun.jersey.client.apache4.ApacheHttpClient4Handler.handle(ApacheHttpClient4Handler.java:187)
2025/07/23 22:33:59 - REST client.0 - 	at com.sun.jersey.api.client.Client.handle(Client.java:652)
2025/07/23 22:33:59 - REST client.0 - 	at com.sun.jersey.api.client.WebResource.handle(WebResource.java:682)
2025/07/23 22:33:59 - REST client.0 - 	at com.sun.jersey.api.client.WebResource.access$200(WebResource.java:74)
2025/07/23 22:33:59 - REST client.0 - 	at com.sun.jersey.api.client.WebResource$Builder.get(WebResource.java:509)
2025/07/23 22:33:59 - REST client.0 - 	at org.pentaho.di.trans.steps.rest.Rest.callRest(Rest.java:179)
2025/07/23 22:33:59 - REST client.0 - 	... 3 more
2025/07/23 22:33:59 - REST client.0 - Caused by: javax.net.ssl.SSLHandshakeException: sun.security.validator.ValidatorException: PKIX path building failed: sun.security.provider.certpath.SunCertPathBuilderException: unable to find valid certification path to requested target
2025/07/23 22:33:59 - REST client.0 - 	at sun.security.ssl.Alerts.getSSLException(Alerts.java:192)
2025/07/23 22:33:59 - REST client.0 - 	at sun.security.ssl.SSLSocketImpl.fatal(SSLSocketImpl.java:1946)
2025/07/23 22:33:59 - REST client.0 - 	at sun.security.ssl.Handshaker.fatalSE(Handshaker.java:316)
2025/07/23 22:33:59 - REST client.0 - 	at sun.security.ssl.Handshaker.fatalSE(Handshaker.java:310)
2025/07/23 22:33:59 - REST client.0 - 	at sun.security.ssl.ClientHandshaker.serverCertificate(ClientHandshaker.java:1639)
2025/07/23 22:33:59 - REST client.0 - 	at sun.security.ssl.ClientHandshaker.processMessage(ClientHandshaker.java:223)
2025/07/23 22:33:59 - REST client.0 - 	at sun.security.ssl.Handshaker.processLoop(Handshaker.java:1037)
2025/07/23 22:33:59 - REST client.0 - 	at sun.security.ssl.Handshaker.process_record(Handshaker.java:965)
2025/07/23 22:33:59 - REST client.0 - 	at sun.security.ssl.SSLSocketImpl.readRecord(SSLSocketImpl.java:1064)
2025/07/23 22:33:59 - REST client.0 - 	at sun.security.ssl.SSLSocketImpl.performInitialHandshake(SSLSocketImpl.java:1367)
2025/07/23 22:33:59 - REST client.0 - 	at sun.security.ssl.SSLSocketImpl.startHandshake(SSLSocketImpl.java:1395)
2025/07/23 22:33:59 - REST client.0 - 	at sun.security.ssl.SSLSocketImpl.startHandshake(SSLSocketImpl.java:1379)
2025/07/23 22:33:59 - REST client.0 - 	at org.apache.http.conn.ssl.SSLSocketFactory.createLayeredSocket(SSLSocketFactory.java:573)
2025/07/23 22:33:59 - REST client.0 - 	at org.apache.http.conn.ssl.SSLSocketFactory.connectSocket(SSLSocketFactory.java:557)
2025/07/23 22:33:59 - REST client.0 - 	at org.apache.http.conn.ssl.SSLSocketFactory.connectSocket(SSLSocketFactory.java:414)
2025/07/23 22:33:59 - REST client.0 - 	at org.apache.http.impl.conn.DefaultClientConnectionOperator.openConnection(DefaultClientConnectionOperator.java:180)
2025/07/23 22:33:59 - REST client.0 - 	at org.apache.http.impl.conn.ManagedClientConnectionImpl.open(ManagedClientConnectionImpl.java:326)
2025/07/23 22:33:59 - REST client.0 - 	at org.apache.http.impl.client.DefaultRequestDirector.tryConnect(DefaultRequestDirector.java:610)
2025/07/23 22:33:59 - REST client.0 - 	at org.apache.http.impl.client.DefaultRequestDirector.execute(DefaultRequestDirector.java:445)
2025/07/23 22:33:59 - REST client.0 - 	at org.apache.http.impl.client.AbstractHttpClient.doExecute(AbstractHttpClient.java:835)
2025/07/23 22:33:59 - REST client.0 - 	at org.apache.http.impl.client.CloseableHttpClient.execute(CloseableHttpClient.java:118)
2025/07/23 22:33:59 - REST client.0 - 	at org.apache.http.impl.client.CloseableHttpClient.execute(CloseableHttpClient.java:56)
2025/07/23 22:33:59 - REST client.0 - 	at com.sun.jersey.client.apache4.ApacheHttpClient4Handler.handle(ApacheHttpClient4Handler.java:173)
2025/07/23 22:33:59 - REST client.0 - 	... 8 more
2025/07/23 22:33:59 - REST client.0 - Caused by: sun.security.validator.ValidatorException: PKIX path building failed: sun.security.provider.certpath.SunCertPathBuilderException: unable to find valid certification path to requested target
2025/07/23 22:33:59 - REST client.0 - 	at sun.security.validator.PKIXValidator.doBuild(PKIXValidator.java:397)
2025/07/23 22:33:59 - REST client.0 - 	at sun.security.validator.PKIXValidator.engineValidate(PKIXValidator.java:302)
2025/07/23 22:33:59 - REST client.0 - 	at sun.security.validator.Validator.validate(Validator.java:262)
2025/07/23 22:33:59 - REST client.0 - 	at sun.security.ssl.X509TrustManagerImpl.validate(X509TrustManagerImpl.java:324)
2025/07/23 22:33:59 - REST client.0 - 	at sun.security.ssl.X509TrustManagerImpl.checkTrusted(X509TrustManagerImpl.java:229)
2025/07/23 22:33:59 - REST client.0 - 	at sun.security.ssl.X509TrustManagerImpl.checkServerTrusted(X509TrustManagerImpl.java:124)
2025/07/23 22:33:59 - REST client.0 - 	at sun.security.ssl.ClientHandshaker.serverCertificate(ClientHandshaker.java:1621)
2025/07/23 22:33:59 - REST client.0 - 	... 26 more
2025/07/23 22:33:59 - REST client.0 - Caused by: sun.security.provider.certpath.SunCertPathBuilderException: unable to find valid certification path to requested target
2025/07/23 22:33:59 - REST client.0 - 	at sun.security.provider.certpath.SunCertPathBuilder.build(SunCertPathBuilder.java:141)
2025/07/23 22:33:59 - REST client.0 - 	at sun.security.provider.certpath.SunCertPathBuilder.engineBuild(SunCertPathBuilder.java:126)
2025/07/23 22:33:59 - REST client.0 - 	at java.security.cert.CertPathBuilder.build(CertPathBuilder.java:280)
2025/07/23 22:33:59 - REST client.0 - 	at sun.security.validator.PKIXValidator.doBuild(PKIXValidator.java:392)
2025/07/23 22:33:59 - REST client.0 - 	... 32 more
2025/07/23 22:33:59 - REST client.0 - Finished processing (I=0, O=0, R=1, W=0, U=0, E=1)
2025/07/23 22:33:59 - ciena_report_extraction - Transformation detected one or more steps with errors.
2025/07/23 22:33:59 - ciena_report_extraction - Transformation is killing the other steps!
2025/07/23 22:34:00 - ciena_report_extraction - ERROR (version 8.1.0.0-365, build 8.1.0.0-365 from 2018-04-30 09.42.24 by buildguy) : Errors detected!
2025/07/23 22:34:00 - REST_Call_and_Load_Ciena_to_DB - Finished job entry [ExtractData] (result=[false])
2025/07/23 22:34:00 - REST_Call_and_Load_Ciena_to_DB - Finished job entry [LoadConfiguration] (result=[false])
2025/07/23 22:34:00 - REST_Call_and_Load_Ciena_to_DB - Job execution finished
2025/07/23 22:34:00 - Kitchen - Finished!
2025/07/23 22:34:00 - Kitchen - ERROR (version 8.1.0.0-365, build 8.1.0.0-365 from 2018-04-30 09.42.24 by buildguy) : Finished with errors
2025/07/23 22:34:00 - Kitchen - Start=2025/07/23 22:32:17.017, Stop=2025/07/23 22:34:00.080
2025/07/23 22:34:00 - Kitchen - Processing ended after 1 minutes and 43 seconds (103 seconds total).
