[24848:1392:0925/153853.092:VERBOSE1:chrome\updater\updater.cc:411] Version: 142.0.7416.0, opt, x86_64, command line: "C:\Program Files (x86)\Google\GoogleUpdater\142.0.7416.0\updater.exe" --wake-all --system
[24848:1392:0925/153853.092:VERBOSE1:chrome\updater\updater.cc:414] OS version: 10.0.26100.6584, System uptime (seconds): 95889, parent pid: 9860
[24848:1392:0925/153853.092:VERBOSE1:chrome\updater\updater.cc:325] available: 16576932K, total: 35422432K
[23188:14552:0925/153853.156:VERBOSE1:chrome\updater\updater.cc:411] Version: 142.0.7416.0, opt, x86_64, command line: "C:\Program Files (x86)\Google\GoogleUpdater\142.0.7416.0\updater.exe" --crash-handler --system "--database=C:\Program Files (x86)\Google\GoogleUpdater\142.0.7416.0\Crashpad" --url=https://clients2.google.com/cr/report --annotation=prod=Update4 --annotation=ver=142.0.7416.0 "--attachment=C:\Program Files (x86)\Google\GoogleUpdater\updater.log" --initial-client-data=0x270,0x274,0x278,0x24c,0x27c,0x7ff7d2247cc4,0x7ff7d2247cd0,0x7ff7d2247ce0
[23188:14552:0925/153853.156:VERBOSE1:chrome\updater\updater.cc:414] OS version: 10.0.26100.6584, System uptime (seconds): 95889, parent pid: 24848
[23188:14552:0925/153853.156:VERBOSE1:chrome\updater\updater.cc:325] available: 16575244K, total: 35422432K
[24848:1392:0925/153853.157:VERBOSE1:chrome\updater\crash_reporter.cc:120] Crash handler launched and ready.
[24848:1392:0925/153853.159:ERROR:chrome\updater\crash_client.cc:116] Failed to fetch completed crash reports: 3
[24848:1392:0925/153853.160:ERROR:chrome\updater\crash_client.cc:132] Failed to fetch pending crash reports: 3
[24848:1392:0925/153853.160:VERBOSE2:chrome\updater\usage_stats_permissions_win.cc:77] usage stats enabled by app {8a69d345-d564-463c-aff1-a69d9e530f96}
[24848:1392:0925/153853.161:ERROR:third_party\crashpad\crashpad\util\file\file_io_win.cc:181] CreateFile C:\Program Files (x86)\Google\GoogleUpdater\142.0.7416.0\Crashpad\settings.dat: Access is denied. (0x5)
[24848:1392:0925/153853.161:ERROR:third_party\crashpad\crashpad\util\file\file_io_win.cc:181] CreateFile C:\Program Files (x86)\Google\GoogleUpdater\142.0.7416.0\Crashpad\settings.dat: Access is denied. (0x5)
[24848:1392:0925/153853.161:VERBOSE1:chrome\updater\updater.cc:97] Crash reporting initialized.
[24848:1392:0925/153853.164:VERBOSE1:chrome\updater\updater.cc:147] IsUserAdmin: 0, IsUserNonElevatedAdmin: 0, IsUACOn: 1, IsElevatedWithUACOn: 0, LUA: 1
[24848:10856:0925/153853.171:VERBOSE1:chrome\updater\app\app_wakeall.cc:57] Launching `"C:\Program Files (x86)\Google\GoogleUpdater\142.0.7416.0\updater.exe" --wake --system`
[21588:22580:0925/153853.228:VERBOSE1:chrome\updater\updater.cc:411] Version: 142.0.7416.0, opt, x86_64, command line: "C:\Program Files (x86)\Google\GoogleUpdater\142.0.7416.0\updater.exe" --wake --system
[21588:22580:0925/153853.228:VERBOSE1:chrome\updater\updater.cc:414] OS version: 10.0.26100.6584, System uptime (seconds): 95889, parent pid: 24848
[21588:22580:0925/153853.228:VERBOSE1:chrome\updater\updater.cc:325] available: 16588920K, total: 35422432K
[4692:22024:0925/153853.292:VERBOSE1:chrome\updater\updater.cc:411] Version: 142.0.7416.0, opt, x86_64, command line: "C:\Program Files (x86)\Google\GoogleUpdater\142.0.7416.0\updater.exe" --crash-handler --system "--database=C:\Program Files (x86)\Google\GoogleUpdater\142.0.7416.0\Crashpad" --url=https://clients2.google.com/cr/report --annotation=prod=Update4 --annotation=ver=142.0.7416.0 "--attachment=C:\Program Files (x86)\Google\GoogleUpdater\updater.log" --initial-client-data=0x26c,0x270,0x274,0x248,0x278,0x7ff7d2247cc4,0x7ff7d2247cd0,0x7ff7d2247ce0
[4692:22024:0925/153853.292:VERBOSE1:chrome\updater\updater.cc:414] OS version: 10.0.26100.6584, System uptime (seconds): 95889, parent pid: 21588
[4692:22024:0925/153853.292:VERBOSE1:chrome\updater\updater.cc:325] available: 16590192K, total: 35422432K
[21588:22580:0925/153853.294:VERBOSE1:chrome\updater\crash_reporter.cc:120] Crash handler launched and ready.
[21588:22580:0925/153853.295:ERROR:chrome\updater\crash_client.cc:116] Failed to fetch completed crash reports: 3
[21588:22580:0925/153853.295:ERROR:chrome\updater\crash_client.cc:132] Failed to fetch pending crash reports: 3
[21588:22580:0925/153853.295:VERBOSE2:chrome\updater\usage_stats_permissions_win.cc:77] usage stats enabled by app {8a69d345-d564-463c-aff1-a69d9e530f96}
[21588:22580:0925/153853.295:ERROR:third_party\crashpad\crashpad\util\file\file_io_win.cc:181] CreateFile C:\Program Files (x86)\Google\GoogleUpdater\142.0.7416.0\Crashpad\settings.dat: Access is denied. (0x5)
[21588:22580:0925/153853.296:ERROR:third_party\crashpad\crashpad\util\file\file_io_win.cc:181] CreateFile C:\Program Files (x86)\Google\GoogleUpdater\142.0.7416.0\Crashpad\settings.dat: Access is denied. (0x5)
[21588:22580:0925/153853.296:VERBOSE1:chrome\updater\updater.cc:97] Crash reporting initialized.
[21588:22580:0925/153853.299:VERBOSE1:chrome\updater\updater.cc:147] IsUserAdmin: 0, IsUserNonElevatedAdmin: 0, IsUACOn: 1, IsElevatedWithUACOn: 0, LUA: 1
[21588:22580:0925/153853.306:VERBOSE1:chrome\updater\ipc\update_service_internal_proxy_win.cc:156] Run
[21588:12952:0925/153856.809:VERBOSE2:chrome\updater\ipc\update_service_internal_proxy_win.cc:65] Run result 0.
[21588:22580:0925/153856.809:VERBOSE1:chrome\updater\ipc\update_service_internal_proxy_win.cc:148] ~UpdateServiceInternalProxyImpl
[21588:6468:0925/153856.809:VERBOSE2:chrome\updater\ipc\proxy_impl_base_win.h:58] ~ProxyImplBase
[21588:22580:0925/153856.811:VERBOSE1:chrome\updater\updater.cc:423] UpdaterMain (--wake) returned 0.
[24848:10856:0925/153856.814:VERBOSE1:chrome\updater\app\app_wakeall.cc:67] `"C:\Program Files (x86)\Google\GoogleUpdater\142.0.7416.0\updater.exe" --wake --system` exited 0
[24848:1392:0925/153856.816:VERBOSE1:chrome\updater\updater.cc:423] UpdaterMain (--wake-all) returned 0.
[4692:22024:0925/153856.817:VERBOSE1:chrome\updater\updater.cc:423] UpdaterMain (--crash-handler) returned 0.
[23188:14552:0925/153856.821:VERBOSE1:chrome\updater\updater.cc:423] UpdaterMain (--crash-handler) returned 0.
[16416:24644:0925/203857.049:VERBOSE1:chrome\updater\updater.cc:411] Version: 142.0.7416.0, opt, x86_64, command line: "C:\Program Files (x86)\Google\GoogleUpdater\142.0.7416.0\updater.exe" --wake-all --system
[16416:24644:0925/203857.049:VERBOSE1:chrome\updater\updater.cc:414] OS version: 10.0.26100.6584, System uptime (seconds): 113893, parent pid: 9860
[16416:24644:0925/203857.049:VERBOSE1:chrome\updater\updater.cc:325] available: 21371240K, total: 35422432K
[29080:27436:0925/203857.112:VERBOSE1:chrome\updater\updater.cc:411] Version: 142.0.7416.0, opt, x86_64, command line: "C:\Program Files (x86)\Google\GoogleUpdater\142.0.7416.0\updater.exe" --crash-handler --system "--database=C:\Program Files (x86)\Google\GoogleUpdater\142.0.7416.0\Crashpad" --url=https://clients2.google.com/cr/report --annotation=prod=Update4 --annotation=ver=142.0.7416.0 "--attachment=C:\Program Files (x86)\Google\GoogleUpdater\updater.log" --initial-client-data=0x26c,0x270,0x274,0x248,0x278,0x7ff7d2247cc4,0x7ff7d2247cd0,0x7ff7d2247ce0
[29080:27436:0925/203857.112:VERBOSE1:chrome\updater\updater.cc:414] OS version: 10.0.26100.6584, System uptime (seconds): 113893, parent pid: 16416
[29080:27436:0925/203857.112:VERBOSE1:chrome\updater\updater.cc:325] available: 21369632K, total: 35422432K
[16416:24644:0925/203857.112:VERBOSE1:chrome\updater\crash_reporter.cc:120] Crash handler launched and ready.
[16416:24644:0925/203857.128:ERROR:chrome\updater\crash_client.cc:116] Failed to fetch completed crash reports: 3
[16416:24644:0925/203857.128:ERROR:chrome\updater\crash_client.cc:132] Failed to fetch pending crash reports: 3
[16416:24644:0925/203857.128:VERBOSE2:chrome\updater\usage_stats_permissions_win.cc:77] usage stats enabled by app {8a69d345-d564-463c-aff1-a69d9e530f96}
[16416:24644:0925/203857.128:ERROR:third_party\crashpad\crashpad\util\file\file_io_win.cc:181] CreateFile C:\Program Files (x86)\Google\GoogleUpdater\142.0.7416.0\Crashpad\settings.dat: Access is denied. (0x5)
[16416:24644:0925/203857.128:ERROR:third_party\crashpad\crashpad\util\file\file_io_win.cc:181] CreateFile C:\Program Files (x86)\Google\GoogleUpdater\142.0.7416.0\Crashpad\settings.dat: Access is denied. (0x5)
[16416:24644:0925/203857.128:VERBOSE1:chrome\updater\updater.cc:97] Crash reporting initialized.
[16416:24644:0925/203857.128:VERBOSE1:chrome\updater\updater.cc:147] IsUserAdmin: 0, IsUserNonElevatedAdmin: 0, IsUACOn: 1, IsElevatedWithUACOn: 0, LUA: 1
[16416:21428:0925/203857.128:VERBOSE1:chrome\updater\app\app_wakeall.cc:57] Launching `"C:\Program Files (x86)\Google\GoogleUpdater\142.0.7416.0\updater.exe" --wake --system`
[28600:27032:0925/203857.191:VERBOSE1:chrome\updater\updater.cc:411] Version: 142.0.7416.0, opt, x86_64, command line: "C:\Program Files (x86)\Google\GoogleUpdater\142.0.7416.0\updater.exe" --wake --system
[28600:27032:0925/203857.191:VERBOSE1:chrome\updater\updater.cc:414] OS version: 10.0.26100.6584, System uptime (seconds): 113893, parent pid: 16416
[28600:27032:0925/203857.191:VERBOSE1:chrome\updater\updater.cc:325] available: 21363868K, total: 35422432K
[27084:2160:0925/203857.254:VERBOSE1:chrome\updater\updater.cc:411] Version: 142.0.7416.0, opt, x86_64, command line: "C:\Program Files (x86)\Google\GoogleUpdater\142.0.7416.0\updater.exe" --crash-handler --system "--database=C:\Program Files (x86)\Google\GoogleUpdater\142.0.7416.0\Crashpad" --url=https://clients2.google.com/cr/report --annotation=prod=Update4 --annotation=ver=142.0.7416.0 "--attachment=C:\Program Files (x86)\Google\GoogleUpdater\updater.log" --initial-client-data=0x278,0x27c,0x280,0x254,0x284,0x7ff7d2247cc4,0x7ff7d2247cd0,0x7ff7d2247ce0
[27084:2160:0925/203857.254:VERBOSE1:chrome\updater\updater.cc:414] OS version: 10.0.26100.6584, System uptime (seconds): 113893, parent pid: 28600
[27084:2160:0925/203857.254:VERBOSE1:chrome\updater\updater.cc:325] available: 21362956K, total: 35422432K
[28600:27032:0925/203857.254:VERBOSE1:chrome\updater\crash_reporter.cc:120] Crash handler launched and ready.
[28600:27032:0925/203857.254:ERROR:chrome\updater\crash_client.cc:116] Failed to fetch completed crash reports: 3
[28600:27032:0925/203857.254:ERROR:chrome\updater\crash_client.cc:132] Failed to fetch pending crash reports: 3
[28600:27032:0925/203857.254:VERBOSE2:chrome\updater\usage_stats_permissions_win.cc:77] usage stats enabled by app {8a69d345-d564-463c-aff1-a69d9e530f96}
[28600:27032:0925/203857.254:ERROR:third_party\crashpad\crashpad\util\file\file_io_win.cc:181] CreateFile C:\Program Files (x86)\Google\GoogleUpdater\142.0.7416.0\Crashpad\settings.dat: Access is denied. (0x5)
[28600:27032:0925/203857.254:ERROR:third_party\crashpad\crashpad\util\file\file_io_win.cc:181] CreateFile C:\Program Files (x86)\Google\GoogleUpdater\142.0.7416.0\Crashpad\settings.dat: Access is denied. (0x5)
[28600:27032:0925/203857.254:VERBOSE1:chrome\updater\updater.cc:97] Crash reporting initialized.
[28600:27032:0925/203857.254:VERBOSE1:chrome\updater\updater.cc:147] IsUserAdmin: 0, IsUserNonElevatedAdmin: 0, IsUACOn: 1, IsElevatedWithUACOn: 0, LUA: 1
[28600:27032:0925/203857.270:VERBOSE1:chrome\updater\ipc\update_service_internal_proxy_win.cc:156] Run
[28600:27824:0925/203901.364:VERBOSE2:chrome\updater\ipc\update_service_internal_proxy_win.cc:65] Run result 0.
[28600:27032:0925/203901.364:VERBOSE1:chrome\updater\ipc\update_service_internal_proxy_win.cc:148] ~UpdateServiceInternalProxyImpl
[28600:17332:0925/203901.364:VERBOSE2:chrome\updater\ipc\proxy_impl_base_win.h:58] ~ProxyImplBase
[28600:27032:0925/203901.364:VERBOSE1:chrome\updater\updater.cc:423] UpdaterMain (--wake) returned 0.
[16416:21428:0925/203901.364:VERBOSE1:chrome\updater\app\app_wakeall.cc:67] `"C:\Program Files (x86)\Google\GoogleUpdater\142.0.7416.0\updater.exe" --wake --system` exited 0
[16416:24644:0925/203901.364:VERBOSE1:chrome\updater\updater.cc:423] UpdaterMain (--wake-all) returned 0.
[27084:2160:0925/203901.364:VERBOSE1:chrome\updater\updater.cc:423] UpdaterMain (--crash-handler) returned 0.
[29080:27436:0925/203901.380:VERBOSE1:chrome\updater\updater.cc:423] UpdaterMain (--crash-handler) returned 0.
[2628:10232:0926/013901.604:VERBOSE1:chrome\updater\updater.cc:411] Version: 142.0.7416.0, opt, x86_64, command line: "C:\Program Files (x86)\Google\GoogleUpdater\142.0.7416.0\updater.exe" --wake-all --system
[2628:10232:0926/013901.604:VERBOSE1:chrome\updater\updater.cc:414] OS version: 10.0.26100.6584, System uptime (seconds): 131898, parent pid: 9860
[2628:10232:0926/013901.604:VERBOSE1:chrome\updater\updater.cc:325] available: 21194748K, total: 35422432K
[18380:4552:0926/013901.667:VERBOSE1:chrome\updater\updater.cc:411] Version: 142.0.7416.0, opt, x86_64, command line: "C:\Program Files (x86)\Google\GoogleUpdater\142.0.7416.0\updater.exe" --crash-handler --system "--database=C:\Program Files (x86)\Google\GoogleUpdater\142.0.7416.0\Crashpad" --url=https://clients2.google.com/cr/report --annotation=prod=Update4 --annotation=ver=142.0.7416.0 "--attachment=C:\Program Files (x86)\Google\GoogleUpdater\updater.log" --initial-client-data=0x270,0x274,0x278,0x24c,0x27c,0x7ff7d2247cc4,0x7ff7d2247cd0,0x7ff7d2247ce0
[18380:4552:0926/013901.667:VERBOSE1:chrome\updater\updater.cc:414] OS version: 10.0.26100.6584, System uptime (seconds): 131898, parent pid: 2628
[18380:4552:0926/013901.667:VERBOSE1:chrome\updater\updater.cc:325] available: 21189652K, total: 35422432K
[2628:10232:0926/013901.683:VERBOSE1:chrome\updater\crash_reporter.cc:120] Crash handler launched and ready.
[2628:10232:0926/013901.683:ERROR:chrome\updater\crash_client.cc:116] Failed to fetch completed crash reports: 3
[2628:10232:0926/013901.683:ERROR:chrome\updater\crash_client.cc:132] Failed to fetch pending crash reports: 3
[2628:10232:0926/013901.683:VERBOSE2:chrome\updater\usage_stats_permissions_win.cc:77] usage stats enabled by app {8a69d345-d564-463c-aff1-a69d9e530f96}
[2628:10232:0926/013901.683:ERROR:third_party\crashpad\crashpad\util\file\file_io_win.cc:181] CreateFile C:\Program Files (x86)\Google\GoogleUpdater\142.0.7416.0\Crashpad\settings.dat: Access is denied. (0x5)
[2628:10232:0926/013901.683:ERROR:third_party\crashpad\crashpad\util\file\file_io_win.cc:181] CreateFile C:\Program Files (x86)\Google\GoogleUpdater\142.0.7416.0\Crashpad\settings.dat: Access is denied. (0x5)
[2628:10232:0926/013901.683:VERBOSE1:chrome\updater\updater.cc:97] Crash reporting initialized.
[2628:10232:0926/013901.683:VERBOSE1:chrome\updater\updater.cc:147] IsUserAdmin: 0, IsUserNonElevatedAdmin: 0, IsUACOn: 1, IsElevatedWithUACOn: 0, LUA: 1
[2628:27744:0926/013901.693:VERBOSE1:chrome\updater\app\app_wakeall.cc:57] Launching `"C:\Program Files (x86)\Google\GoogleUpdater\142.0.7416.0\updater.exe" --wake --system`
[23160:2744:0926/013901.746:VERBOSE1:chrome\updater\updater.cc:411] Version: 142.0.7416.0, opt, x86_64, command line: "C:\Program Files (x86)\Google\GoogleUpdater\142.0.7416.0\updater.exe" --wake --system
[23160:2744:0926/013901.746:VERBOSE1:chrome\updater\updater.cc:414] OS version: 10.0.26100.6584, System uptime (seconds): 131898, parent pid: 2628
[23160:2744:0926/013901.746:VERBOSE1:chrome\updater\updater.cc:325] available: 21185996K, total: 35422432K
[22024:15048:0926/013901.825:VERBOSE1:chrome\updater\updater.cc:411] Version: 142.0.7416.0, opt, x86_64, command line: "C:\Program Files (x86)\Google\GoogleUpdater\142.0.7416.0\updater.exe" --crash-handler --system "--database=C:\Program Files (x86)\Google\GoogleUpdater\142.0.7416.0\Crashpad" --url=https://clients2.google.com/cr/report --annotation=prod=Update4 --annotation=ver=142.0.7416.0 "--attachment=C:\Program Files (x86)\Google\GoogleUpdater\updater.log" --initial-client-data=0x274,0x278,0x27c,0x250,0x280,0x7ff7d2247cc4,0x7ff7d2247cd0,0x7ff7d2247ce0
[22024:15048:0926/013901.825:VERBOSE1:chrome\updater\updater.cc:414] OS version: 10.0.26100.6584, System uptime (seconds): 131898, parent pid: 23160
[22024:15048:0926/013901.825:VERBOSE1:chrome\updater\updater.cc:325] available: 21183020K, total: 35422432K
[23160:2744:0926/013901.825:VERBOSE1:chrome\updater\crash_reporter.cc:120] Crash handler launched and ready.
[23160:2744:0926/013901.825:ERROR:chrome\updater\crash_client.cc:116] Failed to fetch completed crash reports: 3
[23160:2744:0926/013901.825:ERROR:chrome\updater\crash_client.cc:132] Failed to fetch pending crash reports: 3
[23160:2744:0926/013901.825:VERBOSE2:chrome\updater\usage_stats_permissions_win.cc:77] usage stats enabled by app {8a69d345-d564-463c-aff1-a69d9e530f96}
[23160:2744:0926/013901.825:ERROR:third_party\crashpad\crashpad\util\file\file_io_win.cc:181] CreateFile C:\Program Files (x86)\Google\GoogleUpdater\142.0.7416.0\Crashpad\settings.dat: Access is denied. (0x5)
[23160:2744:0926/013901.825:ERROR:third_party\crashpad\crashpad\util\file\file_io_win.cc:181] CreateFile C:\Program Files (x86)\Google\GoogleUpdater\142.0.7416.0\Crashpad\settings.dat: Access is denied. (0x5)
[23160:2744:0926/013901.825:VERBOSE1:chrome\updater\updater.cc:97] Crash reporting initialized.
[23160:2744:0926/013901.825:VERBOSE1:chrome\updater\updater.cc:147] IsUserAdmin: 0, IsUserNonElevatedAdmin: 0, IsUACOn: 1, IsElevatedWithUACOn: 0, LUA: 1
[23160:2744:0926/013901.841:VERBOSE1:chrome\updater\ipc\update_service_internal_proxy_win.cc:156] Run
[23160:17592:0926/013906.665:VERBOSE2:chrome\updater\ipc\update_service_internal_proxy_win.cc:65] Run result 0.
[23160:2744:0926/013906.665:VERBOSE1:chrome\updater\ipc\update_service_internal_proxy_win.cc:148] ~UpdateServiceInternalProxyImpl
[23160:9420:0926/013906.665:VERBOSE2:chrome\updater\ipc\proxy_impl_base_win.h:58] ~ProxyImplBase
[23160:2744:0926/013906.665:VERBOSE1:chrome\updater\updater.cc:423] UpdaterMain (--wake) returned 0.
[2628:27744:0926/013906.672:VERBOSE1:chrome\updater\app\app_wakeall.cc:67] `"C:\Program Files (x86)\Google\GoogleUpdater\142.0.7416.0\updater.exe" --wake --system` exited 0
[2628:10232:0926/013906.672:VERBOSE1:chrome\updater\updater.cc:423] UpdaterMain (--wake-all) returned 0.
[22024:15048:0926/013906.672:VERBOSE1:chrome\updater\updater.cc:423] UpdaterMain (--crash-handler) returned 0.
[18380:4552:0926/013906.678:VERBOSE1:chrome\updater\updater.cc:423] UpdaterMain (--crash-handler) returned 0.
[25936:28520:0926/063906.917:VERBOSE1:chrome\updater\updater.cc:411] Version: 142.0.7416.0, opt, x86_64, command line: "C:\Program Files (x86)\Google\GoogleUpdater\142.0.7416.0\updater.exe" --wake-all --system
[25936:28520:0926/063906.917:VERBOSE1:chrome\updater\updater.cc:414] OS version: 10.0.26100.6584, System uptime (seconds): 149903, parent pid: 9860
[25936:28520:0926/063906.917:VERBOSE1:chrome\updater\updater.cc:325] available: 21297432K, total: 35422432K
[18604:7476:0926/063906.974:VERBOSE1:chrome\updater\updater.cc:411] Version: 142.0.7416.0, opt, x86_64, command line: "C:\Program Files (x86)\Google\GoogleUpdater\142.0.7416.0\updater.exe" --crash-handler --system "--database=C:\Program Files (x86)\Google\GoogleUpdater\142.0.7416.0\Crashpad" --url=https://clients2.google.com/cr/report --annotation=prod=Update4 --annotation=ver=142.0.7416.0 "--attachment=C:\Program Files (x86)\Google\GoogleUpdater\updater.log" --initial-client-data=0x26c,0x270,0x274,0x248,0x278,0x7ff7d2247cc4,0x7ff7d2247cd0,0x7ff7d2247ce0
[18604:7476:0926/063906.974:VERBOSE1:chrome\updater\updater.cc:414] OS version: 10.0.26100.6584, System uptime (seconds): 149903, parent pid: 25936
[18604:7476:0926/063906.974:VERBOSE1:chrome\updater\updater.cc:325] available: 21295472K, total: 35422432K
[25936:28520:0926/063906.974:VERBOSE1:chrome\updater\crash_reporter.cc:120] Crash handler launched and ready.
[25936:28520:0926/063906.981:ERROR:chrome\updater\crash_client.cc:116] Failed to fetch completed crash reports: 3
[25936:28520:0926/063906.981:ERROR:chrome\updater\crash_client.cc:132] Failed to fetch pending crash reports: 3
[25936:28520:0926/063906.981:VERBOSE2:chrome\updater\usage_stats_permissions_win.cc:77] usage stats enabled by app {8a69d345-d564-463c-aff1-a69d9e530f96}
[25936:28520:0926/063906.981:ERROR:third_party\crashpad\crashpad\util\file\file_io_win.cc:181] CreateFile C:\Program Files (x86)\Google\GoogleUpdater\142.0.7416.0\Crashpad\settings.dat: Access is denied. (0x5)
[25936:28520:0926/063906.981:ERROR:third_party\crashpad\crashpad\util\file\file_io_win.cc:181] CreateFile C:\Program Files (x86)\Google\GoogleUpdater\142.0.7416.0\Crashpad\settings.dat: Access is denied. (0x5)
[25936:28520:0926/063906.981:VERBOSE1:chrome\updater\updater.cc:97] Crash reporting initialized.
[25936:28520:0926/063906.981:VERBOSE1:chrome\updater\updater.cc:147] IsUserAdmin: 0, IsUserNonElevatedAdmin: 0, IsUACOn: 1, IsElevatedWithUACOn: 0, LUA: 1
[25936:24744:0926/063906.990:VERBOSE1:chrome\updater\app\app_wakeall.cc:57] Launching `"C:\Program Files (x86)\Google\GoogleUpdater\142.0.7416.0\updater.exe" --wake --system`
[14740:14680:0926/063907.047:VERBOSE1:chrome\updater\updater.cc:411] Version: 142.0.7416.0, opt, x86_64, command line: "C:\Program Files (x86)\Google\GoogleUpdater\142.0.7416.0\updater.exe" --wake --system
[14740:14680:0926/063907.047:VERBOSE1:chrome\updater\updater.cc:414] OS version: 10.0.26100.6584, System uptime (seconds): 149903, parent pid: 25936
[14740:14680:0926/063907.047:VERBOSE1:chrome\updater\updater.cc:325] available: 21290172K, total: 35422432K
[24492:7404:0926/063907.100:VERBOSE1:chrome\updater\updater.cc:411] Version: 142.0.7416.0, opt, x86_64, command line: "C:\Program Files (x86)\Google\GoogleUpdater\142.0.7416.0\updater.exe" --crash-handler --system "--database=C:\Program Files (x86)\Google\GoogleUpdater\142.0.7416.0\Crashpad" --url=https://clients2.google.com/cr/report --annotation=prod=Update4 --annotation=ver=142.0.7416.0 "--attachment=C:\Program Files (x86)\Google\GoogleUpdater\updater.log" --initial-client-data=0x274,0x278,0x27c,0x250,0x280,0x7ff7d2247cc4,0x7ff7d2247cd0,0x7ff7d2247ce0
[24492:7404:0926/063907.100:VERBOSE1:chrome\updater\updater.cc:414] OS version: 10.0.26100.6584, System uptime (seconds): 149903, parent pid: 14740
[24492:7404:0926/063907.100:VERBOSE1:chrome\updater\updater.cc:325] available: 21287036K, total: 35422432K
[14740:14680:0926/063907.100:VERBOSE1:chrome\updater\crash_reporter.cc:120] Crash handler launched and ready.
[14740:14680:0926/063907.100:ERROR:chrome\updater\crash_client.cc:116] Failed to fetch completed crash reports: 3
[14740:14680:0926/063907.100:ERROR:chrome\updater\crash_client.cc:132] Failed to fetch pending crash reports: 3
[14740:14680:0926/063907.100:VERBOSE2:chrome\updater\usage_stats_permissions_win.cc:77] usage stats enabled by app {8a69d345-d564-463c-aff1-a69d9e530f96}
[14740:14680:0926/063907.100:ERROR:third_party\crashpad\crashpad\util\file\file_io_win.cc:181] CreateFile C:\Program Files (x86)\Google\GoogleUpdater\142.0.7416.0\Crashpad\settings.dat: Access is denied. (0x5)
[14740:14680:0926/063907.100:ERROR:third_party\crashpad\crashpad\util\file\file_io_win.cc:181] CreateFile C:\Program Files (x86)\Google\GoogleUpdater\142.0.7416.0\Crashpad\settings.dat: Access is denied. (0x5)
[14740:14680:0926/063907.100:VERBOSE1:chrome\updater\updater.cc:97] Crash reporting initialized.
[14740:14680:0926/063907.115:VERBOSE1:chrome\updater\updater.cc:147] IsUserAdmin: 0, IsUserNonElevatedAdmin: 0, IsUACOn: 1, IsElevatedWithUACOn: 0, LUA: 1
[14740:14680:0926/063907.115:VERBOSE1:chrome\updater\ipc\update_service_internal_proxy_win.cc:156] Run
[14740:25896:0926/063911.594:VERBOSE2:chrome\updater\ipc\update_service_internal_proxy_win.cc:65] Run result 0.
[14740:14680:0926/063911.594:VERBOSE1:chrome\updater\ipc\update_service_internal_proxy_win.cc:148] ~UpdateServiceInternalProxyImpl
[14740:27636:0926/063911.594:VERBOSE2:chrome\updater\ipc\proxy_impl_base_win.h:58] ~ProxyImplBase
[14740:14680:0926/063911.596:VERBOSE1:chrome\updater\updater.cc:423] UpdaterMain (--wake) returned 0.
[25936:24744:0926/063911.600:VERBOSE1:chrome\updater\app\app_wakeall.cc:67] `"C:\Program Files (x86)\Google\GoogleUpdater\142.0.7416.0\updater.exe" --wake --system` exited 0
[25936:28520:0926/063911.600:VERBOSE1:chrome\updater\updater.cc:423] UpdaterMain (--wake-all) returned 0.
[24492:7404:0926/063911.604:VERBOSE1:chrome\updater\updater.cc:423] UpdaterMain (--crash-handler) returned 0.
[18604:7476:0926/063911.606:VERBOSE1:chrome\updater\updater.cc:423] UpdaterMain (--crash-handler) returned 0.
[32916:28236:0926/113913.988:VERBOSE1:chrome\updater\updater.cc:411] Version: 142.0.7416.0, opt, x86_64, command line: "C:\Program Files (x86)\Google\GoogleUpdater\142.0.7416.0\updater.exe" --wake-all --system
[32916:28236:0926/113913.988:VERBOSE1:chrome\updater\updater.cc:414] OS version: 10.0.26100.6584, System uptime (seconds): 167908, parent pid: 9860
[32916:28236:0926/113913.988:VERBOSE1:chrome\updater\updater.cc:325] available: 11178272K, total: 35422432K
[15292:25212:0926/113914.051:VERBOSE1:chrome\updater\updater.cc:411] Version: 142.0.7416.0, opt, x86_64, command line: "C:\Program Files (x86)\Google\GoogleUpdater\142.0.7416.0\updater.exe" --crash-handler --system "--database=C:\Program Files (x86)\Google\GoogleUpdater\142.0.7416.0\Crashpad" --url=https://clients2.google.com/cr/report --annotation=prod=Update4 --annotation=ver=142.0.7416.0 "--attachment=C:\Program Files (x86)\Google\GoogleUpdater\updater.log" --initial-client-data=0x27c,0x280,0x284,0x278,0x288,0x7ff7d2247cc4,0x7ff7d2247cd0,0x7ff7d2247ce0
[15292:25212:0926/113914.051:VERBOSE1:chrome\updater\updater.cc:414] OS version: 10.0.26100.6584, System uptime (seconds): 167908, parent pid: 32916
[15292:25212:0926/113914.051:VERBOSE1:chrome\updater\updater.cc:325] available: 11176652K, total: 35422432K
[32916:28236:0926/113914.051:VERBOSE1:chrome\updater\crash_reporter.cc:120] Crash handler launched and ready.
[32916:28236:0926/113914.051:ERROR:chrome\updater\crash_client.cc:116] Failed to fetch completed crash reports: 3
[32916:28236:0926/113914.051:ERROR:chrome\updater\crash_client.cc:132] Failed to fetch pending crash reports: 3
[32916:28236:0926/113914.051:VERBOSE2:chrome\updater\usage_stats_permissions_win.cc:77] usage stats enabled by app {8a69d345-d564-463c-aff1-a69d9e530f96}
[32916:28236:0926/113914.051:ERROR:third_party\crashpad\crashpad\util\file\file_io_win.cc:181] CreateFile C:\Program Files (x86)\Google\GoogleUpdater\142.0.7416.0\Crashpad\settings.dat: Access is denied. (0x5)
[32916:28236:0926/113914.051:ERROR:third_party\crashpad\crashpad\util\file\file_io_win.cc:181] CreateFile C:\Program Files (x86)\Google\GoogleUpdater\142.0.7416.0\Crashpad\settings.dat: Access is denied. (0x5)
[32916:28236:0926/113914.051:VERBOSE1:chrome\updater\updater.cc:97] Crash reporting initialized.
[32916:28236:0926/113914.051:VERBOSE1:chrome\updater\updater.cc:147] IsUserAdmin: 0, IsUserNonElevatedAdmin: 0, IsUACOn: 1, IsElevatedWithUACOn: 0, LUA: 1
[32916:15248:0926/113914.067:VERBOSE1:chrome\updater\app\app_wakeall.cc:57] Launching `"C:\Program Files (x86)\Google\GoogleUpdater\142.0.7416.0\updater.exe" --wake --system`
[25832:28780:0926/113914.123:VERBOSE1:chrome\updater\updater.cc:411] Version: 142.0.7416.0, opt, x86_64, command line: "C:\Program Files (x86)\Google\GoogleUpdater\142.0.7416.0\updater.exe" --wake --system
[25832:28780:0926/113914.123:VERBOSE1:chrome\updater\updater.cc:414] OS version: 10.0.26100.6584, System uptime (seconds): 167908, parent pid: 32916
[25832:28780:0926/113914.123:VERBOSE1:chrome\updater\updater.cc:325] available: 11172668K, total: 35422432K
[29084:26744:0926/113914.176:VERBOSE1:chrome\updater\updater.cc:411] Version: 142.0.7416.0, opt, x86_64, command line: "C:\Program Files (x86)\Google\GoogleUpdater\142.0.7416.0\updater.exe" --crash-handler --system "--database=C:\Program Files (x86)\Google\GoogleUpdater\142.0.7416.0\Crashpad" --url=https://clients2.google.com/cr/report --annotation=prod=Update4 --annotation=ver=142.0.7416.0 "--attachment=C:\Program Files (x86)\Google\GoogleUpdater\updater.log" --initial-client-data=0x278,0x27c,0x280,0x254,0x284,0x7ff7d2247cc4,0x7ff7d2247cd0,0x7ff7d2247ce0
[29084:26744:0926/113914.176:VERBOSE1:chrome\updater\updater.cc:414] OS version: 10.0.26100.6584, System uptime (seconds): 167908, parent pid: 25832
[29084:26744:0926/113914.176:VERBOSE1:chrome\updater\updater.cc:325] available: 11170528K, total: 35422432K
[25832:28780:0926/113914.176:VERBOSE1:chrome\updater\crash_reporter.cc:120] Crash handler launched and ready.
[25832:28780:0926/113914.176:ERROR:chrome\updater\crash_client.cc:116] Failed to fetch completed crash reports: 3
[25832:28780:0926/113914.176:ERROR:chrome\updater\crash_client.cc:132] Failed to fetch pending crash reports: 3
[25832:28780:0926/113914.176:VERBOSE2:chrome\updater\usage_stats_permissions_win.cc:77] usage stats enabled by app {8a69d345-d564-463c-aff1-a69d9e530f96}
[25832:28780:0926/113914.176:ERROR:third_party\crashpad\crashpad\util\file\file_io_win.cc:181] CreateFile C:\Program Files (x86)\Google\GoogleUpdater\142.0.7416.0\Crashpad\settings.dat: Access is denied. (0x5)
[25832:28780:0926/113914.176:ERROR:third_party\crashpad\crashpad\util\file\file_io_win.cc:181] CreateFile C:\Program Files (x86)\Google\GoogleUpdater\142.0.7416.0\Crashpad\settings.dat: Access is denied. (0x5)
[25832:28780:0926/113914.176:VERBOSE1:chrome\updater\updater.cc:97] Crash reporting initialized.
[25832:28780:0926/113914.192:VERBOSE1:chrome\updater\updater.cc:147] IsUserAdmin: 0, IsUserNonElevatedAdmin: 0, IsUACOn: 1, IsElevatedWithUACOn: 0, LUA: 1
[25832:28780:0926/113914.192:VERBOSE1:chrome\updater\ipc\update_service_internal_proxy_win.cc:156] Run
[25832:13196:0926/113918.442:VERBOSE2:chrome\updater\ipc\update_service_internal_proxy_win.cc:65] Run result 0.
[25832:28780:0926/113918.442:VERBOSE1:chrome\updater\ipc\update_service_internal_proxy_win.cc:148] ~UpdateServiceInternalProxyImpl
[25832:12564:0926/113918.442:VERBOSE2:chrome\updater\ipc\proxy_impl_base_win.h:58] ~ProxyImplBase
[25832:28780:0926/113918.442:VERBOSE1:chrome\updater\updater.cc:423] UpdaterMain (--wake) returned 0.
[32916:15248:0926/113918.442:VERBOSE1:chrome\updater\app\app_wakeall.cc:67] `"C:\Program Files (x86)\Google\GoogleUpdater\142.0.7416.0\updater.exe" --wake --system` exited 0
[32916:28236:0926/113918.442:VERBOSE1:chrome\updater\updater.cc:423] UpdaterMain (--wake-all) returned 0.
[29084:26744:0926/113918.442:VERBOSE1:chrome\updater\updater.cc:423] UpdaterMain (--crash-handler) returned 0.
[15292:25212:0926/113918.458:VERBOSE1:chrome\updater\updater.cc:423] UpdaterMain (--crash-handler) returned 0.
[33320:35460:0926/163918.708:VERBOSE1:chrome\updater\updater.cc:411] Version: 142.0.7416.0, opt, x86_64, command line: "C:\Program Files (x86)\Google\GoogleUpdater\142.0.7416.0\updater.exe" --wake-all --system
[33320:35460:0926/163918.708:VERBOSE1:chrome\updater\updater.cc:414] OS version: 10.0.26100.6584, System uptime (seconds): 185913, parent pid: 9860
[33320:35460:0926/163918.708:VERBOSE1:chrome\updater\updater.cc:325] available: 14553900K, total: 35422432K
[18404:32208:0926/163918.770:VERBOSE1:chrome\updater\updater.cc:411] Version: 142.0.7416.0, opt, x86_64, command line: "C:\Program Files (x86)\Google\GoogleUpdater\142.0.7416.0\updater.exe" --crash-handler --system "--database=C:\Program Files (x86)\Google\GoogleUpdater\142.0.7416.0\Crashpad" --url=https://clients2.google.com/cr/report --annotation=prod=Update4 --annotation=ver=142.0.7416.0 "--attachment=C:\Program Files (x86)\Google\GoogleUpdater\updater.log" --initial-client-data=0x274,0x278,0x27c,0x250,0x280,0x7ff7d2247cc4,0x7ff7d2247cd0,0x7ff7d2247ce0
[18404:32208:0926/163918.770:VERBOSE1:chrome\updater\updater.cc:414] OS version: 10.0.26100.6584, System uptime (seconds): 185913, parent pid: 33320
[18404:32208:0926/163918.770:VERBOSE1:chrome\updater\updater.cc:325] available: 14552872K, total: 35422432K
[33320:35460:0926/163918.770:VERBOSE1:chrome\updater\crash_reporter.cc:120] Crash handler launched and ready.
[33320:35460:0926/163918.770:ERROR:chrome\updater\crash_client.cc:116] Failed to fetch completed crash reports: 3
[33320:35460:0926/163918.770:ERROR:chrome\updater\crash_client.cc:132] Failed to fetch pending crash reports: 3
[33320:35460:0926/163918.770:VERBOSE2:chrome\updater\usage_stats_permissions_win.cc:77] usage stats enabled by app {8a69d345-d564-463c-aff1-a69d9e530f96}
[33320:35460:0926/163918.770:ERROR:third_party\crashpad\crashpad\util\file\file_io_win.cc:181] CreateFile C:\Program Files (x86)\Google\GoogleUpdater\142.0.7416.0\Crashpad\settings.dat: Access is denied. (0x5)
[33320:35460:0926/163918.770:ERROR:third_party\crashpad\crashpad\util\file\file_io_win.cc:181] CreateFile C:\Program Files (x86)\Google\GoogleUpdater\142.0.7416.0\Crashpad\settings.dat: Access is denied. (0x5)
[33320:35460:0926/163918.770:VERBOSE1:chrome\updater\updater.cc:97] Crash reporting initialized.
[33320:35460:0926/163918.770:VERBOSE1:chrome\updater\updater.cc:147] IsUserAdmin: 0, IsUserNonElevatedAdmin: 0, IsUACOn: 1, IsElevatedWithUACOn: 0, LUA: 1
[33320:24620:0926/163918.770:VERBOSE1:chrome\updater\app\app_wakeall.cc:57] Launching `"C:\Program Files (x86)\Google\GoogleUpdater\142.0.7416.0\updater.exe" --wake --system`
[32172:18084:0926/163918.834:VERBOSE1:chrome\updater\updater.cc:411] Version: 142.0.7416.0, opt, x86_64, command line: "C:\Program Files (x86)\Google\GoogleUpdater\142.0.7416.0\updater.exe" --wake --system
[32172:18084:0926/163918.834:VERBOSE1:chrome\updater\updater.cc:414] OS version: 10.0.26100.6584, System uptime (seconds): 185913, parent pid: 33320
[32172:18084:0926/163918.834:VERBOSE1:chrome\updater\updater.cc:325] available: 14547920K, total: 35422432K
[17576:34188:0926/163918.896:VERBOSE1:chrome\updater\updater.cc:411] Version: 142.0.7416.0, opt, x86_64, command line: "C:\Program Files (x86)\Google\GoogleUpdater\142.0.7416.0\updater.exe" --crash-handler --system "--database=C:\Program Files (x86)\Google\GoogleUpdater\142.0.7416.0\Crashpad" --url=https://clients2.google.com/cr/report --annotation=prod=Update4 --annotation=ver=142.0.7416.0 "--attachment=C:\Program Files (x86)\Google\GoogleUpdater\updater.log" --initial-client-data=0x26c,0x270,0x274,0x248,0x278,0x7ff7d2247cc4,0x7ff7d2247cd0,0x7ff7d2247ce0
[17576:34188:0926/163918.896:VERBOSE1:chrome\updater\updater.cc:414] OS version: 10.0.26100.6584, System uptime (seconds): 185913, parent pid: 32172
[17576:34188:0926/163918.896:VERBOSE1:chrome\updater\updater.cc:325] available: 14546892K, total: 35422432K
[32172:18084:0926/163918.896:VERBOSE1:chrome\updater\crash_reporter.cc:120] Crash handler launched and ready.
[32172:18084:0926/163918.896:ERROR:chrome\updater\crash_client.cc:116] Failed to fetch completed crash reports: 3
[32172:18084:0926/163918.896:ERROR:chrome\updater\crash_client.cc:132] Failed to fetch pending crash reports: 3
[32172:18084:0926/163918.896:VERBOSE2:chrome\updater\usage_stats_permissions_win.cc:77] usage stats enabled by app {8a69d345-d564-463c-aff1-a69d9e530f96}
[32172:18084:0926/163918.896:ERROR:third_party\crashpad\crashpad\util\file\file_io_win.cc:181] CreateFile C:\Program Files (x86)\Google\GoogleUpdater\142.0.7416.0\Crashpad\settings.dat: Access is denied. (0x5)
[32172:18084:0926/163918.896:ERROR:third_party\crashpad\crashpad\util\file\file_io_win.cc:181] CreateFile C:\Program Files (x86)\Google\GoogleUpdater\142.0.7416.0\Crashpad\settings.dat: Access is denied. (0x5)
[32172:18084:0926/163918.896:VERBOSE1:chrome\updater\updater.cc:97] Crash reporting initialized.
[32172:18084:0926/163918.896:VERBOSE1:chrome\updater\updater.cc:147] IsUserAdmin: 0, IsUserNonElevatedAdmin: 0, IsUACOn: 1, IsElevatedWithUACOn: 0, LUA: 1
[32172:18084:0926/163918.915:VERBOSE1:chrome\updater\ipc\update_service_internal_proxy_win.cc:156] Run
[32172:14740:0926/163923.271:VERBOSE2:chrome\updater\ipc\update_service_internal_proxy_win.cc:65] Run result 0.
[32172:18084:0926/163923.271:VERBOSE1:chrome\updater\ipc\update_service_internal_proxy_win.cc:148] ~UpdateServiceInternalProxyImpl
[32172:29500:0926/163923.271:VERBOSE2:chrome\updater\ipc\proxy_impl_base_win.h:58] ~ProxyImplBase
[32172:18084:0926/163923.271:VERBOSE1:chrome\updater\updater.cc:423] UpdaterMain (--wake) returned 0.
[33320:24620:0926/163923.281:VERBOSE1:chrome\updater\app\app_wakeall.cc:67] `"C:\Program Files (x86)\Google\GoogleUpdater\142.0.7416.0\updater.exe" --wake --system` exited 0
[33320:35460:0926/163923.282:VERBOSE1:chrome\updater\updater.cc:423] UpdaterMain (--wake-all) returned 0.
[17576:34188:0926/163923.283:VERBOSE1:chrome\updater\updater.cc:423] UpdaterMain (--crash-handler) returned 0.
[18404:32208:0926/163923.287:VERBOSE1:chrome\updater\updater.cc:423] UpdaterMain (--crash-handler) returned 0.
[14872:35520:0926/213923.521:VERBOSE1:chrome\updater\updater.cc:411] Version: 142.0.7416.0, opt, x86_64, command line: "C:\Program Files (x86)\Google\GoogleUpdater\142.0.7416.0\updater.exe" --wake-all --system
[14872:35520:0926/213923.521:VERBOSE1:chrome\updater\updater.cc:414] OS version: 10.0.26100.6584, System uptime (seconds): 203918, parent pid: 9860
[14872:35520:0926/213923.521:VERBOSE1:chrome\updater\updater.cc:325] available: 16089672K, total: 35422432K
[16100:33492:0926/213923.604:VERBOSE1:chrome\updater\updater.cc:411] Version: 142.0.7416.0, opt, x86_64, command line: "C:\Program Files (x86)\Google\GoogleUpdater\142.0.7416.0\updater.exe" --crash-handler --system "--database=C:\Program Files (x86)\Google\GoogleUpdater\142.0.7416.0\Crashpad" --url=https://clients2.google.com/cr/report --annotation=prod=Update4 --annotation=ver=142.0.7416.0 "--attachment=C:\Program Files (x86)\Google\GoogleUpdater\updater.log" --initial-client-data=0x26c,0x270,0x274,0x248,0x278,0x7ff7d2247cc4,0x7ff7d2247cd0,0x7ff7d2247ce0
[16100:33492:0926/213923.604:VERBOSE1:chrome\updater\updater.cc:414] OS version: 10.0.26100.6584, System uptime (seconds): 203918, parent pid: 14872
[16100:33492:0926/213923.604:VERBOSE1:chrome\updater\updater.cc:325] available: 16085244K, total: 35422432K
[14872:35520:0926/213923.608:VERBOSE1:chrome\updater\crash_reporter.cc:120] Crash handler launched and ready.
[14872:35520:0926/213923.608:ERROR:chrome\updater\crash_client.cc:116] Failed to fetch completed crash reports: 3
[14872:35520:0926/213923.608:ERROR:chrome\updater\crash_client.cc:132] Failed to fetch pending crash reports: 3
[14872:35520:0926/213923.608:VERBOSE2:chrome\updater\usage_stats_permissions_win.cc:77] usage stats enabled by app {8a69d345-d564-463c-aff1-a69d9e530f96}
[14872:35520:0926/213923.608:ERROR:third_party\crashpad\crashpad\util\file\file_io_win.cc:181] CreateFile C:\Program Files (x86)\Google\GoogleUpdater\142.0.7416.0\Crashpad\settings.dat: Access is denied. (0x5)
[14872:35520:0926/213923.608:ERROR:third_party\crashpad\crashpad\util\file\file_io_win.cc:181] CreateFile C:\Program Files (x86)\Google\GoogleUpdater\142.0.7416.0\Crashpad\settings.dat: Access is denied. (0x5)
[14872:35520:0926/213923.608:VERBOSE1:chrome\updater\updater.cc:97] Crash reporting initialized.
[14872:35520:0926/213923.614:VERBOSE1:chrome\updater\updater.cc:147] IsUserAdmin: 0, IsUserNonElevatedAdmin: 0, IsUACOn: 1, IsElevatedWithUACOn: 0, LUA: 1
[14872:33084:0926/213923.614:VERBOSE1:chrome\updater\app\app_wakeall.cc:57] Launching `"C:\Program Files (x86)\Google\GoogleUpdater\142.0.7416.0\updater.exe" --wake --system`
[19472:32440:0926/213923.676:VERBOSE1:chrome\updater\updater.cc:411] Version: 142.0.7416.0, opt, x86_64, command line: "C:\Program Files (x86)\Google\GoogleUpdater\142.0.7416.0\updater.exe" --wake --system
[19472:32440:0926/213923.676:VERBOSE1:chrome\updater\updater.cc:414] OS version: 10.0.26100.6584, System uptime (seconds): 203918, parent pid: 14872
[19472:32440:0926/213923.676:VERBOSE1:chrome\updater\updater.cc:325] available: 16080100K, total: 35422432K
[35612:32820:0926/213923.739:VERBOSE1:chrome\updater\updater.cc:411] Version: 142.0.7416.0, opt, x86_64, command line: "C:\Program Files (x86)\Google\GoogleUpdater\142.0.7416.0\updater.exe" --crash-handler --system "--database=C:\Program Files (x86)\Google\GoogleUpdater\142.0.7416.0\Crashpad" --url=https://clients2.google.com/cr/report --annotation=prod=Update4 --annotation=ver=142.0.7416.0 "--attachment=C:\Program Files (x86)\Google\GoogleUpdater\updater.log" --initial-client-data=0x27c,0x280,0x284,0x240,0x288,0x7ff7d2247cc4,0x7ff7d2247cd0,0x7ff7d2247ce0
[35612:32820:0926/213923.739:VERBOSE1:chrome\updater\updater.cc:414] OS version: 10.0.26100.6584, System uptime (seconds): 203918, parent pid: 19472
[35612:32820:0926/213923.739:VERBOSE1:chrome\updater\updater.cc:325] available: 16078372K, total: 35422432K
[19472:32440:0926/213923.739:VERBOSE1:chrome\updater\crash_reporter.cc:120] Crash handler launched and ready.
[19472:32440:0926/213923.739:ERROR:chrome\updater\crash_client.cc:116] Failed to fetch completed crash reports: 3
[19472:32440:0926/213923.739:ERROR:chrome\updater\crash_client.cc:132] Failed to fetch pending crash reports: 3
[19472:32440:0926/213923.739:VERBOSE2:chrome\updater\usage_stats_permissions_win.cc:77] usage stats enabled by app {8a69d345-d564-463c-aff1-a69d9e530f96}
[19472:32440:0926/213923.739:ERROR:third_party\crashpad\crashpad\util\file\file_io_win.cc:181] CreateFile C:\Program Files (x86)\Google\GoogleUpdater\142.0.7416.0\Crashpad\settings.dat: Access is denied. (0x5)
[19472:32440:0926/213923.739:ERROR:third_party\crashpad\crashpad\util\file\file_io_win.cc:181] CreateFile C:\Program Files (x86)\Google\GoogleUpdater\142.0.7416.0\Crashpad\settings.dat: Access is denied. (0x5)
[19472:32440:0926/213923.739:VERBOSE1:chrome\updater\updater.cc:97] Crash reporting initialized.
[19472:32440:0926/213923.755:VERBOSE1:chrome\updater\updater.cc:147] IsUserAdmin: 0, IsUserNonElevatedAdmin: 0, IsUACOn: 1, IsElevatedWithUACOn: 0, LUA: 1
[19472:32440:0926/213923.759:VERBOSE1:chrome\updater\ipc\update_service_internal_proxy_win.cc:156] Run
[19472:30892:0926/213927.973:VERBOSE2:chrome\updater\ipc\update_service_internal_proxy_win.cc:65] Run result 0.
[19472:32440:0926/213927.973:VERBOSE1:chrome\updater\ipc\update_service_internal_proxy_win.cc:148] ~UpdateServiceInternalProxyImpl
[19472:17028:0926/213927.973:VERBOSE2:chrome\updater\ipc\proxy_impl_base_win.h:58] ~ProxyImplBase
[19472:32440:0926/213927.973:VERBOSE1:chrome\updater\updater.cc:423] UpdaterMain (--wake) returned 0.
[14872:33084:0926/213927.973:VERBOSE1:chrome\updater\app\app_wakeall.cc:67] `"C:\Program Files (x86)\Google\GoogleUpdater\142.0.7416.0\updater.exe" --wake --system` exited 0
[14872:35520:0926/213927.983:VERBOSE1:chrome\updater\updater.cc:423] UpdaterMain (--wake-all) returned 0.
[35612:32820:0926/213927.983:VERBOSE1:chrome\updater\updater.cc:423] UpdaterMain (--crash-handler) returned 0.
[16100:33492:0926/213927.989:VERBOSE1:chrome\updater\updater.cc:423] UpdaterMain (--crash-handler) returned 0.
[3744:30192:0927/023928.234:VERBOSE1:chrome\updater\updater.cc:411] Version: 142.0.7416.0, opt, x86_64, command line: "C:\Program Files (x86)\Google\GoogleUpdater\142.0.7416.0\updater.exe" --wake-all --system
[3744:30192:0927/023928.234:VERBOSE1:chrome\updater\updater.cc:414] OS version: 10.0.26100.6584, System uptime (seconds): 221922, parent pid: 9860
[3744:30192:0927/023928.234:VERBOSE1:chrome\updater\updater.cc:325] available: 15056380K, total: 35422432K
[31876:35000:0927/023928.295:VERBOSE1:chrome\updater\updater.cc:411] Version: 142.0.7416.0, opt, x86_64, command line: "C:\Program Files (x86)\Google\GoogleUpdater\142.0.7416.0\updater.exe" --crash-handler --system "--database=C:\Program Files (x86)\Google\GoogleUpdater\142.0.7416.0\Crashpad" --url=https://clients2.google.com/cr/report --annotation=prod=Update4 --annotation=ver=142.0.7416.0 "--attachment=C:\Program Files (x86)\Google\GoogleUpdater\updater.log" --initial-client-data=0x26c,0x270,0x274,0x248,0x278,0x7ff7d2247cc4,0x7ff7d2247cd0,0x7ff7d2247ce0
[31876:35000:0927/023928.295:VERBOSE1:chrome\updater\updater.cc:414] OS version: 10.0.26100.6584, System uptime (seconds): 221922, parent pid: 3744
[31876:35000:0927/023928.295:VERBOSE1:chrome\updater\updater.cc:325] available: 15057596K, total: 35422432K
[3744:30192:0927/023928.297:VERBOSE1:chrome\updater\crash_reporter.cc:120] Crash handler launched and ready.
[3744:30192:0927/023928.297:ERROR:chrome\updater\crash_client.cc:116] Failed to fetch completed crash reports: 3
[3744:30192:0927/023928.297:ERROR:chrome\updater\crash_client.cc:132] Failed to fetch pending crash reports: 3
[3744:30192:0927/023928.297:VERBOSE2:chrome\updater\usage_stats_permissions_win.cc:77] usage stats enabled by app {8a69d345-d564-463c-aff1-a69d9e530f96}
[3744:30192:0927/023928.299:ERROR:third_party\crashpad\crashpad\util\file\file_io_win.cc:181] CreateFile C:\Program Files (x86)\Google\GoogleUpdater\142.0.7416.0\Crashpad\settings.dat: Access is denied. (0x5)
[3744:30192:0927/023928.299:ERROR:third_party\crashpad\crashpad\util\file\file_io_win.cc:181] CreateFile C:\Program Files (x86)\Google\GoogleUpdater\142.0.7416.0\Crashpad\settings.dat: Access is denied. (0x5)
[3744:30192:0927/023928.299:VERBOSE1:chrome\updater\updater.cc:97] Crash reporting initialized.
[3744:30192:0927/023928.301:VERBOSE1:chrome\updater\updater.cc:147] IsUserAdmin: 0, IsUserNonElevatedAdmin: 0, IsUACOn: 1, IsElevatedWithUACOn: 0, LUA: 1
[3744:26828:0927/023928.309:VERBOSE1:chrome\updater\app\app_wakeall.cc:57] Launching `"C:\Program Files (x86)\Google\GoogleUpdater\142.0.7416.0\updater.exe" --wake --system`
[31392:16348:0927/023928.365:VERBOSE1:chrome\updater\updater.cc:411] Version: 142.0.7416.0, opt, x86_64, command line: "C:\Program Files (x86)\Google\GoogleUpdater\142.0.7416.0\updater.exe" --wake --system
[31392:16348:0927/023928.365:VERBOSE1:chrome\updater\updater.cc:414] OS version: 10.0.26100.6584, System uptime (seconds): 221922, parent pid: 3744
[31392:16348:0927/023928.365:VERBOSE1:chrome\updater\updater.cc:325] available: 15053644K, total: 35422432K
[16312:34896:0927/023928.427:VERBOSE1:chrome\updater\updater.cc:411] Version: 142.0.7416.0, opt, x86_64, command line: "C:\Program Files (x86)\Google\GoogleUpdater\142.0.7416.0\updater.exe" --crash-handler --system "--database=C:\Program Files (x86)\Google\GoogleUpdater\142.0.7416.0\Crashpad" --url=https://clients2.google.com/cr/report --annotation=prod=Update4 --annotation=ver=142.0.7416.0 "--attachment=C:\Program Files (x86)\Google\GoogleUpdater\updater.log" --initial-client-data=0x26c,0x270,0x274,0x24c,0x278,0x7ff7d2247cc4,0x7ff7d2247cd0,0x7ff7d2247ce0
[16312:34896:0927/023928.427:VERBOSE1:chrome\updater\updater.cc:414] OS version: 10.0.26100.6584, System uptime (seconds): 221922, parent pid: 31392
[16312:34896:0927/023928.427:VERBOSE1:chrome\updater\updater.cc:325] available: 15052364K, total: 35422432K
[31392:16348:0927/023928.427:VERBOSE1:chrome\updater\crash_reporter.cc:120] Crash handler launched and ready.
[31392:16348:0927/023928.427:ERROR:chrome\updater\crash_client.cc:116] Failed to fetch completed crash reports: 3
[31392:16348:0927/023928.427:ERROR:chrome\updater\crash_client.cc:132] Failed to fetch pending crash reports: 3
[31392:16348:0927/023928.427:VERBOSE2:chrome\updater\usage_stats_permissions_win.cc:77] usage stats enabled by app {8a69d345-d564-463c-aff1-a69d9e530f96}
[31392:16348:0927/023928.427:ERROR:third_party\crashpad\crashpad\util\file\file_io_win.cc:181] CreateFile C:\Program Files (x86)\Google\GoogleUpdater\142.0.7416.0\Crashpad\settings.dat: Access is denied. (0x5)
[31392:16348:0927/023928.427:ERROR:third_party\crashpad\crashpad\util\file\file_io_win.cc:181] CreateFile C:\Program Files (x86)\Google\GoogleUpdater\142.0.7416.0\Crashpad\settings.dat: Access is denied. (0x5)
[31392:16348:0927/023928.427:VERBOSE1:chrome\updater\updater.cc:97] Crash reporting initialized.
[31392:16348:0927/023928.427:VERBOSE1:chrome\updater\updater.cc:147] IsUserAdmin: 0, IsUserNonElevatedAdmin: 0, IsUACOn: 1, IsElevatedWithUACOn: 0, LUA: 1
[31392:16348:0927/023928.427:VERBOSE1:chrome\updater\ipc\update_service_internal_proxy_win.cc:156] Run
[31392:17824:0927/023932.790:VERBOSE2:chrome\updater\ipc\update_service_internal_proxy_win.cc:65] Run result 0.
[31392:16348:0927/023932.791:VERBOSE1:chrome\updater\ipc\update_service_internal_proxy_win.cc:148] ~UpdateServiceInternalProxyImpl
[31392:27008:0927/023932.791:VERBOSE2:chrome\updater\ipc\proxy_impl_base_win.h:58] ~ProxyImplBase
[31392:16348:0927/023932.792:VERBOSE1:chrome\updater\updater.cc:423] UpdaterMain (--wake) returned 0.
[3744:26828:0927/023932.804:VERBOSE1:chrome\updater\app\app_wakeall.cc:67] `"C:\Program Files (x86)\Google\GoogleUpdater\142.0.7416.0\updater.exe" --wake --system` exited 0
[3744:30192:0927/023932.806:VERBOSE1:chrome\updater\updater.cc:423] UpdaterMain (--wake-all) returned 0.
[16312:34896:0927/023932.807:VERBOSE1:chrome\updater\updater.cc:423] UpdaterMain (--crash-handler) returned 0.
[31876:35000:0927/023932.811:VERBOSE1:chrome\updater\updater.cc:423] UpdaterMain (--crash-handler) returned 0.
[30316:7872:0927/073933.052:VERBOSE1:chrome\updater\updater.cc:411] Version: 142.0.7416.0, opt, x86_64, command line: "C:\Program Files (x86)\Google\GoogleUpdater\142.0.7416.0\updater.exe" --wake-all --system
[30316:7872:0927/073933.052:VERBOSE1:chrome\updater\updater.cc:414] OS version: 10.0.26100.6584, System uptime (seconds): 239927, parent pid: 9860
[30316:7872:0927/073933.052:VERBOSE1:chrome\updater\updater.cc:325] available: 15070660K, total: 35422432K
[14568:33456:0927/073933.113:VERBOSE1:chrome\updater\updater.cc:411] Version: 142.0.7416.0, opt, x86_64, command line: "C:\Program Files (x86)\Google\GoogleUpdater\142.0.7416.0\updater.exe" --crash-handler --system "--database=C:\Program Files (x86)\Google\GoogleUpdater\142.0.7416.0\Crashpad" --url=https://clients2.google.com/cr/report --annotation=prod=Update4 --annotation=ver=142.0.7416.0 "--attachment=C:\Program Files (x86)\Google\GoogleUpdater\updater.log" --initial-client-data=0x26c,0x270,0x274,0x250,0x278,0x7ff7d2247cc4,0x7ff7d2247cd0,0x7ff7d2247ce0
[14568:33456:0927/073933.113:VERBOSE1:chrome\updater\updater.cc:414] OS version: 10.0.26100.6584, System uptime (seconds): 239927, parent pid: 30316
[14568:33456:0927/073933.113:VERBOSE1:chrome\updater\updater.cc:325] available: 15067408K, total: 35422432K
[30316:7872:0927/073933.113:VERBOSE1:chrome\updater\crash_reporter.cc:120] Crash handler launched and ready.
[30316:7872:0927/073933.113:ERROR:chrome\updater\crash_client.cc:116] Failed to fetch completed crash reports: 3
[30316:7872:0927/073933.113:ERROR:chrome\updater\crash_client.cc:132] Failed to fetch pending crash reports: 3
[30316:7872:0927/073933.113:VERBOSE2:chrome\updater\usage_stats_permissions_win.cc:77] usage stats enabled by app {8a69d345-d564-463c-aff1-a69d9e530f96}
[30316:7872:0927/073933.113:ERROR:third_party\crashpad\crashpad\util\file\file_io_win.cc:181] CreateFile C:\Program Files (x86)\Google\GoogleUpdater\142.0.7416.0\Crashpad\settings.dat: Access is denied. (0x5)
[30316:7872:0927/073933.113:ERROR:third_party\crashpad\crashpad\util\file\file_io_win.cc:181] CreateFile C:\Program Files (x86)\Google\GoogleUpdater\142.0.7416.0\Crashpad\settings.dat: Access is denied. (0x5)
[30316:7872:0927/073933.113:VERBOSE1:chrome\updater\updater.cc:97] Crash reporting initialized.
[30316:7872:0927/073933.113:VERBOSE1:chrome\updater\updater.cc:147] IsUserAdmin: 0, IsUserNonElevatedAdmin: 0, IsUACOn: 1, IsElevatedWithUACOn: 0, LUA: 1
[30316:29292:0927/073933.129:VERBOSE1:chrome\updater\app\app_wakeall.cc:57] Launching `"C:\Program Files (x86)\Google\GoogleUpdater\142.0.7416.0\updater.exe" --wake --system`
[30532:34068:0927/073933.192:VERBOSE1:chrome\updater\updater.cc:411] Version: 142.0.7416.0, opt, x86_64, command line: "C:\Program Files (x86)\Google\GoogleUpdater\142.0.7416.0\updater.exe" --wake --system
[30532:34068:0927/073933.192:VERBOSE1:chrome\updater\updater.cc:414] OS version: 10.0.26100.6584, System uptime (seconds): 239927, parent pid: 30316
[30532:34068:0927/073933.192:VERBOSE1:chrome\updater\updater.cc:325] available: 15063604K, total: 35422432K
[34188:23740:0927/073933.244:VERBOSE1:chrome\updater\updater.cc:411] Version: 142.0.7416.0, opt, x86_64, command line: "C:\Program Files (x86)\Google\GoogleUpdater\142.0.7416.0\updater.exe" --crash-handler --system "--database=C:\Program Files (x86)\Google\GoogleUpdater\142.0.7416.0\Crashpad" --url=https://clients2.google.com/cr/report --annotation=prod=Update4 --annotation=ver=142.0.7416.0 "--attachment=C:\Program Files (x86)\Google\GoogleUpdater\updater.log" --initial-client-data=0x26c,0x270,0x274,0x248,0x278,0x7ff7d2247cc4,0x7ff7d2247cd0,0x7ff7d2247ce0
[34188:23740:0927/073933.244:VERBOSE1:chrome\updater\updater.cc:414] OS version: 10.0.26100.6584, System uptime (seconds): 239927, parent pid: 30532
[34188:23740:0927/073933.244:VERBOSE1:chrome\updater\updater.cc:325] available: 15063140K, total: 35422432K
[30532:34068:0927/073933.255:VERBOSE1:chrome\updater\crash_reporter.cc:120] Crash handler launched and ready.
[30532:34068:0927/073933.255:ERROR:chrome\updater\crash_client.cc:116] Failed to fetch completed crash reports: 3
[30532:34068:0927/073933.255:ERROR:chrome\updater\crash_client.cc:132] Failed to fetch pending crash reports: 3
[30532:34068:0927/073933.255:VERBOSE2:chrome\updater\usage_stats_permissions_win.cc:77] usage stats enabled by app {8a69d345-d564-463c-aff1-a69d9e530f96}
[30532:34068:0927/073933.255:ERROR:third_party\crashpad\crashpad\util\file\file_io_win.cc:181] CreateFile C:\Program Files (x86)\Google\GoogleUpdater\142.0.7416.0\Crashpad\settings.dat: Access is denied. (0x5)
[30532:34068:0927/073933.255:ERROR:third_party\crashpad\crashpad\util\file\file_io_win.cc:181] CreateFile C:\Program Files (x86)\Google\GoogleUpdater\142.0.7416.0\Crashpad\settings.dat: Access is denied. (0x5)
[30532:34068:0927/073933.255:VERBOSE1:chrome\updater\updater.cc:97] Crash reporting initialized.
[30532:34068:0927/073933.255:VERBOSE1:chrome\updater\updater.cc:147] IsUserAdmin: 0, IsUserNonElevatedAdmin: 0, IsUACOn: 1, IsElevatedWithUACOn: 0, LUA: 1
[30532:34068:0927/073933.255:VERBOSE1:chrome\updater\ipc\update_service_internal_proxy_win.cc:156] Run
[30532:35184:0927/073937.750:VERBOSE2:chrome\updater\ipc\update_service_internal_proxy_win.cc:65] Run result 0.
[30532:34068:0927/073937.750:VERBOSE1:chrome\updater\ipc\update_service_internal_proxy_win.cc:148] ~UpdateServiceInternalProxyImpl
[30532:23896:0927/073937.750:VERBOSE2:chrome\updater\ipc\proxy_impl_base_win.h:58] ~ProxyImplBase
[30532:34068:0927/073937.750:VERBOSE1:chrome\updater\updater.cc:423] UpdaterMain (--wake) returned 0.
[30316:29292:0927/073937.756:VERBOSE1:chrome\updater\app\app_wakeall.cc:67] `"C:\Program Files (x86)\Google\GoogleUpdater\142.0.7416.0\updater.exe" --wake --system` exited 0
[30316:7872:0927/073937.757:VERBOSE1:chrome\updater\updater.cc:423] UpdaterMain (--wake-all) returned 0.
[34188:23740:0927/073937.758:VERBOSE1:chrome\updater\updater.cc:423] UpdaterMain (--crash-handler) returned 0.
[14568:33456:0927/073937.763:VERBOSE1:chrome\updater\updater.cc:423] UpdaterMain (--crash-handler) returned 0.
[28876:21828:0927/123940.140:VERBOSE1:chrome\updater\updater.cc:411] Version: 142.0.7416.0, opt, x86_64, command line: "C:\Program Files (x86)\Google\GoogleUpdater\142.0.7416.0\updater.exe" --wake-all --system
[28876:21828:0927/123940.140:VERBOSE1:chrome\updater\updater.cc:414] OS version: 10.0.26100.6584, System uptime (seconds): 257932, parent pid: 9860
[28876:21828:0927/123940.140:VERBOSE1:chrome\updater\updater.cc:325] available: 15265652K, total: 35422432K
[30680:25820:0927/123940.203:VERBOSE1:chrome\updater\updater.cc:411] Version: 142.0.7416.0, opt, x86_64, command line: "C:\Program Files (x86)\Google\GoogleUpdater\142.0.7416.0\updater.exe" --crash-handler --system "--database=C:\Program Files (x86)\Google\GoogleUpdater\142.0.7416.0\Crashpad" --url=https://clients2.google.com/cr/report --annotation=prod=Update4 --annotation=ver=142.0.7416.0 "--attachment=C:\Program Files (x86)\Google\GoogleUpdater\updater.log" --initial-client-data=0x26c,0x270,0x274,0x248,0x278,0x7ff7d2247cc4,0x7ff7d2247cd0,0x7ff7d2247ce0
[30680:25820:0927/123940.203:VERBOSE1:chrome\updater\updater.cc:414] OS version: 10.0.26100.6584, System uptime (seconds): 257932, parent pid: 28876
[30680:25820:0927/123940.203:VERBOSE1:chrome\updater\updater.cc:325] available: 15263600K, total: 35422432K
[28876:21828:0927/123940.203:VERBOSE1:chrome\updater\crash_reporter.cc:120] Crash handler launched and ready.
[28876:21828:0927/123940.203:ERROR:chrome\updater\crash_client.cc:116] Failed to fetch completed crash reports: 3
[28876:21828:0927/123940.203:ERROR:chrome\updater\crash_client.cc:132] Failed to fetch pending crash reports: 3
[28876:21828:0927/123940.203:VERBOSE2:chrome\updater\usage_stats_permissions_win.cc:77] usage stats enabled by app {8a69d345-d564-463c-aff1-a69d9e530f96}
[28876:21828:0927/123940.203:ERROR:third_party\crashpad\crashpad\util\file\file_io_win.cc:181] CreateFile C:\Program Files (x86)\Google\GoogleUpdater\142.0.7416.0\Crashpad\settings.dat: Access is denied. (0x5)
[28876:21828:0927/123940.219:ERROR:third_party\crashpad\crashpad\util\file\file_io_win.cc:181] CreateFile C:\Program Files (x86)\Google\GoogleUpdater\142.0.7416.0\Crashpad\settings.dat: Access is denied. (0x5)
[28876:21828:0927/123940.219:VERBOSE1:chrome\updater\updater.cc:97] Crash reporting initialized.
[28876:21828:0927/123940.219:VERBOSE1:chrome\updater\updater.cc:147] IsUserAdmin: 0, IsUserNonElevatedAdmin: 0, IsUACOn: 1, IsElevatedWithUACOn: 0, LUA: 1
[28876:22900:0927/123940.219:VERBOSE1:chrome\updater\app\app_wakeall.cc:57] Launching `"C:\Program Files (x86)\Google\GoogleUpdater\142.0.7416.0\updater.exe" --wake --system`
[31076:3772:0927/123940.282:VERBOSE1:chrome\updater\updater.cc:411] Version: 142.0.7416.0, opt, x86_64, command line: "C:\Program Files (x86)\Google\GoogleUpdater\142.0.7416.0\updater.exe" --wake --system
[31076:3772:0927/123940.282:VERBOSE1:chrome\updater\updater.cc:414] OS version: 10.0.26100.6584, System uptime (seconds): 257932, parent pid: 28876
[31076:3772:0927/123940.282:VERBOSE1:chrome\updater\updater.cc:325] available: 15259032K, total: 35422432K
[29084:33612:0927/123940.344:VERBOSE1:chrome\updater\updater.cc:411] Version: 142.0.7416.0, opt, x86_64, command line: "C:\Program Files (x86)\Google\GoogleUpdater\142.0.7416.0\updater.exe" --crash-handler --system "--database=C:\Program Files (x86)\Google\GoogleUpdater\142.0.7416.0\Crashpad" --url=https://clients2.google.com/cr/report --annotation=prod=Update4 --annotation=ver=142.0.7416.0 "--attachment=C:\Program Files (x86)\Google\GoogleUpdater\updater.log" --initial-client-data=0x278,0x27c,0x280,0x234,0x284,0x7ff7d2247cc4,0x7ff7d2247cd0,0x7ff7d2247ce0
[29084:33612:0927/123940.344:VERBOSE1:chrome\updater\updater.cc:414] OS version: 10.0.26100.6584, System uptime (seconds): 257932, parent pid: 31076
[29084:33612:0927/123940.344:VERBOSE1:chrome\updater\updater.cc:325] available: 15255348K, total: 35422432K
[31076:3772:0927/123940.344:VERBOSE1:chrome\updater\crash_reporter.cc:120] Crash handler launched and ready.
[31076:3772:0927/123940.344:ERROR:chrome\updater\crash_client.cc:116] Failed to fetch completed crash reports: 3
[31076:3772:0927/123940.344:ERROR:chrome\updater\crash_client.cc:132] Failed to fetch pending crash reports: 3
[31076:3772:0927/123940.344:VERBOSE2:chrome\updater\usage_stats_permissions_win.cc:77] usage stats enabled by app {8a69d345-d564-463c-aff1-a69d9e530f96}
[31076:3772:0927/123940.344:ERROR:third_party\crashpad\crashpad\util\file\file_io_win.cc:181] CreateFile C:\Program Files (x86)\Google\GoogleUpdater\142.0.7416.0\Crashpad\settings.dat: Access is denied. (0x5)
[31076:3772:0927/123940.344:ERROR:third_party\crashpad\crashpad\util\file\file_io_win.cc:181] CreateFile C:\Program Files (x86)\Google\GoogleUpdater\142.0.7416.0\Crashpad\settings.dat: Access is denied. (0x5)
[31076:3772:0927/123940.344:VERBOSE1:chrome\updater\updater.cc:97] Crash reporting initialized.
[31076:3772:0927/123940.344:VERBOSE1:chrome\updater\updater.cc:147] IsUserAdmin: 0, IsUserNonElevatedAdmin: 0, IsUACOn: 1, IsElevatedWithUACOn: 0, LUA: 1
[31076:3772:0927/123940.360:VERBOSE1:chrome\updater\ipc\update_service_internal_proxy_win.cc:156] Run
[31076:34776:0927/123945.645:VERBOSE2:chrome\updater\ipc\update_service_internal_proxy_win.cc:65] Run result 0.
[31076:3772:0927/123945.645:VERBOSE1:chrome\updater\ipc\update_service_internal_proxy_win.cc:148] ~UpdateServiceInternalProxyImpl
[31076:29860:0927/123945.645:VERBOSE2:chrome\updater\ipc\proxy_impl_base_win.h:58] ~ProxyImplBase
[31076:3772:0927/123945.645:VERBOSE1:chrome\updater\updater.cc:423] UpdaterMain (--wake) returned 0.
[28876:22900:0927/123945.649:VERBOSE1:chrome\updater\app\app_wakeall.cc:67] `"C:\Program Files (x86)\Google\GoogleUpdater\142.0.7416.0\updater.exe" --wake --system` exited 0
[28876:21828:0927/123945.651:VERBOSE1:chrome\updater\updater.cc:423] UpdaterMain (--wake-all) returned 0.
[29084:33612:0927/123945.651:VERBOSE1:chrome\updater\updater.cc:423] UpdaterMain (--crash-handler) returned 0.
[30680:25820:0927/123945.653:VERBOSE1:chrome\updater\updater.cc:423] UpdaterMain (--crash-handler) returned 0.
[15808:34580:0927/173945.891:VERBOSE1:chrome\updater\updater.cc:411] Version: 142.0.7416.0, opt, x86_64, command line: "C:\Program Files (x86)\Google\GoogleUpdater\142.0.7416.0\updater.exe" --wake-all --system
[15808:34580:0927/173945.891:VERBOSE1:chrome\updater\updater.cc:414] OS version: 10.0.26100.6584, System uptime (seconds): 275938, parent pid: 9860
[15808:34580:0927/173945.891:VERBOSE1:chrome\updater\updater.cc:325] available: 15123232K, total: 35422432K
[956:19152:0927/173945.953:VERBOSE1:chrome\updater\updater.cc:411] Version: 142.0.7416.0, opt, x86_64, command line: "C:\Program Files (x86)\Google\GoogleUpdater\142.0.7416.0\updater.exe" --crash-handler --system "--database=C:\Program Files (x86)\Google\GoogleUpdater\142.0.7416.0\Crashpad" --url=https://clients2.google.com/cr/report --annotation=prod=Update4 --annotation=ver=142.0.7416.0 "--attachment=C:\Program Files (x86)\Google\GoogleUpdater\updater.log" --initial-client-data=0x270,0x274,0x278,0x24c,0x27c,0x7ff7d2247cc4,0x7ff7d2247cd0,0x7ff7d2247ce0
[956:19152:0927/173945.953:VERBOSE1:chrome\updater\updater.cc:414] OS version: 10.0.26100.6584, System uptime (seconds): 275938, parent pid: 15808
[956:19152:0927/173945.953:VERBOSE1:chrome\updater\updater.cc:325] available: 15123036K, total: 35422432K
[15808:34580:0927/173945.953:VERBOSE1:chrome\updater\crash_reporter.cc:120] Crash handler launched and ready.
[15808:34580:0927/173945.953:ERROR:chrome\updater\crash_client.cc:116] Failed to fetch completed crash reports: 3
[15808:34580:0927/173945.953:ERROR:chrome\updater\crash_client.cc:132] Failed to fetch pending crash reports: 3
[15808:34580:0927/173945.953:VERBOSE2:chrome\updater\usage_stats_permissions_win.cc:77] usage stats enabled by app {8a69d345-d564-463c-aff1-a69d9e530f96}
[15808:34580:0927/173945.953:ERROR:third_party\crashpad\crashpad\util\file\file_io_win.cc:181] CreateFile C:\Program Files (x86)\Google\GoogleUpdater\142.0.7416.0\Crashpad\settings.dat: Access is denied. (0x5)
[15808:34580:0927/173945.953:ERROR:third_party\crashpad\crashpad\util\file\file_io_win.cc:181] CreateFile C:\Program Files (x86)\Google\GoogleUpdater\142.0.7416.0\Crashpad\settings.dat: Access is denied. (0x5)
[15808:34580:0927/173945.953:VERBOSE1:chrome\updater\updater.cc:97] Crash reporting initialized.
[15808:34580:0927/173945.953:VERBOSE1:chrome\updater\updater.cc:147] IsUserAdmin: 0, IsUserNonElevatedAdmin: 0, IsUACOn: 1, IsElevatedWithUACOn: 0, LUA: 1
[15808:26192:0927/173945.969:VERBOSE1:chrome\updater\app\app_wakeall.cc:57] Launching `"C:\Program Files (x86)\Google\GoogleUpdater\142.0.7416.0\updater.exe" --wake --system`
[27292:32112:0927/173946.016:VERBOSE1:chrome\updater\updater.cc:411] Version: 142.0.7416.0, opt, x86_64, command line: "C:\Program Files (x86)\Google\GoogleUpdater\142.0.7416.0\updater.exe" --wake --system
[27292:32112:0927/173946.016:VERBOSE1:chrome\updater\updater.cc:414] OS version: 10.0.26100.6584, System uptime (seconds): 275938, parent pid: 15808
[27292:32112:0927/173946.016:VERBOSE1:chrome\updater\updater.cc:325] available: 15119916K, total: 35422432K
[17916:35024:0927/173946.079:VERBOSE1:chrome\updater\updater.cc:411] Version: 142.0.7416.0, opt, x86_64, command line: "C:\Program Files (x86)\Google\GoogleUpdater\142.0.7416.0\updater.exe" --crash-handler --system "--database=C:\Program Files (x86)\Google\GoogleUpdater\142.0.7416.0\Crashpad" --url=https://clients2.google.com/cr/report --annotation=prod=Update4 --annotation=ver=142.0.7416.0 "--attachment=C:\Program Files (x86)\Google\GoogleUpdater\updater.log" --initial-client-data=0x26c,0x270,0x274,0x248,0x278,0x7ff7d2247cc4,0x7ff7d2247cd0,0x7ff7d2247ce0
[17916:35024:0927/173946.079:VERBOSE1:chrome\updater\updater.cc:414] OS version: 10.0.26100.6584, System uptime (seconds): 275938, parent pid: 27292
[17916:35024:0927/173946.079:VERBOSE1:chrome\updater\updater.cc:325] available: 15117536K, total: 35422432K
[27292:32112:0927/173946.079:VERBOSE1:chrome\updater\crash_reporter.cc:120] Crash handler launched and ready.
[27292:32112:0927/173946.079:ERROR:chrome\updater\crash_client.cc:116] Failed to fetch completed crash reports: 3
[27292:32112:0927/173946.079:ERROR:chrome\updater\crash_client.cc:132] Failed to fetch pending crash reports: 3
[27292:32112:0927/173946.079:VERBOSE2:chrome\updater\usage_stats_permissions_win.cc:77] usage stats enabled by app {8a69d345-d564-463c-aff1-a69d9e530f96}
[27292:32112:0927/173946.093:ERROR:third_party\crashpad\crashpad\util\file\file_io_win.cc:181] CreateFile C:\Program Files (x86)\Google\GoogleUpdater\142.0.7416.0\Crashpad\settings.dat: Access is denied. (0x5)
[27292:32112:0927/173946.093:ERROR:third_party\crashpad\crashpad\util\file\file_io_win.cc:181] CreateFile C:\Program Files (x86)\Google\GoogleUpdater\142.0.7416.0\Crashpad\settings.dat: Access is denied. (0x5)
[27292:32112:0927/173946.093:VERBOSE1:chrome\updater\updater.cc:97] Crash reporting initialized.
[27292:32112:0927/173946.093:VERBOSE1:chrome\updater\updater.cc:147] IsUserAdmin: 0, IsUserNonElevatedAdmin: 0, IsUACOn: 1, IsElevatedWithUACOn: 0, LUA: 1
[27292:32112:0927/173946.104:VERBOSE1:chrome\updater\ipc\update_service_internal_proxy_win.cc:156] Run
[27292:32904:0927/173950.094:VERBOSE2:chrome\updater\ipc\update_service_internal_proxy_win.cc:65] Run result 0.
[27292:32112:0927/173950.094:VERBOSE1:chrome\updater\ipc\update_service_internal_proxy_win.cc:148] ~UpdateServiceInternalProxyImpl
[27292:28312:0927/173950.094:VERBOSE2:chrome\updater\ipc\proxy_impl_base_win.h:58] ~ProxyImplBase
[27292:32112:0927/173950.094:VERBOSE1:chrome\updater\updater.cc:423] UpdaterMain (--wake) returned 0.
[15808:26192:0927/173950.102:VERBOSE1:chrome\updater\app\app_wakeall.cc:67] `"C:\Program Files (x86)\Google\GoogleUpdater\142.0.7416.0\updater.exe" --wake --system` exited 0
[15808:34580:0927/173950.103:VERBOSE1:chrome\updater\updater.cc:423] UpdaterMain (--wake-all) returned 0.
[17916:35024:0927/173950.104:VERBOSE1:chrome\updater\updater.cc:423] UpdaterMain (--crash-handler) returned 0.
[956:19152:0927/173950.108:VERBOSE1:chrome\updater\updater.cc:423] UpdaterMain (--crash-handler) returned 0.
[16428:33272:0927/223950.345:VERBOSE1:chrome\updater\updater.cc:411] Version: 142.0.7416.0, opt, x86_64, command line: "C:\Program Files (x86)\Google\GoogleUpdater\142.0.7416.0\updater.exe" --wake-all --system
[16428:33272:0927/223950.345:VERBOSE1:chrome\updater\updater.cc:414] OS version: 10.0.26100.6584, System uptime (seconds): 293942, parent pid: 9860
[16428:33272:0927/223950.346:VERBOSE1:chrome\updater\updater.cc:325] available: 15075112K, total: 35422432K
[34712:18268:0927/223950.406:VERBOSE1:chrome\updater\updater.cc:411] Version: 142.0.7416.0, opt, x86_64, command line: "C:\Program Files (x86)\Google\GoogleUpdater\142.0.7416.0\updater.exe" --crash-handler --system "--database=C:\Program Files (x86)\Google\GoogleUpdater\142.0.7416.0\Crashpad" --url=https://clients2.google.com/cr/report --annotation=prod=Update4 --annotation=ver=142.0.7416.0 "--attachment=C:\Program Files (x86)\Google\GoogleUpdater\updater.log" --initial-client-data=0x26c,0x270,0x274,0x248,0x278,0x7ff7d2247cc4,0x7ff7d2247cd0,0x7ff7d2247ce0
[34712:18268:0927/223950.406:VERBOSE1:chrome\updater\updater.cc:414] OS version: 10.0.26100.6584, System uptime (seconds): 293942, parent pid: 16428
[34712:18268:0927/223950.406:VERBOSE1:chrome\updater\updater.cc:325] available: 15073024K, total: 35422432K
[16428:33272:0927/223950.406:VERBOSE1:chrome\updater\crash_reporter.cc:120] Crash handler launched and ready.
[16428:33272:0927/223950.406:ERROR:chrome\updater\crash_client.cc:116] Failed to fetch completed crash reports: 3
[16428:33272:0927/223950.406:ERROR:chrome\updater\crash_client.cc:132] Failed to fetch pending crash reports: 3
[16428:33272:0927/223950.406:VERBOSE2:chrome\updater\usage_stats_permissions_win.cc:77] usage stats enabled by app {8a69d345-d564-463c-aff1-a69d9e530f96}
[16428:33272:0927/223950.406:ERROR:third_party\crashpad\crashpad\util\file\file_io_win.cc:181] CreateFile C:\Program Files (x86)\Google\GoogleUpdater\142.0.7416.0\Crashpad\settings.dat: Access is denied. (0x5)
[16428:33272:0927/223950.406:ERROR:third_party\crashpad\crashpad\util\file\file_io_win.cc:181] CreateFile C:\Program Files (x86)\Google\GoogleUpdater\142.0.7416.0\Crashpad\settings.dat: Access is denied. (0x5)
[16428:33272:0927/223950.406:VERBOSE1:chrome\updater\updater.cc:97] Crash reporting initialized.
[16428:33272:0927/223950.406:VERBOSE1:chrome\updater\updater.cc:147] IsUserAdmin: 0, IsUserNonElevatedAdmin: 0, IsUACOn: 1, IsElevatedWithUACOn: 0, LUA: 1
[16428:31884:0927/223950.421:VERBOSE1:chrome\updater\app\app_wakeall.cc:57] Launching `"C:\Program Files (x86)\Google\GoogleUpdater\142.0.7416.0\updater.exe" --wake --system`
[14912:12236:0927/223950.468:VERBOSE1:chrome\updater\updater.cc:411] Version: 142.0.7416.0, opt, x86_64, command line: "C:\Program Files (x86)\Google\GoogleUpdater\142.0.7416.0\updater.exe" --wake --system
[14912:12236:0927/223950.468:VERBOSE1:chrome\updater\updater.cc:414] OS version: 10.0.26100.6584, System uptime (seconds): 293942, parent pid: 16428
[14912:12236:0927/223950.468:VERBOSE1:chrome\updater\updater.cc:325] available: 15066944K, total: 35422432K
[16484:34212:0927/223950.531:VERBOSE1:chrome\updater\updater.cc:411] Version: 142.0.7416.0, opt, x86_64, command line: "C:\Program Files (x86)\Google\GoogleUpdater\142.0.7416.0\updater.exe" --crash-handler --system "--database=C:\Program Files (x86)\Google\GoogleUpdater\142.0.7416.0\Crashpad" --url=https://clients2.google.com/cr/report --annotation=prod=Update4 --annotation=ver=142.0.7416.0 "--attachment=C:\Program Files (x86)\Google\GoogleUpdater\updater.log" --initial-client-data=0x26c,0x270,0x274,0x248,0x278,0x7ff7d2247cc4,0x7ff7d2247cd0,0x7ff7d2247ce0
[16484:34212:0927/223950.531:VERBOSE1:chrome\updater\updater.cc:414] OS version: 10.0.26100.6584, System uptime (seconds): 293942, parent pid: 14912
[16484:34212:0927/223950.531:VERBOSE1:chrome\updater\updater.cc:325] available: 15069116K, total: 35422432K
[14912:12236:0927/223950.542:VERBOSE1:chrome\updater\crash_reporter.cc:120] Crash handler launched and ready.
[14912:12236:0927/223950.542:ERROR:chrome\updater\crash_client.cc:116] Failed to fetch completed crash reports: 3
[14912:12236:0927/223950.542:ERROR:chrome\updater\crash_client.cc:132] Failed to fetch pending crash reports: 3
[14912:12236:0927/223950.542:VERBOSE2:chrome\updater\usage_stats_permissions_win.cc:77] usage stats enabled by app {8a69d345-d564-463c-aff1-a69d9e530f96}
[14912:12236:0927/223950.542:ERROR:third_party\crashpad\crashpad\util\file\file_io_win.cc:181] CreateFile C:\Program Files (x86)\Google\GoogleUpdater\142.0.7416.0\Crashpad\settings.dat: Access is denied. (0x5)
[14912:12236:0927/223950.542:ERROR:third_party\crashpad\crashpad\util\file\file_io_win.cc:181] CreateFile C:\Program Files (x86)\Google\GoogleUpdater\142.0.7416.0\Crashpad\settings.dat: Access is denied. (0x5)
[14912:12236:0927/223950.542:VERBOSE1:chrome\updater\updater.cc:97] Crash reporting initialized.
[14912:12236:0927/223950.542:VERBOSE1:chrome\updater\updater.cc:147] IsUserAdmin: 0, IsUserNonElevatedAdmin: 0, IsUACOn: 1, IsElevatedWithUACOn: 0, LUA: 1
[14912:12236:0927/223950.548:VERBOSE1:chrome\updater\ipc\update_service_internal_proxy_win.cc:156] Run
[14912:24716:0927/223956.609:VERBOSE2:chrome\updater\ipc\update_service_internal_proxy_win.cc:65] Run result 0.
[14912:12236:0927/223956.609:VERBOSE1:chrome\updater\ipc\update_service_internal_proxy_win.cc:148] ~UpdateServiceInternalProxyImpl
[14912:35308:0927/223956.609:VERBOSE2:chrome\updater\ipc\proxy_impl_base_win.h:58] ~ProxyImplBase
[14912:12236:0927/223956.609:VERBOSE1:chrome\updater\updater.cc:423] UpdaterMain (--wake) returned 0.
[16428:31884:0927/223956.609:VERBOSE1:chrome\updater\app\app_wakeall.cc:67] `"C:\Program Files (x86)\Google\GoogleUpdater\142.0.7416.0\updater.exe" --wake --system` exited 0
[16428:33272:0927/223956.609:VERBOSE1:chrome\updater\updater.cc:423] UpdaterMain (--wake-all) returned 0.
[16484:34212:0927/223956.609:VERBOSE1:chrome\updater\updater.cc:423] UpdaterMain (--crash-handler) returned 0.
[34712:18268:0927/223956.625:VERBOSE1:chrome\updater\updater.cc:423] UpdaterMain (--crash-handler) returned 0.
[31428:9828:0928/043956.875:VERBOSE1:chrome\updater\updater.cc:411] Version: 142.0.7416.0, opt, x86_64, command line: "C:\Program Files (x86)\Google\GoogleUpdater\142.0.7416.0\updater.exe" --wake-all --system
[31428:9828:0928/043956.875:VERBOSE1:chrome\updater\updater.cc:414] OS version: 10.0.26100.6584, System uptime (seconds): 311949, parent pid: 9860
[31428:9828:0928/043956.875:VERBOSE1:chrome\updater\updater.cc:325] available: 15106884K, total: 35422432K
[18760:34592:0928/043956.940:VERBOSE1:chrome\updater\updater.cc:411] Version: 142.0.7416.0, opt, x86_64, command line: "C:\Program Files (x86)\Google\GoogleUpdater\142.0.7416.0\updater.exe" --crash-handler --system "--database=C:\Program Files (x86)\Google\GoogleUpdater\142.0.7416.0\Crashpad" --url=https://clients2.google.com/cr/report --annotation=prod=Update4 --annotation=ver=142.0.7416.0 "--attachment=C:\Program Files (x86)\Google\GoogleUpdater\updater.log" --initial-client-data=0x26c,0x270,0x274,0x248,0x278,0x7ff7d2247cc4,0x7ff7d2247cd0,0x7ff7d2247ce0
[18760:34592:0928/043956.940:VERBOSE1:chrome\updater\updater.cc:414] OS version: 10.0.26100.6584, System uptime (seconds): 311949, parent pid: 31428
[18760:34592:0928/043956.940:VERBOSE1:chrome\updater\updater.cc:325] available: 15100112K, total: 35422432K
[31428:9828:0928/043956.954:VERBOSE1:chrome\updater\crash_reporter.cc:120] Crash handler launched and ready.
[31428:9828:0928/043956.954:ERROR:chrome\updater\crash_client.cc:116] Failed to fetch completed crash reports: 3
[31428:9828:0928/043956.954:ERROR:chrome\updater\crash_client.cc:132] Failed to fetch pending crash reports: 3
[31428:9828:0928/043956.954:VERBOSE2:chrome\updater\usage_stats_permissions_win.cc:77] usage stats enabled by app {8a69d345-d564-463c-aff1-a69d9e530f96}
[31428:9828:0928/043956.954:ERROR:third_party\crashpad\crashpad\util\file\file_io_win.cc:181] CreateFile C:\Program Files (x86)\Google\GoogleUpdater\142.0.7416.0\Crashpad\settings.dat: Access is denied. (0x5)
[31428:9828:0928/043956.954:ERROR:third_party\crashpad\crashpad\util\file\file_io_win.cc:181] CreateFile C:\Program Files (x86)\Google\GoogleUpdater\142.0.7416.0\Crashpad\settings.dat: Access is denied. (0x5)
[31428:9828:0928/043956.954:VERBOSE1:chrome\updater\updater.cc:97] Crash reporting initialized.
[31428:9828:0928/043956.954:VERBOSE1:chrome\updater\updater.cc:147] IsUserAdmin: 0, IsUserNonElevatedAdmin: 0, IsUACOn: 1, IsElevatedWithUACOn: 0, LUA: 1
[31428:3884:0928/043956.964:VERBOSE1:chrome\updater\app\app_wakeall.cc:57] Launching `"C:\Program Files (x86)\Google\GoogleUpdater\142.0.7416.0\updater.exe" --wake --system`
[35184:31316:0928/043957.017:VERBOSE1:chrome\updater\updater.cc:411] Version: 142.0.7416.0, opt, x86_64, command line: "C:\Program Files (x86)\Google\GoogleUpdater\142.0.7416.0\updater.exe" --wake --system
[35184:31316:0928/043957.017:VERBOSE1:chrome\updater\updater.cc:414] OS version: 10.0.26100.6584, System uptime (seconds): 311949, parent pid: 31428
[35184:31316:0928/043957.017:VERBOSE1:chrome\updater\updater.cc:325] available: 15098068K, total: 35422432K
[29100:28376:0928/043957.078:VERBOSE1:chrome\updater\updater.cc:411] Version: 142.0.7416.0, opt, x86_64, command line: "C:\Program Files (x86)\Google\GoogleUpdater\142.0.7416.0\updater.exe" --crash-handler --system "--database=C:\Program Files (x86)\Google\GoogleUpdater\142.0.7416.0\Crashpad" --url=https://clients2.google.com/cr/report --annotation=prod=Update4 --annotation=ver=142.0.7416.0 "--attachment=C:\Program Files (x86)\Google\GoogleUpdater\updater.log" --initial-client-data=0x26c,0x270,0x274,0x224,0x278,0x7ff7d2247cc4,0x7ff7d2247cd0,0x7ff7d2247ce0
[29100:28376:0928/043957.078:VERBOSE1:chrome\updater\updater.cc:414] OS version: 10.0.26100.6584, System uptime (seconds): 311949, parent pid: 35184
[29100:28376:0928/043957.078:VERBOSE1:chrome\updater\updater.cc:325] available: 15095952K, total: 35422432K
[35184:31316:0928/043957.078:VERBOSE1:chrome\updater\crash_reporter.cc:120] Crash handler launched and ready.
[35184:31316:0928/043957.078:ERROR:chrome\updater\crash_client.cc:116] Failed to fetch completed crash reports: 3
[35184:31316:0928/043957.078:ERROR:chrome\updater\crash_client.cc:132] Failed to fetch pending crash reports: 3
[35184:31316:0928/043957.078:VERBOSE2:chrome\updater\usage_stats_permissions_win.cc:77] usage stats enabled by app {8a69d345-d564-463c-aff1-a69d9e530f96}
[35184:31316:0928/043957.078:ERROR:third_party\crashpad\crashpad\util\file\file_io_win.cc:181] CreateFile C:\Program Files (x86)\Google\GoogleUpdater\142.0.7416.0\Crashpad\settings.dat: Access is denied. (0x5)
[35184:31316:0928/043957.078:ERROR:third_party\crashpad\crashpad\util\file\file_io_win.cc:181] CreateFile C:\Program Files (x86)\Google\GoogleUpdater\142.0.7416.0\Crashpad\settings.dat: Access is denied. (0x5)
[35184:31316:0928/043957.078:VERBOSE1:chrome\updater\updater.cc:97] Crash reporting initialized.
[35184:31316:0928/043957.078:VERBOSE1:chrome\updater\updater.cc:147] IsUserAdmin: 0, IsUserNonElevatedAdmin: 0, IsUACOn: 1, IsElevatedWithUACOn: 0, LUA: 1
[35184:31316:0928/043957.094:VERBOSE1:chrome\updater\ipc\update_service_internal_proxy_win.cc:156] Run
[35184:1204:0928/044001.335:VERBOSE2:chrome\updater\ipc\update_service_internal_proxy_win.cc:65] Run result 0.
[35184:31316:0928/044001.335:VERBOSE1:chrome\updater\ipc\update_service_internal_proxy_win.cc:148] ~UpdateServiceInternalProxyImpl
[35184:16228:0928/044001.335:VERBOSE2:chrome\updater\ipc\proxy_impl_base_win.h:58] ~ProxyImplBase
[35184:31316:0928/044001.336:VERBOSE1:chrome\updater\updater.cc:423] UpdaterMain (--wake) returned 0.
[31428:3884:0928/044001.339:VERBOSE1:chrome\updater\app\app_wakeall.cc:67] `"C:\Program Files (x86)\Google\GoogleUpdater\142.0.7416.0\updater.exe" --wake --system` exited 0
[31428:9828:0928/044001.341:VERBOSE1:chrome\updater\updater.cc:423] UpdaterMain (--wake-all) returned 0.
[29100:28376:0928/044001.342:VERBOSE1:chrome\updater\updater.cc:423] UpdaterMain (--crash-handler) returned 0.
[18760:34592:0928/044001.346:VERBOSE1:chrome\updater\updater.cc:423] UpdaterMain (--crash-handler) returned 0.
[30212:31568:0928/094001.609:VERBOSE1:chrome\updater\updater.cc:411] Version: 142.0.7416.0, opt, x86_64, command line: "C:\Program Files (x86)\Google\GoogleUpdater\142.0.7416.0\updater.exe" --wake-all --system
[30212:31568:0928/094001.609:VERBOSE1:chrome\updater\updater.cc:414] OS version: 10.0.26100.6584, System uptime (seconds): 329954, parent pid: 9860
[30212:31568:0928/094001.609:VERBOSE1:chrome\updater\updater.cc:325] available: 15202828K, total: 35422432K
[21176:23720:0928/094001.672:VERBOSE1:chrome\updater\updater.cc:411] Version: 142.0.7416.0, opt, x86_64, command line: "C:\Program Files (x86)\Google\GoogleUpdater\142.0.7416.0\updater.exe" --crash-handler --system "--database=C:\Program Files (x86)\Google\GoogleUpdater\142.0.7416.0\Crashpad" --url=https://clients2.google.com/cr/report --annotation=prod=Update4 --annotation=ver=142.0.7416.0 "--attachment=C:\Program Files (x86)\Google\GoogleUpdater\updater.log" --initial-client-data=0x270,0x274,0x278,0x24c,0x27c,0x7ff7d2247cc4,0x7ff7d2247cd0,0x7ff7d2247ce0
[21176:23720:0928/094001.672:VERBOSE1:chrome\updater\updater.cc:414] OS version: 10.0.26100.6584, System uptime (seconds): 329954, parent pid: 30212
[21176:23720:0928/094001.672:VERBOSE1:chrome\updater\updater.cc:325] available: 15203148K, total: 35422432K
[30212:31568:0928/094001.672:VERBOSE1:chrome\updater\crash_reporter.cc:120] Crash handler launched and ready.
[30212:31568:0928/094001.672:ERROR:chrome\updater\crash_client.cc:116] Failed to fetch completed crash reports: 3
[30212:31568:0928/094001.672:ERROR:chrome\updater\crash_client.cc:132] Failed to fetch pending crash reports: 3
[30212:31568:0928/094001.672:VERBOSE2:chrome\updater\usage_stats_permissions_win.cc:77] usage stats enabled by app {8a69d345-d564-463c-aff1-a69d9e530f96}
[30212:31568:0928/094001.688:ERROR:third_party\crashpad\crashpad\util\file\file_io_win.cc:181] CreateFile C:\Program Files (x86)\Google\GoogleUpdater\142.0.7416.0\Crashpad\settings.dat: Access is denied. (0x5)
[30212:31568:0928/094001.688:ERROR:third_party\crashpad\crashpad\util\file\file_io_win.cc:181] CreateFile C:\Program Files (x86)\Google\GoogleUpdater\142.0.7416.0\Crashpad\settings.dat: Access is denied. (0x5)
[30212:31568:0928/094001.688:VERBOSE1:chrome\updater\updater.cc:97] Crash reporting initialized.
[30212:31568:0928/094001.691:VERBOSE1:chrome\updater\updater.cc:147] IsUserAdmin: 0, IsUserNonElevatedAdmin: 0, IsUACOn: 1, IsElevatedWithUACOn: 0, LUA: 1
[30212:1188:0928/094001.702:VERBOSE1:chrome\updater\app\app_wakeall.cc:57] Launching `"C:\Program Files (x86)\Google\GoogleUpdater\142.0.7416.0\updater.exe" --wake --system`
[16224:7304:0928/094001.803:VERBOSE1:chrome\updater\updater.cc:411] Version: 142.0.7416.0, opt, x86_64, command line: "C:\Program Files (x86)\Google\GoogleUpdater\142.0.7416.0\updater.exe" --wake --system
[16224:7304:0928/094001.803:VERBOSE1:chrome\updater\updater.cc:414] OS version: 10.0.26100.6584, System uptime (seconds): 329954, parent pid: 30212
[16224:7304:0928/094001.803:VERBOSE1:chrome\updater\updater.cc:325] available: 15199884K, total: 35422432K
[31312:31252:0928/094001.860:VERBOSE1:chrome\updater\updater.cc:411] Version: 142.0.7416.0, opt, x86_64, command line: "C:\Program Files (x86)\Google\GoogleUpdater\142.0.7416.0\updater.exe" --crash-handler --system "--database=C:\Program Files (x86)\Google\GoogleUpdater\142.0.7416.0\Crashpad" --url=https://clients2.google.com/cr/report --annotation=prod=Update4 --annotation=ver=142.0.7416.0 "--attachment=C:\Program Files (x86)\Google\GoogleUpdater\updater.log" --initial-client-data=0x26c,0x270,0x274,0x248,0x278,0x7ff7d2247cc4,0x7ff7d2247cd0,0x7ff7d2247ce0
[31312:31252:0928/094001.860:VERBOSE1:chrome\updater\updater.cc:414] OS version: 10.0.26100.6584, System uptime (seconds): 329954, parent pid: 16224
[31312:31252:0928/094001.860:VERBOSE1:chrome\updater\updater.cc:325] available: 15196140K, total: 35422432K
[16224:7304:0928/094001.860:VERBOSE1:chrome\updater\crash_reporter.cc:120] Crash handler launched and ready.
[16224:7304:0928/094001.860:ERROR:chrome\updater\crash_client.cc:116] Failed to fetch completed crash reports: 3
[16224:7304:0928/094001.860:ERROR:chrome\updater\crash_client.cc:132] Failed to fetch pending crash reports: 3
[16224:7304:0928/094001.860:VERBOSE2:chrome\updater\usage_stats_permissions_win.cc:77] usage stats enabled by app {8a69d345-d564-463c-aff1-a69d9e530f96}
[16224:7304:0928/094001.860:ERROR:third_party\crashpad\crashpad\util\file\file_io_win.cc:181] CreateFile C:\Program Files (x86)\Google\GoogleUpdater\142.0.7416.0\Crashpad\settings.dat: Access is denied. (0x5)
[16224:7304:0928/094001.870:ERROR:third_party\crashpad\crashpad\util\file\file_io_win.cc:181] CreateFile C:\Program Files (x86)\Google\GoogleUpdater\142.0.7416.0\Crashpad\settings.dat: Access is denied. (0x5)
[16224:7304:0928/094001.870:VERBOSE1:chrome\updater\updater.cc:97] Crash reporting initialized.
[16224:7304:0928/094001.870:VERBOSE1:chrome\updater\updater.cc:147] IsUserAdmin: 0, IsUserNonElevatedAdmin: 0, IsUACOn: 1, IsElevatedWithUACOn: 0, LUA: 1
[16224:7304:0928/094001.875:VERBOSE1:chrome\updater\ipc\update_service_internal_proxy_win.cc:156] Run
[16224:5208:0928/094008.000:VERBOSE2:chrome\updater\ipc\update_service_internal_proxy_win.cc:65] Run result 0.
[16224:7304:0928/094008.000:VERBOSE1:chrome\updater\ipc\update_service_internal_proxy_win.cc:148] ~UpdateServiceInternalProxyImpl
[16224:32352:0928/094008.000:VERBOSE2:chrome\updater\ipc\proxy_impl_base_win.h:58] ~ProxyImplBase
[16224:7304:0928/094008.000:VERBOSE1:chrome\updater\updater.cc:423] UpdaterMain (--wake) returned 0.
[30212:1188:0928/094008.010:VERBOSE1:chrome\updater\app\app_wakeall.cc:67] `"C:\Program Files (x86)\Google\GoogleUpdater\142.0.7416.0\updater.exe" --wake --system` exited 0
[30212:31568:0928/094008.011:VERBOSE1:chrome\updater\updater.cc:423] UpdaterMain (--wake-all) returned 0.
[31312:31252:0928/094008.013:VERBOSE1:chrome\updater\updater.cc:423] UpdaterMain (--crash-handler) returned 0.
[21176:23720:0928/094008.018:VERBOSE1:chrome\updater\updater.cc:423] UpdaterMain (--crash-handler) returned 0.
[28664:32804:0928/144010.437:VERBOSE1:chrome\updater\updater.cc:411] Version: 142.0.7416.0, opt, x86_64, command line: "C:\Program Files (x86)\Google\GoogleUpdater\142.0.7416.0\updater.exe" --wake-all --system
[28664:32804:0928/144010.437:VERBOSE1:chrome\updater\updater.cc:414] OS version: 10.0.26100.6584, System uptime (seconds): 347960, parent pid: 9860
[28664:32804:0928/144010.437:VERBOSE1:chrome\updater\updater.cc:325] available: 15168608K, total: 35422432K
[26828:992:0928/144010.522:VERBOSE1:chrome\updater\updater.cc:411] Version: 142.0.7416.0, opt, x86_64, command line: "C:\Program Files (x86)\Google\GoogleUpdater\142.0.7416.0\updater.exe" --crash-handler --system "--database=C:\Program Files (x86)\Google\GoogleUpdater\142.0.7416.0\Crashpad" --url=https://clients2.google.com/cr/report --annotation=prod=Update4 --annotation=ver=142.0.7416.0 "--attachment=C:\Program Files (x86)\Google\GoogleUpdater\updater.log" --initial-client-data=0x26c,0x270,0x274,0x248,0x278,0x7ff7d2247cc4,0x7ff7d2247cd0,0x7ff7d2247ce0
[26828:992:0928/144010.522:VERBOSE1:chrome\updater\updater.cc:414] OS version: 10.0.26100.6584, System uptime (seconds): 347960, parent pid: 28664
[26828:992:0928/144010.524:VERBOSE1:chrome\updater\updater.cc:325] available: 15169696K, total: 35422432K
[28664:32804:0928/144010.536:VERBOSE1:chrome\updater\crash_reporter.cc:120] Crash handler launched and ready.
[28664:32804:0928/144010.536:ERROR:chrome\updater\crash_client.cc:116] Failed to fetch completed crash reports: 3
[28664:32804:0928/144010.536:ERROR:chrome\updater\crash_client.cc:132] Failed to fetch pending crash reports: 3
[28664:32804:0928/144010.536:VERBOSE2:chrome\updater\usage_stats_permissions_win.cc:77] usage stats enabled by app {8a69d345-d564-463c-aff1-a69d9e530f96}
[28664:32804:0928/144010.536:ERROR:third_party\crashpad\crashpad\util\file\file_io_win.cc:181] CreateFile C:\Program Files (x86)\Google\GoogleUpdater\142.0.7416.0\Crashpad\settings.dat: Access is denied. (0x5)
[28664:32804:0928/144010.536:ERROR:third_party\crashpad\crashpad\util\file\file_io_win.cc:181] CreateFile C:\Program Files (x86)\Google\GoogleUpdater\142.0.7416.0\Crashpad\settings.dat: Access is denied. (0x5)
[28664:32804:0928/144010.536:VERBOSE1:chrome\updater\updater.cc:97] Crash reporting initialized.
[28664:32804:0928/144010.536:VERBOSE1:chrome\updater\updater.cc:147] IsUserAdmin: 0, IsUserNonElevatedAdmin: 0, IsUACOn: 1, IsElevatedWithUACOn: 0, LUA: 1
[28664:35188:0928/144010.550:VERBOSE1:chrome\updater\app\app_wakeall.cc:57] Launching `"C:\Program Files (x86)\Google\GoogleUpdater\142.0.7416.0\updater.exe" --wake --system`
[33712:26636:0928/144010.660:VERBOSE1:chrome\updater\updater.cc:411] Version: 142.0.7416.0, opt, x86_64, command line: "C:\Program Files (x86)\Google\GoogleUpdater\142.0.7416.0\updater.exe" --wake --system
[33712:26636:0928/144010.660:VERBOSE1:chrome\updater\updater.cc:414] OS version: 10.0.26100.6584, System uptime (seconds): 347960, parent pid: 28664
[33712:26636:0928/144010.660:VERBOSE1:chrome\updater\updater.cc:325] available: 15165064K, total: 35422432K
[26764:28720:0928/144010.762:VERBOSE1:chrome\updater\updater.cc:411] Version: 142.0.7416.0, opt, x86_64, command line: "C:\Program Files (x86)\Google\GoogleUpdater\142.0.7416.0\updater.exe" --crash-handler --system "--database=C:\Program Files (x86)\Google\GoogleUpdater\142.0.7416.0\Crashpad" --url=https://clients2.google.com/cr/report --annotation=prod=Update4 --annotation=ver=142.0.7416.0 "--attachment=C:\Program Files (x86)\Google\GoogleUpdater\updater.log" --initial-client-data=0x27c,0x280,0x284,0x258,0x288,0x7ff7d2247cc4,0x7ff7d2247cd0,0x7ff7d2247ce0
[26764:28720:0928/144010.762:VERBOSE1:chrome\updater\updater.cc:414] OS version: 10.0.26100.6584, System uptime (seconds): 347961, parent pid: 33712
[26764:28720:0928/144010.762:VERBOSE1:chrome\updater\updater.cc:325] available: 15161348K, total: 35422432K
[33712:26636:0928/144010.762:VERBOSE1:chrome\updater\crash_reporter.cc:120] Crash handler launched and ready.
[33712:26636:0928/144010.762:ERROR:chrome\updater\crash_client.cc:116] Failed to fetch completed crash reports: 3
[33712:26636:0928/144010.762:ERROR:chrome\updater\crash_client.cc:132] Failed to fetch pending crash reports: 3
[33712:26636:0928/144010.762:VERBOSE2:chrome\updater\usage_stats_permissions_win.cc:77] usage stats enabled by app {8a69d345-d564-463c-aff1-a69d9e530f96}
[33712:26636:0928/144010.762:ERROR:third_party\crashpad\crashpad\util\file\file_io_win.cc:181] CreateFile C:\Program Files (x86)\Google\GoogleUpdater\142.0.7416.0\Crashpad\settings.dat: Access is denied. (0x5)
[33712:26636:0928/144010.762:ERROR:third_party\crashpad\crashpad\util\file\file_io_win.cc:181] CreateFile C:\Program Files (x86)\Google\GoogleUpdater\142.0.7416.0\Crashpad\settings.dat: Access is denied. (0x5)
[33712:26636:0928/144010.762:VERBOSE1:chrome\updater\updater.cc:97] Crash reporting initialized.
[33712:26636:0928/144010.762:VERBOSE1:chrome\updater\updater.cc:147] IsUserAdmin: 0, IsUserNonElevatedAdmin: 0, IsUACOn: 1, IsElevatedWithUACOn: 0, LUA: 1
[33712:26636:0928/144010.784:VERBOSE1:chrome\updater\ipc\update_service_internal_proxy_win.cc:156] Run
[33712:27660:0928/144014.973:VERBOSE2:chrome\updater\ipc\update_service_internal_proxy_win.cc:65] Run result 0.
[33712:26636:0928/144014.973:VERBOSE1:chrome\updater\ipc\update_service_internal_proxy_win.cc:148] ~UpdateServiceInternalProxyImpl
[33712:34788:0928/144014.973:VERBOSE2:chrome\updater\ipc\proxy_impl_base_win.h:58] ~ProxyImplBase
[33712:26636:0928/144014.981:VERBOSE1:chrome\updater\updater.cc:423] UpdaterMain (--wake) returned 0.
[28664:35188:0928/144014.981:VERBOSE1:chrome\updater\app\app_wakeall.cc:67] `"C:\Program Files (x86)\Google\GoogleUpdater\142.0.7416.0\updater.exe" --wake --system` exited 0
[28664:32804:0928/144014.981:VERBOSE1:chrome\updater\updater.cc:423] UpdaterMain (--wake-all) returned 0.
[26764:28720:0928/144014.981:VERBOSE1:chrome\updater\updater.cc:423] UpdaterMain (--crash-handler) returned 0.
[26828:992:0928/144014.992:VERBOSE1:chrome\updater\updater.cc:423] UpdaterMain (--crash-handler) returned 0.
[9340:35736:0928/194015.268:VERBOSE1:chrome\updater\updater.cc:411] Version: 142.0.7416.0, opt, x86_64, command line: "C:\Program Files (x86)\Google\GoogleUpdater\142.0.7416.0\updater.exe" --wake-all --system
[9340:35736:0928/194015.268:VERBOSE1:chrome\updater\updater.cc:414] OS version: 10.0.26100.6584, System uptime (seconds): 365965, parent pid: 9860
[9340:35736:0928/194015.278:VERBOSE1:chrome\updater\updater.cc:325] available: 15346052K, total: 35422432K
[15924:8288:0928/194015.355:VERBOSE1:chrome\updater\updater.cc:411] Version: 142.0.7416.0, opt, x86_64, command line: "C:\Program Files (x86)\Google\GoogleUpdater\142.0.7416.0\updater.exe" --crash-handler --system "--database=C:\Program Files (x86)\Google\GoogleUpdater\142.0.7416.0\Crashpad" --url=https://clients2.google.com/cr/report --annotation=prod=Update4 --annotation=ver=142.0.7416.0 "--attachment=C:\Program Files (x86)\Google\GoogleUpdater\updater.log" --initial-client-data=0x274,0x278,0x27c,0x250,0x280,0x7ff7d2247cc4,0x7ff7d2247cd0,0x7ff7d2247ce0
[15924:8288:0928/194015.355:VERBOSE1:chrome\updater\updater.cc:414] OS version: 10.0.26100.6584, System uptime (seconds): 365965, parent pid: 9340
[15924:8288:0928/194015.355:VERBOSE1:chrome\updater\updater.cc:325] available: 15341472K, total: 35422432K
[9340:35736:0928/194015.355:VERBOSE1:chrome\updater\crash_reporter.cc:120] Crash handler launched and ready.
[9340:35736:0928/194015.355:ERROR:chrome\updater\crash_client.cc:116] Failed to fetch completed crash reports: 3
[9340:35736:0928/194015.355:ERROR:chrome\updater\crash_client.cc:132] Failed to fetch pending crash reports: 3
[9340:35736:0928/194015.355:VERBOSE2:chrome\updater\usage_stats_permissions_win.cc:77] usage stats enabled by app {8a69d345-d564-463c-aff1-a69d9e530f96}
[9340:35736:0928/194015.355:ERROR:third_party\crashpad\crashpad\util\file\file_io_win.cc:181] CreateFile C:\Program Files (x86)\Google\GoogleUpdater\142.0.7416.0\Crashpad\settings.dat: Access is denied. (0x5)
[9340:35736:0928/194015.355:ERROR:third_party\crashpad\crashpad\util\file\file_io_win.cc:181] CreateFile C:\Program Files (x86)\Google\GoogleUpdater\142.0.7416.0\Crashpad\settings.dat: Access is denied. (0x5)
[9340:35736:0928/194015.355:VERBOSE1:chrome\updater\updater.cc:97] Crash reporting initialized.
[9340:35736:0928/194015.355:VERBOSE1:chrome\updater\updater.cc:147] IsUserAdmin: 0, IsUserNonElevatedAdmin: 0, IsUACOn: 1, IsElevatedWithUACOn: 0, LUA: 1
[9340:30848:0928/194015.371:VERBOSE1:chrome\updater\app\app_wakeall.cc:57] Launching `"C:\Program Files (x86)\Google\GoogleUpdater\142.0.7416.0\updater.exe" --wake --system`
[35228:32928:0928/194015.418:VERBOSE1:chrome\updater\updater.cc:411] Version: 142.0.7416.0, opt, x86_64, command line: "C:\Program Files (x86)\Google\GoogleUpdater\142.0.7416.0\updater.exe" --wake --system
[35228:32928:0928/194015.418:VERBOSE1:chrome\updater\updater.cc:414] OS version: 10.0.26100.6584, System uptime (seconds): 365965, parent pid: 9340
[35228:32928:0928/194015.418:VERBOSE1:chrome\updater\updater.cc:325] available: 15336200K, total: 35422432K
[32816:19684:0928/194015.544:VERBOSE1:chrome\updater\updater.cc:411] Version: 142.0.7416.0, opt, x86_64, command line: "C:\Program Files (x86)\Google\GoogleUpdater\142.0.7416.0\updater.exe" --crash-handler --system "--database=C:\Program Files (x86)\Google\GoogleUpdater\142.0.7416.0\Crashpad" --url=https://clients2.google.com/cr/report --annotation=prod=Update4 --annotation=ver=142.0.7416.0 "--attachment=C:\Program Files (x86)\Google\GoogleUpdater\updater.log" --initial-client-data=0x27c,0x280,0x284,0x258,0x288,0x7ff7d2247cc4,0x7ff7d2247cd0,0x7ff7d2247ce0
[32816:19684:0928/194015.544:VERBOSE1:chrome\updater\updater.cc:414] OS version: 10.0.26100.6584, System uptime (seconds): 365965, parent pid: 35228
[32816:19684:0928/194015.544:VERBOSE1:chrome\updater\updater.cc:325] available: 15334156K, total: 35422432K
[35228:32928:0928/194015.546:VERBOSE1:chrome\updater\crash_reporter.cc:120] Crash handler launched and ready.
[35228:32928:0928/194015.547:ERROR:chrome\updater\crash_client.cc:116] Failed to fetch completed crash reports: 3
[35228:32928:0928/194015.547:ERROR:chrome\updater\crash_client.cc:132] Failed to fetch pending crash reports: 3
[35228:32928:0928/194015.548:VERBOSE2:chrome\updater\usage_stats_permissions_win.cc:77] usage stats enabled by app {8a69d345-d564-463c-aff1-a69d9e530f96}
[35228:32928:0928/194015.548:ERROR:third_party\crashpad\crashpad\util\file\file_io_win.cc:181] CreateFile C:\Program Files (x86)\Google\GoogleUpdater\142.0.7416.0\Crashpad\settings.dat: Access is denied. (0x5)
[35228:32928:0928/194015.549:ERROR:third_party\crashpad\crashpad\util\file\file_io_win.cc:181] CreateFile C:\Program Files (x86)\Google\GoogleUpdater\142.0.7416.0\Crashpad\settings.dat: Access is denied. (0x5)
[35228:32928:0928/194015.549:VERBOSE1:chrome\updater\updater.cc:97] Crash reporting initialized.
[35228:32928:0928/194015.551:VERBOSE1:chrome\updater\updater.cc:147] IsUserAdmin: 0, IsUserNonElevatedAdmin: 0, IsUACOn: 1, IsElevatedWithUACOn: 0, LUA: 1
[35228:32928:0928/194015.570:VERBOSE1:chrome\updater\ipc\update_service_internal_proxy_win.cc:156] Run
[35228:34024:0928/194020.933:VERBOSE2:chrome\updater\ipc\update_service_internal_proxy_win.cc:65] Run result 0.
[35228:32928:0928/194020.933:VERBOSE1:chrome\updater\ipc\update_service_internal_proxy_win.cc:148] ~UpdateServiceInternalProxyImpl
[35228:33740:0928/194020.933:VERBOSE2:chrome\updater\ipc\proxy_impl_base_win.h:58] ~ProxyImplBase
[35228:32928:0928/194020.933:VERBOSE1:chrome\updater\updater.cc:423] UpdaterMain (--wake) returned 0.
[9340:30848:0928/194020.942:VERBOSE1:chrome\updater\app\app_wakeall.cc:67] `"C:\Program Files (x86)\Google\GoogleUpdater\142.0.7416.0\updater.exe" --wake --system` exited 0
[9340:35736:0928/194020.943:VERBOSE1:chrome\updater\updater.cc:423] UpdaterMain (--wake-all) returned 0.
[32816:19684:0928/194020.944:VERBOSE1:chrome\updater\updater.cc:423] UpdaterMain (--crash-handler) returned 0.
[15924:8288:0928/194020.949:VERBOSE1:chrome\updater\updater.cc:423] UpdaterMain (--crash-handler) returned 0.
[12408:21636:0929/004021.305:VERBOSE1:chrome\updater\updater.cc:411] Version: 142.0.7416.0, opt, x86_64, command line: "C:\Program Files (x86)\Google\GoogleUpdater\142.0.7416.0\updater.exe" --wake-all --system
[12408:21636:0929/004021.308:VERBOSE1:chrome\updater\updater.cc:414] OS version: 10.0.26100.6584, System uptime (seconds): 383971, parent pid: 9860
[12408:21636:0929/004021.308:VERBOSE1:chrome\updater\updater.cc:325] available: 15226300K, total: 35422432K
[28884:22124:0929/004021.385:VERBOSE1:chrome\updater\updater.cc:411] Version: 142.0.7416.0, opt, x86_64, command line: "C:\Program Files (x86)\Google\GoogleUpdater\142.0.7416.0\updater.exe" --crash-handler --system "--database=C:\Program Files (x86)\Google\GoogleUpdater\142.0.7416.0\Crashpad" --url=https://clients2.google.com/cr/report --annotation=prod=Update4 --annotation=ver=142.0.7416.0 "--attachment=C:\Program Files (x86)\Google\GoogleUpdater\updater.log" --initial-client-data=0x270,0x274,0x278,0x24c,0x27c,0x7ff7d2247cc4,0x7ff7d2247cd0,0x7ff7d2247ce0
[28884:22124:0929/004021.385:VERBOSE1:chrome\updater\updater.cc:414] OS version: 10.0.26100.6584, System uptime (seconds): 383971, parent pid: 12408
[28884:22124:0929/004021.385:VERBOSE1:chrome\updater\updater.cc:325] available: 15226144K, total: 35422432K
[12408:21636:0929/004021.385:VERBOSE1:chrome\updater\crash_reporter.cc:120] Crash handler launched and ready.
[12408:21636:0929/004021.385:ERROR:chrome\updater\crash_client.cc:116] Failed to fetch completed crash reports: 3
[12408:21636:0929/004021.385:ERROR:chrome\updater\crash_client.cc:132] Failed to fetch pending crash reports: 3
[12408:21636:0929/004021.385:VERBOSE2:chrome\updater\usage_stats_permissions_win.cc:77] usage stats enabled by app {8a69d345-d564-463c-aff1-a69d9e530f96}
[12408:21636:0929/004021.385:ERROR:third_party\crashpad\crashpad\util\file\file_io_win.cc:181] CreateFile C:\Program Files (x86)\Google\GoogleUpdater\142.0.7416.0\Crashpad\settings.dat: Access is denied. (0x5)
[12408:21636:0929/004021.385:ERROR:third_party\crashpad\crashpad\util\file\file_io_win.cc:181] CreateFile C:\Program Files (x86)\Google\GoogleUpdater\142.0.7416.0\Crashpad\settings.dat: Access is denied. (0x5)
[12408:21636:0929/004021.385:VERBOSE1:chrome\updater\updater.cc:97] Crash reporting initialized.
[12408:21636:0929/004021.385:VERBOSE1:chrome\updater\updater.cc:147] IsUserAdmin: 0, IsUserNonElevatedAdmin: 0, IsUACOn: 1, IsElevatedWithUACOn: 0, LUA: 1
[12408:6376:0929/004021.401:VERBOSE1:chrome\updater\app\app_wakeall.cc:57] Launching `"C:\Program Files (x86)\Google\GoogleUpdater\142.0.7416.0\updater.exe" --wake --system`
[22468:30748:0929/004021.467:VERBOSE1:chrome\updater\updater.cc:411] Version: 142.0.7416.0, opt, x86_64, command line: "C:\Program Files (x86)\Google\GoogleUpdater\142.0.7416.0\updater.exe" --wake --system
[22468:30748:0929/004021.467:VERBOSE1:chrome\updater\updater.cc:414] OS version: 10.0.26100.6584, System uptime (seconds): 383971, parent pid: 12408
[22468:30748:0929/004021.467:VERBOSE1:chrome\updater\updater.cc:325] available: 15218180K, total: 35422432K
[3456:17256:0929/004021.582:VERBOSE1:chrome\updater\updater.cc:411] Version: 142.0.7416.0, opt, x86_64, command line: "C:\Program Files (x86)\Google\GoogleUpdater\142.0.7416.0\updater.exe" --crash-handler --system "--database=C:\Program Files (x86)\Google\GoogleUpdater\142.0.7416.0\Crashpad" --url=https://clients2.google.com/cr/report --annotation=prod=Update4 --annotation=ver=142.0.7416.0 "--attachment=C:\Program Files (x86)\Google\GoogleUpdater\updater.log" --initial-client-data=0x278,0x27c,0x280,0xb8,0x284,0x7ff7d2247cc4,0x7ff7d2247cd0,0x7ff7d2247ce0
[3456:17256:0929/004021.582:VERBOSE1:chrome\updater\updater.cc:414] OS version: 10.0.26100.6584, System uptime (seconds): 383971, parent pid: 22468
[3456:17256:0929/004021.582:VERBOSE1:chrome\updater\updater.cc:325] available: 15217656K, total: 35422432K
[22468:30748:0929/004021.584:VERBOSE1:chrome\updater\crash_reporter.cc:120] Crash handler launched and ready.
[22468:30748:0929/004021.585:ERROR:chrome\updater\crash_client.cc:116] Failed to fetch completed crash reports: 3
[22468:30748:0929/004021.585:ERROR:chrome\updater\crash_client.cc:132] Failed to fetch pending crash reports: 3
[22468:30748:0929/004021.586:VERBOSE2:chrome\updater\usage_stats_permissions_win.cc:77] usage stats enabled by app {8a69d345-d564-463c-aff1-a69d9e530f96}
[22468:30748:0929/004021.586:ERROR:third_party\crashpad\crashpad\util\file\file_io_win.cc:181] CreateFile C:\Program Files (x86)\Google\GoogleUpdater\142.0.7416.0\Crashpad\settings.dat: Access is denied. (0x5)
[22468:30748:0929/004021.586:ERROR:third_party\crashpad\crashpad\util\file\file_io_win.cc:181] CreateFile C:\Program Files (x86)\Google\GoogleUpdater\142.0.7416.0\Crashpad\settings.dat: Access is denied. (0x5)
[22468:30748:0929/004021.587:VERBOSE1:chrome\updater\updater.cc:97] Crash reporting initialized.
[22468:30748:0929/004021.589:VERBOSE1:chrome\updater\updater.cc:147] IsUserAdmin: 0, IsUserNonElevatedAdmin: 0, IsUACOn: 1, IsElevatedWithUACOn: 0, LUA: 1
[22468:30748:0929/004021.597:VERBOSE1:chrome\updater\ipc\update_service_internal_proxy_win.cc:156] Run
[22468:10804:0929/004025.465:VERBOSE2:chrome\updater\ipc\update_service_internal_proxy_win.cc:65] Run result 0.
[22468:30748:0929/004025.465:VERBOSE1:chrome\updater\ipc\update_service_internal_proxy_win.cc:148] ~UpdateServiceInternalProxyImpl
[22468:31996:0929/004025.465:VERBOSE2:chrome\updater\ipc\proxy_impl_base_win.h:58] ~ProxyImplBase
[22468:30748:0929/004025.465:VERBOSE1:chrome\updater\updater.cc:423] UpdaterMain (--wake) returned 0.
[12408:6376:0929/004025.472:VERBOSE1:chrome\updater\app\app_wakeall.cc:67] `"C:\Program Files (x86)\Google\GoogleUpdater\142.0.7416.0\updater.exe" --wake --system` exited 0
[12408:21636:0929/004025.472:VERBOSE1:chrome\updater\updater.cc:423] UpdaterMain (--wake-all) returned 0.
[3456:17256:0929/004025.472:VERBOSE1:chrome\updater\updater.cc:423] UpdaterMain (--crash-handler) returned 0.
[28884:22124:0929/004025.481:VERBOSE1:chrome\updater\updater.cc:423] UpdaterMain (--crash-handler) returned 0.
[25324:29012:0929/054025.915:VERBOSE1:chrome\updater\updater.cc:411] Version: 142.0.7416.0, opt, x86_64, command line: "C:\Program Files (x86)\Google\GoogleUpdater\142.0.7416.0\updater.exe" --wake-all --system
[25324:29012:0929/054025.915:VERBOSE1:chrome\updater\updater.cc:414] OS version: 10.0.26100.6584, System uptime (seconds): 401976, parent pid: 9860
[25324:29012:0929/054025.917:VERBOSE1:chrome\updater\updater.cc:325] available: 15149816K, total: 35422432K
[13484:8944:0929/054026.019:VERBOSE1:chrome\updater\updater.cc:411] Version: 142.0.7416.0, opt, x86_64, command line: "C:\Program Files (x86)\Google\GoogleUpdater\142.0.7416.0\updater.exe" --crash-handler --system "--database=C:\Program Files (x86)\Google\GoogleUpdater\142.0.7416.0\Crashpad" --url=https://clients2.google.com/cr/report --annotation=prod=Update4 --annotation=ver=142.0.7416.0 "--attachment=C:\Program Files (x86)\Google\GoogleUpdater\updater.log" --initial-client-data=0x274,0x278,0x27c,0xb4,0x280,0x7ff7d2247cc4,0x7ff7d2247cd0,0x7ff7d2247ce0
[13484:8944:0929/054026.019:VERBOSE1:chrome\updater\updater.cc:414] OS version: 10.0.26100.6584, System uptime (seconds): 401976, parent pid: 25324
[13484:8944:0929/054026.019:VERBOSE1:chrome\updater\updater.cc:325] available: 15146152K, total: 35422432K
[25324:29012:0929/054026.019:VERBOSE1:chrome\updater\crash_reporter.cc:120] Crash handler launched and ready.
[25324:29012:0929/054026.019:ERROR:chrome\updater\crash_client.cc:116] Failed to fetch completed crash reports: 3
[25324:29012:0929/054026.019:ERROR:chrome\updater\crash_client.cc:132] Failed to fetch pending crash reports: 3
[25324:29012:0929/054026.019:VERBOSE2:chrome\updater\usage_stats_permissions_win.cc:77] usage stats enabled by app {8a69d345-d564-463c-aff1-a69d9e530f96}
[25324:29012:0929/054026.019:ERROR:third_party\crashpad\crashpad\util\file\file_io_win.cc:181] CreateFile C:\Program Files (x86)\Google\GoogleUpdater\142.0.7416.0\Crashpad\settings.dat: Access is denied. (0x5)
[25324:29012:0929/054026.024:ERROR:third_party\crashpad\crashpad\util\file\file_io_win.cc:181] CreateFile C:\Program Files (x86)\Google\GoogleUpdater\142.0.7416.0\Crashpad\settings.dat: Access is denied. (0x5)
[25324:29012:0929/054026.024:VERBOSE1:chrome\updater\updater.cc:97] Crash reporting initialized.
[25324:29012:0929/054026.024:VERBOSE1:chrome\updater\updater.cc:147] IsUserAdmin: 0, IsUserNonElevatedAdmin: 0, IsUACOn: 1, IsElevatedWithUACOn: 0, LUA: 1
[25324:32536:0929/054026.024:VERBOSE1:chrome\updater\app\app_wakeall.cc:57] Launching `"C:\Program Files (x86)\Google\GoogleUpdater\142.0.7416.0\updater.exe" --wake --system`
[16028:34572:0929/054026.108:VERBOSE1:chrome\updater\updater.cc:411] Version: 142.0.7416.0, opt, x86_64, command line: "C:\Program Files (x86)\Google\GoogleUpdater\142.0.7416.0\updater.exe" --wake --system
[16028:34572:0929/054026.108:VERBOSE1:chrome\updater\updater.cc:414] OS version: 10.0.26100.6584, System uptime (seconds): 401976, parent pid: 25324
[16028:34572:0929/054026.108:VERBOSE1:chrome\updater\updater.cc:325] available: 15140700K, total: 35422432K
[34520:32612:0929/054026.174:VERBOSE1:chrome\updater\updater.cc:411] Version: 142.0.7416.0, opt, x86_64, command line: "C:\Program Files (x86)\Google\GoogleUpdater\142.0.7416.0\updater.exe" --crash-handler --system "--database=C:\Program Files (x86)\Google\GoogleUpdater\142.0.7416.0\Crashpad" --url=https://clients2.google.com/cr/report --annotation=prod=Update4 --annotation=ver=142.0.7416.0 "--attachment=C:\Program Files (x86)\Google\GoogleUpdater\updater.log" --initial-client-data=0x278,0x27c,0x280,0x254,0x284,0x7ff7d2247cc4,0x7ff7d2247cd0,0x7ff7d2247ce0
[34520:32612:0929/054026.174:VERBOSE1:chrome\updater\updater.cc:414] OS version: 10.0.26100.6584, System uptime (seconds): 401976, parent pid: 16028
[34520:32612:0929/054026.174:VERBOSE1:chrome\updater\updater.cc:325] available: 15140424K, total: 35422432K
[16028:34572:0929/054026.174:VERBOSE1:chrome\updater\crash_reporter.cc:120] Crash handler launched and ready.
[16028:34572:0929/054026.183:ERROR:chrome\updater\crash_client.cc:116] Failed to fetch completed crash reports: 3
[16028:34572:0929/054026.184:ERROR:chrome\updater\crash_client.cc:132] Failed to fetch pending crash reports: 3
[16028:34572:0929/054026.184:VERBOSE2:chrome\updater\usage_stats_permissions_win.cc:77] usage stats enabled by app {8a69d345-d564-463c-aff1-a69d9e530f96}
[16028:34572:0929/054026.184:ERROR:third_party\crashpad\crashpad\util\file\file_io_win.cc:181] CreateFile C:\Program Files (x86)\Google\GoogleUpdater\142.0.7416.0\Crashpad\settings.dat: Access is denied. (0x5)
[16028:34572:0929/054026.185:ERROR:third_party\crashpad\crashpad\util\file\file_io_win.cc:181] CreateFile C:\Program Files (x86)\Google\GoogleUpdater\142.0.7416.0\Crashpad\settings.dat: Access is denied. (0x5)
[16028:34572:0929/054026.185:VERBOSE1:chrome\updater\updater.cc:97] Crash reporting initialized.
[16028:34572:0929/054026.188:VERBOSE1:chrome\updater\updater.cc:147] IsUserAdmin: 0, IsUserNonElevatedAdmin: 0, IsUACOn: 1, IsElevatedWithUACOn: 0, LUA: 1
[16028:34572:0929/054026.199:VERBOSE1:chrome\updater\ipc\update_service_internal_proxy_win.cc:156] Run
[16028:19632:0929/054031.200:VERBOSE2:chrome\updater\ipc\update_service_internal_proxy_win.cc:65] Run result 0.
[16028:34572:0929/054031.200:VERBOSE1:chrome\updater\ipc\update_service_internal_proxy_win.cc:148] ~UpdateServiceInternalProxyImpl
[16028:29672:0929/054031.200:VERBOSE2:chrome\updater\ipc\proxy_impl_base_win.h:58] ~ProxyImplBase
[16028:34572:0929/054031.200:VERBOSE1:chrome\updater\updater.cc:423] UpdaterMain (--wake) returned 0.
[25324:32536:0929/054031.212:VERBOSE1:chrome\updater\app\app_wakeall.cc:67] `"C:\Program Files (x86)\Google\GoogleUpdater\142.0.7416.0\updater.exe" --wake --system` exited 0
[25324:29012:0929/054031.213:VERBOSE1:chrome\updater\updater.cc:423] UpdaterMain (--wake-all) returned 0.
[34520:32612:0929/054031.214:VERBOSE1:chrome\updater\updater.cc:423] UpdaterMain (--crash-handler) returned 0.
[13484:8944:0929/054031.221:VERBOSE1:chrome\updater\updater.cc:423] UpdaterMain (--crash-handler) returned 0.
[26044:30804:0929/104031.512:VERBOSE1:chrome\updater\updater.cc:411] Version: 142.0.7416.0, opt, x86_64, command line: "C:\Program Files (x86)\Google\GoogleUpdater\142.0.7416.0\updater.exe" --wake-all --system
[26044:30804:0929/104031.512:VERBOSE1:chrome\updater\updater.cc:414] OS version: 10.0.26100.6584, System uptime (seconds): 419981, parent pid: 9860
[26044:30804:0929/104031.512:VERBOSE1:chrome\updater\updater.cc:325] available: 14793788K, total: 35422432K
[33116:17668:0929/104031.601:VERBOSE1:chrome\updater\updater.cc:411] Version: 142.0.7416.0, opt, x86_64, command line: "C:\Program Files (x86)\Google\GoogleUpdater\142.0.7416.0\updater.exe" --crash-handler --system "--database=C:\Program Files (x86)\Google\GoogleUpdater\142.0.7416.0\Crashpad" --url=https://clients2.google.com/cr/report --annotation=prod=Update4 --annotation=ver=142.0.7416.0 "--attachment=C:\Program Files (x86)\Google\GoogleUpdater\updater.log" --initial-client-data=0x270,0x274,0x278,0x24c,0x27c,0x7ff7d2247cc4,0x7ff7d2247cd0,0x7ff7d2247ce0
[33116:17668:0929/104031.602:VERBOSE1:chrome\updater\updater.cc:414] OS version: 10.0.26100.6584, System uptime (seconds): 419981, parent pid: 26044
[33116:17668:0929/104031.603:VERBOSE1:chrome\updater\updater.cc:325] available: 14797948K, total: 35422432K
[26044:30804:0929/104031.613:VERBOSE1:chrome\updater\crash_reporter.cc:120] Crash handler launched and ready.
[26044:30804:0929/104031.614:ERROR:chrome\updater\crash_client.cc:116] Failed to fetch completed crash reports: 3
[26044:30804:0929/104031.614:ERROR:chrome\updater\crash_client.cc:132] Failed to fetch pending crash reports: 3
[26044:30804:0929/104031.614:VERBOSE2:chrome\updater\usage_stats_permissions_win.cc:77] usage stats enabled by app {8a69d345-d564-463c-aff1-a69d9e530f96}
[26044:30804:0929/104031.615:ERROR:third_party\crashpad\crashpad\util\file\file_io_win.cc:181] CreateFile C:\Program Files (x86)\Google\GoogleUpdater\142.0.7416.0\Crashpad\settings.dat: Access is denied. (0x5)
[26044:30804:0929/104031.615:ERROR:third_party\crashpad\crashpad\util\file\file_io_win.cc:181] CreateFile C:\Program Files (x86)\Google\GoogleUpdater\142.0.7416.0\Crashpad\settings.dat: Access is denied. (0x5)
[26044:30804:0929/104031.615:VERBOSE1:chrome\updater\updater.cc:97] Crash reporting initialized.
[26044:30804:0929/104031.618:VERBOSE1:chrome\updater\updater.cc:147] IsUserAdmin: 0, IsUserNonElevatedAdmin: 0, IsUACOn: 1, IsElevatedWithUACOn: 0, LUA: 1
[26044:27464:0929/104031.627:VERBOSE1:chrome\updater\app\app_wakeall.cc:57] Launching `"C:\Program Files (x86)\Google\GoogleUpdater\142.0.7416.0\updater.exe" --wake --system`
[2888:17532:0929/104031.691:VERBOSE1:chrome\updater\updater.cc:411] Version: 142.0.7416.0, opt, x86_64, command line: "C:\Program Files (x86)\Google\GoogleUpdater\142.0.7416.0\updater.exe" --wake --system
[2888:17532:0929/104031.691:VERBOSE1:chrome\updater\updater.cc:414] OS version: 10.0.26100.6584, System uptime (seconds): 419981, parent pid: 26044
[2888:17532:0929/104031.691:VERBOSE1:chrome\updater\updater.cc:325] available: 14785220K, total: 35422432K
[30964:34908:0929/104031.746:VERBOSE1:chrome\updater\updater.cc:411] Version: 142.0.7416.0, opt, x86_64, command line: "C:\Program Files (x86)\Google\GoogleUpdater\142.0.7416.0\updater.exe" --crash-handler --system "--database=C:\Program Files (x86)\Google\GoogleUpdater\142.0.7416.0\Crashpad" --url=https://clients2.google.com/cr/report --annotation=prod=Update4 --annotation=ver=142.0.7416.0 "--attachment=C:\Program Files (x86)\Google\GoogleUpdater\updater.log" --initial-client-data=0x26c,0x270,0x274,0x248,0x278,0x7ff7d2247cc4,0x7ff7d2247cd0,0x7ff7d2247ce0
[30964:34908:0929/104031.746:VERBOSE1:chrome\updater\updater.cc:414] OS version: 10.0.26100.6584, System uptime (seconds): 419982, parent pid: 2888
[30964:34908:0929/104031.746:VERBOSE1:chrome\updater\updater.cc:325] available: 14780584K, total: 35422432K
[2888:17532:0929/104031.761:VERBOSE1:chrome\updater\crash_reporter.cc:120] Crash handler launched and ready.
[2888:17532:0929/104031.763:ERROR:chrome\updater\crash_client.cc:116] Failed to fetch completed crash reports: 3
[2888:17532:0929/104031.763:ERROR:chrome\updater\crash_client.cc:132] Failed to fetch pending crash reports: 3
[2888:17532:0929/104031.764:VERBOSE2:chrome\updater\usage_stats_permissions_win.cc:77] usage stats enabled by app {8a69d345-d564-463c-aff1-a69d9e530f96}
[2888:17532:0929/104031.764:ERROR:third_party\crashpad\crashpad\util\file\file_io_win.cc:181] CreateFile C:\Program Files (x86)\Google\GoogleUpdater\142.0.7416.0\Crashpad\settings.dat: Access is denied. (0x5)
[2888:17532:0929/104031.765:ERROR:third_party\crashpad\crashpad\util\file\file_io_win.cc:181] CreateFile C:\Program Files (x86)\Google\GoogleUpdater\142.0.7416.0\Crashpad\settings.dat: Access is denied. (0x5)
[2888:17532:0929/104031.765:VERBOSE1:chrome\updater\updater.cc:97] Crash reporting initialized.
[2888:17532:0929/104031.767:VERBOSE1:chrome\updater\updater.cc:147] IsUserAdmin: 0, IsUserNonElevatedAdmin: 0, IsUACOn: 1, IsElevatedWithUACOn: 0, LUA: 1
[2888:17532:0929/104031.775:VERBOSE1:chrome\updater\ipc\update_service_internal_proxy_win.cc:156] Run
[2888:24124:0929/104035.832:VERBOSE2:chrome\updater\ipc\update_service_internal_proxy_win.cc:65] Run result 0.
[2888:17532:0929/104035.832:VERBOSE1:chrome\updater\ipc\update_service_internal_proxy_win.cc:148] ~UpdateServiceInternalProxyImpl
[2888:13808:0929/104035.832:VERBOSE2:chrome\updater\ipc\proxy_impl_base_win.h:58] ~ProxyImplBase
[2888:17532:0929/104035.833:VERBOSE1:chrome\updater\updater.cc:423] UpdaterMain (--wake) returned 0.
[26044:27464:0929/104035.836:VERBOSE1:chrome\updater\app\app_wakeall.cc:67] `"C:\Program Files (x86)\Google\GoogleUpdater\142.0.7416.0\updater.exe" --wake --system` exited 0
[26044:30804:0929/104035.838:VERBOSE1:chrome\updater\updater.cc:423] UpdaterMain (--wake-all) returned 0.
[30964:34908:0929/104035.839:VERBOSE1:chrome\updater\updater.cc:423] UpdaterMain (--crash-handler) returned 0.
[33116:17668:0929/104035.844:VERBOSE1:chrome\updater\updater.cc:423] UpdaterMain (--crash-handler) returned 0.
[29808:26800:0929/154038.262:VERBOSE1:chrome\updater\updater.cc:411] Version: 142.0.7416.0, opt, x86_64, command line: "C:\Program Files (x86)\Google\GoogleUpdater\142.0.7416.0\updater.exe" --wake-all --system
[29808:26800:0929/154038.262:VERBOSE1:chrome\updater\updater.cc:414] OS version: 10.0.26100.6584, System uptime (seconds): 437986, parent pid: 9860
[29808:26800:0929/154038.262:VERBOSE1:chrome\updater\updater.cc:325] available: 7544592K, total: 35422432K
[19532:19408:0929/154038.324:VERBOSE1:chrome\updater\updater.cc:411] Version: 142.0.7416.0, opt, x86_64, command line: "C:\Program Files (x86)\Google\GoogleUpdater\142.0.7416.0\updater.exe" --crash-handler --system "--database=C:\Program Files (x86)\Google\GoogleUpdater\142.0.7416.0\Crashpad" --url=https://clients2.google.com/cr/report --annotation=prod=Update4 --annotation=ver=142.0.7416.0 "--attachment=C:\Program Files (x86)\Google\GoogleUpdater\updater.log" --initial-client-data=0x26c,0x270,0x274,0x248,0x278,0x7ff7d2247cc4,0x7ff7d2247cd0,0x7ff7d2247ce0
[19532:19408:0929/154038.324:VERBOSE1:chrome\updater\updater.cc:414] OS version: 10.0.26100.6584, System uptime (seconds): 437986, parent pid: 29808
[19532:19408:0929/154038.324:VERBOSE1:chrome\updater\updater.cc:325] available: 7541564K, total: 35422432K
[29808:26800:0929/154038.326:VERBOSE1:chrome\updater\crash_reporter.cc:120] Crash handler launched and ready.
[29808:26800:0929/154038.326:ERROR:chrome\updater\crash_client.cc:116] Failed to fetch completed crash reports: 3
[29808:26800:0929/154038.326:ERROR:chrome\updater\crash_client.cc:132] Failed to fetch pending crash reports: 3
[29808:26800:0929/154038.327:VERBOSE2:chrome\updater\usage_stats_permissions_win.cc:77] usage stats enabled by app {8a69d345-d564-463c-aff1-a69d9e530f96}
[29808:26800:0929/154038.327:ERROR:third_party\crashpad\crashpad\util\file\file_io_win.cc:181] CreateFile C:\Program Files (x86)\Google\GoogleUpdater\142.0.7416.0\Crashpad\settings.dat: Access is denied. (0x5)
[29808:26800:0929/154038.328:ERROR:third_party\crashpad\crashpad\util\file\file_io_win.cc:181] CreateFile C:\Program Files (x86)\Google\GoogleUpdater\142.0.7416.0\Crashpad\settings.dat: Access is denied. (0x5)
[29808:26800:0929/154038.328:VERBOSE1:chrome\updater\updater.cc:97] Crash reporting initialized.
[29808:26800:0929/154038.330:VERBOSE1:chrome\updater\updater.cc:147] IsUserAdmin: 0, IsUserNonElevatedAdmin: 0, IsUACOn: 1, IsElevatedWithUACOn: 0, LUA: 1
[29808:20076:0929/154038.344:VERBOSE1:chrome\updater\app\app_wakeall.cc:57] Launching `"C:\Program Files (x86)\Google\GoogleUpdater\142.0.7416.0\updater.exe" --wake --system`
[16696:30984:0929/154038.399:VERBOSE1:chrome\updater\updater.cc:411] Version: 142.0.7416.0, opt, x86_64, command line: "C:\Program Files (x86)\Google\GoogleUpdater\142.0.7416.0\updater.exe" --wake --system
[16696:30984:0929/154038.399:VERBOSE1:chrome\updater\updater.cc:414] OS version: 10.0.26100.6584, System uptime (seconds): 437986, parent pid: 29808
[16696:30984:0929/154038.399:VERBOSE1:chrome\updater\updater.cc:325] available: 7538480K, total: 35422432K
[33284:25564:0929/154038.456:VERBOSE1:chrome\updater\updater.cc:411] Version: 142.0.7416.0, opt, x86_64, command line: "C:\Program Files (x86)\Google\GoogleUpdater\142.0.7416.0\updater.exe" --crash-handler --system "--database=C:\Program Files (x86)\Google\GoogleUpdater\142.0.7416.0\Crashpad" --url=https://clients2.google.com/cr/report --annotation=prod=Update4 --annotation=ver=142.0.7416.0 "--attachment=C:\Program Files (x86)\Google\GoogleUpdater\updater.log" --initial-client-data=0x270,0x274,0x278,0x24c,0x27c,0x7ff7d2247cc4,0x7ff7d2247cd0,0x7ff7d2247ce0
[33284:25564:0929/154038.456:VERBOSE1:chrome\updater\updater.cc:414] OS version: 10.0.26100.6584, System uptime (seconds): 437986, parent pid: 16696
[33284:25564:0929/154038.456:VERBOSE1:chrome\updater\updater.cc:325] available: 7534448K, total: 35422432K
[16696:30984:0929/154038.456:VERBOSE1:chrome\updater\crash_reporter.cc:120] Crash handler launched and ready.
[16696:30984:0929/154038.456:ERROR:chrome\updater\crash_client.cc:116] Failed to fetch completed crash reports: 3
[16696:30984:0929/154038.456:ERROR:chrome\updater\crash_client.cc:132] Failed to fetch pending crash reports: 3
[16696:30984:0929/154038.456:VERBOSE2:chrome\updater\usage_stats_permissions_win.cc:77] usage stats enabled by app {8a69d345-d564-463c-aff1-a69d9e530f96}
[16696:30984:0929/154038.456:ERROR:third_party\crashpad\crashpad\util\file\file_io_win.cc:181] CreateFile C:\Program Files (x86)\Google\GoogleUpdater\142.0.7416.0\Crashpad\settings.dat: Access is denied. (0x5)
[16696:30984:0929/154038.467:ERROR:third_party\crashpad\crashpad\util\file\file_io_win.cc:181] CreateFile C:\Program Files (x86)\Google\GoogleUpdater\142.0.7416.0\Crashpad\settings.dat: Access is denied. (0x5)
[16696:30984:0929/154038.467:VERBOSE1:chrome\updater\updater.cc:97] Crash reporting initialized.
[16696:30984:0929/154038.468:VERBOSE1:chrome\updater\updater.cc:147] IsUserAdmin: 0, IsUserNonElevatedAdmin: 0, IsUACOn: 1, IsElevatedWithUACOn: 0, LUA: 1
[16696:30984:0929/154038.476:VERBOSE1:chrome\updater\ipc\update_service_internal_proxy_win.cc:156] Run
[16696:35168:0929/154042.207:VERBOSE2:chrome\updater\ipc\update_service_internal_proxy_win.cc:65] Run result 0.
[16696:30984:0929/154042.207:VERBOSE1:chrome\updater\ipc\update_service_internal_proxy_win.cc:148] ~UpdateServiceInternalProxyImpl
[16696:1376:0929/154042.207:VERBOSE2:chrome\updater\ipc\proxy_impl_base_win.h:58] ~ProxyImplBase
[16696:30984:0929/154042.209:VERBOSE1:chrome\updater\updater.cc:423] UpdaterMain (--wake) returned 0.
[29808:20076:0929/154042.211:VERBOSE1:chrome\updater\app\app_wakeall.cc:67] `"C:\Program Files (x86)\Google\GoogleUpdater\142.0.7416.0\updater.exe" --wake --system` exited 0
[29808:26800:0929/154042.212:VERBOSE1:chrome\updater\updater.cc:423] UpdaterMain (--wake-all) returned 0.
[33284:25564:0929/154042.214:VERBOSE1:chrome\updater\updater.cc:423] UpdaterMain (--crash-handler) returned 0.
[19532:19408:0929/154042.218:VERBOSE1:chrome\updater\updater.cc:423] UpdaterMain (--crash-handler) returned 0.
[2280:1308:0929/204042.478:VERBOSE1:chrome\updater\updater.cc:411] Version: 142.0.7416.0, opt, x86_64, command line: "C:\Program Files (x86)\Google\GoogleUpdater\142.0.7416.0\updater.exe" --wake-all --system
[2280:1308:0929/204042.478:VERBOSE1:chrome\updater\updater.cc:414] OS version: 10.0.26100.6584, System uptime (seconds): 455990, parent pid: 9860
[2280:1308:0929/204042.478:VERBOSE1:chrome\updater\updater.cc:325] available: 7875668K, total: 35422432K
[17940:19092:0929/204042.542:VERBOSE1:chrome\updater\updater.cc:411] Version: 142.0.7416.0, opt, x86_64, command line: "C:\Program Files (x86)\Google\GoogleUpdater\142.0.7416.0\updater.exe" --crash-handler --system "--database=C:\Program Files (x86)\Google\GoogleUpdater\142.0.7416.0\Crashpad" --url=https://clients2.google.com/cr/report --annotation=prod=Update4 --annotation=ver=142.0.7416.0 "--attachment=C:\Program Files (x86)\Google\GoogleUpdater\updater.log" --initial-client-data=0x274,0x278,0x27c,0x250,0x280,0x7ff7d2247cc4,0x7ff7d2247cd0,0x7ff7d2247ce0
[17940:19092:0929/204042.542:VERBOSE1:chrome\updater\updater.cc:414] OS version: 10.0.26100.6584, System uptime (seconds): 455990, parent pid: 2280
[17940:19092:0929/204042.542:VERBOSE1:chrome\updater\updater.cc:325] available: 7870440K, total: 35422432K
[2280:1308:0929/204042.544:VERBOSE1:chrome\updater\crash_reporter.cc:120] Crash handler launched and ready.
[2280:1308:0929/204042.544:ERROR:chrome\updater\crash_client.cc:116] Failed to fetch completed crash reports: 3
[2280:1308:0929/204042.544:ERROR:chrome\updater\crash_client.cc:132] Failed to fetch pending crash reports: 3
[2280:1308:0929/204042.544:VERBOSE2:chrome\updater\usage_stats_permissions_win.cc:77] usage stats enabled by app {8a69d345-d564-463c-aff1-a69d9e530f96}
[2280:1308:0929/204042.546:ERROR:third_party\crashpad\crashpad\util\file\file_io_win.cc:181] CreateFile C:\Program Files (x86)\Google\GoogleUpdater\142.0.7416.0\Crashpad\settings.dat: Access is denied. (0x5)
[2280:1308:0929/204042.546:ERROR:third_party\crashpad\crashpad\util\file\file_io_win.cc:181] CreateFile C:\Program Files (x86)\Google\GoogleUpdater\142.0.7416.0\Crashpad\settings.dat: Access is denied. (0x5)
[2280:1308:0929/204042.546:VERBOSE1:chrome\updater\updater.cc:97] Crash reporting initialized.
[2280:1308:0929/204042.549:VERBOSE1:chrome\updater\updater.cc:147] IsUserAdmin: 0, IsUserNonElevatedAdmin: 0, IsUACOn: 1, IsElevatedWithUACOn: 0, LUA: 1
[2280:27132:0929/204042.559:VERBOSE1:chrome\updater\app\app_wakeall.cc:57] Launching `"C:\Program Files (x86)\Google\GoogleUpdater\142.0.7416.0\updater.exe" --wake --system`
[30680:22184:0929/204042.609:VERBOSE1:chrome\updater\updater.cc:411] Version: 142.0.7416.0, opt, x86_64, command line: "C:\Program Files (x86)\Google\GoogleUpdater\142.0.7416.0\updater.exe" --wake --system
[30680:22184:0929/204042.609:VERBOSE1:chrome\updater\updater.cc:414] OS version: 10.0.26100.6584, System uptime (seconds): 455990, parent pid: 2280
[30680:22184:0929/204042.609:VERBOSE1:chrome\updater\updater.cc:325] available: 7867800K, total: 35422432K
[18264:26104:0929/204042.676:VERBOSE1:chrome\updater\updater.cc:411] Version: 142.0.7416.0, opt, x86_64, command line: "C:\Program Files (x86)\Google\GoogleUpdater\142.0.7416.0\updater.exe" --crash-handler --system "--database=C:\Program Files (x86)\Google\GoogleUpdater\142.0.7416.0\Crashpad" --url=https://clients2.google.com/cr/report --annotation=prod=Update4 --annotation=ver=142.0.7416.0 "--attachment=C:\Program Files (x86)\Google\GoogleUpdater\updater.log" --initial-client-data=0x26c,0x270,0x274,0x248,0x278,0x7ff7d2247cc4,0x7ff7d2247cd0,0x7ff7d2247ce0
[18264:26104:0929/204042.676:VERBOSE1:chrome\updater\updater.cc:414] OS version: 10.0.26100.6584, System uptime (seconds): 455990, parent pid: 30680
[18264:26104:0929/204042.676:VERBOSE1:chrome\updater\updater.cc:325] available: 7866812K, total: 35422432K
[30680:22184:0929/204042.678:VERBOSE1:chrome\updater\crash_reporter.cc:120] Crash handler launched and ready.
[30680:22184:0929/204042.679:ERROR:chrome\updater\crash_client.cc:116] Failed to fetch completed crash reports: 3
[30680:22184:0929/204042.679:ERROR:chrome\updater\crash_client.cc:132] Failed to fetch pending crash reports: 3
[30680:22184:0929/204042.680:VERBOSE2:chrome\updater\usage_stats_permissions_win.cc:77] usage stats enabled by app {8a69d345-d564-463c-aff1-a69d9e530f96}
[30680:22184:0929/204042.680:ERROR:third_party\crashpad\crashpad\util\file\file_io_win.cc:181] CreateFile C:\Program Files (x86)\Google\GoogleUpdater\142.0.7416.0\Crashpad\settings.dat: Access is denied. (0x5)
[30680:22184:0929/204042.680:ERROR:third_party\crashpad\crashpad\util\file\file_io_win.cc:181] CreateFile C:\Program Files (x86)\Google\GoogleUpdater\142.0.7416.0\Crashpad\settings.dat: Access is denied. (0x5)
[30680:22184:0929/204042.680:VERBOSE1:chrome\updater\updater.cc:97] Crash reporting initialized.
[30680:22184:0929/204042.683:VERBOSE1:chrome\updater\updater.cc:147] IsUserAdmin: 0, IsUserNonElevatedAdmin: 0, IsUACOn: 1, IsElevatedWithUACOn: 0, LUA: 1
[30680:22184:0929/204042.687:VERBOSE1:chrome\updater\ipc\update_service_internal_proxy_win.cc:156] Run
[30680:19448:0929/204045.660:VERBOSE2:chrome\updater\ipc\update_service_internal_proxy_win.cc:65] Run result 0.
[30680:22184:0929/204045.660:VERBOSE1:chrome\updater\ipc\update_service_internal_proxy_win.cc:148] ~UpdateServiceInternalProxyImpl
[30680:516:0929/204045.660:VERBOSE2:chrome\updater\ipc\proxy_impl_base_win.h:58] ~ProxyImplBase
[30680:22184:0929/204045.662:VERBOSE1:chrome\updater\updater.cc:423] UpdaterMain (--wake) returned 0.
[2280:27132:0929/204045.666:VERBOSE1:chrome\updater\app\app_wakeall.cc:67] `"C:\Program Files (x86)\Google\GoogleUpdater\142.0.7416.0\updater.exe" --wake --system` exited 0
[2280:1308:0929/204045.667:VERBOSE1:chrome\updater\updater.cc:423] UpdaterMain (--wake-all) returned 0.
[18264:26104:0929/204045.668:VERBOSE1:chrome\updater\updater.cc:423] UpdaterMain (--crash-handler) returned 0.
[17940:19092:0929/204045.672:VERBOSE1:chrome\updater\updater.cc:423] UpdaterMain (--crash-handler) returned 0.
[14560:34632:0930/014045.906:VERBOSE1:chrome\updater\updater.cc:411] Version: 142.0.7416.0, opt, x86_64, command line: "C:\Program Files (x86)\Google\GoogleUpdater\142.0.7416.0\updater.exe" --wake-all --system
[14560:34632:0930/014045.906:VERBOSE1:chrome\updater\updater.cc:414] OS version: 10.0.26100.6584, System uptime (seconds): 473994, parent pid: 9860
[14560:34632:0930/014045.906:VERBOSE1:chrome\updater\updater.cc:325] available: 7746296K, total: 35422432K
[23588:10968:0930/014045.972:VERBOSE1:chrome\updater\updater.cc:411] Version: 142.0.7416.0, opt, x86_64, command line: "C:\Program Files (x86)\Google\GoogleUpdater\142.0.7416.0\updater.exe" --crash-handler --system "--database=C:\Program Files (x86)\Google\GoogleUpdater\142.0.7416.0\Crashpad" --url=https://clients2.google.com/cr/report --annotation=prod=Update4 --annotation=ver=142.0.7416.0 "--attachment=C:\Program Files (x86)\Google\GoogleUpdater\updater.log" --initial-client-data=0x274,0x278,0x27c,0x250,0x280,0x7ff7d2247cc4,0x7ff7d2247cd0,0x7ff7d2247ce0
[23588:10968:0930/014045.972:VERBOSE1:chrome\updater\updater.cc:414] OS version: 10.0.26100.6584, System uptime (seconds): 473994, parent pid: 14560
[23588:10968:0930/014045.972:VERBOSE1:chrome\updater\updater.cc:325] available: 7746356K, total: 35422432K
[14560:34632:0930/014045.974:VERBOSE1:chrome\updater\crash_reporter.cc:120] Crash handler launched and ready.
[14560:34632:0930/014045.976:ERROR:chrome\updater\crash_client.cc:116] Failed to fetch completed crash reports: 3
[14560:34632:0930/014045.976:ERROR:chrome\updater\crash_client.cc:132] Failed to fetch pending crash reports: 3
[14560:34632:0930/014045.976:VERBOSE2:chrome\updater\usage_stats_permissions_win.cc:77] usage stats enabled by app {8a69d345-d564-463c-aff1-a69d9e530f96}
[14560:34632:0930/014045.976:ERROR:third_party\crashpad\crashpad\util\file\file_io_win.cc:181] CreateFile C:\Program Files (x86)\Google\GoogleUpdater\142.0.7416.0\Crashpad\settings.dat: Access is denied. (0x5)
[14560:34632:0930/014045.976:ERROR:third_party\crashpad\crashpad\util\file\file_io_win.cc:181] CreateFile C:\Program Files (x86)\Google\GoogleUpdater\142.0.7416.0\Crashpad\settings.dat: Access is denied. (0x5)
[14560:34632:0930/014045.976:VERBOSE1:chrome\updater\updater.cc:97] Crash reporting initialized.
[14560:34632:0930/014045.980:VERBOSE1:chrome\updater\updater.cc:147] IsUserAdmin: 0, IsUserNonElevatedAdmin: 0, IsUACOn: 1, IsElevatedWithUACOn: 0, LUA: 1
[14560:8384:0930/014045.988:VERBOSE1:chrome\updater\app\app_wakeall.cc:57] Launching `"C:\Program Files (x86)\Google\GoogleUpdater\142.0.7416.0\updater.exe" --wake --system`
[7504:18052:0930/014046.043:VERBOSE1:chrome\updater\updater.cc:411] Version: 142.0.7416.0, opt, x86_64, command line: "C:\Program Files (x86)\Google\GoogleUpdater\142.0.7416.0\updater.exe" --wake --system
[7504:18052:0930/014046.043:VERBOSE1:chrome\updater\updater.cc:414] OS version: 10.0.26100.6584, System uptime (seconds): 473994, parent pid: 14560
[7504:18052:0930/014046.045:VERBOSE1:chrome\updater\updater.cc:325] available: 7742496K, total: 35422432K
[26228:24252:0930/014046.109:VERBOSE1:chrome\updater\updater.cc:411] Version: 142.0.7416.0, opt, x86_64, command line: "C:\Program Files (x86)\Google\GoogleUpdater\142.0.7416.0\updater.exe" --crash-handler --system "--database=C:\Program Files (x86)\Google\GoogleUpdater\142.0.7416.0\Crashpad" --url=https://clients2.google.com/cr/report --annotation=prod=Update4 --annotation=ver=142.0.7416.0 "--attachment=C:\Program Files (x86)\Google\GoogleUpdater\updater.log" --initial-client-data=0x26c,0x270,0x274,0x248,0x278,0x7ff7d2247cc4,0x7ff7d2247cd0,0x7ff7d2247ce0
[26228:24252:0930/014046.109:VERBOSE1:chrome\updater\updater.cc:414] OS version: 10.0.26100.6584, System uptime (seconds): 473994, parent pid: 7504
[26228:24252:0930/014046.109:VERBOSE1:chrome\updater\updater.cc:325] available: 7740440K, total: 35422432K
[7504:18052:0930/014046.111:VERBOSE1:chrome\updater\crash_reporter.cc:120] Crash handler launched and ready.
[7504:18052:0930/014046.112:ERROR:chrome\updater\crash_client.cc:116] Failed to fetch completed crash reports: 3
[7504:18052:0930/014046.112:ERROR:chrome\updater\crash_client.cc:132] Failed to fetch pending crash reports: 3
[7504:18052:0930/014046.112:VERBOSE2:chrome\updater\usage_stats_permissions_win.cc:77] usage stats enabled by app {8a69d345-d564-463c-aff1-a69d9e530f96}
[7504:18052:0930/014046.112:ERROR:third_party\crashpad\crashpad\util\file\file_io_win.cc:181] CreateFile C:\Program Files (x86)\Google\GoogleUpdater\142.0.7416.0\Crashpad\settings.dat: Access is denied. (0x5)
[7504:18052:0930/014046.113:ERROR:third_party\crashpad\crashpad\util\file\file_io_win.cc:181] CreateFile C:\Program Files (x86)\Google\GoogleUpdater\142.0.7416.0\Crashpad\settings.dat: Access is denied. (0x5)
[7504:18052:0930/014046.113:VERBOSE1:chrome\updater\updater.cc:97] Crash reporting initialized.
[7504:18052:0930/014046.116:VERBOSE1:chrome\updater\updater.cc:147] IsUserAdmin: 0, IsUserNonElevatedAdmin: 0, IsUACOn: 1, IsElevatedWithUACOn: 0, LUA: 1
[7504:18052:0930/014046.125:VERBOSE1:chrome\updater\ipc\update_service_internal_proxy_win.cc:156] Run
[7504:34908:0930/014050.968:VERBOSE2:chrome\updater\ipc\update_service_internal_proxy_win.cc:65] Run result 0.
[7504:18052:0930/014050.968:VERBOSE1:chrome\updater\ipc\update_service_internal_proxy_win.cc:148] ~UpdateServiceInternalProxyImpl
[7504:3252:0930/014050.968:VERBOSE2:chrome\updater\ipc\proxy_impl_base_win.h:58] ~ProxyImplBase
[7504:18052:0930/014050.968:VERBOSE1:chrome\updater\updater.cc:423] UpdaterMain (--wake) returned 0.
[14560:8384:0930/014050.979:VERBOSE1:chrome\updater\app\app_wakeall.cc:67] `"C:\Program Files (x86)\Google\GoogleUpdater\142.0.7416.0\updater.exe" --wake --system` exited 0
[14560:34632:0930/014050.980:VERBOSE1:chrome\updater\updater.cc:423] UpdaterMain (--wake-all) returned 0.
[26228:24252:0930/014050.981:VERBOSE1:chrome\updater\updater.cc:423] UpdaterMain (--crash-handler) returned 0.
[23588:10968:0930/014050.985:VERBOSE1:chrome\updater\updater.cc:423] UpdaterMain (--crash-handler) returned 0.
[35864:18872:0930/064051.313:VERBOSE1:chrome\updater\updater.cc:411] Version: 142.0.7416.0, opt, x86_64, command line: "C:\Program Files (x86)\Google\GoogleUpdater\142.0.7416.0\updater.exe" --wake-all --system
[35864:18872:0930/064051.313:VERBOSE1:chrome\updater\updater.cc:414] OS version: 10.0.26100.6584, System uptime (seconds): 491999, parent pid: 9860
[35864:18872:0930/064051.313:VERBOSE1:chrome\updater\updater.cc:325] available: 8054476K, total: 35422432K
[15856:35432:0930/064051.377:VERBOSE1:chrome\updater\updater.cc:411] Version: 142.0.7416.0, opt, x86_64, command line: "C:\Program Files (x86)\Google\GoogleUpdater\142.0.7416.0\updater.exe" --crash-handler --system "--database=C:\Program Files (x86)\Google\GoogleUpdater\142.0.7416.0\Crashpad" --url=https://clients2.google.com/cr/report --annotation=prod=Update4 --annotation=ver=142.0.7416.0 "--attachment=C:\Program Files (x86)\Google\GoogleUpdater\updater.log" --initial-client-data=0x26c,0x270,0x274,0x248,0x278,0x7ff7d2247cc4,0x7ff7d2247cd0,0x7ff7d2247ce0
[15856:35432:0930/064051.377:VERBOSE1:chrome\updater\updater.cc:414] OS version: 10.0.26100.6584, System uptime (seconds): 491999, parent pid: 35864
[15856:35432:0930/064051.377:VERBOSE1:chrome\updater\updater.cc:325] available: 8051360K, total: 35422432K
[35864:18872:0930/064051.380:VERBOSE1:chrome\updater\crash_reporter.cc:120] Crash handler launched and ready.
[35864:18872:0930/064051.381:ERROR:chrome\updater\crash_client.cc:116] Failed to fetch completed crash reports: 3
[35864:18872:0930/064051.381:ERROR:chrome\updater\crash_client.cc:132] Failed to fetch pending crash reports: 3
[35864:18872:0930/064051.382:VERBOSE2:chrome\updater\usage_stats_permissions_win.cc:77] usage stats enabled by app {8a69d345-d564-463c-aff1-a69d9e530f96}
[35864:18872:0930/064051.382:ERROR:third_party\crashpad\crashpad\util\file\file_io_win.cc:181] CreateFile C:\Program Files (x86)\Google\GoogleUpdater\142.0.7416.0\Crashpad\settings.dat: Access is denied. (0x5)
[35864:18872:0930/064051.383:ERROR:third_party\crashpad\crashpad\util\file\file_io_win.cc:181] CreateFile C:\Program Files (x86)\Google\GoogleUpdater\142.0.7416.0\Crashpad\settings.dat: Access is denied. (0x5)
[35864:18872:0930/064051.383:VERBOSE1:chrome\updater\updater.cc:97] Crash reporting initialized.
[35864:18872:0930/064051.385:VERBOSE1:chrome\updater\updater.cc:147] IsUserAdmin: 0, IsUserNonElevatedAdmin: 0, IsUACOn: 1, IsElevatedWithUACOn: 0, LUA: 1
[35864:36380:0930/064051.394:VERBOSE1:chrome\updater\app\app_wakeall.cc:57] Launching `"C:\Program Files (x86)\Google\GoogleUpdater\142.0.7416.0\updater.exe" --wake --system`
[13052:25624:0930/064051.448:VERBOSE1:chrome\updater\updater.cc:411] Version: 142.0.7416.0, opt, x86_64, command line: "C:\Program Files (x86)\Google\GoogleUpdater\142.0.7416.0\updater.exe" --wake --system
[13052:25624:0930/064051.450:VERBOSE1:chrome\updater\updater.cc:414] OS version: 10.0.26100.6584, System uptime (seconds): 491999, parent pid: 35864
[13052:25624:0930/064051.450:VERBOSE1:chrome\updater\updater.cc:325] available: 8046600K, total: 35422432K
[30476:14600:0930/064051.499:VERBOSE1:chrome\updater\updater.cc:411] Version: 142.0.7416.0, opt, x86_64, command line: "C:\Program Files (x86)\Google\GoogleUpdater\142.0.7416.0\updater.exe" --crash-handler --system "--database=C:\Program Files (x86)\Google\GoogleUpdater\142.0.7416.0\Crashpad" --url=https://clients2.google.com/cr/report --annotation=prod=Update4 --annotation=ver=142.0.7416.0 "--attachment=C:\Program Files (x86)\Google\GoogleUpdater\updater.log" --initial-client-data=0x280,0x284,0x288,0x25c,0x28c,0x7ff7d2247cc4,0x7ff7d2247cd0,0x7ff7d2247ce0
[30476:14600:0930/064051.499:VERBOSE1:chrome\updater\updater.cc:414] OS version: 10.0.26100.6584, System uptime (seconds): 491999, parent pid: 13052
[30476:14600:0930/064051.499:VERBOSE1:chrome\updater\updater.cc:325] available: 8045572K, total: 35422432K
[13052:25624:0930/064051.499:VERBOSE1:chrome\updater\crash_reporter.cc:120] Crash handler launched and ready.
[13052:25624:0930/064051.514:ERROR:chrome\updater\crash_client.cc:116] Failed to fetch completed crash reports: 3
[13052:25624:0930/064051.514:ERROR:chrome\updater\crash_client.cc:132] Failed to fetch pending crash reports: 3
[13052:25624:0930/064051.514:VERBOSE2:chrome\updater\usage_stats_permissions_win.cc:77] usage stats enabled by app {8a69d345-d564-463c-aff1-a69d9e530f96}
[13052:25624:0930/064051.515:ERROR:third_party\crashpad\crashpad\util\file\file_io_win.cc:181] CreateFile C:\Program Files (x86)\Google\GoogleUpdater\142.0.7416.0\Crashpad\settings.dat: Access is denied. (0x5)
[13052:25624:0930/064051.515:ERROR:third_party\crashpad\crashpad\util\file\file_io_win.cc:181] CreateFile C:\Program Files (x86)\Google\GoogleUpdater\142.0.7416.0\Crashpad\settings.dat: Access is denied. (0x5)
[13052:25624:0930/064051.515:VERBOSE1:chrome\updater\updater.cc:97] Crash reporting initialized.
[13052:25624:0930/064051.515:VERBOSE1:chrome\updater\updater.cc:147] IsUserAdmin: 0, IsUserNonElevatedAdmin: 0, IsUACOn: 1, IsElevatedWithUACOn: 0, LUA: 1
[13052:25624:0930/064051.515:VERBOSE1:chrome\updater\ipc\update_service_internal_proxy_win.cc:156] Run
[13052:19612:0930/064055.630:VERBOSE2:chrome\updater\ipc\update_service_internal_proxy_win.cc:65] Run result 0.
[13052:25624:0930/064055.630:VERBOSE1:chrome\updater\ipc\update_service_internal_proxy_win.cc:148] ~UpdateServiceInternalProxyImpl
[13052:6992:0930/064055.631:VERBOSE2:chrome\updater\ipc\proxy_impl_base_win.h:58] ~ProxyImplBase
[13052:25624:0930/064055.632:VERBOSE1:chrome\updater\updater.cc:423] UpdaterMain (--wake) returned 0.
[35864:36380:0930/064055.635:VERBOSE1:chrome\updater\app\app_wakeall.cc:67] `"C:\Program Files (x86)\Google\GoogleUpdater\142.0.7416.0\updater.exe" --wake --system` exited 0
[35864:18872:0930/064055.637:VERBOSE1:chrome\updater\updater.cc:423] UpdaterMain (--wake-all) returned 0.
[30476:14600:0930/064055.638:VERBOSE1:chrome\updater\updater.cc:423] UpdaterMain (--crash-handler) returned 0.
[15856:35432:0930/064055.644:VERBOSE1:chrome\updater\updater.cc:423] UpdaterMain (--crash-handler) returned 0.
[34408:23564:0930/114055.935:VERBOSE1:chrome\updater\updater.cc:411] Version: 142.0.7416.0, opt, x86_64, command line: "C:\Program Files (x86)\Google\GoogleUpdater\142.0.7416.0\updater.exe" --wake-all --system
[34408:23564:0930/114055.935:VERBOSE1:chrome\updater\updater.cc:414] OS version: 10.0.26100.6584, System uptime (seconds): 510004, parent pid: 9860
[34408:23564:0930/114055.935:VERBOSE1:chrome\updater\updater.cc:325] available: 7494640K, total: 35422432K
[1416:30132:0930/114055.984:VERBOSE1:chrome\updater\updater.cc:411] Version: 142.0.7416.0, opt, x86_64, command line: "C:\Program Files (x86)\Google\GoogleUpdater\142.0.7416.0\updater.exe" --crash-handler --system "--database=C:\Program Files (x86)\Google\GoogleUpdater\142.0.7416.0\Crashpad" --url=https://clients2.google.com/cr/report --annotation=prod=Update4 --annotation=ver=142.0.7416.0 "--attachment=C:\Program Files (x86)\Google\GoogleUpdater\updater.log" --initial-client-data=0x26c,0x270,0x274,0x248,0x278,0x7ff7d2247cc4,0x7ff7d2247cd0,0x7ff7d2247ce0
[1416:30132:0930/114055.984:VERBOSE1:chrome\updater\updater.cc:414] OS version: 10.0.26100.6584, System uptime (seconds): 510004, parent pid: 34408
[1416:30132:0930/114055.984:VERBOSE1:chrome\updater\updater.cc:325] available: 7492508K, total: 35422432K
[34408:23564:0930/114055.999:VERBOSE1:chrome\updater\crash_reporter.cc:120] Crash handler launched and ready.
[34408:23564:0930/114055.999:ERROR:chrome\updater\crash_client.cc:116] Failed to fetch completed crash reports: 3
[34408:23564:0930/114055.999:ERROR:chrome\updater\crash_client.cc:132] Failed to fetch pending crash reports: 3
[34408:23564:0930/114056.000:VERBOSE2:chrome\updater\usage_stats_permissions_win.cc:77] usage stats enabled by app {8a69d345-d564-463c-aff1-a69d9e530f96}
[34408:23564:0930/114056.000:ERROR:third_party\crashpad\crashpad\util\file\file_io_win.cc:181] CreateFile C:\Program Files (x86)\Google\GoogleUpdater\142.0.7416.0\Crashpad\settings.dat: Access is denied. (0x5)
[34408:23564:0930/114056.001:ERROR:third_party\crashpad\crashpad\util\file\file_io_win.cc:181] CreateFile C:\Program Files (x86)\Google\GoogleUpdater\142.0.7416.0\Crashpad\settings.dat: Access is denied. (0x5)
[34408:23564:0930/114056.001:VERBOSE1:chrome\updater\updater.cc:97] Crash reporting initialized.
[34408:23564:0930/114056.003:VERBOSE1:chrome\updater\updater.cc:147] IsUserAdmin: 0, IsUserNonElevatedAdmin: 0, IsUACOn: 1, IsElevatedWithUACOn: 0, LUA: 1
[34408:1376:0930/114056.012:VERBOSE1:chrome\updater\app\app_wakeall.cc:57] Launching `"C:\Program Files (x86)\Google\GoogleUpdater\142.0.7416.0\updater.exe" --wake --system`
[29708:25924:0930/114056.079:VERBOSE1:chrome\updater\updater.cc:411] Version: 142.0.7416.0, opt, x86_64, command line: "C:\Program Files (x86)\Google\GoogleUpdater\142.0.7416.0\updater.exe" --wake --system
[29708:25924:0930/114056.079:VERBOSE1:chrome\updater\updater.cc:414] OS version: 10.0.26100.6584, System uptime (seconds): 510004, parent pid: 34408
[29708:25924:0930/114056.079:VERBOSE1:chrome\updater\updater.cc:325] available: 7488768K, total: 35422432K
[15436:17256:0930/114056.124:VERBOSE1:chrome\updater\updater.cc:411] Version: 142.0.7416.0, opt, x86_64, command line: "C:\Program Files (x86)\Google\GoogleUpdater\142.0.7416.0\updater.exe" --crash-handler --system "--database=C:\Program Files (x86)\Google\GoogleUpdater\142.0.7416.0\Crashpad" --url=https://clients2.google.com/cr/report --annotation=prod=Update4 --annotation=ver=142.0.7416.0 "--attachment=C:\Program Files (x86)\Google\GoogleUpdater\updater.log" --initial-client-data=0x26c,0x270,0x274,0x220,0x278,0x7ff7d2247cc4,0x7ff7d2247cd0,0x7ff7d2247ce0
[15436:17256:0930/114056.124:VERBOSE1:chrome\updater\updater.cc:414] OS version: 10.0.26100.6584, System uptime (seconds): 510004, parent pid: 29708
[15436:17256:0930/114056.124:VERBOSE1:chrome\updater\updater.cc:325] available: 7485688K, total: 35422432K
[29708:25924:0930/114056.141:VERBOSE1:chrome\updater\crash_reporter.cc:120] Crash handler launched and ready.
[29708:25924:0930/114056.142:ERROR:chrome\updater\crash_client.cc:116] Failed to fetch completed crash reports: 3
[29708:25924:0930/114056.142:ERROR:chrome\updater\crash_client.cc:132] Failed to fetch pending crash reports: 3
[29708:25924:0930/114056.143:VERBOSE2:chrome\updater\usage_stats_permissions_win.cc:77] usage stats enabled by app {8a69d345-d564-463c-aff1-a69d9e530f96}
[29708:25924:0930/114056.143:ERROR:third_party\crashpad\crashpad\util\file\file_io_win.cc:181] CreateFile C:\Program Files (x86)\Google\GoogleUpdater\142.0.7416.0\Crashpad\settings.dat: Access is denied. (0x5)
[29708:25924:0930/114056.144:ERROR:third_party\crashpad\crashpad\util\file\file_io_win.cc:181] CreateFile C:\Program Files (x86)\Google\GoogleUpdater\142.0.7416.0\Crashpad\settings.dat: Access is denied. (0x5)
[29708:25924:0930/114056.144:VERBOSE1:chrome\updater\updater.cc:97] Crash reporting initialized.
[29708:25924:0930/114056.146:VERBOSE1:chrome\updater\updater.cc:147] IsUserAdmin: 0, IsUserNonElevatedAdmin: 0, IsUACOn: 1, IsElevatedWithUACOn: 0, LUA: 1
[29708:25924:0930/114056.155:VERBOSE1:chrome\updater\ipc\update_service_internal_proxy_win.cc:156] Run
[29708:25012:0930/114100.393:VERBOSE2:chrome\updater\ipc\update_service_internal_proxy_win.cc:65] Run result 0.
[29708:25924:0930/114100.393:VERBOSE1:chrome\updater\ipc\update_service_internal_proxy_win.cc:148] ~UpdateServiceInternalProxyImpl
[29708:29032:0930/114100.393:VERBOSE2:chrome\updater\ipc\proxy_impl_base_win.h:58] ~ProxyImplBase
[29708:25924:0930/114100.393:VERBOSE1:chrome\updater\updater.cc:423] UpdaterMain (--wake) returned 0.
[34408:1376:0930/114100.409:VERBOSE1:chrome\updater\app\app_wakeall.cc:67] `"C:\Program Files (x86)\Google\GoogleUpdater\142.0.7416.0\updater.exe" --wake --system` exited 0
[34408:23564:0930/114100.411:VERBOSE1:chrome\updater\updater.cc:423] UpdaterMain (--wake-all) returned 0.
[15436:17256:0930/114100.411:VERBOSE1:chrome\updater\updater.cc:423] UpdaterMain (--crash-handler) returned 0.
[1416:30132:0930/114100.416:VERBOSE1:chrome\updater\updater.cc:423] UpdaterMain (--crash-handler) returned 0.
[22132:19568:0930/164102.866:VERBOSE1:chrome\updater\updater.cc:411] Version: 142.0.7416.0, opt, x86_64, command line: "C:\Program Files (x86)\Google\GoogleUpdater\142.0.7416.0\updater.exe" --wake-all --system
[22132:19568:0930/164102.866:VERBOSE1:chrome\updater\updater.cc:414] OS version: 10.0.26100.6584, System uptime (seconds): 528008, parent pid: 9860
[22132:19568:0930/164102.866:VERBOSE1:chrome\updater\updater.cc:325] available: 10453884K, total: 35422432K
[37680:38708:0930/164102.929:VERBOSE1:chrome\updater\updater.cc:411] Version: 142.0.7416.0, opt, x86_64, command line: "C:\Program Files (x86)\Google\GoogleUpdater\142.0.7416.0\updater.exe" --crash-handler --system "--database=C:\Program Files (x86)\Google\GoogleUpdater\142.0.7416.0\Crashpad" --url=https://clients2.google.com/cr/report --annotation=prod=Update4 --annotation=ver=142.0.7416.0 "--attachment=C:\Program Files (x86)\Google\GoogleUpdater\updater.log" --initial-client-data=0x26c,0x270,0x274,0x248,0x278,0x7ff7d2247cc4,0x7ff7d2247cd0,0x7ff7d2247ce0
[37680:38708:0930/164102.929:VERBOSE1:chrome\updater\updater.cc:414] OS version: 10.0.26100.6584, System uptime (seconds): 528008, parent pid: 22132
[37680:38708:0930/164102.929:VERBOSE1:chrome\updater\updater.cc:325] available: 10451016K, total: 35422432K
[22132:19568:0930/164102.933:VERBOSE1:chrome\updater\crash_reporter.cc:120] Crash handler launched and ready.
[22132:19568:0930/164102.933:ERROR:chrome\updater\crash_client.cc:116] Failed to fetch completed crash reports: 3
[22132:19568:0930/164102.933:ERROR:chrome\updater\crash_client.cc:132] Failed to fetch pending crash reports: 3
[22132:19568:0930/164102.933:VERBOSE2:chrome\updater\usage_stats_permissions_win.cc:77] usage stats enabled by app {8a69d345-d564-463c-aff1-a69d9e530f96}
[22132:19568:0930/164102.933:ERROR:third_party\crashpad\crashpad\util\file\file_io_win.cc:181] CreateFile C:\Program Files (x86)\Google\GoogleUpdater\142.0.7416.0\Crashpad\settings.dat: Access is denied. (0x5)
[22132:19568:0930/164102.933:ERROR:third_party\crashpad\crashpad\util\file\file_io_win.cc:181] CreateFile C:\Program Files (x86)\Google\GoogleUpdater\142.0.7416.0\Crashpad\settings.dat: Access is denied. (0x5)
[22132:19568:0930/164102.933:VERBOSE1:chrome\updater\updater.cc:97] Crash reporting initialized.
[22132:19568:0930/164102.933:VERBOSE1:chrome\updater\updater.cc:147] IsUserAdmin: 0, IsUserNonElevatedAdmin: 0, IsUACOn: 1, IsElevatedWithUACOn: 0, LUA: 1
[22132:20444:0930/164102.940:VERBOSE1:chrome\updater\app\app_wakeall.cc:57] Launching `"C:\Program Files (x86)\Google\GoogleUpdater\142.0.7416.0\updater.exe" --wake --system`
[31632:20696:0930/164103.005:VERBOSE1:chrome\updater\updater.cc:411] Version: 142.0.7416.0, opt, x86_64, command line: "C:\Program Files (x86)\Google\GoogleUpdater\142.0.7416.0\updater.exe" --wake --system
[31632:20696:0930/164103.005:VERBOSE1:chrome\updater\updater.cc:414] OS version: 10.0.26100.6584, System uptime (seconds): 528008, parent pid: 22132
[31632:20696:0930/164103.005:VERBOSE1:chrome\updater\updater.cc:325] available: 10447660K, total: 35422432K
[29080:21160:0930/164103.073:VERBOSE1:chrome\updater\updater.cc:411] Version: 142.0.7416.0, opt, x86_64, command line: "C:\Program Files (x86)\Google\GoogleUpdater\142.0.7416.0\updater.exe" --crash-handler --system "--database=C:\Program Files (x86)\Google\GoogleUpdater\142.0.7416.0\Crashpad" --url=https://clients2.google.com/cr/report --annotation=prod=Update4 --annotation=ver=142.0.7416.0 "--attachment=C:\Program Files (x86)\Google\GoogleUpdater\updater.log" --initial-client-data=0x270,0x274,0x278,0x24c,0x27c,0x7ff7d2247cc4,0x7ff7d2247cd0,0x7ff7d2247ce0
[29080:21160:0930/164103.073:VERBOSE1:chrome\updater\updater.cc:414] OS version: 10.0.26100.6584, System uptime (seconds): 528009, parent pid: 31632
[29080:21160:0930/164103.074:VERBOSE1:chrome\updater\updater.cc:325] available: 10445972K, total: 35422432K
[31632:20696:0930/164103.074:VERBOSE1:chrome\updater\crash_reporter.cc:120] Crash handler launched and ready.
[31632:20696:0930/164103.074:ERROR:chrome\updater\crash_client.cc:116] Failed to fetch completed crash reports: 3
[31632:20696:0930/164103.074:ERROR:chrome\updater\crash_client.cc:132] Failed to fetch pending crash reports: 3
[31632:20696:0930/164103.074:VERBOSE2:chrome\updater\usage_stats_permissions_win.cc:77] usage stats enabled by app {8a69d345-d564-463c-aff1-a69d9e530f96}
[31632:20696:0930/164103.074:ERROR:third_party\crashpad\crashpad\util\file\file_io_win.cc:181] CreateFile C:\Program Files (x86)\Google\GoogleUpdater\142.0.7416.0\Crashpad\settings.dat: Access is denied. (0x5)
[31632:20696:0930/164103.074:ERROR:third_party\crashpad\crashpad\util\file\file_io_win.cc:181] CreateFile C:\Program Files (x86)\Google\GoogleUpdater\142.0.7416.0\Crashpad\settings.dat: Access is denied. (0x5)
[31632:20696:0930/164103.074:VERBOSE1:chrome\updater\updater.cc:97] Crash reporting initialized.
[31632:20696:0930/164103.074:VERBOSE1:chrome\updater\updater.cc:147] IsUserAdmin: 0, IsUserNonElevatedAdmin: 0, IsUACOn: 1, IsElevatedWithUACOn: 0, LUA: 1
[31632:20696:0930/164103.089:VERBOSE1:chrome\updater\ipc\update_service_internal_proxy_win.cc:156] Run
[31632:30352:0930/164106.733:VERBOSE2:chrome\updater\ipc\update_service_internal_proxy_win.cc:65] Run result 0.
[31632:20696:0930/164106.733:VERBOSE1:chrome\updater\ipc\update_service_internal_proxy_win.cc:148] ~UpdateServiceInternalProxyImpl
[31632:20692:0930/164106.733:VERBOSE2:chrome\updater\ipc\proxy_impl_base_win.h:58] ~ProxyImplBase
[31632:20696:0930/164106.735:VERBOSE1:chrome\updater\updater.cc:423] UpdaterMain (--wake) returned 0.
[22132:20444:0930/164106.738:VERBOSE1:chrome\updater\app\app_wakeall.cc:67] `"C:\Program Files (x86)\Google\GoogleUpdater\142.0.7416.0\updater.exe" --wake --system` exited 0
[22132:19568:0930/164106.739:VERBOSE1:chrome\updater\updater.cc:423] UpdaterMain (--wake-all) returned 0.
[29080:21160:0930/164106.740:VERBOSE1:chrome\updater\updater.cc:423] UpdaterMain (--crash-handler) returned 0.
[37680:38708:0930/164106.745:VERBOSE1:chrome\updater\updater.cc:423] UpdaterMain (--crash-handler) returned 0.
[33248:28444:0930/214106.980:VERBOSE1:chrome\updater\updater.cc:411] Version: 142.0.7416.0, opt, x86_64, command line: "C:\Program Files (x86)\Google\GoogleUpdater\142.0.7416.0\updater.exe" --wake-all --system
[33248:28444:0930/214106.980:VERBOSE1:chrome\updater\updater.cc:414] OS version: 10.0.26100.6584, System uptime (seconds): 546012, parent pid: 9860
[33248:28444:0930/214106.980:VERBOSE1:chrome\updater\updater.cc:325] available: 12370152K, total: 35422432K
[35060:38692:0930/214107.041:VERBOSE1:chrome\updater\updater.cc:411] Version: 142.0.7416.0, opt, x86_64, command line: "C:\Program Files (x86)\Google\GoogleUpdater\142.0.7416.0\updater.exe" --crash-handler --system "--database=C:\Program Files (x86)\Google\GoogleUpdater\142.0.7416.0\Crashpad" --url=https://clients2.google.com/cr/report --annotation=prod=Update4 --annotation=ver=142.0.7416.0 "--attachment=C:\Program Files (x86)\Google\GoogleUpdater\updater.log" --initial-client-data=0x26c,0x270,0x274,0x248,0x278,0x7ff7d2247cc4,0x7ff7d2247cd0,0x7ff7d2247ce0
[35060:38692:0930/214107.041:VERBOSE1:chrome\updater\updater.cc:414] OS version: 10.0.26100.6584, System uptime (seconds): 546012, parent pid: 33248
[35060:38692:0930/214107.042:VERBOSE1:chrome\updater\updater.cc:325] available: 12369124K, total: 35422432K
[33248:28444:0930/214107.042:VERBOSE1:chrome\updater\crash_reporter.cc:120] Crash handler launched and ready.
[33248:28444:0930/214107.042:ERROR:chrome\updater\crash_client.cc:116] Failed to fetch completed crash reports: 3
[33248:28444:0930/214107.042:ERROR:chrome\updater\crash_client.cc:132] Failed to fetch pending crash reports: 3
[33248:28444:0930/214107.042:VERBOSE2:chrome\updater\usage_stats_permissions_win.cc:77] usage stats enabled by app {8a69d345-d564-463c-aff1-a69d9e530f96}
[33248:28444:0930/214107.042:ERROR:third_party\crashpad\crashpad\util\file\file_io_win.cc:181] CreateFile C:\Program Files (x86)\Google\GoogleUpdater\142.0.7416.0\Crashpad\settings.dat: Access is denied. (0x5)
[33248:28444:0930/214107.042:ERROR:third_party\crashpad\crashpad\util\file\file_io_win.cc:181] CreateFile C:\Program Files (x86)\Google\GoogleUpdater\142.0.7416.0\Crashpad\settings.dat: Access is denied. (0x5)
[33248:28444:0930/214107.042:VERBOSE1:chrome\updater\updater.cc:97] Crash reporting initialized.
[33248:28444:0930/214107.042:VERBOSE1:chrome\updater\updater.cc:147] IsUserAdmin: 0, IsUserNonElevatedAdmin: 0, IsUACOn: 1, IsElevatedWithUACOn: 0, LUA: 1
[33248:660:0930/214107.058:VERBOSE1:chrome\updater\app\app_wakeall.cc:57] Launching `"C:\Program Files (x86)\Google\GoogleUpdater\142.0.7416.0\updater.exe" --wake --system`
[23224:23204:0930/214107.116:VERBOSE1:chrome\updater\updater.cc:411] Version: 142.0.7416.0, opt, x86_64, command line: "C:\Program Files (x86)\Google\GoogleUpdater\142.0.7416.0\updater.exe" --wake --system
[23224:23204:0930/214107.116:VERBOSE1:chrome\updater\updater.cc:414] OS version: 10.0.26100.6584, System uptime (seconds): 546013, parent pid: 33248
[23224:23204:0930/214107.116:VERBOSE1:chrome\updater\updater.cc:325] available: 12364800K, total: 35422432K
[13764:23968:0930/214107.167:VERBOSE1:chrome\updater\updater.cc:411] Version: 142.0.7416.0, opt, x86_64, command line: "C:\Program Files (x86)\Google\GoogleUpdater\142.0.7416.0\updater.exe" --crash-handler --system "--database=C:\Program Files (x86)\Google\GoogleUpdater\142.0.7416.0\Crashpad" --url=https://clients2.google.com/cr/report --annotation=prod=Update4 --annotation=ver=142.0.7416.0 "--attachment=C:\Program Files (x86)\Google\GoogleUpdater\updater.log" --initial-client-data=0x274,0x278,0x27c,0x250,0x280,0x7ff7d2247cc4,0x7ff7d2247cd0,0x7ff7d2247ce0
[13764:23968:0930/214107.167:VERBOSE1:chrome\updater\updater.cc:414] OS version: 10.0.26100.6584, System uptime (seconds): 546013, parent pid: 23224
[13764:23968:0930/214107.167:VERBOSE1:chrome\updater\updater.cc:325] available: 12361568K, total: 35422432K
[23224:23204:0930/214107.167:VERBOSE1:chrome\updater\crash_reporter.cc:120] Crash handler launched and ready.
[23224:23204:0930/214107.167:ERROR:chrome\updater\crash_client.cc:116] Failed to fetch completed crash reports: 3
[23224:23204:0930/214107.167:ERROR:chrome\updater\crash_client.cc:132] Failed to fetch pending crash reports: 3
[23224:23204:0930/214107.167:VERBOSE2:chrome\updater\usage_stats_permissions_win.cc:77] usage stats enabled by app {8a69d345-d564-463c-aff1-a69d9e530f96}
[23224:23204:0930/214107.167:ERROR:third_party\crashpad\crashpad\util\file\file_io_win.cc:181] CreateFile C:\Program Files (x86)\Google\GoogleUpdater\142.0.7416.0\Crashpad\settings.dat: Access is denied. (0x5)
[23224:23204:0930/214107.167:ERROR:third_party\crashpad\crashpad\util\file\file_io_win.cc:181] CreateFile C:\Program Files (x86)\Google\GoogleUpdater\142.0.7416.0\Crashpad\settings.dat: Access is denied. (0x5)
[23224:23204:0930/214107.167:VERBOSE1:chrome\updater\updater.cc:97] Crash reporting initialized.
[23224:23204:0930/214107.183:VERBOSE1:chrome\updater\updater.cc:147] IsUserAdmin: 0, IsUserNonElevatedAdmin: 0, IsUACOn: 1, IsElevatedWithUACOn: 0, LUA: 1
[23224:23204:0930/214107.188:VERBOSE1:chrome\updater\ipc\update_service_internal_proxy_win.cc:156] Run
[23224:34460:0930/214111.433:VERBOSE2:chrome\updater\ipc\update_service_internal_proxy_win.cc:65] Run result 0.
[23224:23204:0930/214111.433:VERBOSE1:chrome\updater\ipc\update_service_internal_proxy_win.cc:148] ~UpdateServiceInternalProxyImpl
[23224:9708:0930/214111.433:VERBOSE2:chrome\updater\ipc\proxy_impl_base_win.h:58] ~ProxyImplBase
[23224:23204:0930/214111.433:VERBOSE1:chrome\updater\updater.cc:423] UpdaterMain (--wake) returned 0.
[33248:660:0930/214111.433:VERBOSE1:chrome\updater\app\app_wakeall.cc:67] `"C:\Program Files (x86)\Google\GoogleUpdater\142.0.7416.0\updater.exe" --wake --system` exited 0
[33248:28444:0930/214111.449:VERBOSE1:chrome\updater\updater.cc:423] UpdaterMain (--wake-all) returned 0.
[13764:23968:0930/214111.449:VERBOSE1:chrome\updater\updater.cc:423] UpdaterMain (--crash-handler) returned 0.
[35060:38692:0930/214111.458:VERBOSE1:chrome\updater\updater.cc:423] UpdaterMain (--crash-handler) returned 0.
[23112:29716:1001/024111.775:VERBOSE1:chrome\updater\updater.cc:411] Version: 142.0.7416.0, opt, x86_64, command line: "C:\Program Files (x86)\Google\GoogleUpdater\142.0.7416.0\updater.exe" --wake-all --system
[23112:29716:1001/024111.775:VERBOSE1:chrome\updater\updater.cc:414] OS version: 10.0.26100.6584, System uptime (seconds): 564017, parent pid: 9860
[23112:29716:1001/024111.777:VERBOSE1:chrome\updater\updater.cc:325] available: 12250696K, total: 35422432K
[37624:26380:1001/024111.839:VERBOSE1:chrome\updater\updater.cc:411] Version: 142.0.7416.0, opt, x86_64, command line: "C:\Program Files (x86)\Google\GoogleUpdater\142.0.7416.0\updater.exe" --crash-handler --system "--database=C:\Program Files (x86)\Google\GoogleUpdater\142.0.7416.0\Crashpad" --url=https://clients2.google.com/cr/report --annotation=prod=Update4 --annotation=ver=142.0.7416.0 "--attachment=C:\Program Files (x86)\Google\GoogleUpdater\updater.log" --initial-client-data=0x26c,0x270,0x274,0x22c,0x278,0x7ff7d2247cc4,0x7ff7d2247cd0,0x7ff7d2247ce0
[37624:26380:1001/024111.839:VERBOSE1:chrome\updater\updater.cc:414] OS version: 10.0.26100.6584, System uptime (seconds): 564017, parent pid: 23112
[37624:26380:1001/024111.839:VERBOSE1:chrome\updater\updater.cc:325] available: 12251660K, total: 35422432K
[23112:29716:1001/024111.839:VERBOSE1:chrome\updater\crash_reporter.cc:120] Crash handler launched and ready.
[23112:29716:1001/024111.850:ERROR:chrome\updater\crash_client.cc:116] Failed to fetch completed crash reports: 3
[23112:29716:1001/024111.850:ERROR:chrome\updater\crash_client.cc:132] Failed to fetch pending crash reports: 3
[23112:29716:1001/024111.850:VERBOSE2:chrome\updater\usage_stats_permissions_win.cc:77] usage stats enabled by app {8a69d345-d564-463c-aff1-a69d9e530f96}
[23112:29716:1001/024111.850:ERROR:third_party\crashpad\crashpad\util\file\file_io_win.cc:181] CreateFile C:\Program Files (x86)\Google\GoogleUpdater\142.0.7416.0\Crashpad\settings.dat: Access is denied. (0x5)
[23112:29716:1001/024111.852:ERROR:third_party\crashpad\crashpad\util\file\file_io_win.cc:181] CreateFile C:\Program Files (x86)\Google\GoogleUpdater\142.0.7416.0\Crashpad\settings.dat: Access is denied. (0x5)
[23112:29716:1001/024111.852:VERBOSE1:chrome\updater\updater.cc:97] Crash reporting initialized.
[23112:29716:1001/024111.854:VERBOSE1:chrome\updater\updater.cc:147] IsUserAdmin: 0, IsUserNonElevatedAdmin: 0, IsUACOn: 1, IsElevatedWithUACOn: 0, LUA: 1
[23112:24808:1001/024111.855:VERBOSE1:chrome\updater\app\app_wakeall.cc:57] Launching `"C:\Program Files (x86)\Google\GoogleUpdater\142.0.7416.0\updater.exe" --wake --system`
[37336:29624:1001/024111.917:VERBOSE1:chrome\updater\updater.cc:411] Version: 142.0.7416.0, opt, x86_64, command line: "C:\Program Files (x86)\Google\GoogleUpdater\142.0.7416.0\updater.exe" --wake --system
[37336:29624:1001/024111.917:VERBOSE1:chrome\updater\updater.cc:414] OS version: 10.0.26100.6584, System uptime (seconds): 564017, parent pid: 23112
[37336:29624:1001/024111.917:VERBOSE1:chrome\updater\updater.cc:325] available: 12249524K, total: 35422432K
[30476:37048:1001/024112.044:VERBOSE1:chrome\updater\updater.cc:411] Version: 142.0.7416.0, opt, x86_64, command line: "C:\Program Files (x86)\Google\GoogleUpdater\142.0.7416.0\updater.exe" --crash-handler --system "--database=C:\Program Files (x86)\Google\GoogleUpdater\142.0.7416.0\Crashpad" --url=https://clients2.google.com/cr/report --annotation=prod=Update4 --annotation=ver=142.0.7416.0 "--attachment=C:\Program Files (x86)\Google\GoogleUpdater\updater.log" --initial-client-data=0x26c,0x270,0x274,0x248,0x278,0x7ff7d2247cc4,0x7ff7d2247cd0,0x7ff7d2247ce0
[30476:37048:1001/024112.044:VERBOSE1:chrome\updater\updater.cc:414] OS version: 10.0.26100.6584, System uptime (seconds): 564017, parent pid: 37336
[30476:37048:1001/024112.044:VERBOSE1:chrome\updater\updater.cc:325] available: 12250308K, total: 35422432K
[37336:29624:1001/024112.052:VERBOSE1:chrome\updater\crash_reporter.cc:120] Crash handler launched and ready.
[37336:29624:1001/024112.052:ERROR:chrome\updater\crash_client.cc:116] Failed to fetch completed crash reports: 3
[37336:29624:1001/024112.052:ERROR:chrome\updater\crash_client.cc:132] Failed to fetch pending crash reports: 3
[37336:29624:1001/024112.052:VERBOSE2:chrome\updater\usage_stats_permissions_win.cc:77] usage stats enabled by app {8a69d345-d564-463c-aff1-a69d9e530f96}
[37336:29624:1001/024112.052:ERROR:third_party\crashpad\crashpad\util\file\file_io_win.cc:181] CreateFile C:\Program Files (x86)\Google\GoogleUpdater\142.0.7416.0\Crashpad\settings.dat: Access is denied. (0x5)
[37336:29624:1001/024112.052:ERROR:third_party\crashpad\crashpad\util\file\file_io_win.cc:181] CreateFile C:\Program Files (x86)\Google\GoogleUpdater\142.0.7416.0\Crashpad\settings.dat: Access is denied. (0x5)
[37336:29624:1001/024112.058:VERBOSE1:chrome\updater\updater.cc:97] Crash reporting initialized.
[37336:29624:1001/024112.058:VERBOSE1:chrome\updater\updater.cc:147] IsUserAdmin: 0, IsUserNonElevatedAdmin: 0, IsUACOn: 1, IsElevatedWithUACOn: 0, LUA: 1
[37336:29624:1001/024112.071:VERBOSE1:chrome\updater\ipc\update_service_internal_proxy_win.cc:156] Run
[37336:6004:1001/024116.485:VERBOSE2:chrome\updater\ipc\update_service_internal_proxy_win.cc:65] Run result 0.
[37336:29624:1001/024116.485:VERBOSE1:chrome\updater\ipc\update_service_internal_proxy_win.cc:148] ~UpdateServiceInternalProxyImpl
[37336:24344:1001/024116.485:VERBOSE2:chrome\updater\ipc\proxy_impl_base_win.h:58] ~ProxyImplBase
[37336:29624:1001/024116.485:VERBOSE1:chrome\updater\updater.cc:423] UpdaterMain (--wake) returned 0.
[23112:24808:1001/024116.492:VERBOSE1:chrome\updater\app\app_wakeall.cc:67] `"C:\Program Files (x86)\Google\GoogleUpdater\142.0.7416.0\updater.exe" --wake --system` exited 0
[23112:29716:1001/024116.493:VERBOSE1:chrome\updater\updater.cc:423] UpdaterMain (--wake-all) returned 0.
[30476:37048:1001/024116.494:VERBOSE1:chrome\updater\updater.cc:423] UpdaterMain (--crash-handler) returned 0.
[37624:26380:1001/024116.500:VERBOSE1:chrome\updater\updater.cc:423] UpdaterMain (--crash-handler) returned 0.
[7520:37844:1001/074116.745:VERBOSE1:chrome\updater\updater.cc:411] Version: 142.0.7416.0, opt, x86_64, command line: "C:\Program Files (x86)\Google\GoogleUpdater\142.0.7416.0\updater.exe" --wake-all --system
[7520:37844:1001/074116.745:VERBOSE1:chrome\updater\updater.cc:414] OS version: 10.0.26100.6584, System uptime (seconds): 582022, parent pid: 9860
[7520:37844:1001/074116.745:VERBOSE1:chrome\updater\updater.cc:325] available: 12209600K, total: 35422432K
[37684:13196:1001/074116.811:VERBOSE1:chrome\updater\updater.cc:411] Version: 142.0.7416.0, opt, x86_64, command line: "C:\Program Files (x86)\Google\GoogleUpdater\142.0.7416.0\updater.exe" --crash-handler --system "--database=C:\Program Files (x86)\Google\GoogleUpdater\142.0.7416.0\Crashpad" --url=https://clients2.google.com/cr/report --annotation=prod=Update4 --annotation=ver=142.0.7416.0 "--attachment=C:\Program Files (x86)\Google\GoogleUpdater\updater.log" --initial-client-data=0x26c,0x270,0x274,0x248,0x278,0x7ff7d2247cc4,0x7ff7d2247cd0,0x7ff7d2247ce0
[37684:13196:1001/074116.811:VERBOSE1:chrome\updater\updater.cc:414] OS version: 10.0.26100.6584, System uptime (seconds): 582022, parent pid: 7520
[37684:13196:1001/074116.811:VERBOSE1:chrome\updater\updater.cc:325] available: 12206388K, total: 35422432K
[7520:37844:1001/074116.811:VERBOSE1:chrome\updater\crash_reporter.cc:120] Crash handler launched and ready.
[7520:37844:1001/074116.811:ERROR:chrome\updater\crash_client.cc:116] Failed to fetch completed crash reports: 3
[7520:37844:1001/074116.811:ERROR:chrome\updater\crash_client.cc:132] Failed to fetch pending crash reports: 3
[7520:37844:1001/074116.811:VERBOSE2:chrome\updater\usage_stats_permissions_win.cc:77] usage stats enabled by app {8a69d345-d564-463c-aff1-a69d9e530f96}
[7520:37844:1001/074116.811:ERROR:third_party\crashpad\crashpad\util\file\file_io_win.cc:181] CreateFile C:\Program Files (x86)\Google\GoogleUpdater\142.0.7416.0\Crashpad\settings.dat: Access is denied. (0x5)
[7520:37844:1001/074116.811:ERROR:third_party\crashpad\crashpad\util\file\file_io_win.cc:181] CreateFile C:\Program Files (x86)\Google\GoogleUpdater\142.0.7416.0\Crashpad\settings.dat: Access is denied. (0x5)
[7520:37844:1001/074116.811:VERBOSE1:chrome\updater\updater.cc:97] Crash reporting initialized.
[7520:37844:1001/074116.811:VERBOSE1:chrome\updater\updater.cc:147] IsUserAdmin: 0, IsUserNonElevatedAdmin: 0, IsUACOn: 1, IsElevatedWithUACOn: 0, LUA: 1
[7520:38652:1001/074116.826:VERBOSE1:chrome\updater\app\app_wakeall.cc:57] Launching `"C:\Program Files (x86)\Google\GoogleUpdater\142.0.7416.0\updater.exe" --wake --system`
[10340:18772:1001/074116.885:VERBOSE1:chrome\updater\updater.cc:411] Version: 142.0.7416.0, opt, x86_64, command line: "C:\Program Files (x86)\Google\GoogleUpdater\142.0.7416.0\updater.exe" --wake --system
[10340:18772:1001/074116.885:VERBOSE1:chrome\updater\updater.cc:414] OS version: 10.0.26100.6584, System uptime (seconds): 582022, parent pid: 7520
[10340:18772:1001/074116.885:VERBOSE1:chrome\updater\updater.cc:325] available: 12203304K, total: 35422432K
[34056:38820:1001/074116.948:VERBOSE1:chrome\updater\updater.cc:411] Version: 142.0.7416.0, opt, x86_64, command line: "C:\Program Files (x86)\Google\GoogleUpdater\142.0.7416.0\updater.exe" --crash-handler --system "--database=C:\Program Files (x86)\Google\GoogleUpdater\142.0.7416.0\Crashpad" --url=https://clients2.google.com/cr/report --annotation=prod=Update4 --annotation=ver=142.0.7416.0 "--attachment=C:\Program Files (x86)\Google\GoogleUpdater\updater.log" --initial-client-data=0x278,0x27c,0x280,0x254,0x284,0x7ff7d2247cc4,0x7ff7d2247cd0,0x7ff7d2247ce0
[34056:38820:1001/074116.948:VERBOSE1:chrome\updater\updater.cc:414] OS version: 10.0.26100.6584, System uptime (seconds): 582022, parent pid: 10340
[34056:38820:1001/074116.948:VERBOSE1:chrome\updater\updater.cc:325] available: 12200988K, total: 35422432K
[10340:18772:1001/074116.951:VERBOSE1:chrome\updater\crash_reporter.cc:120] Crash handler launched and ready.
[10340:18772:1001/074116.952:ERROR:chrome\updater\crash_client.cc:116] Failed to fetch completed crash reports: 3
[10340:18772:1001/074116.952:ERROR:chrome\updater\crash_client.cc:132] Failed to fetch pending crash reports: 3
[10340:18772:1001/074116.953:VERBOSE2:chrome\updater\usage_stats_permissions_win.cc:77] usage stats enabled by app {8a69d345-d564-463c-aff1-a69d9e530f96}
[10340:18772:1001/074116.953:ERROR:third_party\crashpad\crashpad\util\file\file_io_win.cc:181] CreateFile C:\Program Files (x86)\Google\GoogleUpdater\142.0.7416.0\Crashpad\settings.dat: Access is denied. (0x5)
[10340:18772:1001/074116.953:ERROR:third_party\crashpad\crashpad\util\file\file_io_win.cc:181] CreateFile C:\Program Files (x86)\Google\GoogleUpdater\142.0.7416.0\Crashpad\settings.dat: Access is denied. (0x5)
[10340:18772:1001/074116.954:VERBOSE1:chrome\updater\updater.cc:97] Crash reporting initialized.
[10340:18772:1001/074116.956:VERBOSE1:chrome\updater\updater.cc:147] IsUserAdmin: 0, IsUserNonElevatedAdmin: 0, IsUACOn: 1, IsElevatedWithUACOn: 0, LUA: 1
[10340:18772:1001/074116.964:VERBOSE1:chrome\updater\ipc\update_service_internal_proxy_win.cc:156] Run
[10340:37868:1001/074121.113:VERBOSE2:chrome\updater\ipc\update_service_internal_proxy_win.cc:65] Run result 0.
[10340:18772:1001/074121.113:VERBOSE1:chrome\updater\ipc\update_service_internal_proxy_win.cc:148] ~UpdateServiceInternalProxyImpl
[10340:38324:1001/074121.113:VERBOSE2:chrome\updater\ipc\proxy_impl_base_win.h:58] ~ProxyImplBase
[10340:18772:1001/074121.114:VERBOSE1:chrome\updater\updater.cc:423] UpdaterMain (--wake) returned 0.
[7520:38652:1001/074121.121:VERBOSE1:chrome\updater\app\app_wakeall.cc:67] `"C:\Program Files (x86)\Google\GoogleUpdater\142.0.7416.0\updater.exe" --wake --system` exited 0
[7520:37844:1001/074121.121:VERBOSE1:chrome\updater\updater.cc:423] UpdaterMain (--wake-all) returned 0.
[34056:38820:1001/074121.121:VERBOSE1:chrome\updater\updater.cc:423] UpdaterMain (--crash-handler) returned 0.
[37684:13196:1001/074121.138:VERBOSE1:chrome\updater\updater.cc:423] UpdaterMain (--crash-handler) returned 0.
[18704:33764:1001/124123.631:VERBOSE1:chrome\updater\updater.cc:411] Version: 142.0.7416.0, opt, x86_64, command line: "C:\Program Files (x86)\Google\GoogleUpdater\142.0.7416.0\updater.exe" --wake-all --system
[18704:33764:1001/124123.631:VERBOSE1:chrome\updater\updater.cc:414] OS version: 10.0.26100.6584, System uptime (seconds): 600027, parent pid: 9860
[18704:33764:1001/124123.631:VERBOSE1:chrome\updater\updater.cc:325] available: 15162448K, total: 35422432K
[39456:36172:1001/124123.692:VERBOSE1:chrome\updater\updater.cc:411] Version: 142.0.7416.0, opt, x86_64, command line: "C:\Program Files (x86)\Google\GoogleUpdater\142.0.7416.0\updater.exe" --crash-handler --system "--database=C:\Program Files (x86)\Google\GoogleUpdater\142.0.7416.0\Crashpad" --url=https://clients2.google.com/cr/report --annotation=prod=Update4 --annotation=ver=142.0.7416.0 "--attachment=C:\Program Files (x86)\Google\GoogleUpdater\updater.log" --initial-client-data=0x274,0x278,0x27c,0x250,0x280,0x7ff7d2247cc4,0x7ff7d2247cd0,0x7ff7d2247ce0
[39456:36172:1001/124123.692:VERBOSE1:chrome\updater\updater.cc:414] OS version: 10.0.26100.6584, System uptime (seconds): 600027, parent pid: 18704
[39456:36172:1001/124123.692:VERBOSE1:chrome\updater\updater.cc:325] available: 15162076K, total: 35422432K
[18704:33764:1001/124123.696:VERBOSE1:chrome\updater\crash_reporter.cc:120] Crash handler launched and ready.
[18704:33764:1001/124123.696:ERROR:chrome\updater\crash_client.cc:116] Failed to fetch completed crash reports: 3
[18704:33764:1001/124123.696:ERROR:chrome\updater\crash_client.cc:132] Failed to fetch pending crash reports: 3
[18704:33764:1001/124123.696:VERBOSE2:chrome\updater\usage_stats_permissions_win.cc:77] usage stats enabled by app {8a69d345-d564-463c-aff1-a69d9e530f96}
[18704:33764:1001/124123.696:ERROR:third_party\crashpad\crashpad\util\file\file_io_win.cc:181] CreateFile C:\Program Files (x86)\Google\GoogleUpdater\142.0.7416.0\Crashpad\settings.dat: Access is denied. (0x5)
[18704:33764:1001/124123.696:ERROR:third_party\crashpad\crashpad\util\file\file_io_win.cc:181] CreateFile C:\Program Files (x86)\Google\GoogleUpdater\142.0.7416.0\Crashpad\settings.dat: Access is denied. (0x5)
[18704:33764:1001/124123.696:VERBOSE1:chrome\updater\updater.cc:97] Crash reporting initialized.
[18704:33764:1001/124123.696:VERBOSE1:chrome\updater\updater.cc:147] IsUserAdmin: 0, IsUserNonElevatedAdmin: 0, IsUACOn: 1, IsElevatedWithUACOn: 0, LUA: 1
[18704:33104:1001/124123.708:VERBOSE1:chrome\updater\app\app_wakeall.cc:57] Launching `"C:\Program Files (x86)\Google\GoogleUpdater\142.0.7416.0\updater.exe" --wake --system`
[40720:39864:1001/124123.765:VERBOSE1:chrome\updater\updater.cc:411] Version: 142.0.7416.0, opt, x86_64, command line: "C:\Program Files (x86)\Google\GoogleUpdater\142.0.7416.0\updater.exe" --wake --system
[40720:39864:1001/124123.765:VERBOSE1:chrome\updater\updater.cc:414] OS version: 10.0.26100.6584, System uptime (seconds): 600027, parent pid: 18704
[40720:39864:1001/124123.765:VERBOSE1:chrome\updater\updater.cc:325] available: 15159112K, total: 35422432K
[34004:40900:1001/124123.818:VERBOSE1:chrome\updater\updater.cc:411] Version: 142.0.7416.0, opt, x86_64, command line: "C:\Program Files (x86)\Google\GoogleUpdater\142.0.7416.0\updater.exe" --crash-handler --system "--database=C:\Program Files (x86)\Google\GoogleUpdater\142.0.7416.0\Crashpad" --url=https://clients2.google.com/cr/report --annotation=prod=Update4 --annotation=ver=142.0.7416.0 "--attachment=C:\Program Files (x86)\Google\GoogleUpdater\updater.log" --initial-client-data=0x26c,0x270,0x274,0x248,0x278,0x7ff7d2247cc4,0x7ff7d2247cd0,0x7ff7d2247ce0
[34004:40900:1001/124123.818:VERBOSE1:chrome\updater\updater.cc:414] OS version: 10.0.26100.6584, System uptime (seconds): 600027, parent pid: 40720
[34004:40900:1001/124123.818:VERBOSE1:chrome\updater\updater.cc:325] available: 15154252K, total: 35422432K
[40720:39864:1001/124123.818:VERBOSE1:chrome\updater\crash_reporter.cc:120] Crash handler launched and ready.
[40720:39864:1001/124123.833:ERROR:chrome\updater\crash_client.cc:116] Failed to fetch completed crash reports: 3
[40720:39864:1001/124123.833:ERROR:chrome\updater\crash_client.cc:132] Failed to fetch pending crash reports: 3
[40720:39864:1001/124123.833:VERBOSE2:chrome\updater\usage_stats_permissions_win.cc:77] usage stats enabled by app {8a69d345-d564-463c-aff1-a69d9e530f96}
[40720:39864:1001/124123.833:ERROR:third_party\crashpad\crashpad\util\file\file_io_win.cc:181] CreateFile C:\Program Files (x86)\Google\GoogleUpdater\142.0.7416.0\Crashpad\settings.dat: Access is denied. (0x5)
[40720:39864:1001/124123.833:ERROR:third_party\crashpad\crashpad\util\file\file_io_win.cc:181] CreateFile C:\Program Files (x86)\Google\GoogleUpdater\142.0.7416.0\Crashpad\settings.dat: Access is denied. (0x5)
[40720:39864:1001/124123.833:VERBOSE1:chrome\updater\updater.cc:97] Crash reporting initialized.
[40720:39864:1001/124123.833:VERBOSE1:chrome\updater\updater.cc:147] IsUserAdmin: 0, IsUserNonElevatedAdmin: 0, IsUACOn: 1, IsElevatedWithUACOn: 0, LUA: 1
[40720:39864:1001/124123.833:VERBOSE1:chrome\updater\ipc\update_service_internal_proxy_win.cc:156] Run
[40720:39540:1001/124129.723:VERBOSE2:chrome\updater\ipc\update_service_internal_proxy_win.cc:65] Run result 0.
[40720:39864:1001/124129.723:VERBOSE1:chrome\updater\ipc\update_service_internal_proxy_win.cc:148] ~UpdateServiceInternalProxyImpl
[40720:38276:1001/124129.723:VERBOSE2:chrome\updater\ipc\proxy_impl_base_win.h:58] ~ProxyImplBase
[40720:39864:1001/124129.723:VERBOSE1:chrome\updater\updater.cc:423] UpdaterMain (--wake) returned 0.
[18704:33104:1001/124129.732:VERBOSE1:chrome\updater\app\app_wakeall.cc:67] `"C:\Program Files (x86)\Google\GoogleUpdater\142.0.7416.0\updater.exe" --wake --system` exited 0
[18704:33764:1001/124129.733:VERBOSE1:chrome\updater\updater.cc:423] UpdaterMain (--wake-all) returned 0.
[34004:40900:1001/124129.734:VERBOSE1:chrome\updater\updater.cc:423] UpdaterMain (--crash-handler) returned 0.
[39456:36172:1001/124129.738:VERBOSE1:chrome\updater\updater.cc:423] UpdaterMain (--crash-handler) returned 0.
[1452:14984:1001/174130.043:VERBOSE1:chrome\updater\updater.cc:411] Version: 142.0.7416.0, opt, x86_64, command line: "C:\Program Files (x86)\Google\GoogleUpdater\142.0.7416.0\updater.exe" --wake-all --system
[1452:14984:1001/174130.043:VERBOSE1:chrome\updater\updater.cc:414] OS version: 10.0.26100.6584, System uptime (seconds): 618033, parent pid: 9860
[1452:14984:1001/174130.043:VERBOSE1:chrome\updater\updater.cc:325] available: 17206432K, total: 35422432K
[38904:6376:1001/174130.098:VERBOSE1:chrome\updater\updater.cc:411] Version: 142.0.7416.0, opt, x86_64, command line: "C:\Program Files (x86)\Google\GoogleUpdater\142.0.7416.0\updater.exe" --crash-handler --system "--database=C:\Program Files (x86)\Google\GoogleUpdater\142.0.7416.0\Crashpad" --url=https://clients2.google.com/cr/report --annotation=prod=Update4 --annotation=ver=142.0.7416.0 "--attachment=C:\Program Files (x86)\Google\GoogleUpdater\updater.log" --initial-client-data=0x278,0x27c,0x280,0x274,0x284,0x7ff7d2247cc4,0x7ff7d2247cd0,0x7ff7d2247ce0
[38904:6376:1001/174130.098:VERBOSE1:chrome\updater\updater.cc:414] OS version: 10.0.26100.6584, System uptime (seconds): 618033, parent pid: 1452
[38904:6376:1001/174130.098:VERBOSE1:chrome\updater\updater.cc:325] available: 17204020K, total: 35422432K
[1452:14984:1001/174130.098:VERBOSE1:chrome\updater\crash_reporter.cc:120] Crash handler launched and ready.
[1452:14984:1001/174130.098:ERROR:chrome\updater\crash_client.cc:116] Failed to fetch completed crash reports: 3
[1452:14984:1001/174130.098:ERROR:chrome\updater\crash_client.cc:132] Failed to fetch pending crash reports: 3
[1452:14984:1001/174130.098:VERBOSE2:chrome\updater\usage_stats_permissions_win.cc:77] usage stats enabled by app {8a69d345-d564-463c-aff1-a69d9e530f96}
[1452:14984:1001/174130.098:ERROR:third_party\crashpad\crashpad\util\file\file_io_win.cc:181] CreateFile C:\Program Files (x86)\Google\GoogleUpdater\142.0.7416.0\Crashpad\settings.dat: Access is denied. (0x5)
[1452:14984:1001/174130.098:ERROR:third_party\crashpad\crashpad\util\file\file_io_win.cc:181] CreateFile C:\Program Files (x86)\Google\GoogleUpdater\142.0.7416.0\Crashpad\settings.dat: Access is denied. (0x5)
[1452:14984:1001/174130.098:VERBOSE1:chrome\updater\updater.cc:97] Crash reporting initialized.
[1452:14984:1001/174130.114:VERBOSE1:chrome\updater\updater.cc:147] IsUserAdmin: 0, IsUserNonElevatedAdmin: 0, IsUACOn: 1, IsElevatedWithUACOn: 0, LUA: 1
[1452:35748:1001/174130.120:VERBOSE1:chrome\updater\app\app_wakeall.cc:57] Launching `"C:\Program Files (x86)\Google\GoogleUpdater\142.0.7416.0\updater.exe" --wake --system`
[19136:18696:1001/174130.185:VERBOSE1:chrome\updater\updater.cc:411] Version: 142.0.7416.0, opt, x86_64, command line: "C:\Program Files (x86)\Google\GoogleUpdater\142.0.7416.0\updater.exe" --wake --system
[19136:18696:1001/174130.185:VERBOSE1:chrome\updater\updater.cc:414] OS version: 10.0.26100.6584, System uptime (seconds): 618033, parent pid: 1452
[19136:18696:1001/174130.185:VERBOSE1:chrome\updater\updater.cc:325] available: 17202904K, total: 35422432K
[19080:35416:1001/174130.239:VERBOSE1:chrome\updater\updater.cc:411] Version: 142.0.7416.0, opt, x86_64, command line: "C:\Program Files (x86)\Google\GoogleUpdater\142.0.7416.0\updater.exe" --crash-handler --system "--database=C:\Program Files (x86)\Google\GoogleUpdater\142.0.7416.0\Crashpad" --url=https://clients2.google.com/cr/report --annotation=prod=Update4 --annotation=ver=142.0.7416.0 "--attachment=C:\Program Files (x86)\Google\GoogleUpdater\updater.log" --initial-client-data=0x26c,0x270,0x274,0x248,0x278,0x7ff7d2247cc4,0x7ff7d2247cd0,0x7ff7d2247ce0
[19080:35416:1001/174130.239:VERBOSE1:chrome\updater\updater.cc:414] OS version: 10.0.26100.6584, System uptime (seconds): 618034, parent pid: 19136
[19080:35416:1001/174130.239:VERBOSE1:chrome\updater\updater.cc:325] available: 17199756K, total: 35422432K
[19136:18696:1001/174130.239:VERBOSE1:chrome\updater\crash_reporter.cc:120] Crash handler launched and ready.
[19136:18696:1001/174130.239:ERROR:chrome\updater\crash_client.cc:116] Failed to fetch completed crash reports: 3
[19136:18696:1001/174130.239:ERROR:chrome\updater\crash_client.cc:132] Failed to fetch pending crash reports: 3
[19136:18696:1001/174130.239:VERBOSE2:chrome\updater\usage_stats_permissions_win.cc:77] usage stats enabled by app {8a69d345-d564-463c-aff1-a69d9e530f96}
[19136:18696:1001/174130.239:ERROR:third_party\crashpad\crashpad\util\file\file_io_win.cc:181] CreateFile C:\Program Files (x86)\Google\GoogleUpdater\142.0.7416.0\Crashpad\settings.dat: Access is denied. (0x5)
[19136:18696:1001/174130.239:ERROR:third_party\crashpad\crashpad\util\file\file_io_win.cc:181] CreateFile C:\Program Files (x86)\Google\GoogleUpdater\142.0.7416.0\Crashpad\settings.dat: Access is denied. (0x5)
[19136:18696:1001/174130.239:VERBOSE1:chrome\updater\updater.cc:97] Crash reporting initialized.
[19136:18696:1001/174130.255:VERBOSE1:chrome\updater\updater.cc:147] IsUserAdmin: 0, IsUserNonElevatedAdmin: 0, IsUACOn: 1, IsElevatedWithUACOn: 0, LUA: 1
[19136:18696:1001/174130.262:VERBOSE1:chrome\updater\ipc\update_service_internal_proxy_win.cc:156] Run
[19136:28668:1001/174133.943:VERBOSE2:chrome\updater\ipc\update_service_internal_proxy_win.cc:65] Run result 0.
[19136:18696:1001/174133.943:VERBOSE1:chrome\updater\ipc\update_service_internal_proxy_win.cc:148] ~UpdateServiceInternalProxyImpl
[19136:34324:1001/174133.943:VERBOSE2:chrome\updater\ipc\proxy_impl_base_win.h:58] ~ProxyImplBase
[19136:18696:1001/174133.943:VERBOSE1:chrome\updater\updater.cc:423] UpdaterMain (--wake) returned 0.
[1452:35748:1001/174133.951:VERBOSE1:chrome\updater\app\app_wakeall.cc:67] `"C:\Program Files (x86)\Google\GoogleUpdater\142.0.7416.0\updater.exe" --wake --system` exited 0
[1452:14984:1001/174133.952:VERBOSE1:chrome\updater\updater.cc:423] UpdaterMain (--wake-all) returned 0.
[19080:35416:1001/174133.953:VERBOSE1:chrome\updater\updater.cc:423] UpdaterMain (--crash-handler) returned 0.
[38904:6376:1001/174133.958:VERBOSE1:chrome\updater\updater.cc:423] UpdaterMain (--crash-handler) returned 0.
[6232:39248:1001/224134.291:VERBOSE1:chrome\updater\updater.cc:411] Version: 142.0.7416.0, opt, x86_64, command line: "C:\Program Files (x86)\Google\GoogleUpdater\142.0.7416.0\updater.exe" --wake-all --system
[6232:39248:1001/224134.291:VERBOSE1:chrome\updater\updater.cc:414] OS version: 10.0.26100.6584, System uptime (seconds): 636038, parent pid: 9860
[6232:39248:1001/224134.291:VERBOSE1:chrome\updater\updater.cc:325] available: 17711620K, total: 35422432K
[37424:3884:1001/224134.349:VERBOSE1:chrome\updater\updater.cc:411] Version: 142.0.7416.0, opt, x86_64, command line: "C:\Program Files (x86)\Google\GoogleUpdater\142.0.7416.0\updater.exe" --crash-handler --system "--database=C:\Program Files (x86)\Google\GoogleUpdater\142.0.7416.0\Crashpad" --url=https://clients2.google.com/cr/report --annotation=prod=Update4 --annotation=ver=142.0.7416.0 "--attachment=C:\Program Files (x86)\Google\GoogleUpdater\updater.log" --initial-client-data=0x274,0x278,0x27c,0x250,0x280,0x7ff7d2247cc4,0x7ff7d2247cd0,0x7ff7d2247ce0
[37424:3884:1001/224134.349:VERBOSE1:chrome\updater\updater.cc:414] OS version: 10.0.26100.6584, System uptime (seconds): 636038, parent pid: 6232
[37424:3884:1001/224134.349:VERBOSE1:chrome\updater\updater.cc:325] available: 17708780K, total: 35422432K
[6232:39248:1001/224134.349:VERBOSE1:chrome\updater\crash_reporter.cc:120] Crash handler launched and ready.
[6232:39248:1001/224134.355:ERROR:chrome\updater\crash_client.cc:116] Failed to fetch completed crash reports: 3
[6232:39248:1001/224134.355:ERROR:chrome\updater\crash_client.cc:132] Failed to fetch pending crash reports: 3
[6232:39248:1001/224134.355:VERBOSE2:chrome\updater\usage_stats_permissions_win.cc:77] usage stats enabled by app {8a69d345-d564-463c-aff1-a69d9e530f96}
[6232:39248:1001/224134.355:ERROR:third_party\crashpad\crashpad\util\file\file_io_win.cc:181] CreateFile C:\Program Files (x86)\Google\GoogleUpdater\142.0.7416.0\Crashpad\settings.dat: Access is denied. (0x5)
[6232:39248:1001/224134.355:ERROR:third_party\crashpad\crashpad\util\file\file_io_win.cc:181] CreateFile C:\Program Files (x86)\Google\GoogleUpdater\142.0.7416.0\Crashpad\settings.dat: Access is denied. (0x5)
[6232:39248:1001/224134.355:VERBOSE1:chrome\updater\updater.cc:97] Crash reporting initialized.
[6232:39248:1001/224134.355:VERBOSE1:chrome\updater\updater.cc:147] IsUserAdmin: 0, IsUserNonElevatedAdmin: 0, IsUACOn: 1, IsElevatedWithUACOn: 0, LUA: 1
[6232:10688:1001/224134.365:VERBOSE1:chrome\updater\app\app_wakeall.cc:57] Launching `"C:\Program Files (x86)\Google\GoogleUpdater\142.0.7416.0\updater.exe" --wake --system`
[2268:26916:1001/224134.422:VERBOSE1:chrome\updater\updater.cc:411] Version: 142.0.7416.0, opt, x86_64, command line: "C:\Program Files (x86)\Google\GoogleUpdater\142.0.7416.0\updater.exe" --wake --system
[2268:26916:1001/224134.422:VERBOSE1:chrome\updater\updater.cc:414] OS version: 10.0.26100.6584, System uptime (seconds): 636038, parent pid: 6232
[2268:26916:1001/224134.422:VERBOSE1:chrome\updater\updater.cc:325] available: 17703680K, total: 35422432K
[20524:28752:1001/224134.484:VERBOSE1:chrome\updater\updater.cc:411] Version: 142.0.7416.0, opt, x86_64, command line: "C:\Program Files (x86)\Google\GoogleUpdater\142.0.7416.0\updater.exe" --crash-handler --system "--database=C:\Program Files (x86)\Google\GoogleUpdater\142.0.7416.0\Crashpad" --url=https://clients2.google.com/cr/report --annotation=prod=Update4 --annotation=ver=142.0.7416.0 "--attachment=C:\Program Files (x86)\Google\GoogleUpdater\updater.log" --initial-client-data=0x26c,0x270,0x274,0x248,0x278,0x7ff7d2247cc4,0x7ff7d2247cd0,0x7ff7d2247ce0
[20524:28752:1001/224134.484:VERBOSE1:chrome\updater\updater.cc:414] OS version: 10.0.26100.6584, System uptime (seconds): 636038, parent pid: 2268
[20524:28752:1001/224134.484:VERBOSE1:chrome\updater\updater.cc:325] available: 17701072K, total: 35422432K
[2268:26916:1001/224134.484:VERBOSE1:chrome\updater\crash_reporter.cc:120] Crash handler launched and ready.
[2268:26916:1001/224134.489:ERROR:chrome\updater\crash_client.cc:116] Failed to fetch completed crash reports: 3
[2268:26916:1001/224134.489:ERROR:chrome\updater\crash_client.cc:132] Failed to fetch pending crash reports: 3
[2268:26916:1001/224134.489:VERBOSE2:chrome\updater\usage_stats_permissions_win.cc:77] usage stats enabled by app {8a69d345-d564-463c-aff1-a69d9e530f96}
[2268:26916:1001/224134.489:ERROR:third_party\crashpad\crashpad\util\file\file_io_win.cc:181] CreateFile C:\Program Files (x86)\Google\GoogleUpdater\142.0.7416.0\Crashpad\settings.dat: Access is denied. (0x5)
[2268:26916:1001/224134.489:ERROR:third_party\crashpad\crashpad\util\file\file_io_win.cc:181] CreateFile C:\Program Files (x86)\Google\GoogleUpdater\142.0.7416.0\Crashpad\settings.dat: Access is denied. (0x5)
[2268:26916:1001/224134.489:VERBOSE1:chrome\updater\updater.cc:97] Crash reporting initialized.
[2268:26916:1001/224134.489:VERBOSE1:chrome\updater\updater.cc:147] IsUserAdmin: 0, IsUserNonElevatedAdmin: 0, IsUACOn: 1, IsElevatedWithUACOn: 0, LUA: 1
[2268:26916:1001/224134.489:VERBOSE1:chrome\updater\ipc\update_service_internal_proxy_win.cc:156] Run
[2268:38524:1001/224139.461:VERBOSE2:chrome\updater\ipc\update_service_internal_proxy_win.cc:65] Run result 0.
[2268:26916:1001/224139.461:VERBOSE1:chrome\updater\ipc\update_service_internal_proxy_win.cc:148] ~UpdateServiceInternalProxyImpl
[2268:32452:1001/224139.461:VERBOSE2:chrome\updater\ipc\proxy_impl_base_win.h:58] ~ProxyImplBase
[2268:26916:1001/224139.462:VERBOSE1:chrome\updater\updater.cc:423] UpdaterMain (--wake) returned 0.
[6232:10688:1001/224139.465:VERBOSE1:chrome\updater\app\app_wakeall.cc:67] `"C:\Program Files (x86)\Google\GoogleUpdater\142.0.7416.0\updater.exe" --wake --system` exited 0
[6232:39248:1001/224139.466:VERBOSE1:chrome\updater\updater.cc:423] UpdaterMain (--wake-all) returned 0.
[20524:28752:1001/224139.467:VERBOSE1:chrome\updater\updater.cc:423] UpdaterMain (--crash-handler) returned 0.
[37424:3884:1001/224139.472:VERBOSE1:chrome\updater\updater.cc:423] UpdaterMain (--crash-handler) returned 0.
[2860:40440:1002/034139.802:VERBOSE1:chrome\updater\updater.cc:411] Version: 142.0.7416.0, opt, x86_64, command line: "C:\Program Files (x86)\Google\GoogleUpdater\142.0.7416.0\updater.exe" --wake-all --system
[2860:40440:1002/034139.802:VERBOSE1:chrome\updater\updater.cc:414] OS version: 10.0.26100.6584, System uptime (seconds): 654043, parent pid: 9860
[2860:40440:1002/034139.802:VERBOSE1:chrome\updater\updater.cc:325] available: 17913100K, total: 35422432K
[8176:10076:1002/034139.864:VERBOSE1:chrome\updater\updater.cc:411] Version: 142.0.7416.0, opt, x86_64, command line: "C:\Program Files (x86)\Google\GoogleUpdater\142.0.7416.0\updater.exe" --crash-handler --system "--database=C:\Program Files (x86)\Google\GoogleUpdater\142.0.7416.0\Crashpad" --url=https://clients2.google.com/cr/report --annotation=prod=Update4 --annotation=ver=142.0.7416.0 "--attachment=C:\Program Files (x86)\Google\GoogleUpdater\updater.log" --initial-client-data=0x274,0x278,0x27c,0x250,0x280,0x7ff7d2247cc4,0x7ff7d2247cd0,0x7ff7d2247ce0
[8176:10076:1002/034139.864:VERBOSE1:chrome\updater\updater.cc:414] OS version: 10.0.26100.6584, System uptime (seconds): 654043, parent pid: 2860
[8176:10076:1002/034139.864:VERBOSE1:chrome\updater\updater.cc:325] available: 17911032K, total: 35422432K
[2860:40440:1002/034139.864:VERBOSE1:chrome\updater\crash_reporter.cc:120] Crash handler launched and ready.
[2860:40440:1002/034139.864:ERROR:chrome\updater\crash_client.cc:116] Failed to fetch completed crash reports: 3
[2860:40440:1002/034139.864:ERROR:chrome\updater\crash_client.cc:132] Failed to fetch pending crash reports: 3
[2860:40440:1002/034139.864:VERBOSE2:chrome\updater\usage_stats_permissions_win.cc:77] usage stats enabled by app {8a69d345-d564-463c-aff1-a69d9e530f96}
[2860:40440:1002/034139.864:ERROR:third_party\crashpad\crashpad\util\file\file_io_win.cc:181] CreateFile C:\Program Files (x86)\Google\GoogleUpdater\142.0.7416.0\Crashpad\settings.dat: Access is denied. (0x5)
[2860:40440:1002/034139.864:ERROR:third_party\crashpad\crashpad\util\file\file_io_win.cc:181] CreateFile C:\Program Files (x86)\Google\GoogleUpdater\142.0.7416.0\Crashpad\settings.dat: Access is denied. (0x5)
[2860:40440:1002/034139.864:VERBOSE1:chrome\updater\updater.cc:97] Crash reporting initialized.
[2860:40440:1002/034139.864:VERBOSE1:chrome\updater\updater.cc:147] IsUserAdmin: 0, IsUserNonElevatedAdmin: 0, IsUACOn: 1, IsElevatedWithUACOn: 0, LUA: 1
[2860:23040:1002/034139.880:VERBOSE1:chrome\updater\app\app_wakeall.cc:57] Launching `"C:\Program Files (x86)\Google\GoogleUpdater\142.0.7416.0\updater.exe" --wake --system`
[19072:26336:1002/034139.927:VERBOSE1:chrome\updater\updater.cc:411] Version: 142.0.7416.0, opt, x86_64, command line: "C:\Program Files (x86)\Google\GoogleUpdater\142.0.7416.0\updater.exe" --wake --system
[19072:26336:1002/034139.927:VERBOSE1:chrome\updater\updater.cc:414] OS version: 10.0.26100.6584, System uptime (seconds): 654043, parent pid: 2860
[19072:26336:1002/034139.927:VERBOSE1:chrome\updater\updater.cc:325] available: 17908420K, total: 35422432K
[33268:30496:1002/034139.989:VERBOSE1:chrome\updater\updater.cc:411] Version: 142.0.7416.0, opt, x86_64, command line: "C:\Program Files (x86)\Google\GoogleUpdater\142.0.7416.0\updater.exe" --crash-handler --system "--database=C:\Program Files (x86)\Google\GoogleUpdater\142.0.7416.0\Crashpad" --url=https://clients2.google.com/cr/report --annotation=prod=Update4 --annotation=ver=142.0.7416.0 "--attachment=C:\Program Files (x86)\Google\GoogleUpdater\updater.log" --initial-client-data=0x290,0x294,0x298,0x26c,0x29c,0x7ff7d2247cc4,0x7ff7d2247cd0,0x7ff7d2247ce0
[33268:30496:1002/034139.989:VERBOSE1:chrome\updater\updater.cc:414] OS version: 10.0.26100.6584, System uptime (seconds): 654043, parent pid: 19072
[33268:30496:1002/034139.989:VERBOSE1:chrome\updater\updater.cc:325] available: 17906440K, total: 35422432K
[19072:26336:1002/034139.989:VERBOSE1:chrome\updater\crash_reporter.cc:120] Crash handler launched and ready.
[19072:26336:1002/034139.989:ERROR:chrome\updater\crash_client.cc:116] Failed to fetch completed crash reports: 3
[19072:26336:1002/034139.989:ERROR:chrome\updater\crash_client.cc:132] Failed to fetch pending crash reports: 3
[19072:26336:1002/034139.989:VERBOSE2:chrome\updater\usage_stats_permissions_win.cc:77] usage stats enabled by app {8a69d345-d564-463c-aff1-a69d9e530f96}
[19072:26336:1002/034139.989:ERROR:third_party\crashpad\crashpad\util\file\file_io_win.cc:181] CreateFile C:\Program Files (x86)\Google\GoogleUpdater\142.0.7416.0\Crashpad\settings.dat: Access is denied. (0x5)
[19072:26336:1002/034139.989:ERROR:third_party\crashpad\crashpad\util\file\file_io_win.cc:181] CreateFile C:\Program Files (x86)\Google\GoogleUpdater\142.0.7416.0\Crashpad\settings.dat: Access is denied. (0x5)
[19072:26336:1002/034139.989:VERBOSE1:chrome\updater\updater.cc:97] Crash reporting initialized.
[19072:26336:1002/034139.989:VERBOSE1:chrome\updater\updater.cc:147] IsUserAdmin: 0, IsUserNonElevatedAdmin: 0, IsUACOn: 1, IsElevatedWithUACOn: 0, LUA: 1
[19072:26336:1002/034140.005:VERBOSE1:chrome\updater\ipc\update_service_internal_proxy_win.cc:156] Run
[19072:20100:1002/034143.911:VERBOSE2:chrome\updater\ipc\update_service_internal_proxy_win.cc:65] Run result 0.
[19072:26336:1002/034143.911:VERBOSE1:chrome\updater\ipc\update_service_internal_proxy_win.cc:148] ~UpdateServiceInternalProxyImpl
[19072:28052:1002/034143.911:VERBOSE2:chrome\updater\ipc\proxy_impl_base_win.h:58] ~ProxyImplBase
[19072:26336:1002/034143.911:VERBOSE1:chrome\updater\updater.cc:423] UpdaterMain (--wake) returned 0.
[2860:23040:1002/034143.911:VERBOSE1:chrome\updater\app\app_wakeall.cc:67] `"C:\Program Files (x86)\Google\GoogleUpdater\142.0.7416.0\updater.exe" --wake --system` exited 0
[2860:40440:1002/034143.911:VERBOSE1:chrome\updater\updater.cc:423] UpdaterMain (--wake-all) returned 0.
[33268:30496:1002/034143.911:VERBOSE1:chrome\updater\updater.cc:423] UpdaterMain (--crash-handler) returned 0.
[8176:10076:1002/034143.929:VERBOSE1:chrome\updater\updater.cc:423] UpdaterMain (--crash-handler) returned 0.
[33160:24232:1002/084144.286:VERBOSE1:chrome\updater\updater.cc:411] Version: 142.0.7416.0, opt, x86_64, command line: "C:\Program Files (x86)\Google\GoogleUpdater\142.0.7416.0\updater.exe" --wake-all --system
[33160:24232:1002/084144.286:VERBOSE1:chrome\updater\updater.cc:414] OS version: 10.0.26100.6584, System uptime (seconds): 672048, parent pid: 9860
[33160:24232:1002/084144.286:VERBOSE1:chrome\updater\updater.cc:325] available: 17842508K, total: 35422432K
[20664:37608:1002/084144.361:VERBOSE1:chrome\updater\updater.cc:411] Version: 142.0.7416.0, opt, x86_64, command line: "C:\Program Files (x86)\Google\GoogleUpdater\142.0.7416.0\updater.exe" --crash-handler --system "--database=C:\Program Files (x86)\Google\GoogleUpdater\142.0.7416.0\Crashpad" --url=https://clients2.google.com/cr/report --annotation=prod=Update4 --annotation=ver=142.0.7416.0 "--attachment=C:\Program Files (x86)\Google\GoogleUpdater\updater.log" --initial-client-data=0x270,0x274,0x278,0x24c,0x27c,0x7ff7d2247cc4,0x7ff7d2247cd0,0x7ff7d2247ce0
[20664:37608:1002/084144.361:VERBOSE1:chrome\updater\updater.cc:414] OS version: 10.0.26100.6584, System uptime (seconds): 672048, parent pid: 33160
[20664:37608:1002/084144.361:VERBOSE1:chrome\updater\updater.cc:325] available: 17839764K, total: 35422432K
[33160:24232:1002/084144.363:VERBOSE1:chrome\updater\crash_reporter.cc:120] Crash handler launched and ready.
[33160:24232:1002/084144.365:ERROR:chrome\updater\crash_client.cc:116] Failed to fetch completed crash reports: 3
[33160:24232:1002/084144.365:ERROR:chrome\updater\crash_client.cc:132] Failed to fetch pending crash reports: 3
[33160:24232:1002/084144.365:VERBOSE2:chrome\updater\usage_stats_permissions_win.cc:77] usage stats enabled by app {8a69d345-d564-463c-aff1-a69d9e530f96}
[33160:24232:1002/084144.365:ERROR:third_party\crashpad\crashpad\util\file\file_io_win.cc:181] CreateFile C:\Program Files (x86)\Google\GoogleUpdater\142.0.7416.0\Crashpad\settings.dat: Access is denied. (0x5)
[33160:24232:1002/084144.366:ERROR:third_party\crashpad\crashpad\util\file\file_io_win.cc:181] CreateFile C:\Program Files (x86)\Google\GoogleUpdater\142.0.7416.0\Crashpad\settings.dat: Access is denied. (0x5)
[33160:24232:1002/084144.366:VERBOSE1:chrome\updater\updater.cc:97] Crash reporting initialized.
[33160:24232:1002/084144.370:VERBOSE1:chrome\updater\updater.cc:147] IsUserAdmin: 0, IsUserNonElevatedAdmin: 0, IsUACOn: 1, IsElevatedWithUACOn: 0, LUA: 1
[33160:27984:1002/084144.379:VERBOSE1:chrome\updater\app\app_wakeall.cc:57] Launching `"C:\Program Files (x86)\Google\GoogleUpdater\142.0.7416.0\updater.exe" --wake --system`
[12440:24540:1002/084144.453:VERBOSE1:chrome\updater\updater.cc:411] Version: 142.0.7416.0, opt, x86_64, command line: "C:\Program Files (x86)\Google\GoogleUpdater\142.0.7416.0\updater.exe" --wake --system
[12440:24540:1002/084144.453:VERBOSE1:chrome\updater\updater.cc:414] OS version: 10.0.26100.6584, System uptime (seconds): 672048, parent pid: 33160
[12440:24540:1002/084144.453:VERBOSE1:chrome\updater\updater.cc:325] available: 17836184K, total: 35422432K
[23656:30716:1002/084144.520:VERBOSE1:chrome\updater\updater.cc:411] Version: 142.0.7416.0, opt, x86_64, command line: "C:\Program Files (x86)\Google\GoogleUpdater\142.0.7416.0\updater.exe" --crash-handler --system "--database=C:\Program Files (x86)\Google\GoogleUpdater\142.0.7416.0\Crashpad" --url=https://clients2.google.com/cr/report --annotation=prod=Update4 --annotation=ver=142.0.7416.0 "--attachment=C:\Program Files (x86)\Google\GoogleUpdater\updater.log" --initial-client-data=0x278,0x27c,0x280,0x254,0x284,0x7ff7d2247cc4,0x7ff7d2247cd0,0x7ff7d2247ce0
[23656:30716:1002/084144.520:VERBOSE1:chrome\updater\updater.cc:414] OS version: 10.0.26100.6584, System uptime (seconds): 672048, parent pid: 12440
[23656:30716:1002/084144.520:VERBOSE1:chrome\updater\updater.cc:325] available: 17835652K, total: 35422432K
[12440:24540:1002/084144.520:VERBOSE1:chrome\updater\crash_reporter.cc:120] Crash handler launched and ready.
[12440:24540:1002/084144.520:ERROR:chrome\updater\crash_client.cc:116] Failed to fetch completed crash reports: 3
[12440:24540:1002/084144.520:ERROR:chrome\updater\crash_client.cc:132] Failed to fetch pending crash reports: 3
[12440:24540:1002/084144.520:VERBOSE2:chrome\updater\usage_stats_permissions_win.cc:77] usage stats enabled by app {8a69d345-d564-463c-aff1-a69d9e530f96}
[12440:24540:1002/084144.520:ERROR:third_party\crashpad\crashpad\util\file\file_io_win.cc:181] CreateFile C:\Program Files (x86)\Google\GoogleUpdater\142.0.7416.0\Crashpad\settings.dat: Access is denied. (0x5)
[12440:24540:1002/084144.520:ERROR:third_party\crashpad\crashpad\util\file\file_io_win.cc:181] CreateFile C:\Program Files (x86)\Google\GoogleUpdater\142.0.7416.0\Crashpad\settings.dat: Access is denied. (0x5)
[12440:24540:1002/084144.520:VERBOSE1:chrome\updater\updater.cc:97] Crash reporting initialized.
[12440:24540:1002/084144.520:VERBOSE1:chrome\updater\updater.cc:147] IsUserAdmin: 0, IsUserNonElevatedAdmin: 0, IsUACOn: 1, IsElevatedWithUACOn: 0, LUA: 1
[12440:24540:1002/084144.536:VERBOSE1:chrome\updater\ipc\update_service_internal_proxy_win.cc:156] Run
[12440:448:1002/084149.568:VERBOSE2:chrome\updater\ipc\update_service_internal_proxy_win.cc:65] Run result 0.
[12440:24540:1002/084149.568:VERBOSE1:chrome\updater\ipc\update_service_internal_proxy_win.cc:148] ~UpdateServiceInternalProxyImpl
[12440:38264:1002/084149.568:VERBOSE2:chrome\updater\ipc\proxy_impl_base_win.h:58] ~ProxyImplBase
[12440:24540:1002/084149.568:VERBOSE1:chrome\updater\updater.cc:423] UpdaterMain (--wake) returned 0.
[33160:27984:1002/084149.568:VERBOSE1:chrome\updater\app\app_wakeall.cc:67] `"C:\Program Files (x86)\Google\GoogleUpdater\142.0.7416.0\updater.exe" --wake --system` exited 0
[33160:24232:1002/084149.579:VERBOSE1:chrome\updater\updater.cc:423] UpdaterMain (--wake-all) returned 0.
[23656:30716:1002/084149.579:VERBOSE1:chrome\updater\updater.cc:423] UpdaterMain (--crash-handler) returned 0.
[20664:37608:1002/084149.586:VERBOSE1:chrome\updater\updater.cc:423] UpdaterMain (--crash-handler) returned 0.
[31388:22468:1002/134152.068:VERBOSE1:chrome\updater\updater.cc:411] Version: 142.0.7416.0, opt, x86_64, command line: "C:\Program Files (x86)\Google\GoogleUpdater\142.0.7416.0\updater.exe" --wake-all --system
[31388:22468:1002/134152.068:VERBOSE1:chrome\updater\updater.cc:414] OS version: 10.0.26100.6584, System uptime (seconds): 690053, parent pid: 9860
[31388:22468:1002/134152.068:VERBOSE1:chrome\updater\updater.cc:325] available: 17821316K, total: 35422432K
[20244:14148:1002/134152.141:VERBOSE1:chrome\updater\updater.cc:411] Version: 142.0.7416.0, opt, x86_64, command line: "C:\Program Files (x86)\Google\GoogleUpdater\142.0.7416.0\updater.exe" --crash-handler --system "--database=C:\Program Files (x86)\Google\GoogleUpdater\142.0.7416.0\Crashpad" --url=https://clients2.google.com/cr/report --annotation=prod=Update4 --annotation=ver=142.0.7416.0 "--attachment=C:\Program Files (x86)\Google\GoogleUpdater\updater.log" --initial-client-data=0x270,0x274,0x278,0x24c,0x27c,0x7ff7d2247cc4,0x7ff7d2247cd0,0x7ff7d2247ce0
[20244:14148:1002/134152.141:VERBOSE1:chrome\updater\updater.cc:414] OS version: 10.0.26100.6584, System uptime (seconds): 690053, parent pid: 31388
[20244:14148:1002/134152.142:VERBOSE1:chrome\updater\updater.cc:325] available: 17819420K, total: 35422432K
[31388:22468:1002/134152.143:VERBOSE1:chrome\updater\crash_reporter.cc:120] Crash handler launched and ready.
[31388:22468:1002/134152.144:ERROR:chrome\updater\crash_client.cc:116] Failed to fetch completed crash reports: 3
[31388:22468:1002/134152.144:ERROR:chrome\updater\crash_client.cc:132] Failed to fetch pending crash reports: 3
[31388:22468:1002/134152.145:VERBOSE2:chrome\updater\usage_stats_permissions_win.cc:77] usage stats enabled by app {8a69d345-d564-463c-aff1-a69d9e530f96}
[31388:22468:1002/134152.145:ERROR:third_party\crashpad\crashpad\util\file\file_io_win.cc:181] CreateFile C:\Program Files (x86)\Google\GoogleUpdater\142.0.7416.0\Crashpad\settings.dat: Access is denied. (0x5)
[31388:22468:1002/134152.146:ERROR:third_party\crashpad\crashpad\util\file\file_io_win.cc:181] CreateFile C:\Program Files (x86)\Google\GoogleUpdater\142.0.7416.0\Crashpad\settings.dat: Access is denied. (0x5)
[31388:22468:1002/134152.146:VERBOSE1:chrome\updater\updater.cc:97] Crash reporting initialized.
[31388:22468:1002/134152.150:VERBOSE1:chrome\updater\updater.cc:147] IsUserAdmin: 0, IsUserNonElevatedAdmin: 0, IsUACOn: 1, IsElevatedWithUACOn: 0, LUA: 1
[31388:40548:1002/134152.157:VERBOSE1:chrome\updater\app\app_wakeall.cc:57] Launching `"C:\Program Files (x86)\Google\GoogleUpdater\142.0.7416.0\updater.exe" --wake --system`
[30932:40736:1002/134152.221:VERBOSE1:chrome\updater\updater.cc:411] Version: 142.0.7416.0, opt, x86_64, command line: "C:\Program Files (x86)\Google\GoogleUpdater\142.0.7416.0\updater.exe" --wake --system
[30932:40736:1002/134152.221:VERBOSE1:chrome\updater\updater.cc:414] OS version: 10.0.26100.6584, System uptime (seconds): 690053, parent pid: 31388
[30932:40736:1002/134152.221:VERBOSE1:chrome\updater\updater.cc:325] available: 17812104K, total: 35422432K
[28144:9332:1002/134152.289:VERBOSE1:chrome\updater\updater.cc:411] Version: 142.0.7416.0, opt, x86_64, command line: "C:\Program Files (x86)\Google\GoogleUpdater\142.0.7416.0\updater.exe" --crash-handler --system "--database=C:\Program Files (x86)\Google\GoogleUpdater\142.0.7416.0\Crashpad" --url=https://clients2.google.com/cr/report --annotation=prod=Update4 --annotation=ver=142.0.7416.0 "--attachment=C:\Program Files (x86)\Google\GoogleUpdater\updater.log" --initial-client-data=0x26c,0x270,0x274,0x248,0x278,0x7ff7d2247cc4,0x7ff7d2247cd0,0x7ff7d2247ce0
[28144:9332:1002/134152.289:VERBOSE1:chrome\updater\updater.cc:414] OS version: 10.0.26100.6584, System uptime (seconds): 690053, parent pid: 30932
[28144:9332:1002/134152.289:VERBOSE1:chrome\updater\updater.cc:325] available: 17811140K, total: 35422432K
[30932:40736:1002/134152.291:VERBOSE1:chrome\updater\crash_reporter.cc:120] Crash handler launched and ready.
[30932:40736:1002/134152.291:ERROR:chrome\updater\crash_client.cc:116] Failed to fetch completed crash reports: 3
[30932:40736:1002/134152.291:ERROR:chrome\updater\crash_client.cc:132] Failed to fetch pending crash reports: 3
[30932:40736:1002/134152.291:VERBOSE2:chrome\updater\usage_stats_permissions_win.cc:77] usage stats enabled by app {8a69d345-d564-463c-aff1-a69d9e530f96}
[30932:40736:1002/134152.291:ERROR:third_party\crashpad\crashpad\util\file\file_io_win.cc:181] CreateFile C:\Program Files (x86)\Google\GoogleUpdater\142.0.7416.0\Crashpad\settings.dat: Access is denied. (0x5)
[30932:40736:1002/134152.291:ERROR:third_party\crashpad\crashpad\util\file\file_io_win.cc:181] CreateFile C:\Program Files (x86)\Google\GoogleUpdater\142.0.7416.0\Crashpad\settings.dat: Access is denied. (0x5)
[30932:40736:1002/134152.291:VERBOSE1:chrome\updater\updater.cc:97] Crash reporting initialized.
[30932:40736:1002/134152.295:VERBOSE1:chrome\updater\updater.cc:147] IsUserAdmin: 0, IsUserNonElevatedAdmin: 0, IsUACOn: 1, IsElevatedWithUACOn: 0, LUA: 1
[30932:40736:1002/134152.300:VERBOSE1:chrome\updater\ipc\update_service_internal_proxy_win.cc:156] Run
[30932:34796:1002/134157.190:VERBOSE2:chrome\updater\ipc\update_service_internal_proxy_win.cc:65] Run result 0.
[30932:40736:1002/134157.190:VERBOSE1:chrome\updater\ipc\update_service_internal_proxy_win.cc:148] ~UpdateServiceInternalProxyImpl
[30932:35924:1002/134157.190:VERBOSE2:chrome\updater\ipc\proxy_impl_base_win.h:58] ~ProxyImplBase
[30932:40736:1002/134157.190:VERBOSE1:chrome\updater\updater.cc:423] UpdaterMain (--wake) returned 0.
[31388:40548:1002/134157.190:VERBOSE1:chrome\updater\app\app_wakeall.cc:67] `"C:\Program Files (x86)\Google\GoogleUpdater\142.0.7416.0\updater.exe" --wake --system` exited 0
[31388:22468:1002/134157.190:VERBOSE1:chrome\updater\updater.cc:423] UpdaterMain (--wake-all) returned 0.
[28144:9332:1002/134157.190:VERBOSE1:chrome\updater\updater.cc:423] UpdaterMain (--crash-handler) returned 0.
[20244:14148:1002/134157.206:VERBOSE1:chrome\updater\updater.cc:423] UpdaterMain (--crash-handler) returned 0.
[32664:7968:1002/184157.566:VERBOSE1:chrome\updater\updater.cc:411] Version: 142.0.7416.0, opt, x86_64, command line: "C:\Program Files (x86)\Google\GoogleUpdater\142.0.7416.0\updater.exe" --wake-all --system
[32664:7968:1002/184157.566:VERBOSE1:chrome\updater\updater.cc:414] OS version: 10.0.26100.6584, System uptime (seconds): 708059, parent pid: 9860
[32664:7968:1002/184157.566:VERBOSE1:chrome\updater\updater.cc:325] available: 17832300K, total: 35422432K
[25892:304:1002/184157.644:VERBOSE1:chrome\updater\updater.cc:411] Version: 142.0.7416.0, opt, x86_64, command line: "C:\Program Files (x86)\Google\GoogleUpdater\142.0.7416.0\updater.exe" --crash-handler --system "--database=C:\Program Files (x86)\Google\GoogleUpdater\142.0.7416.0\Crashpad" --url=https://clients2.google.com/cr/report --annotation=prod=Update4 --annotation=ver=142.0.7416.0 "--attachment=C:\Program Files (x86)\Google\GoogleUpdater\updater.log" --initial-client-data=0x274,0x278,0x27c,0x250,0x280,0x7ff7d2247cc4,0x7ff7d2247cd0,0x7ff7d2247ce0
[25892:304:1002/184157.644:VERBOSE1:chrome\updater\updater.cc:414] OS version: 10.0.26100.6584, System uptime (seconds): 708059, parent pid: 32664
[25892:304:1002/184157.644:VERBOSE1:chrome\updater\updater.cc:325] available: 17831856K, total: 35422432K
[32664:7968:1002/184157.644:VERBOSE1:chrome\updater\crash_reporter.cc:120] Crash handler launched and ready.
[32664:7968:1002/184157.644:ERROR:chrome\updater\crash_client.cc:116] Failed to fetch completed crash reports: 3
[32664:7968:1002/184157.644:ERROR:chrome\updater\crash_client.cc:132] Failed to fetch pending crash reports: 3
[32664:7968:1002/184157.644:VERBOSE2:chrome\updater\usage_stats_permissions_win.cc:77] usage stats enabled by app {8a69d345-d564-463c-aff1-a69d9e530f96}
[32664:7968:1002/184157.644:ERROR:third_party\crashpad\crashpad\util\file\file_io_win.cc:181] CreateFile C:\Program Files (x86)\Google\GoogleUpdater\142.0.7416.0\Crashpad\settings.dat: Access is denied. (0x5)
[32664:7968:1002/184157.644:ERROR:third_party\crashpad\crashpad\util\file\file_io_win.cc:181] CreateFile C:\Program Files (x86)\Google\GoogleUpdater\142.0.7416.0\Crashpad\settings.dat: Access is denied. (0x5)
[32664:7968:1002/184157.644:VERBOSE1:chrome\updater\updater.cc:97] Crash reporting initialized.
[32664:7968:1002/184157.644:VERBOSE1:chrome\updater\updater.cc:147] IsUserAdmin: 0, IsUserNonElevatedAdmin: 0, IsUACOn: 1, IsElevatedWithUACOn: 0, LUA: 1
[32664:40036:1002/184157.660:VERBOSE1:chrome\updater\app\app_wakeall.cc:57] Launching `"C:\Program Files (x86)\Google\GoogleUpdater\142.0.7416.0\updater.exe" --wake --system`
[36496:23044:1002/184157.723:VERBOSE1:chrome\updater\updater.cc:411] Version: 142.0.7416.0, opt, x86_64, command line: "C:\Program Files (x86)\Google\GoogleUpdater\142.0.7416.0\updater.exe" --wake --system
[36496:23044:1002/184157.723:VERBOSE1:chrome\updater\updater.cc:414] OS version: 10.0.26100.6584, System uptime (seconds): 708059, parent pid: 32664
[36496:23044:1002/184157.723:VERBOSE1:chrome\updater\updater.cc:325] available: 17828852K, total: 35422432K
[34952:14568:1002/184157.816:VERBOSE1:chrome\updater\updater.cc:411] Version: 142.0.7416.0, opt, x86_64, command line: "C:\Program Files (x86)\Google\GoogleUpdater\142.0.7416.0\updater.exe" --crash-handler --system "--database=C:\Program Files (x86)\Google\GoogleUpdater\142.0.7416.0\Crashpad" --url=https://clients2.google.com/cr/report --annotation=prod=Update4 --annotation=ver=142.0.7416.0 "--attachment=C:\Program Files (x86)\Google\GoogleUpdater\updater.log" --initial-client-data=0x274,0x278,0x27c,0xb0,0x280,0x7ff7d2247cc4,0x7ff7d2247cd0,0x7ff7d2247ce0
[34952:14568:1002/184157.816:VERBOSE1:chrome\updater\updater.cc:414] OS version: 10.0.26100.6584, System uptime (seconds): 708059, parent pid: 36496
[34952:14568:1002/184157.816:VERBOSE1:chrome\updater\updater.cc:325] available: 17825076K, total: 35422432K
[36496:23044:1002/184157.818:VERBOSE1:chrome\updater\crash_reporter.cc:120] Crash handler launched and ready.
[36496:23044:1002/184157.820:ERROR:chrome\updater\crash_client.cc:116] Failed to fetch completed crash reports: 3
[36496:23044:1002/184157.820:ERROR:chrome\updater\crash_client.cc:132] Failed to fetch pending crash reports: 3
[36496:23044:1002/184157.820:VERBOSE2:chrome\updater\usage_stats_permissions_win.cc:77] usage stats enabled by app {8a69d345-d564-463c-aff1-a69d9e530f96}
[36496:23044:1002/184157.820:ERROR:third_party\crashpad\crashpad\util\file\file_io_win.cc:181] CreateFile C:\Program Files (x86)\Google\GoogleUpdater\142.0.7416.0\Crashpad\settings.dat: Access is denied. (0x5)
[36496:23044:1002/184157.820:ERROR:third_party\crashpad\crashpad\util\file\file_io_win.cc:181] CreateFile C:\Program Files (x86)\Google\GoogleUpdater\142.0.7416.0\Crashpad\settings.dat: Access is denied. (0x5)
[36496:23044:1002/184157.822:VERBOSE1:chrome\updater\updater.cc:97] Crash reporting initialized.
[36496:23044:1002/184157.824:VERBOSE1:chrome\updater\updater.cc:147] IsUserAdmin: 0, IsUserNonElevatedAdmin: 0, IsUACOn: 1, IsElevatedWithUACOn: 0, LUA: 1
[36496:23044:1002/184157.831:VERBOSE1:chrome\updater\ipc\update_service_internal_proxy_win.cc:156] Run
[36496:35592:1002/184203.456:VERBOSE2:chrome\updater\ipc\update_service_internal_proxy_win.cc:65] Run result 0.
[36496:23044:1002/184203.456:VERBOSE1:chrome\updater\ipc\update_service_internal_proxy_win.cc:148] ~UpdateServiceInternalProxyImpl
[36496:24728:1002/184203.456:VERBOSE2:chrome\updater\ipc\proxy_impl_base_win.h:58] ~ProxyImplBase
[36496:23044:1002/184203.456:VERBOSE1:chrome\updater\updater.cc:423] UpdaterMain (--wake) returned 0.
[32664:40036:1002/184203.456:VERBOSE1:chrome\updater\app\app_wakeall.cc:67] `"C:\Program Files (x86)\Google\GoogleUpdater\142.0.7416.0\updater.exe" --wake --system` exited 0
[32664:7968:1002/184203.466:VERBOSE1:chrome\updater\updater.cc:423] UpdaterMain (--wake-all) returned 0.
[34952:14568:1002/184203.466:VERBOSE1:chrome\updater\updater.cc:423] UpdaterMain (--crash-handler) returned 0.
[25892:304:1002/184203.471:VERBOSE1:chrome\updater\updater.cc:423] UpdaterMain (--crash-handler) returned 0.
[14056:26640:1002/234203.833:VERBOSE1:chrome\updater\updater.cc:411] Version: 142.0.7416.0, opt, x86_64, command line: "C:\Program Files (x86)\Google\GoogleUpdater\142.0.7416.0\updater.exe" --wake-all --system
[14056:26640:1002/234203.833:VERBOSE1:chrome\updater\updater.cc:414] OS version: 10.0.26100.6584, System uptime (seconds): 726065, parent pid: 9860
[14056:26640:1002/234203.833:VERBOSE1:chrome\updater\updater.cc:325] available: 17820880K, total: 35422432K
[4552:9876:1002/234203.898:VERBOSE1:chrome\updater\updater.cc:411] Version: 142.0.7416.0, opt, x86_64, command line: "C:\Program Files (x86)\Google\GoogleUpdater\142.0.7416.0\updater.exe" --crash-handler --system "--database=C:\Program Files (x86)\Google\GoogleUpdater\142.0.7416.0\Crashpad" --url=https://clients2.google.com/cr/report --annotation=prod=Update4 --annotation=ver=142.0.7416.0 "--attachment=C:\Program Files (x86)\Google\GoogleUpdater\updater.log" --initial-client-data=0x26c,0x270,0x274,0x248,0x278,0x7ff7d2247cc4,0x7ff7d2247cd0,0x7ff7d2247ce0
[4552:9876:1002/234203.898:VERBOSE1:chrome\updater\updater.cc:414] OS version: 10.0.26100.6584, System uptime (seconds): 726065, parent pid: 14056
[4552:9876:1002/234203.898:VERBOSE1:chrome\updater\updater.cc:325] available: 17820876K, total: 35422432K
[14056:26640:1002/234203.900:VERBOSE1:chrome\updater\crash_reporter.cc:120] Crash handler launched and ready.
[14056:26640:1002/234203.901:ERROR:chrome\updater\crash_client.cc:116] Failed to fetch completed crash reports: 3
[14056:26640:1002/234203.901:ERROR:chrome\updater\crash_client.cc:132] Failed to fetch pending crash reports: 3
[14056:26640:1002/234203.901:VERBOSE2:chrome\updater\usage_stats_permissions_win.cc:77] usage stats enabled by app {8a69d345-d564-463c-aff1-a69d9e530f96}
[14056:26640:1002/234203.901:ERROR:third_party\crashpad\crashpad\util\file\file_io_win.cc:181] CreateFile C:\Program Files (x86)\Google\GoogleUpdater\142.0.7416.0\Crashpad\settings.dat: Access is denied. (0x5)
[14056:26640:1002/234203.902:ERROR:third_party\crashpad\crashpad\util\file\file_io_win.cc:181] CreateFile C:\Program Files (x86)\Google\GoogleUpdater\142.0.7416.0\Crashpad\settings.dat: Access is denied. (0x5)
[14056:26640:1002/234203.902:VERBOSE1:chrome\updater\updater.cc:97] Crash reporting initialized.
[14056:26640:1002/234203.905:VERBOSE1:chrome\updater\updater.cc:147] IsUserAdmin: 0, IsUserNonElevatedAdmin: 0, IsUACOn: 1, IsElevatedWithUACOn: 0, LUA: 1
[14056:13104:1002/234203.909:VERBOSE1:chrome\updater\app\app_wakeall.cc:57] Launching `"C:\Program Files (x86)\Google\GoogleUpdater\142.0.7416.0\updater.exe" --wake --system`
[33240:21528:1002/234203.969:VERBOSE1:chrome\updater\updater.cc:411] Version: 142.0.7416.0, opt, x86_64, command line: "C:\Program Files (x86)\Google\GoogleUpdater\142.0.7416.0\updater.exe" --wake --system
[33240:21528:1002/234203.969:VERBOSE1:chrome\updater\updater.cc:414] OS version: 10.0.26100.6584, System uptime (seconds): 726065, parent pid: 14056
[33240:21528:1002/234203.969:VERBOSE1:chrome\updater\updater.cc:325] available: 17814660K, total: 35422432K
[20600:4688:1002/234204.018:VERBOSE1:chrome\updater\updater.cc:411] Version: 142.0.7416.0, opt, x86_64, command line: "C:\Program Files (x86)\Google\GoogleUpdater\142.0.7416.0\updater.exe" --crash-handler --system "--database=C:\Program Files (x86)\Google\GoogleUpdater\142.0.7416.0\Crashpad" --url=https://clients2.google.com/cr/report --annotation=prod=Update4 --annotation=ver=142.0.7416.0 "--attachment=C:\Program Files (x86)\Google\GoogleUpdater\updater.log" --initial-client-data=0x26c,0x270,0x274,0x248,0x278,0x7ff7d2247cc4,0x7ff7d2247cd0,0x7ff7d2247ce0
[20600:4688:1002/234204.018:VERBOSE1:chrome\updater\updater.cc:414] OS version: 10.0.26100.6584, System uptime (seconds): 726065, parent pid: 33240
[20600:4688:1002/234204.018:VERBOSE1:chrome\updater\updater.cc:325] available: 17817196K, total: 35422432K
[33240:21528:1002/234204.034:VERBOSE1:chrome\updater\crash_reporter.cc:120] Crash handler launched and ready.
[33240:21528:1002/234204.034:ERROR:chrome\updater\crash_client.cc:116] Failed to fetch completed crash reports: 3
[33240:21528:1002/234204.034:ERROR:chrome\updater\crash_client.cc:132] Failed to fetch pending crash reports: 3
[33240:21528:1002/234204.034:VERBOSE2:chrome\updater\usage_stats_permissions_win.cc:77] usage stats enabled by app {8a69d345-d564-463c-aff1-a69d9e530f96}
[33240:21528:1002/234204.034:ERROR:third_party\crashpad\crashpad\util\file\file_io_win.cc:181] CreateFile C:\Program Files (x86)\Google\GoogleUpdater\142.0.7416.0\Crashpad\settings.dat: Access is denied. (0x5)
[33240:21528:1002/234204.034:ERROR:third_party\crashpad\crashpad\util\file\file_io_win.cc:181] CreateFile C:\Program Files (x86)\Google\GoogleUpdater\142.0.7416.0\Crashpad\settings.dat: Access is denied. (0x5)
[33240:21528:1002/234204.034:VERBOSE1:chrome\updater\updater.cc:97] Crash reporting initialized.
[33240:21528:1002/234204.034:VERBOSE1:chrome\updater\updater.cc:147] IsUserAdmin: 0, IsUserNonElevatedAdmin: 0, IsUACOn: 1, IsElevatedWithUACOn: 0, LUA: 1
[33240:21528:1002/234204.034:VERBOSE1:chrome\updater\ipc\update_service_internal_proxy_win.cc:156] Run
[33240:15160:1002/234208.801:VERBOSE2:chrome\updater\ipc\update_service_internal_proxy_win.cc:65] Run result 0.
[33240:21528:1002/234208.801:VERBOSE1:chrome\updater\ipc\update_service_internal_proxy_win.cc:148] ~UpdateServiceInternalProxyImpl
[33240:34508:1002/234208.801:VERBOSE2:chrome\updater\ipc\proxy_impl_base_win.h:58] ~ProxyImplBase
[33240:21528:1002/234208.801:VERBOSE1:chrome\updater\updater.cc:423] UpdaterMain (--wake) returned 0.
[14056:13104:1002/234208.801:VERBOSE1:chrome\updater\app\app_wakeall.cc:67] `"C:\Program Files (x86)\Google\GoogleUpdater\142.0.7416.0\updater.exe" --wake --system` exited 0
[14056:26640:1002/234208.801:VERBOSE1:chrome\updater\updater.cc:423] UpdaterMain (--wake-all) returned 0.
[20600:4688:1002/234208.801:VERBOSE1:chrome\updater\updater.cc:423] UpdaterMain (--crash-handler) returned 0.
[4552:9876:1002/234208.820:VERBOSE1:chrome\updater\updater.cc:423] UpdaterMain (--crash-handler) returned 0.
[12280:23824:1003/044209.128:VERBOSE1:chrome\updater\updater.cc:411] Version: 142.0.7416.0, opt, x86_64, command line: "C:\Program Files (x86)\Google\GoogleUpdater\142.0.7416.0\updater.exe" --wake-all --system
[12280:23824:1003/044209.128:VERBOSE1:chrome\updater\updater.cc:414] OS version: 10.0.26100.6584, System uptime (seconds): 744070, parent pid: 9860
[12280:23824:1003/044209.128:VERBOSE1:chrome\updater\updater.cc:325] available: 17769940K, total: 35422432K
[14432:17928:1003/044209.192:VERBOSE1:chrome\updater\updater.cc:411] Version: 142.0.7416.0, opt, x86_64, command line: "C:\Program Files (x86)\Google\GoogleUpdater\142.0.7416.0\updater.exe" --crash-handler --system "--database=C:\Program Files (x86)\Google\GoogleUpdater\142.0.7416.0\Crashpad" --url=https://clients2.google.com/cr/report --annotation=prod=Update4 --annotation=ver=142.0.7416.0 "--attachment=C:\Program Files (x86)\Google\GoogleUpdater\updater.log" --initial-client-data=0x26c,0x270,0x274,0x248,0x278,0x7ff7d2247cc4,0x7ff7d2247cd0,0x7ff7d2247ce0
[14432:17928:1003/044209.192:VERBOSE1:chrome\updater\updater.cc:414] OS version: 10.0.26100.6584, System uptime (seconds): 744070, parent pid: 12280
[14432:17928:1003/044209.192:VERBOSE1:chrome\updater\updater.cc:325] available: 17767952K, total: 35422432K
[12280:23824:1003/044209.200:VERBOSE1:chrome\updater\crash_reporter.cc:120] Crash handler launched and ready.
[12280:23824:1003/044209.202:ERROR:chrome\updater\crash_client.cc:116] Failed to fetch completed crash reports: 3
[12280:23824:1003/044209.202:ERROR:chrome\updater\crash_client.cc:132] Failed to fetch pending crash reports: 3
[12280:23824:1003/044209.202:VERBOSE2:chrome\updater\usage_stats_permissions_win.cc:77] usage stats enabled by app {8a69d345-d564-463c-aff1-a69d9e530f96}
[12280:23824:1003/044209.202:ERROR:third_party\crashpad\crashpad\util\file\file_io_win.cc:181] CreateFile C:\Program Files (x86)\Google\GoogleUpdater\142.0.7416.0\Crashpad\settings.dat: Access is denied. (0x5)
[12280:23824:1003/044209.202:ERROR:third_party\crashpad\crashpad\util\file\file_io_win.cc:181] CreateFile C:\Program Files (x86)\Google\GoogleUpdater\142.0.7416.0\Crashpad\settings.dat: Access is denied. (0x5)
[12280:23824:1003/044209.202:VERBOSE1:chrome\updater\updater.cc:97] Crash reporting initialized.
[12280:23824:1003/044209.206:VERBOSE1:chrome\updater\updater.cc:147] IsUserAdmin: 0, IsUserNonElevatedAdmin: 0, IsUACOn: 1, IsElevatedWithUACOn: 0, LUA: 1
[12280:26984:1003/044209.206:VERBOSE1:chrome\updater\app\app_wakeall.cc:57] Launching `"C:\Program Files (x86)\Google\GoogleUpdater\142.0.7416.0\updater.exe" --wake --system`
[25108:40892:1003/044209.316:VERBOSE1:chrome\updater\updater.cc:411] Version: 142.0.7416.0, opt, x86_64, command line: "C:\Program Files (x86)\Google\GoogleUpdater\142.0.7416.0\updater.exe" --wake --system
[25108:40892:1003/044209.316:VERBOSE1:chrome\updater\updater.cc:414] OS version: 10.0.26100.6584, System uptime (seconds): 744070, parent pid: 12280
[25108:40892:1003/044209.316:VERBOSE1:chrome\updater\updater.cc:325] available: 17764172K, total: 35422432K
[34220:26416:1003/044209.387:VERBOSE1:chrome\updater\updater.cc:411] Version: 142.0.7416.0, opt, x86_64, command line: "C:\Program Files (x86)\Google\GoogleUpdater\142.0.7416.0\updater.exe" --crash-handler --system "--database=C:\Program Files (x86)\Google\GoogleUpdater\142.0.7416.0\Crashpad" --url=https://clients2.google.com/cr/report --annotation=prod=Update4 --annotation=ver=142.0.7416.0 "--attachment=C:\Program Files (x86)\Google\GoogleUpdater\updater.log" --initial-client-data=0x26c,0x270,0x274,0x248,0x278,0x7ff7d2247cc4,0x7ff7d2247cd0,0x7ff7d2247ce0
[34220:26416:1003/044209.387:VERBOSE1:chrome\updater\updater.cc:414] OS version: 10.0.26100.6584, System uptime (seconds): 744071, parent pid: 25108
[34220:26416:1003/044209.387:VERBOSE1:chrome\updater\updater.cc:325] available: 17770616K, total: 35422432K
[25108:40892:1003/044209.389:VERBOSE1:chrome\updater\crash_reporter.cc:120] Crash handler launched and ready.
[25108:40892:1003/044209.389:ERROR:chrome\updater\crash_client.cc:116] Failed to fetch completed crash reports: 3
[25108:40892:1003/044209.391:ERROR:chrome\updater\crash_client.cc:132] Failed to fetch pending crash reports: 3
[25108:40892:1003/044209.391:VERBOSE2:chrome\updater\usage_stats_permissions_win.cc:77] usage stats enabled by app {8a69d345-d564-463c-aff1-a69d9e530f96}
[25108:40892:1003/044209.391:ERROR:third_party\crashpad\crashpad\util\file\file_io_win.cc:181] CreateFile C:\Program Files (x86)\Google\GoogleUpdater\142.0.7416.0\Crashpad\settings.dat: Access is denied. (0x5)
[25108:40892:1003/044209.391:ERROR:third_party\crashpad\crashpad\util\file\file_io_win.cc:181] CreateFile C:\Program Files (x86)\Google\GoogleUpdater\142.0.7416.0\Crashpad\settings.dat: Access is denied. (0x5)
[25108:40892:1003/044209.391:VERBOSE1:chrome\updater\updater.cc:97] Crash reporting initialized.
[25108:40892:1003/044209.394:VERBOSE1:chrome\updater\updater.cc:147] IsUserAdmin: 0, IsUserNonElevatedAdmin: 0, IsUACOn: 1, IsElevatedWithUACOn: 0, LUA: 1
[25108:40892:1003/044209.402:VERBOSE1:chrome\updater\ipc\update_service_internal_proxy_win.cc:156] Run
[25108:38052:1003/044215.380:VERBOSE2:chrome\updater\ipc\update_service_internal_proxy_win.cc:65] Run result 0.
[25108:40892:1003/044215.380:VERBOSE1:chrome\updater\ipc\update_service_internal_proxy_win.cc:148] ~UpdateServiceInternalProxyImpl
[25108:28752:1003/044215.380:VERBOSE2:chrome\updater\ipc\proxy_impl_base_win.h:58] ~ProxyImplBase
[25108:40892:1003/044215.380:VERBOSE1:chrome\updater\updater.cc:423] UpdaterMain (--wake) returned 0.
[12280:26984:1003/044215.389:VERBOSE1:chrome\updater\app\app_wakeall.cc:67] `"C:\Program Files (x86)\Google\GoogleUpdater\142.0.7416.0\updater.exe" --wake --system` exited 0
[12280:23824:1003/044215.391:VERBOSE1:chrome\updater\updater.cc:423] UpdaterMain (--wake-all) returned 0.
[34220:26416:1003/044215.391:VERBOSE1:chrome\updater\updater.cc:423] UpdaterMain (--crash-handler) returned 0.
[14432:17928:1003/044215.401:VERBOSE1:chrome\updater\updater.cc:423] UpdaterMain (--crash-handler) returned 0.
[26388:12592:1003/094215.723:VERBOSE1:chrome\updater\updater.cc:411] Version: 142.0.7416.0, opt, x86_64, command line: "C:\Program Files (x86)\Google\GoogleUpdater\142.0.7416.0\updater.exe" --wake-all --system
[26388:12592:1003/094215.723:VERBOSE1:chrome\updater\updater.cc:414] OS version: 10.0.26100.6584, System uptime (seconds): 762077, parent pid: 9860
[26388:12592:1003/094215.723:VERBOSE1:chrome\updater\updater.cc:325] available: 18385512K, total: 35422432K
[30340:26796:1003/094215.785:VERBOSE1:chrome\updater\updater.cc:411] Version: 142.0.7416.0, opt, x86_64, command line: "C:\Program Files (x86)\Google\GoogleUpdater\142.0.7416.0\updater.exe" --crash-handler --system "--database=C:\Program Files (x86)\Google\GoogleUpdater\142.0.7416.0\Crashpad" --url=https://clients2.google.com/cr/report --annotation=prod=Update4 --annotation=ver=142.0.7416.0 "--attachment=C:\Program Files (x86)\Google\GoogleUpdater\updater.log" --initial-client-data=0x26c,0x270,0x274,0x248,0x278,0x7ff7d2247cc4,0x7ff7d2247cd0,0x7ff7d2247ce0
[30340:26796:1003/094215.785:VERBOSE1:chrome\updater\updater.cc:414] OS version: 10.0.26100.6584, System uptime (seconds): 762077, parent pid: 26388
[30340:26796:1003/094215.785:VERBOSE1:chrome\updater\updater.cc:325] available: 18383448K, total: 35422432K
[26388:12592:1003/094215.785:VERBOSE1:chrome\updater\crash_reporter.cc:120] Crash handler launched and ready.
[26388:12592:1003/094215.785:ERROR:chrome\updater\crash_client.cc:116] Failed to fetch completed crash reports: 3
[26388:12592:1003/094215.788:ERROR:chrome\updater\crash_client.cc:132] Failed to fetch pending crash reports: 3
[26388:12592:1003/094215.788:VERBOSE2:chrome\updater\usage_stats_permissions_win.cc:77] usage stats enabled by app {8a69d345-d564-463c-aff1-a69d9e530f96}
[26388:12592:1003/094215.788:ERROR:third_party\crashpad\crashpad\util\file\file_io_win.cc:181] CreateFile C:\Program Files (x86)\Google\GoogleUpdater\142.0.7416.0\Crashpad\settings.dat: Access is denied. (0x5)
[26388:12592:1003/094215.788:ERROR:third_party\crashpad\crashpad\util\file\file_io_win.cc:181] CreateFile C:\Program Files (x86)\Google\GoogleUpdater\142.0.7416.0\Crashpad\settings.dat: Access is denied. (0x5)
[26388:12592:1003/094215.788:VERBOSE1:chrome\updater\updater.cc:97] Crash reporting initialized.
[26388:12592:1003/094215.790:VERBOSE1:chrome\updater\updater.cc:147] IsUserAdmin: 0, IsUserNonElevatedAdmin: 0, IsUACOn: 1, IsElevatedWithUACOn: 0, LUA: 1
[26388:19304:1003/094215.798:VERBOSE1:chrome\updater\app\app_wakeall.cc:57] Launching `"C:\Program Files (x86)\Google\GoogleUpdater\142.0.7416.0\updater.exe" --wake --system`
[27572:30404:1003/094215.855:VERBOSE1:chrome\updater\updater.cc:411] Version: 142.0.7416.0, opt, x86_64, command line: "C:\Program Files (x86)\Google\GoogleUpdater\142.0.7416.0\updater.exe" --wake --system
[27572:30404:1003/094215.855:VERBOSE1:chrome\updater\updater.cc:414] OS version: 10.0.26100.6584, System uptime (seconds): 762077, parent pid: 26388
[27572:30404:1003/094215.855:VERBOSE1:chrome\updater\updater.cc:325] available: 18378872K, total: 35422432K
[5180:18484:1003/094215.925:VERBOSE1:chrome\updater\updater.cc:411] Version: 142.0.7416.0, opt, x86_64, command line: "C:\Program Files (x86)\Google\GoogleUpdater\142.0.7416.0\updater.exe" --crash-handler --system "--database=C:\Program Files (x86)\Google\GoogleUpdater\142.0.7416.0\Crashpad" --url=https://clients2.google.com/cr/report --annotation=prod=Update4 --annotation=ver=142.0.7416.0 "--attachment=C:\Program Files (x86)\Google\GoogleUpdater\updater.log" --initial-client-data=0x26c,0x270,0x274,0x248,0x278,0x7ff7d2247cc4,0x7ff7d2247cd0,0x7ff7d2247ce0
[5180:18484:1003/094215.925:VERBOSE1:chrome\updater\updater.cc:414] OS version: 10.0.26100.6584, System uptime (seconds): 762077, parent pid: 27572
[5180:18484:1003/094215.925:VERBOSE1:chrome\updater\updater.cc:325] available: 18375040K, total: 35422432K
[27572:30404:1003/094215.925:VERBOSE1:chrome\updater\crash_reporter.cc:120] Crash handler launched and ready.
[27572:30404:1003/094215.925:ERROR:chrome\updater\crash_client.cc:116] Failed to fetch completed crash reports: 3
[27572:30404:1003/094215.925:ERROR:chrome\updater\crash_client.cc:132] Failed to fetch pending crash reports: 3
[27572:30404:1003/094215.925:VERBOSE2:chrome\updater\usage_stats_permissions_win.cc:77] usage stats enabled by app {8a69d345-d564-463c-aff1-a69d9e530f96}
[27572:30404:1003/094215.925:ERROR:third_party\crashpad\crashpad\util\file\file_io_win.cc:181] CreateFile C:\Program Files (x86)\Google\GoogleUpdater\142.0.7416.0\Crashpad\settings.dat: Access is denied. (0x5)
[27572:30404:1003/094215.925:ERROR:third_party\crashpad\crashpad\util\file\file_io_win.cc:181] CreateFile C:\Program Files (x86)\Google\GoogleUpdater\142.0.7416.0\Crashpad\settings.dat: Access is denied. (0x5)
[27572:30404:1003/094215.925:VERBOSE1:chrome\updater\updater.cc:97] Crash reporting initialized.
[27572:30404:1003/094215.925:VERBOSE1:chrome\updater\updater.cc:147] IsUserAdmin: 0, IsUserNonElevatedAdmin: 0, IsUACOn: 1, IsElevatedWithUACOn: 0, LUA: 1
[27572:30404:1003/094215.941:VERBOSE1:chrome\updater\ipc\update_service_internal_proxy_win.cc:156] Run
[27572:14152:1003/094219.724:VERBOSE2:chrome\updater\ipc\update_service_internal_proxy_win.cc:65] Run result 0.
[27572:30404:1003/094219.724:VERBOSE1:chrome\updater\ipc\update_service_internal_proxy_win.cc:148] ~UpdateServiceInternalProxyImpl
[27572:37604:1003/094219.724:VERBOSE2:chrome\updater\ipc\proxy_impl_base_win.h:58] ~ProxyImplBase
[27572:30404:1003/094219.724:VERBOSE1:chrome\updater\updater.cc:423] UpdaterMain (--wake) returned 0.
[26388:19304:1003/094219.730:VERBOSE1:chrome\updater\app\app_wakeall.cc:67] `"C:\Program Files (x86)\Google\GoogleUpdater\142.0.7416.0\updater.exe" --wake --system` exited 0
[26388:12592:1003/094219.730:VERBOSE1:chrome\updater\updater.cc:423] UpdaterMain (--wake-all) returned 0.
[5180:18484:1003/094219.730:VERBOSE1:chrome\updater\updater.cc:423] UpdaterMain (--crash-handler) returned 0.
[30340:26796:1003/094219.738:VERBOSE1:chrome\updater\updater.cc:423] UpdaterMain (--crash-handler) returned 0.
[1412:1564:1003/144222.212:VERBOSE1:chrome\updater\updater.cc:411] Version: 142.0.7416.0, opt, x86_64, command line: "C:\Program Files (x86)\Google\GoogleUpdater\142.0.7416.0\updater.exe" --wake-all --system
[1412:1564:1003/144222.212:VERBOSE1:chrome\updater\updater.cc:414] OS version: 10.0.26100.6584, System uptime (seconds): 780081, parent pid: 9860
[1412:1564:1003/144222.212:VERBOSE1:chrome\updater\updater.cc:325] available: 18277312K, total: 35422432K
[37088:33480:1003/144222.321:VERBOSE1:chrome\updater\updater.cc:411] Version: 142.0.7416.0, opt, x86_64, command line: "C:\Program Files (x86)\Google\GoogleUpdater\142.0.7416.0\updater.exe" --crash-handler --system "--database=C:\Program Files (x86)\Google\GoogleUpdater\142.0.7416.0\Crashpad" --url=https://clients2.google.com/cr/report --annotation=prod=Update4 --annotation=ver=142.0.7416.0 "--attachment=C:\Program Files (x86)\Google\GoogleUpdater\updater.log" --initial-client-data=0x26c,0x270,0x274,0x248,0x278,0x7ff7d2247cc4,0x7ff7d2247cd0,0x7ff7d2247ce0
[37088:33480:1003/144222.321:VERBOSE1:chrome\updater\updater.cc:414] OS version: 10.0.26100.6584, System uptime (seconds): 780081, parent pid: 1412
[37088:33480:1003/144222.321:VERBOSE1:chrome\updater\updater.cc:325] available: 18273328K, total: 35422432K
[1412:1564:1003/144222.321:VERBOSE1:chrome\updater\crash_reporter.cc:120] Crash handler launched and ready.
[1412:1564:1003/144222.331:ERROR:chrome\updater\crash_client.cc:116] Failed to fetch completed crash reports: 3
[1412:1564:1003/144222.331:ERROR:chrome\updater\crash_client.cc:132] Failed to fetch pending crash reports: 3
[1412:1564:1003/144222.331:VERBOSE2:chrome\updater\usage_stats_permissions_win.cc:77] usage stats enabled by app {8a69d345-d564-463c-aff1-a69d9e530f96}
[1412:1564:1003/144222.331:ERROR:third_party\crashpad\crashpad\util\file\file_io_win.cc:181] CreateFile C:\Program Files (x86)\Google\GoogleUpdater\142.0.7416.0\Crashpad\settings.dat: Access is denied. (0x5)
[1412:1564:1003/144222.331:ERROR:third_party\crashpad\crashpad\util\file\file_io_win.cc:181] CreateFile C:\Program Files (x86)\Google\GoogleUpdater\142.0.7416.0\Crashpad\settings.dat: Access is denied. (0x5)
[1412:1564:1003/144222.331:VERBOSE1:chrome\updater\updater.cc:97] Crash reporting initialized.
[1412:1564:1003/144222.333:VERBOSE1:chrome\updater\updater.cc:147] IsUserAdmin: 0, IsUserNonElevatedAdmin: 0, IsUACOn: 1, IsElevatedWithUACOn: 0, LUA: 1
[1412:30320:1003/144222.339:VERBOSE1:chrome\updater\app\app_wakeall.cc:57] Launching `"C:\Program Files (x86)\Google\GoogleUpdater\142.0.7416.0\updater.exe" --wake --system`
[36672:27640:1003/144222.398:VERBOSE1:chrome\updater\updater.cc:411] Version: 142.0.7416.0, opt, x86_64, command line: "C:\Program Files (x86)\Google\GoogleUpdater\142.0.7416.0\updater.exe" --wake --system
[36672:27640:1003/144222.398:VERBOSE1:chrome\updater\updater.cc:414] OS version: 10.0.26100.6584, System uptime (seconds): 780081, parent pid: 1412
[36672:27640:1003/144222.398:VERBOSE1:chrome\updater\updater.cc:325] available: 18269888K, total: 35422432K
[22804:35528:1003/144222.456:VERBOSE1:chrome\updater\updater.cc:411] Version: 142.0.7416.0, opt, x86_64, command line: "C:\Program Files (x86)\Google\GoogleUpdater\142.0.7416.0\updater.exe" --crash-handler --system "--database=C:\Program Files (x86)\Google\GoogleUpdater\142.0.7416.0\Crashpad" --url=https://clients2.google.com/cr/report --annotation=prod=Update4 --annotation=ver=142.0.7416.0 "--attachment=C:\Program Files (x86)\Google\GoogleUpdater\updater.log" --initial-client-data=0x274,0x278,0x27c,0x250,0x280,0x7ff7d2247cc4,0x7ff7d2247cd0,0x7ff7d2247ce0
[22804:35528:1003/144222.456:VERBOSE1:chrome\updater\updater.cc:414] OS version: 10.0.26100.6584, System uptime (seconds): 780081, parent pid: 36672
[22804:35528:1003/144222.456:VERBOSE1:chrome\updater\updater.cc:325] available: 18268860K, total: 35422432K
[36672:27640:1003/144222.462:VERBOSE1:chrome\updater\crash_reporter.cc:120] Crash handler launched and ready.
[36672:27640:1003/144222.463:ERROR:chrome\updater\crash_client.cc:116] Failed to fetch completed crash reports: 3
[36672:27640:1003/144222.463:ERROR:chrome\updater\crash_client.cc:132] Failed to fetch pending crash reports: 3
[36672:27640:1003/144222.464:VERBOSE2:chrome\updater\usage_stats_permissions_win.cc:77] usage stats enabled by app {8a69d345-d564-463c-aff1-a69d9e530f96}
[36672:27640:1003/144222.464:ERROR:third_party\crashpad\crashpad\util\file\file_io_win.cc:181] CreateFile C:\Program Files (x86)\Google\GoogleUpdater\142.0.7416.0\Crashpad\settings.dat: Access is denied. (0x5)
[36672:27640:1003/144222.465:ERROR:third_party\crashpad\crashpad\util\file\file_io_win.cc:181] CreateFile C:\Program Files (x86)\Google\GoogleUpdater\142.0.7416.0\Crashpad\settings.dat: Access is denied. (0x5)
[36672:27640:1003/144222.465:VERBOSE1:chrome\updater\updater.cc:97] Crash reporting initialized.
[36672:27640:1003/144222.467:VERBOSE1:chrome\updater\updater.cc:147] IsUserAdmin: 0, IsUserNonElevatedAdmin: 0, IsUACOn: 1, IsElevatedWithUACOn: 0, LUA: 1
[36672:27640:1003/144222.475:VERBOSE1:chrome\updater\ipc\update_service_internal_proxy_win.cc:156] Run
[36672:39360:1003/144227.539:VERBOSE2:chrome\updater\ipc\update_service_internal_proxy_win.cc:65] Run result 0.
[36672:27640:1003/144227.539:VERBOSE1:chrome\updater\ipc\update_service_internal_proxy_win.cc:148] ~UpdateServiceInternalProxyImpl
[36672:8208:1003/144227.539:VERBOSE2:chrome\updater\ipc\proxy_impl_base_win.h:58] ~ProxyImplBase
[36672:27640:1003/144227.539:VERBOSE1:chrome\updater\updater.cc:423] UpdaterMain (--wake) returned 0.
[1412:30320:1003/144227.539:VERBOSE1:chrome\updater\app\app_wakeall.cc:67] `"C:\Program Files (x86)\Google\GoogleUpdater\142.0.7416.0\updater.exe" --wake --system` exited 0
[1412:1564:1003/144227.555:VERBOSE1:chrome\updater\updater.cc:423] UpdaterMain (--wake-all) returned 0.
[22804:35528:1003/144227.555:VERBOSE1:chrome\updater\updater.cc:423] UpdaterMain (--crash-handler) returned 0.
[37088:33480:1003/144227.563:VERBOSE1:chrome\updater\updater.cc:423] UpdaterMain (--crash-handler) returned 0.
[20844:33468:1003/194227.893:VERBOSE1:chrome\updater\updater.cc:411] Version: 142.0.7416.0, opt, x86_64, command line: "C:\Program Files (x86)\Google\GoogleUpdater\142.0.7416.0\updater.exe" --wake-all --system
[20844:33468:1003/194227.893:VERBOSE1:chrome\updater\updater.cc:414] OS version: 10.0.26100.6584, System uptime (seconds): 798087, parent pid: 9860
[20844:33468:1003/194227.893:VERBOSE1:chrome\updater\updater.cc:325] available: 18330116K, total: 35422432K
[31648:11716:1003/194227.945:VERBOSE1:chrome\updater\updater.cc:411] Version: 142.0.7416.0, opt, x86_64, command line: "C:\Program Files (x86)\Google\GoogleUpdater\142.0.7416.0\updater.exe" --crash-handler --system "--database=C:\Program Files (x86)\Google\GoogleUpdater\142.0.7416.0\Crashpad" --url=https://clients2.google.com/cr/report --annotation=prod=Update4 --annotation=ver=142.0.7416.0 "--attachment=C:\Program Files (x86)\Google\GoogleUpdater\updater.log" --initial-client-data=0x26c,0x270,0x274,0x248,0x278,0x7ff7d2247cc4,0x7ff7d2247cd0,0x7ff7d2247ce0
[31648:11716:1003/194227.945:VERBOSE1:chrome\updater\updater.cc:414] OS version: 10.0.26100.6584, System uptime (seconds): 798087, parent pid: 20844
[31648:11716:1003/194227.945:VERBOSE1:chrome\updater\updater.cc:325] available: 18328056K, total: 35422432K
[20844:33468:1003/194227.945:VERBOSE1:chrome\updater\crash_reporter.cc:120] Crash handler launched and ready.
[20844:33468:1003/194227.961:ERROR:chrome\updater\crash_client.cc:116] Failed to fetch completed crash reports: 3
[20844:33468:1003/194227.961:ERROR:chrome\updater\crash_client.cc:132] Failed to fetch pending crash reports: 3
[20844:33468:1003/194227.961:VERBOSE2:chrome\updater\usage_stats_permissions_win.cc:77] usage stats enabled by app {8a69d345-d564-463c-aff1-a69d9e530f96}
[20844:33468:1003/194227.961:ERROR:third_party\crashpad\crashpad\util\file\file_io_win.cc:181] CreateFile C:\Program Files (x86)\Google\GoogleUpdater\142.0.7416.0\Crashpad\settings.dat: Access is denied. (0x5)
[20844:33468:1003/194227.961:ERROR:third_party\crashpad\crashpad\util\file\file_io_win.cc:181] CreateFile C:\Program Files (x86)\Google\GoogleUpdater\142.0.7416.0\Crashpad\settings.dat: Access is denied. (0x5)
[20844:33468:1003/194227.961:VERBOSE1:chrome\updater\updater.cc:97] Crash reporting initialized.
[20844:33468:1003/194227.961:VERBOSE1:chrome\updater\updater.cc:147] IsUserAdmin: 0, IsUserNonElevatedAdmin: 0, IsUACOn: 1, IsElevatedWithUACOn: 0, LUA: 1
[20844:17456:1003/194227.961:VERBOSE1:chrome\updater\app\app_wakeall.cc:57] Launching `"C:\Program Files (x86)\Google\GoogleUpdater\142.0.7416.0\updater.exe" --wake --system`
[22336:27132:1003/194228.024:VERBOSE1:chrome\updater\updater.cc:411] Version: 142.0.7416.0, opt, x86_64, command line: "C:\Program Files (x86)\Google\GoogleUpdater\142.0.7416.0\updater.exe" --wake --system
[22336:27132:1003/194228.024:VERBOSE1:chrome\updater\updater.cc:414] OS version: 10.0.26100.6584, System uptime (seconds): 798087, parent pid: 20844
[22336:27132:1003/194228.024:VERBOSE1:chrome\updater\updater.cc:325] available: 18322184K, total: 35422432K
[1444:38976:1003/194228.086:VERBOSE1:chrome\updater\updater.cc:411] Version: 142.0.7416.0, opt, x86_64, command line: "C:\Program Files (x86)\Google\GoogleUpdater\142.0.7416.0\updater.exe" --crash-handler --system "--database=C:\Program Files (x86)\Google\GoogleUpdater\142.0.7416.0\Crashpad" --url=https://clients2.google.com/cr/report --annotation=prod=Update4 --annotation=ver=142.0.7416.0 "--attachment=C:\Program Files (x86)\Google\GoogleUpdater\updater.log" --initial-client-data=0x270,0x274,0x278,0x24c,0x27c,0x7ff7d2247cc4,0x7ff7d2247cd0,0x7ff7d2247ce0
[1444:38976:1003/194228.086:VERBOSE1:chrome\updater\updater.cc:414] OS version: 10.0.26100.6584, System uptime (seconds): 798087, parent pid: 22336
[1444:38976:1003/194228.086:VERBOSE1:chrome\updater\updater.cc:325] available: 18319252K, total: 35422432K
[22336:27132:1003/194228.086:VERBOSE1:chrome\updater\crash_reporter.cc:120] Crash handler launched and ready.
[22336:27132:1003/194228.086:ERROR:chrome\updater\crash_client.cc:116] Failed to fetch completed crash reports: 3
[22336:27132:1003/194228.086:ERROR:chrome\updater\crash_client.cc:132] Failed to fetch pending crash reports: 3
[22336:27132:1003/194228.086:VERBOSE2:chrome\updater\usage_stats_permissions_win.cc:77] usage stats enabled by app {8a69d345-d564-463c-aff1-a69d9e530f96}
[22336:27132:1003/194228.086:ERROR:third_party\crashpad\crashpad\util\file\file_io_win.cc:181] CreateFile C:\Program Files (x86)\Google\GoogleUpdater\142.0.7416.0\Crashpad\settings.dat: Access is denied. (0x5)
[22336:27132:1003/194228.086:ERROR:third_party\crashpad\crashpad\util\file\file_io_win.cc:181] CreateFile C:\Program Files (x86)\Google\GoogleUpdater\142.0.7416.0\Crashpad\settings.dat: Access is denied. (0x5)
[22336:27132:1003/194228.086:VERBOSE1:chrome\updater\updater.cc:97] Crash reporting initialized.
[22336:27132:1003/194228.102:VERBOSE1:chrome\updater\updater.cc:147] IsUserAdmin: 0, IsUserNonElevatedAdmin: 0, IsUACOn: 1, IsElevatedWithUACOn: 0, LUA: 1
[22336:27132:1003/194228.136:VERBOSE1:chrome\updater\ipc\update_service_internal_proxy_win.cc:156] Run
[22336:5700:1003/194232.589:VERBOSE2:chrome\updater\ipc\update_service_internal_proxy_win.cc:65] Run result 0.
[22336:27132:1003/194232.589:VERBOSE1:chrome\updater\ipc\update_service_internal_proxy_win.cc:148] ~UpdateServiceInternalProxyImpl
[22336:40284:1003/194232.589:VERBOSE2:chrome\updater\ipc\proxy_impl_base_win.h:58] ~ProxyImplBase
[22336:27132:1003/194232.589:VERBOSE1:chrome\updater\updater.cc:423] UpdaterMain (--wake) returned 0.
[20844:17456:1003/194232.597:VERBOSE1:chrome\updater\app\app_wakeall.cc:67] `"C:\Program Files (x86)\Google\GoogleUpdater\142.0.7416.0\updater.exe" --wake --system` exited 0
[20844:33468:1003/194232.599:VERBOSE1:chrome\updater\updater.cc:423] UpdaterMain (--wake-all) returned 0.
[1444:38976:1003/194232.600:VERBOSE1:chrome\updater\updater.cc:423] UpdaterMain (--crash-handler) returned 0.
[31648:11716:1003/194232.604:VERBOSE1:chrome\updater\updater.cc:423] UpdaterMain (--crash-handler) returned 0.
[37080:37220:1004/004232.930:VERBOSE1:chrome\updater\updater.cc:411] Version: 142.0.7416.0, opt, x86_64, command line: "C:\Program Files (x86)\Google\GoogleUpdater\142.0.7416.0\updater.exe" --wake-all --system
[37080:37220:1004/004232.930:VERBOSE1:chrome\updater\updater.cc:414] OS version: 10.0.26100.6584, System uptime (seconds): 816092, parent pid: 9860
[37080:37220:1004/004232.930:VERBOSE1:chrome\updater\updater.cc:325] available: 18226936K, total: 35422432K
[19680:11060:1004/004232.992:VERBOSE1:chrome\updater\updater.cc:411] Version: 142.0.7416.0, opt, x86_64, command line: "C:\Program Files (x86)\Google\GoogleUpdater\142.0.7416.0\updater.exe" --crash-handler --system "--database=C:\Program Files (x86)\Google\GoogleUpdater\142.0.7416.0\Crashpad" --url=https://clients2.google.com/cr/report --annotation=prod=Update4 --annotation=ver=142.0.7416.0 "--attachment=C:\Program Files (x86)\Google\GoogleUpdater\updater.log" --initial-client-data=0x270,0x274,0x278,0x24c,0x27c,0x7ff7d2247cc4,0x7ff7d2247cd0,0x7ff7d2247ce0
[19680:11060:1004/004232.992:VERBOSE1:chrome\updater\updater.cc:414] OS version: 10.0.26100.6584, System uptime (seconds): 816092, parent pid: 37080
[19680:11060:1004/004232.992:VERBOSE1:chrome\updater\updater.cc:325] available: 18224292K, total: 35422432K
[37080:37220:1004/004232.992:VERBOSE1:chrome\updater\crash_reporter.cc:120] Crash handler launched and ready.
[37080:37220:1004/004232.992:ERROR:chrome\updater\crash_client.cc:116] Failed to fetch completed crash reports: 3
[37080:37220:1004/004232.992:ERROR:chrome\updater\crash_client.cc:132] Failed to fetch pending crash reports: 3
[37080:37220:1004/004232.992:VERBOSE2:chrome\updater\usage_stats_permissions_win.cc:77] usage stats enabled by app {8a69d345-d564-463c-aff1-a69d9e530f96}
[37080:37220:1004/004232.992:ERROR:third_party\crashpad\crashpad\util\file\file_io_win.cc:181] CreateFile C:\Program Files (x86)\Google\GoogleUpdater\142.0.7416.0\Crashpad\settings.dat: Access is denied. (0x5)
[37080:37220:1004/004232.992:ERROR:third_party\crashpad\crashpad\util\file\file_io_win.cc:181] CreateFile C:\Program Files (x86)\Google\GoogleUpdater\142.0.7416.0\Crashpad\settings.dat: Access is denied. (0x5)
[37080:37220:1004/004232.992:VERBOSE1:chrome\updater\updater.cc:97] Crash reporting initialized.
[37080:37220:1004/004232.992:VERBOSE1:chrome\updater\updater.cc:147] IsUserAdmin: 0, IsUserNonElevatedAdmin: 0, IsUACOn: 1, IsElevatedWithUACOn: 0, LUA: 1
[37080:33000:1004/004232.992:VERBOSE1:chrome\updater\app\app_wakeall.cc:57] Launching `"C:\Program Files (x86)\Google\GoogleUpdater\142.0.7416.0\updater.exe" --wake --system`
[29672:16992:1004/004233.055:VERBOSE1:chrome\updater\updater.cc:411] Version: 142.0.7416.0, opt, x86_64, command line: "C:\Program Files (x86)\Google\GoogleUpdater\142.0.7416.0\updater.exe" --wake --system
[29672:16992:1004/004233.055:VERBOSE1:chrome\updater\updater.cc:414] OS version: 10.0.26100.6584, System uptime (seconds): 816092, parent pid: 37080
[29672:16992:1004/004233.055:VERBOSE1:chrome\updater\updater.cc:325] available: 18219348K, total: 35422432K
[5060:10744:1004/004233.117:VERBOSE1:chrome\updater\updater.cc:411] Version: 142.0.7416.0, opt, x86_64, command line: "C:\Program Files (x86)\Google\GoogleUpdater\142.0.7416.0\updater.exe" --crash-handler --system "--database=C:\Program Files (x86)\Google\GoogleUpdater\142.0.7416.0\Crashpad" --url=https://clients2.google.com/cr/report --annotation=prod=Update4 --annotation=ver=142.0.7416.0 "--attachment=C:\Program Files (x86)\Google\GoogleUpdater\updater.log" --initial-client-data=0x274,0x278,0x27c,0x250,0x280,0x7ff7d2247cc4,0x7ff7d2247cd0,0x7ff7d2247ce0
[5060:10744:1004/004233.117:VERBOSE1:chrome\updater\updater.cc:414] OS version: 10.0.26100.6584, System uptime (seconds): 816092, parent pid: 29672
[5060:10744:1004/004233.117:VERBOSE1:chrome\updater\updater.cc:325] available: 18221372K, total: 35422432K
[29672:16992:1004/004233.117:VERBOSE1:chrome\updater\crash_reporter.cc:120] Crash handler launched and ready.
[29672:16992:1004/004233.117:ERROR:chrome\updater\crash_client.cc:116] Failed to fetch completed crash reports: 3
[29672:16992:1004/004233.117:ERROR:chrome\updater\crash_client.cc:132] Failed to fetch pending crash reports: 3
[29672:16992:1004/004233.117:VERBOSE2:chrome\updater\usage_stats_permissions_win.cc:77] usage stats enabled by app {8a69d345-d564-463c-aff1-a69d9e530f96}
[29672:16992:1004/004233.117:ERROR:third_party\crashpad\crashpad\util\file\file_io_win.cc:181] CreateFile C:\Program Files (x86)\Google\GoogleUpdater\142.0.7416.0\Crashpad\settings.dat: Access is denied. (0x5)
[29672:16992:1004/004233.117:ERROR:third_party\crashpad\crashpad\util\file\file_io_win.cc:181] CreateFile C:\Program Files (x86)\Google\GoogleUpdater\142.0.7416.0\Crashpad\settings.dat: Access is denied. (0x5)
[29672:16992:1004/004233.117:VERBOSE1:chrome\updater\updater.cc:97] Crash reporting initialized.
[29672:16992:1004/004233.117:VERBOSE1:chrome\updater\updater.cc:147] IsUserAdmin: 0, IsUserNonElevatedAdmin: 0, IsUACOn: 1, IsElevatedWithUACOn: 0, LUA: 1
[29672:16992:1004/004233.133:VERBOSE1:chrome\updater\ipc\update_service_internal_proxy_win.cc:156] Run
[29672:36420:1004/004238.039:VERBOSE2:chrome\updater\ipc\update_service_internal_proxy_win.cc:65] Run result 0.
[29672:16992:1004/004238.039:VERBOSE1:chrome\updater\ipc\update_service_internal_proxy_win.cc:148] ~UpdateServiceInternalProxyImpl
[29672:38732:1004/004238.039:VERBOSE2:chrome\updater\ipc\proxy_impl_base_win.h:58] ~ProxyImplBase
[29672:16992:1004/004238.039:VERBOSE1:chrome\updater\updater.cc:423] UpdaterMain (--wake) returned 0.
[37080:33000:1004/004238.049:VERBOSE1:chrome\updater\app\app_wakeall.cc:67] `"C:\Program Files (x86)\Google\GoogleUpdater\142.0.7416.0\updater.exe" --wake --system` exited 0
[5060:10744:1004/004238.051:VERBOSE1:chrome\updater\updater.cc:423] UpdaterMain (--crash-handler) returned 0.
[37080:37220:1004/004238.051:VERBOSE1:chrome\updater\updater.cc:423] UpdaterMain (--wake-all) returned 0.
[19680:11060:1004/004238.056:VERBOSE1:chrome\updater\updater.cc:423] UpdaterMain (--crash-handler) returned 0.
[29812:18788:1004/054238.447:VERBOSE1:chrome\updater\updater.cc:411] Version: 142.0.7416.0, opt, x86_64, command line: "C:\Program Files (x86)\Google\GoogleUpdater\142.0.7416.0\updater.exe" --wake-all --system
[29812:18788:1004/054238.447:VERBOSE1:chrome\updater\updater.cc:414] OS version: 10.0.26100.6584, System uptime (seconds): 834097, parent pid: 9860
[29812:18788:1004/054238.447:VERBOSE1:chrome\updater\updater.cc:325] available: 17694408K, total: 35422432K
[38916:39588:1004/054238.508:VERBOSE1:chrome\updater\updater.cc:411] Version: 142.0.7416.0, opt, x86_64, command line: "C:\Program Files (x86)\Google\GoogleUpdater\142.0.7416.0\updater.exe" --crash-handler --system "--database=C:\Program Files (x86)\Google\GoogleUpdater\142.0.7416.0\Crashpad" --url=https://clients2.google.com/cr/report --annotation=prod=Update4 --annotation=ver=142.0.7416.0 "--attachment=C:\Program Files (x86)\Google\GoogleUpdater\updater.log" --initial-client-data=0x26c,0x270,0x274,0x248,0x278,0x7ff7d2247cc4,0x7ff7d2247cd0,0x7ff7d2247ce0
[38916:39588:1004/054238.508:VERBOSE1:chrome\updater\updater.cc:414] OS version: 10.0.26100.6584, System uptime (seconds): 834097, parent pid: 29812
[38916:39588:1004/054238.508:VERBOSE1:chrome\updater\updater.cc:325] available: 17688940K, total: 35422432K
[29812:18788:1004/054238.508:VERBOSE1:chrome\updater\crash_reporter.cc:120] Crash handler launched and ready.
[29812:18788:1004/054238.508:ERROR:chrome\updater\crash_client.cc:116] Failed to fetch completed crash reports: 3
[29812:18788:1004/054238.508:ERROR:chrome\updater\crash_client.cc:132] Failed to fetch pending crash reports: 3
[29812:18788:1004/054238.508:VERBOSE2:chrome\updater\usage_stats_permissions_win.cc:77] usage stats enabled by app {8a69d345-d564-463c-aff1-a69d9e530f96}
[29812:18788:1004/054238.508:ERROR:third_party\crashpad\crashpad\util\file\file_io_win.cc:181] CreateFile C:\Program Files (x86)\Google\GoogleUpdater\142.0.7416.0\Crashpad\settings.dat: Access is denied. (0x5)
[29812:18788:1004/054238.522:ERROR:third_party\crashpad\crashpad\util\file\file_io_win.cc:181] CreateFile C:\Program Files (x86)\Google\GoogleUpdater\142.0.7416.0\Crashpad\settings.dat: Access is denied. (0x5)
[29812:18788:1004/054238.522:VERBOSE1:chrome\updater\updater.cc:97] Crash reporting initialized.
[29812:18788:1004/054238.524:VERBOSE1:chrome\updater\updater.cc:147] IsUserAdmin: 0, IsUserNonElevatedAdmin: 0, IsUACOn: 1, IsElevatedWithUACOn: 0, LUA: 1
[29812:37168:1004/054238.524:VERBOSE1:chrome\updater\app\app_wakeall.cc:57] Launching `"C:\Program Files (x86)\Google\GoogleUpdater\142.0.7416.0\updater.exe" --wake --system`
[10516:1500:1004/054238.586:VERBOSE1:chrome\updater\updater.cc:411] Version: 142.0.7416.0, opt, x86_64, command line: "C:\Program Files (x86)\Google\GoogleUpdater\142.0.7416.0\updater.exe" --wake --system
[10516:1500:1004/054238.586:VERBOSE1:chrome\updater\updater.cc:414] OS version: 10.0.26100.6584, System uptime (seconds): 834098, parent pid: 29812
[10516:1500:1004/054238.586:VERBOSE1:chrome\updater\updater.cc:325] available: 17682264K, total: 35422432K
[27328:36972:1004/054238.649:VERBOSE1:chrome\updater\updater.cc:411] Version: 142.0.7416.0, opt, x86_64, command line: "C:\Program Files (x86)\Google\GoogleUpdater\142.0.7416.0\updater.exe" --crash-handler --system "--database=C:\Program Files (x86)\Google\GoogleUpdater\142.0.7416.0\Crashpad" --url=https://clients2.google.com/cr/report --annotation=prod=Update4 --annotation=ver=142.0.7416.0 "--attachment=C:\Program Files (x86)\Google\GoogleUpdater\updater.log" --initial-client-data=0x26c,0x270,0x274,0x248,0x278,0x7ff7d2247cc4,0x7ff7d2247cd0,0x7ff7d2247ce0
[27328:36972:1004/054238.649:VERBOSE1:chrome\updater\updater.cc:414] OS version: 10.0.26100.6584, System uptime (seconds): 834098, parent pid: 10516
[27328:36972:1004/054238.649:VERBOSE1:chrome\updater\updater.cc:325] available: 17680124K, total: 35422432K
[10516:1500:1004/054238.649:VERBOSE1:chrome\updater\crash_reporter.cc:120] Crash handler launched and ready.
[10516:1500:1004/054238.649:ERROR:chrome\updater\crash_client.cc:116] Failed to fetch completed crash reports: 3
[10516:1500:1004/054238.649:ERROR:chrome\updater\crash_client.cc:132] Failed to fetch pending crash reports: 3
[10516:1500:1004/054238.649:VERBOSE2:chrome\updater\usage_stats_permissions_win.cc:77] usage stats enabled by app {8a69d345-d564-463c-aff1-a69d9e530f96}
[10516:1500:1004/054238.649:ERROR:third_party\crashpad\crashpad\util\file\file_io_win.cc:181] CreateFile C:\Program Files (x86)\Google\GoogleUpdater\142.0.7416.0\Crashpad\settings.dat: Access is denied. (0x5)
[10516:1500:1004/054238.649:ERROR:third_party\crashpad\crashpad\util\file\file_io_win.cc:181] CreateFile C:\Program Files (x86)\Google\GoogleUpdater\142.0.7416.0\Crashpad\settings.dat: Access is denied. (0x5)
[10516:1500:1004/054238.649:VERBOSE1:chrome\updater\updater.cc:97] Crash reporting initialized.
[10516:1500:1004/054238.660:VERBOSE1:chrome\updater\updater.cc:147] IsUserAdmin: 0, IsUserNonElevatedAdmin: 0, IsUACOn: 1, IsElevatedWithUACOn: 0, LUA: 1
[10516:1500:1004/054238.665:VERBOSE1:chrome\updater\ipc\update_service_internal_proxy_win.cc:156] Run
[10516:13416:1004/054242.993:VERBOSE2:chrome\updater\ipc\update_service_internal_proxy_win.cc:65] Run result 0.
[10516:1500:1004/054242.993:VERBOSE1:chrome\updater\ipc\update_service_internal_proxy_win.cc:148] ~UpdateServiceInternalProxyImpl
[10516:22212:1004/054242.993:VERBOSE2:chrome\updater\ipc\proxy_impl_base_win.h:58] ~ProxyImplBase
[10516:1500:1004/054242.993:VERBOSE1:chrome\updater\updater.cc:423] UpdaterMain (--wake) returned 0.
[29812:37168:1004/054242.993:VERBOSE1:chrome\updater\app\app_wakeall.cc:67] `"C:\Program Files (x86)\Google\GoogleUpdater\142.0.7416.0\updater.exe" --wake --system` exited 0
[29812:18788:1004/054242.993:VERBOSE1:chrome\updater\updater.cc:423] UpdaterMain (--wake-all) returned 0.
[27328:36972:1004/054242.993:VERBOSE1:chrome\updater\updater.cc:423] UpdaterMain (--crash-handler) returned 0.
[38916:39588:1004/054243.009:VERBOSE1:chrome\updater\updater.cc:423] UpdaterMain (--crash-handler) returned 0.
[20928:19444:1004/104243.356:VERBOSE1:chrome\updater\updater.cc:411] Version: 142.0.7416.0, opt, x86_64, command line: "C:\Program Files (x86)\Google\GoogleUpdater\142.0.7416.0\updater.exe" --wake-all --system
[20928:19444:1004/104243.356:VERBOSE1:chrome\updater\updater.cc:414] OS version: 10.0.26100.6584, System uptime (seconds): 852102, parent pid: 9860
[20928:19444:1004/104243.356:VERBOSE1:chrome\updater\updater.cc:325] available: 17305964K, total: 35422432K
[17660:22776:1004/104243.415:VERBOSE1:chrome\updater\updater.cc:411] Version: 142.0.7416.0, opt, x86_64, command line: "C:\Program Files (x86)\Google\GoogleUpdater\142.0.7416.0\updater.exe" --crash-handler --system "--database=C:\Program Files (x86)\Google\GoogleUpdater\142.0.7416.0\Crashpad" --url=https://clients2.google.com/cr/report --annotation=prod=Update4 --annotation=ver=142.0.7416.0 "--attachment=C:\Program Files (x86)\Google\GoogleUpdater\updater.log" --initial-client-data=0x26c,0x270,0x274,0x248,0x278,0x7ff7d2247cc4,0x7ff7d2247cd0,0x7ff7d2247ce0
[17660:22776:1004/104243.415:VERBOSE1:chrome\updater\updater.cc:414] OS version: 10.0.26100.6584, System uptime (seconds): 852102, parent pid: 20928
[17660:22776:1004/104243.415:VERBOSE1:chrome\updater\updater.cc:325] available: 17304956K, total: 35422432K
[20928:19444:1004/104243.415:VERBOSE1:chrome\updater\crash_reporter.cc:120] Crash handler launched and ready.
[20928:19444:1004/104243.415:ERROR:chrome\updater\crash_client.cc:116] Failed to fetch completed crash reports: 3
[20928:19444:1004/104243.415:ERROR:chrome\updater\crash_client.cc:132] Failed to fetch pending crash reports: 3
[20928:19444:1004/104243.415:VERBOSE2:chrome\updater\usage_stats_permissions_win.cc:77] usage stats enabled by app {8a69d345-d564-463c-aff1-a69d9e530f96}
[20928:19444:1004/104243.415:ERROR:third_party\crashpad\crashpad\util\file\file_io_win.cc:181] CreateFile C:\Program Files (x86)\Google\GoogleUpdater\142.0.7416.0\Crashpad\settings.dat: Access is denied. (0x5)
[20928:19444:1004/104243.415:ERROR:third_party\crashpad\crashpad\util\file\file_io_win.cc:181] CreateFile C:\Program Files (x86)\Google\GoogleUpdater\142.0.7416.0\Crashpad\settings.dat: Access is denied. (0x5)
[20928:19444:1004/104243.415:VERBOSE1:chrome\updater\updater.cc:97] Crash reporting initialized.
[20928:19444:1004/104243.425:VERBOSE1:chrome\updater\updater.cc:147] IsUserAdmin: 0, IsUserNonElevatedAdmin: 0, IsUACOn: 1, IsElevatedWithUACOn: 0, LUA: 1
[20928:36780:1004/104243.435:VERBOSE1:chrome\updater\app\app_wakeall.cc:57] Launching `"C:\Program Files (x86)\Google\GoogleUpdater\142.0.7416.0\updater.exe" --wake --system`
[27836:39100:1004/104243.496:VERBOSE1:chrome\updater\updater.cc:411] Version: 142.0.7416.0, opt, x86_64, command line: "C:\Program Files (x86)\Google\GoogleUpdater\142.0.7416.0\updater.exe" --wake --system
[27836:39100:1004/104243.496:VERBOSE1:chrome\updater\updater.cc:414] OS version: 10.0.26100.6584, System uptime (seconds): 852102, parent pid: 20928
[27836:39100:1004/104243.496:VERBOSE1:chrome\updater\updater.cc:325] available: 17298420K, total: 35422432K
[18396:15808:1004/104243.570:VERBOSE1:chrome\updater\updater.cc:411] Version: 142.0.7416.0, opt, x86_64, command line: "C:\Program Files (x86)\Google\GoogleUpdater\142.0.7416.0\updater.exe" --crash-handler --system "--database=C:\Program Files (x86)\Google\GoogleUpdater\142.0.7416.0\Crashpad" --url=https://clients2.google.com/cr/report --annotation=prod=Update4 --annotation=ver=142.0.7416.0 "--attachment=C:\Program Files (x86)\Google\GoogleUpdater\updater.log" --initial-client-data=0x270,0x274,0x278,0xb8,0x27c,0x7ff7d2247cc4,0x7ff7d2247cd0,0x7ff7d2247ce0
[18396:15808:1004/104243.570:VERBOSE1:chrome\updater\updater.cc:414] OS version: 10.0.26100.6584, System uptime (seconds): 852103, parent pid: 27836
[18396:15808:1004/104243.570:VERBOSE1:chrome\updater\updater.cc:325] available: 17294568K, total: 35422432K
[27836:39100:1004/104243.586:VERBOSE1:chrome\updater\crash_reporter.cc:120] Crash handler launched and ready.
[27836:39100:1004/104243.586:ERROR:chrome\updater\crash_client.cc:116] Failed to fetch completed crash reports: 3
[27836:39100:1004/104243.586:ERROR:chrome\updater\crash_client.cc:132] Failed to fetch pending crash reports: 3
[27836:39100:1004/104243.588:VERBOSE2:chrome\updater\usage_stats_permissions_win.cc:77] usage stats enabled by app {8a69d345-d564-463c-aff1-a69d9e530f96}
[27836:39100:1004/104243.588:ERROR:third_party\crashpad\crashpad\util\file\file_io_win.cc:181] CreateFile C:\Program Files (x86)\Google\GoogleUpdater\142.0.7416.0\Crashpad\settings.dat: Access is denied. (0x5)
[27836:39100:1004/104243.588:ERROR:third_party\crashpad\crashpad\util\file\file_io_win.cc:181] CreateFile C:\Program Files (x86)\Google\GoogleUpdater\142.0.7416.0\Crashpad\settings.dat: Access is denied. (0x5)
[27836:39100:1004/104243.588:VERBOSE1:chrome\updater\updater.cc:97] Crash reporting initialized.
[27836:39100:1004/104243.592:VERBOSE1:chrome\updater\updater.cc:147] IsUserAdmin: 0, IsUserNonElevatedAdmin: 0, IsUACOn: 1, IsElevatedWithUACOn: 0, LUA: 1
[27836:39100:1004/104243.597:VERBOSE1:chrome\updater\ipc\update_service_internal_proxy_win.cc:156] Run
[27836:21868:1004/104248.446:VERBOSE2:chrome\updater\ipc\update_service_internal_proxy_win.cc:65] Run result 0.
[27836:39100:1004/104248.446:VERBOSE1:chrome\updater\ipc\update_service_internal_proxy_win.cc:148] ~UpdateServiceInternalProxyImpl
[27836:29088:1004/104248.446:VERBOSE2:chrome\updater\ipc\proxy_impl_base_win.h:58] ~ProxyImplBase
[27836:39100:1004/104248.446:VERBOSE1:chrome\updater\updater.cc:423] UpdaterMain (--wake) returned 0.
[20928:36780:1004/104248.456:VERBOSE1:chrome\updater\app\app_wakeall.cc:67] `"C:\Program Files (x86)\Google\GoogleUpdater\142.0.7416.0\updater.exe" --wake --system` exited 0
[20928:19444:1004/104248.457:VERBOSE1:chrome\updater\updater.cc:423] UpdaterMain (--wake-all) returned 0.
[18396:15808:1004/104248.458:VERBOSE1:chrome\updater\updater.cc:423] UpdaterMain (--crash-handler) returned 0.
[17660:22776:1004/104248.464:VERBOSE1:chrome\updater\updater.cc:423] UpdaterMain (--crash-handler) returned 0.
[22020:22236:1004/154250.933:VERBOSE1:chrome\updater\updater.cc:411] Version: 142.0.7416.0, opt, x86_64, command line: "C:\Program Files (x86)\Google\GoogleUpdater\142.0.7416.0\updater.exe" --wake-all --system
[22020:22236:1004/154250.933:VERBOSE1:chrome\updater\updater.cc:414] OS version: 10.0.26100.6584, System uptime (seconds): 870108, parent pid: 9860
[22020:22236:1004/154250.933:VERBOSE1:chrome\updater\updater.cc:325] available: 17295452K, total: 35422432K
[18232:35892:1004/154250.994:VERBOSE1:chrome\updater\updater.cc:411] Version: 142.0.7416.0, opt, x86_64, command line: "C:\Program Files (x86)\Google\GoogleUpdater\142.0.7416.0\updater.exe" --crash-handler --system "--database=C:\Program Files (x86)\Google\GoogleUpdater\142.0.7416.0\Crashpad" --url=https://clients2.google.com/cr/report --annotation=prod=Update4 --annotation=ver=142.0.7416.0 "--attachment=C:\Program Files (x86)\Google\GoogleUpdater\updater.log" --initial-client-data=0x26c,0x270,0x274,0x248,0x278,0x7ff7d2247cc4,0x7ff7d2247cd0,0x7ff7d2247ce0
[18232:35892:1004/154250.994:VERBOSE1:chrome\updater\updater.cc:414] OS version: 10.0.26100.6584, System uptime (seconds): 870108, parent pid: 22020
[18232:35892:1004/154250.994:VERBOSE1:chrome\updater\updater.cc:325] available: 17293604K, total: 35422432K
[22020:22236:1004/154250.994:VERBOSE1:chrome\updater\crash_reporter.cc:120] Crash handler launched and ready.
[22020:22236:1004/154250.994:ERROR:chrome\updater\crash_client.cc:116] Failed to fetch completed crash reports: 3
[22020:22236:1004/154250.994:ERROR:chrome\updater\crash_client.cc:132] Failed to fetch pending crash reports: 3
[22020:22236:1004/154250.994:VERBOSE2:chrome\updater\usage_stats_permissions_win.cc:77] usage stats enabled by app {8a69d345-d564-463c-aff1-a69d9e530f96}
[22020:22236:1004/154250.994:ERROR:third_party\crashpad\crashpad\util\file\file_io_win.cc:181] CreateFile C:\Program Files (x86)\Google\GoogleUpdater\142.0.7416.0\Crashpad\settings.dat: Access is denied. (0x5)
[22020:22236:1004/154250.994:ERROR:third_party\crashpad\crashpad\util\file\file_io_win.cc:181] CreateFile C:\Program Files (x86)\Google\GoogleUpdater\142.0.7416.0\Crashpad\settings.dat: Access is denied. (0x5)
[22020:22236:1004/154250.994:VERBOSE1:chrome\updater\updater.cc:97] Crash reporting initialized.
[22020:22236:1004/154251.010:VERBOSE1:chrome\updater\updater.cc:147] IsUserAdmin: 0, IsUserNonElevatedAdmin: 0, IsUACOn: 1, IsElevatedWithUACOn: 0, LUA: 1
[22020:11776:1004/154251.010:VERBOSE1:chrome\updater\app\app_wakeall.cc:57] Launching `"C:\Program Files (x86)\Google\GoogleUpdater\142.0.7416.0\updater.exe" --wake --system`
[34800:10728:1004/154251.072:VERBOSE1:chrome\updater\updater.cc:411] Version: 142.0.7416.0, opt, x86_64, command line: "C:\Program Files (x86)\Google\GoogleUpdater\142.0.7416.0\updater.exe" --wake --system
[34800:10728:1004/154251.072:VERBOSE1:chrome\updater\updater.cc:414] OS version: 10.0.26100.6584, System uptime (seconds): 870108, parent pid: 22020
[34800:10728:1004/154251.072:VERBOSE1:chrome\updater\updater.cc:325] available: 17289540K, total: 35422432K
[14676:25096:1004/154251.197:VERBOSE1:chrome\updater\updater.cc:411] Version: 142.0.7416.0, opt, x86_64, command line: "C:\Program Files (x86)\Google\GoogleUpdater\142.0.7416.0\updater.exe" --crash-handler --system "--database=C:\Program Files (x86)\Google\GoogleUpdater\142.0.7416.0\Crashpad" --url=https://clients2.google.com/cr/report --annotation=prod=Update4 --annotation=ver=142.0.7416.0 "--attachment=C:\Program Files (x86)\Google\GoogleUpdater\updater.log" --initial-client-data=0x270,0x274,0x278,0x24c,0x27c,0x7ff7d2247cc4,0x7ff7d2247cd0,0x7ff7d2247ce0
[14676:25096:1004/154251.197:VERBOSE1:chrome\updater\updater.cc:414] OS version: 10.0.26100.6584, System uptime (seconds): 870108, parent pid: 34800
[14676:25096:1004/154251.197:VERBOSE1:chrome\updater\updater.cc:325] available: 17284432K, total: 35422432K
[34800:10728:1004/154251.197:VERBOSE1:chrome\updater\crash_reporter.cc:120] Crash handler launched and ready.
[34800:10728:1004/154251.197:ERROR:chrome\updater\crash_client.cc:116] Failed to fetch completed crash reports: 3
[34800:10728:1004/154251.197:ERROR:chrome\updater\crash_client.cc:132] Failed to fetch pending crash reports: 3
[34800:10728:1004/154251.213:VERBOSE2:chrome\updater\usage_stats_permissions_win.cc:77] usage stats enabled by app {8a69d345-d564-463c-aff1-a69d9e530f96}
[34800:10728:1004/154251.213:ERROR:third_party\crashpad\crashpad\util\file\file_io_win.cc:181] CreateFile C:\Program Files (x86)\Google\GoogleUpdater\142.0.7416.0\Crashpad\settings.dat: Access is denied. (0x5)
[34800:10728:1004/154251.213:ERROR:third_party\crashpad\crashpad\util\file\file_io_win.cc:181] CreateFile C:\Program Files (x86)\Google\GoogleUpdater\142.0.7416.0\Crashpad\settings.dat: Access is denied. (0x5)
[34800:10728:1004/154251.213:VERBOSE1:chrome\updater\updater.cc:97] Crash reporting initialized.
[34800:10728:1004/154251.213:VERBOSE1:chrome\updater\updater.cc:147] IsUserAdmin: 0, IsUserNonElevatedAdmin: 0, IsUACOn: 1, IsElevatedWithUACOn: 0, LUA: 1
[34800:10728:1004/154251.213:VERBOSE1:chrome\updater\ipc\update_service_internal_proxy_win.cc:156] Run
[34800:32968:1004/154255.308:VERBOSE2:chrome\updater\ipc\update_service_internal_proxy_win.cc:65] Run result 0.
[34800:10728:1004/154255.308:VERBOSE1:chrome\updater\ipc\update_service_internal_proxy_win.cc:148] ~UpdateServiceInternalProxyImpl
[34800:15068:1004/154255.308:VERBOSE2:chrome\updater\ipc\proxy_impl_base_win.h:58] ~ProxyImplBase
[34800:10728:1004/154255.308:VERBOSE1:chrome\updater\updater.cc:423] UpdaterMain (--wake) returned 0.
[22020:11776:1004/154255.319:VERBOSE1:chrome\updater\app\app_wakeall.cc:67] `"C:\Program Files (x86)\Google\GoogleUpdater\142.0.7416.0\updater.exe" --wake --system` exited 0
[22020:22236:1004/154255.319:VERBOSE1:chrome\updater\updater.cc:423] UpdaterMain (--wake-all) returned 0.
[14676:25096:1004/154255.328:VERBOSE1:chrome\updater\updater.cc:423] UpdaterMain (--crash-handler) returned 0.
[18232:35892:1004/154255.328:VERBOSE1:chrome\updater\updater.cc:423] UpdaterMain (--crash-handler) returned 0.
[30148:18776:1004/204255.639:VERBOSE1:chrome\updater\updater.cc:411] Version: 142.0.7416.0, opt, x86_64, command line: "C:\Program Files (x86)\Google\GoogleUpdater\142.0.7416.0\updater.exe" --wake-all --system
[30148:18776:1004/204255.639:VERBOSE1:chrome\updater\updater.cc:414] OS version: 10.0.26100.6584, System uptime (seconds): 888112, parent pid: 9860
[30148:18776:1004/204255.639:VERBOSE1:chrome\updater\updater.cc:325] available: 17433388K, total: 35422432K
[25332:23620:1004/204255.714:VERBOSE1:chrome\updater\updater.cc:411] Version: 142.0.7416.0, opt, x86_64, command line: "C:\Program Files (x86)\Google\GoogleUpdater\142.0.7416.0\updater.exe" --crash-handler --system "--database=C:\Program Files (x86)\Google\GoogleUpdater\142.0.7416.0\Crashpad" --url=https://clients2.google.com/cr/report --annotation=prod=Update4 --annotation=ver=142.0.7416.0 "--attachment=C:\Program Files (x86)\Google\GoogleUpdater\updater.log" --initial-client-data=0x26c,0x270,0x274,0x248,0x278,0x7ff7d2247cc4,0x7ff7d2247cd0,0x7ff7d2247ce0
[25332:23620:1004/204255.714:VERBOSE1:chrome\updater\updater.cc:414] OS version: 10.0.26100.6584, System uptime (seconds): 888113, parent pid: 30148
[25332:23620:1004/204255.714:VERBOSE1:chrome\updater\updater.cc:325] available: 17431752K, total: 35422432K
[30148:18776:1004/204255.714:VERBOSE1:chrome\updater\crash_reporter.cc:120] Crash handler launched and ready.
[30148:18776:1004/204255.714:ERROR:chrome\updater\crash_client.cc:116] Failed to fetch completed crash reports: 3
[30148:18776:1004/204255.714:ERROR:chrome\updater\crash_client.cc:132] Failed to fetch pending crash reports: 3
[30148:18776:1004/204255.714:VERBOSE2:chrome\updater\usage_stats_permissions_win.cc:77] usage stats enabled by app {8a69d345-d564-463c-aff1-a69d9e530f96}
[30148:18776:1004/204255.714:ERROR:third_party\crashpad\crashpad\util\file\file_io_win.cc:181] CreateFile C:\Program Files (x86)\Google\GoogleUpdater\142.0.7416.0\Crashpad\settings.dat: Access is denied. (0x5)
[30148:18776:1004/204255.714:ERROR:third_party\crashpad\crashpad\util\file\file_io_win.cc:181] CreateFile C:\Program Files (x86)\Google\GoogleUpdater\142.0.7416.0\Crashpad\settings.dat: Access is denied. (0x5)
[30148:18776:1004/204255.714:VERBOSE1:chrome\updater\updater.cc:97] Crash reporting initialized.
[30148:18776:1004/204255.714:VERBOSE1:chrome\updater\updater.cc:147] IsUserAdmin: 0, IsUserNonElevatedAdmin: 0, IsUACOn: 1, IsElevatedWithUACOn: 0, LUA: 1
[30148:21452:1004/204255.734:VERBOSE1:chrome\updater\app\app_wakeall.cc:57] Launching `"C:\Program Files (x86)\Google\GoogleUpdater\142.0.7416.0\updater.exe" --wake --system`
[28676:7404:1004/204255.791:VERBOSE1:chrome\updater\updater.cc:411] Version: 142.0.7416.0, opt, x86_64, command line: "C:\Program Files (x86)\Google\GoogleUpdater\142.0.7416.0\updater.exe" --wake --system
[28676:7404:1004/204255.791:VERBOSE1:chrome\updater\updater.cc:414] OS version: 10.0.26100.6584, System uptime (seconds): 888113, parent pid: 30148
[28676:7404:1004/204255.791:VERBOSE1:chrome\updater\updater.cc:325] available: 17429584K, total: 35422432K
[30372:1648:1004/204255.858:VERBOSE1:chrome\updater\updater.cc:411] Version: 142.0.7416.0, opt, x86_64, command line: "C:\Program Files (x86)\Google\GoogleUpdater\142.0.7416.0\updater.exe" --crash-handler --system "--database=C:\Program Files (x86)\Google\GoogleUpdater\142.0.7416.0\Crashpad" --url=https://clients2.google.com/cr/report --annotation=prod=Update4 --annotation=ver=142.0.7416.0 "--attachment=C:\Program Files (x86)\Google\GoogleUpdater\updater.log" --initial-client-data=0x274,0x278,0x27c,0x250,0x280,0x7ff7d2247cc4,0x7ff7d2247cd0,0x7ff7d2247ce0
[30372:1648:1004/204255.858:VERBOSE1:chrome\updater\updater.cc:414] OS version: 10.0.26100.6584, System uptime (seconds): 888113, parent pid: 28676
[30372:1648:1004/204255.858:VERBOSE1:chrome\updater\updater.cc:325] available: 17423140K, total: 35422432K
[28676:7404:1004/204255.860:VERBOSE1:chrome\updater\crash_reporter.cc:120] Crash handler launched and ready.
[28676:7404:1004/204255.861:ERROR:chrome\updater\crash_client.cc:116] Failed to fetch completed crash reports: 3
[28676:7404:1004/204255.861:ERROR:chrome\updater\crash_client.cc:132] Failed to fetch pending crash reports: 3
[28676:7404:1004/204255.861:VERBOSE2:chrome\updater\usage_stats_permissions_win.cc:77] usage stats enabled by app {8a69d345-d564-463c-aff1-a69d9e530f96}
[28676:7404:1004/204255.862:ERROR:third_party\crashpad\crashpad\util\file\file_io_win.cc:181] CreateFile C:\Program Files (x86)\Google\GoogleUpdater\142.0.7416.0\Crashpad\settings.dat: Access is denied. (0x5)
[28676:7404:1004/204255.862:ERROR:third_party\crashpad\crashpad\util\file\file_io_win.cc:181] CreateFile C:\Program Files (x86)\Google\GoogleUpdater\142.0.7416.0\Crashpad\settings.dat: Access is denied. (0x5)
[28676:7404:1004/204255.863:VERBOSE1:chrome\updater\updater.cc:97] Crash reporting initialized.
[28676:7404:1004/204255.865:VERBOSE1:chrome\updater\updater.cc:147] IsUserAdmin: 0, IsUserNonElevatedAdmin: 0, IsUACOn: 1, IsElevatedWithUACOn: 0, LUA: 1
[28676:7404:1004/204255.872:VERBOSE1:chrome\updater\ipc\update_service_internal_proxy_win.cc:156] Run
[28676:31564:1004/204259.979:VERBOSE2:chrome\updater\ipc\update_service_internal_proxy_win.cc:65] Run result 0.
[28676:7404:1004/204259.979:VERBOSE1:chrome\updater\ipc\update_service_internal_proxy_win.cc:148] ~UpdateServiceInternalProxyImpl
[28676:25656:1004/204259.979:VERBOSE2:chrome\updater\ipc\proxy_impl_base_win.h:58] ~ProxyImplBase
[28676:7404:1004/204259.979:VERBOSE1:chrome\updater\updater.cc:423] UpdaterMain (--wake) returned 0.
[30148:21452:1004/204259.988:VERBOSE1:chrome\updater\app\app_wakeall.cc:67] `"C:\Program Files (x86)\Google\GoogleUpdater\142.0.7416.0\updater.exe" --wake --system` exited 0
[30148:18776:1004/204259.989:VERBOSE1:chrome\updater\updater.cc:423] UpdaterMain (--wake-all) returned 0.
[30372:1648:1004/204259.991:VERBOSE1:chrome\updater\updater.cc:423] UpdaterMain (--crash-handler) returned 0.
[25332:23620:1004/204259.995:VERBOSE1:chrome\updater\updater.cc:423] UpdaterMain (--crash-handler) returned 0.
[36536:13220:1005/014300.347:VERBOSE1:chrome\updater\updater.cc:411] Version: 142.0.7416.0, opt, x86_64, command line: "C:\Program Files (x86)\Google\GoogleUpdater\142.0.7416.0\updater.exe" --wake-all --system
[36536:13220:1005/014300.347:VERBOSE1:chrome\updater\updater.cc:414] OS version: 10.0.26100.6584, System uptime (seconds): 906117, parent pid: 9860
[36536:13220:1005/014300.347:VERBOSE1:chrome\updater\updater.cc:325] available: 17421664K, total: 35422432K
[14924:13764:1005/014300.408:VERBOSE1:chrome\updater\updater.cc:411] Version: 142.0.7416.0, opt, x86_64, command line: "C:\Program Files (x86)\Google\GoogleUpdater\142.0.7416.0\updater.exe" --crash-handler --system "--database=C:\Program Files (x86)\Google\GoogleUpdater\142.0.7416.0\Crashpad" --url=https://clients2.google.com/cr/report --annotation=prod=Update4 --annotation=ver=142.0.7416.0 "--attachment=C:\Program Files (x86)\Google\GoogleUpdater\updater.log" --initial-client-data=0x270,0x274,0x278,0x24c,0x27c,0x7ff7d2247cc4,0x7ff7d2247cd0,0x7ff7d2247ce0
[14924:13764:1005/014300.408:VERBOSE1:chrome\updater\updater.cc:414] OS version: 10.0.26100.6584, System uptime (seconds): 906117, parent pid: 36536
[14924:13764:1005/014300.408:VERBOSE1:chrome\updater\updater.cc:325] available: 17417600K, total: 35422432K
[36536:13220:1005/014300.410:VERBOSE1:chrome\updater\crash_reporter.cc:120] Crash handler launched and ready.
[36536:13220:1005/014300.412:ERROR:chrome\updater\crash_client.cc:116] Failed to fetch completed crash reports: 3
[36536:13220:1005/014300.412:ERROR:chrome\updater\crash_client.cc:132] Failed to fetch pending crash reports: 3
[36536:13220:1005/014300.412:VERBOSE2:chrome\updater\usage_stats_permissions_win.cc:77] usage stats enabled by app {8a69d345-d564-463c-aff1-a69d9e530f96}
[36536:13220:1005/014300.412:ERROR:third_party\crashpad\crashpad\util\file\file_io_win.cc:181] CreateFile C:\Program Files (x86)\Google\GoogleUpdater\142.0.7416.0\Crashpad\settings.dat: Access is denied. (0x5)
[36536:13220:1005/014300.412:ERROR:third_party\crashpad\crashpad\util\file\file_io_win.cc:181] CreateFile C:\Program Files (x86)\Google\GoogleUpdater\142.0.7416.0\Crashpad\settings.dat: Access is denied. (0x5)
[36536:13220:1005/014300.412:VERBOSE1:chrome\updater\updater.cc:97] Crash reporting initialized.
[36536:13220:1005/014300.416:VERBOSE1:chrome\updater\updater.cc:147] IsUserAdmin: 0, IsUserNonElevatedAdmin: 0, IsUACOn: 1, IsElevatedWithUACOn: 0, LUA: 1
[36536:2696:1005/014300.424:VERBOSE1:chrome\updater\app\app_wakeall.cc:57] Launching `"C:\Program Files (x86)\Google\GoogleUpdater\142.0.7416.0\updater.exe" --wake --system`
[8548:24340:1005/014300.479:VERBOSE1:chrome\updater\updater.cc:411] Version: 142.0.7416.0, opt, x86_64, command line: "C:\Program Files (x86)\Google\GoogleUpdater\142.0.7416.0\updater.exe" --wake --system
[8548:24340:1005/014300.479:VERBOSE1:chrome\updater\updater.cc:414] OS version: 10.0.26100.6584, System uptime (seconds): 906117, parent pid: 36536
[8548:24340:1005/014300.479:VERBOSE1:chrome\updater\updater.cc:325] available: 17414076K, total: 35422432K
[19868:39356:1005/014300.541:VERBOSE1:chrome\updater\updater.cc:411] Version: 142.0.7416.0, opt, x86_64, command line: "C:\Program Files (x86)\Google\GoogleUpdater\142.0.7416.0\updater.exe" --crash-handler --system "--database=C:\Program Files (x86)\Google\GoogleUpdater\142.0.7416.0\Crashpad" --url=https://clients2.google.com/cr/report --annotation=prod=Update4 --annotation=ver=142.0.7416.0 "--attachment=C:\Program Files (x86)\Google\GoogleUpdater\updater.log" --initial-client-data=0x274,0x278,0x27c,0x250,0x280,0x7ff7d2247cc4,0x7ff7d2247cd0,0x7ff7d2247ce0
[19868:39356:1005/014300.541:VERBOSE1:chrome\updater\updater.cc:414] OS version: 10.0.26100.6584, System uptime (seconds): 906117, parent pid: 8548
[19868:39356:1005/014300.541:VERBOSE1:chrome\updater\updater.cc:325] available: 17413064K, total: 35422432K
[8548:24340:1005/014300.543:VERBOSE1:chrome\updater\crash_reporter.cc:120] Crash handler launched and ready.
[8548:24340:1005/014300.544:ERROR:chrome\updater\crash_client.cc:116] Failed to fetch completed crash reports: 3
[8548:24340:1005/014300.544:ERROR:chrome\updater\crash_client.cc:132] Failed to fetch pending crash reports: 3
[8548:24340:1005/014300.545:VERBOSE2:chrome\updater\usage_stats_permissions_win.cc:77] usage stats enabled by app {8a69d345-d564-463c-aff1-a69d9e530f96}
[8548:24340:1005/014300.545:ERROR:third_party\crashpad\crashpad\util\file\file_io_win.cc:181] CreateFile C:\Program Files (x86)\Google\GoogleUpdater\142.0.7416.0\Crashpad\settings.dat: Access is denied. (0x5)
[8548:24340:1005/014300.546:ERROR:third_party\crashpad\crashpad\util\file\file_io_win.cc:181] CreateFile C:\Program Files (x86)\Google\GoogleUpdater\142.0.7416.0\Crashpad\settings.dat: Access is denied. (0x5)
[8548:24340:1005/014300.546:VERBOSE1:chrome\updater\updater.cc:97] Crash reporting initialized.
[8548:24340:1005/014300.549:VERBOSE1:chrome\updater\updater.cc:147] IsUserAdmin: 0, IsUserNonElevatedAdmin: 0, IsUACOn: 1, IsElevatedWithUACOn: 0, LUA: 1
[8548:24340:1005/014300.555:VERBOSE1:chrome\updater\ipc\update_service_internal_proxy_win.cc:156] Run
[8548:34500:1005/014306.231:VERBOSE2:chrome\updater\ipc\update_service_internal_proxy_win.cc:65] Run result 0.
[8548:24340:1005/014306.231:VERBOSE1:chrome\updater\ipc\update_service_internal_proxy_win.cc:148] ~UpdateServiceInternalProxyImpl
[8548:36184:1005/014306.231:VERBOSE2:chrome\updater\ipc\proxy_impl_base_win.h:58] ~ProxyImplBase
[8548:24340:1005/014306.231:VERBOSE1:chrome\updater\updater.cc:423] UpdaterMain (--wake) returned 0.
[36536:2696:1005/014306.241:VERBOSE1:chrome\updater\app\app_wakeall.cc:67] `"C:\Program Files (x86)\Google\GoogleUpdater\142.0.7416.0\updater.exe" --wake --system` exited 0
[36536:13220:1005/014306.241:VERBOSE1:chrome\updater\updater.cc:423] UpdaterMain (--wake-all) returned 0.
[19868:39356:1005/014306.243:VERBOSE1:chrome\updater\updater.cc:423] UpdaterMain (--crash-handler) returned 0.
[14924:13764:1005/014306.248:VERBOSE1:chrome\updater\updater.cc:423] UpdaterMain (--crash-handler) returned 0.
[11632:14672:1005/064306.603:VERBOSE1:chrome\updater\updater.cc:411] Version: 142.0.7416.0, opt, x86_64, command line: "C:\Program Files (x86)\Google\GoogleUpdater\142.0.7416.0\updater.exe" --wake-all --system
[11632:14672:1005/064306.603:VERBOSE1:chrome\updater\updater.cc:414] OS version: 10.0.26100.6584, System uptime (seconds): 924123, parent pid: 9860
[11632:14672:1005/064306.603:VERBOSE1:chrome\updater\updater.cc:325] available: 17488568K, total: 35422432K
[33772:4020:1005/064306.701:VERBOSE1:chrome\updater\updater.cc:411] Version: 142.0.7416.0, opt, x86_64, command line: "C:\Program Files (x86)\Google\GoogleUpdater\142.0.7416.0\updater.exe" --crash-handler --system "--database=C:\Program Files (x86)\Google\GoogleUpdater\142.0.7416.0\Crashpad" --url=https://clients2.google.com/cr/report --annotation=prod=Update4 --annotation=ver=142.0.7416.0 "--attachment=C:\Program Files (x86)\Google\GoogleUpdater\updater.log" --initial-client-data=0x290,0x294,0x298,0x26c,0x29c,0x7ff7d2247cc4,0x7ff7d2247cd0,0x7ff7d2247ce0
[33772:4020:1005/064306.701:VERBOSE1:chrome\updater\updater.cc:414] OS version: 10.0.26100.6584, System uptime (seconds): 924124, parent pid: 11632
[33772:4020:1005/064306.703:VERBOSE1:chrome\updater\updater.cc:325] available: 17483980K, total: 35422432K
[11632:14672:1005/064306.705:VERBOSE1:chrome\updater\crash_reporter.cc:120] Crash handler launched and ready.
[11632:14672:1005/064306.705:ERROR:chrome\updater\crash_client.cc:116] Failed to fetch completed crash reports: 3
[11632:14672:1005/064306.707:ERROR:chrome\updater\crash_client.cc:132] Failed to fetch pending crash reports: 3
[11632:14672:1005/064306.707:VERBOSE2:chrome\updater\usage_stats_permissions_win.cc:77] usage stats enabled by app {8a69d345-d564-463c-aff1-a69d9e530f96}
[11632:14672:1005/064306.707:ERROR:third_party\crashpad\crashpad\util\file\file_io_win.cc:181] CreateFile C:\Program Files (x86)\Google\GoogleUpdater\142.0.7416.0\Crashpad\settings.dat: Access is denied. (0x5)
[11632:14672:1005/064306.707:ERROR:third_party\crashpad\crashpad\util\file\file_io_win.cc:181] CreateFile C:\Program Files (x86)\Google\GoogleUpdater\142.0.7416.0\Crashpad\settings.dat: Access is denied. (0x5)
[11632:14672:1005/064306.707:VERBOSE1:chrome\updater\updater.cc:97] Crash reporting initialized.
[11632:14672:1005/064306.707:VERBOSE1:chrome\updater\updater.cc:147] IsUserAdmin: 0, IsUserNonElevatedAdmin: 0, IsUACOn: 1, IsElevatedWithUACOn: 0, LUA: 1
[11632:21104:1005/064306.718:VERBOSE1:chrome\updater\app\app_wakeall.cc:57] Launching `"C:\Program Files (x86)\Google\GoogleUpdater\142.0.7416.0\updater.exe" --wake --system`
[30232:24644:1005/064306.781:VERBOSE1:chrome\updater\updater.cc:411] Version: 142.0.7416.0, opt, x86_64, command line: "C:\Program Files (x86)\Google\GoogleUpdater\142.0.7416.0\updater.exe" --wake --system
[30232:24644:1005/064306.781:VERBOSE1:chrome\updater\updater.cc:414] OS version: 10.0.26100.6584, System uptime (seconds): 924124, parent pid: 11632
[30232:24644:1005/064306.781:VERBOSE1:chrome\updater\updater.cc:325] available: 17481896K, total: 35422432K
[17744:22632:1005/064306.914:VERBOSE1:chrome\updater\updater.cc:411] Version: 142.0.7416.0, opt, x86_64, command line: "C:\Program Files (x86)\Google\GoogleUpdater\142.0.7416.0\updater.exe" --crash-handler --system "--database=C:\Program Files (x86)\Google\GoogleUpdater\142.0.7416.0\Crashpad" --url=https://clients2.google.com/cr/report --annotation=prod=Update4 --annotation=ver=142.0.7416.0 "--attachment=C:\Program Files (x86)\Google\GoogleUpdater\updater.log" --initial-client-data=0x26c,0x270,0x274,0xa4,0x278,0x7ff7d2247cc4,0x7ff7d2247cd0,0x7ff7d2247ce0
[17744:22632:1005/064306.914:VERBOSE1:chrome\updater\updater.cc:414] OS version: 10.0.26100.6584, System uptime (seconds): 924124, parent pid: 30232
[17744:22632:1005/064306.924:VERBOSE1:chrome\updater\updater.cc:325] available: 17485044K, total: 35422432K
[30232:24644:1005/064306.924:VERBOSE1:chrome\updater\crash_reporter.cc:120] Crash handler launched and ready.
[30232:24644:1005/064306.924:ERROR:chrome\updater\crash_client.cc:116] Failed to fetch completed crash reports: 3
[30232:24644:1005/064306.924:ERROR:chrome\updater\crash_client.cc:132] Failed to fetch pending crash reports: 3
[30232:24644:1005/064306.924:VERBOSE2:chrome\updater\usage_stats_permissions_win.cc:77] usage stats enabled by app {8a69d345-d564-463c-aff1-a69d9e530f96}
[30232:24644:1005/064306.924:ERROR:third_party\crashpad\crashpad\util\file\file_io_win.cc:181] CreateFile C:\Program Files (x86)\Google\GoogleUpdater\142.0.7416.0\Crashpad\settings.dat: Access is denied. (0x5)
[30232:24644:1005/064306.924:ERROR:third_party\crashpad\crashpad\util\file\file_io_win.cc:181] CreateFile C:\Program Files (x86)\Google\GoogleUpdater\142.0.7416.0\Crashpad\settings.dat: Access is denied. (0x5)
[30232:24644:1005/064306.924:VERBOSE1:chrome\updater\updater.cc:97] Crash reporting initialized.
[30232:24644:1005/064306.930:VERBOSE1:chrome\updater\updater.cc:147] IsUserAdmin: 0, IsUserNonElevatedAdmin: 0, IsUACOn: 1, IsElevatedWithUACOn: 0, LUA: 1
[30232:24644:1005/064306.930:VERBOSE1:chrome\updater\ipc\update_service_internal_proxy_win.cc:156] Run
[30232:31712:1005/064311.576:VERBOSE2:chrome\updater\ipc\update_service_internal_proxy_win.cc:65] Run result 0.
[30232:24644:1005/064311.576:VERBOSE1:chrome\updater\ipc\update_service_internal_proxy_win.cc:148] ~UpdateServiceInternalProxyImpl
[30232:30872:1005/064311.576:VERBOSE2:chrome\updater\ipc\proxy_impl_base_win.h:58] ~ProxyImplBase
[30232:24644:1005/064311.578:VERBOSE1:chrome\updater\updater.cc:423] UpdaterMain (--wake) returned 0.
[11632:21104:1005/064311.581:VERBOSE1:chrome\updater\app\app_wakeall.cc:67] `"C:\Program Files (x86)\Google\GoogleUpdater\142.0.7416.0\updater.exe" --wake --system` exited 0
[11632:14672:1005/064311.582:VERBOSE1:chrome\updater\updater.cc:423] UpdaterMain (--wake-all) returned 0.
[17744:22632:1005/064311.583:VERBOSE1:chrome\updater\updater.cc:423] UpdaterMain (--crash-handler) returned 0.
[33772:4020:1005/064311.588:VERBOSE1:chrome\updater\updater.cc:423] UpdaterMain (--crash-handler) returned 0.
[30232:7404:1005/114311.885:VERBOSE1:chrome\updater\updater.cc:411] Version: 142.0.7416.0, opt, x86_64, command line: "C:\Program Files (x86)\Google\GoogleUpdater\142.0.7416.0\updater.exe" --wake-all --system
[30232:7404:1005/114311.885:VERBOSE1:chrome\updater\updater.cc:414] OS version: 10.0.26100.6584, System uptime (seconds): 942129, parent pid: 9860
[30232:7404:1005/114311.885:VERBOSE1:chrome\updater\updater.cc:325] available: 17492972K, total: 35422432K
[35912:22576:1005/114311.948:VERBOSE1:chrome\updater\updater.cc:411] Version: 142.0.7416.0, opt, x86_64, command line: "C:\Program Files (x86)\Google\GoogleUpdater\142.0.7416.0\updater.exe" --crash-handler --system "--database=C:\Program Files (x86)\Google\GoogleUpdater\142.0.7416.0\Crashpad" --url=https://clients2.google.com/cr/report --annotation=prod=Update4 --annotation=ver=142.0.7416.0 "--attachment=C:\Program Files (x86)\Google\GoogleUpdater\updater.log" --initial-client-data=0x26c,0x270,0x274,0x248,0x278,0x7ff7d2247cc4,0x7ff7d2247cd0,0x7ff7d2247ce0
[35912:22576:1005/114311.948:VERBOSE1:chrome\updater\updater.cc:414] OS version: 10.0.26100.6584, System uptime (seconds): 942129, parent pid: 30232
[35912:22576:1005/114311.948:VERBOSE1:chrome\updater\updater.cc:325] available: 17491372K, total: 35422432K
[30232:7404:1005/114311.948:VERBOSE1:chrome\updater\crash_reporter.cc:120] Crash handler launched and ready.
[30232:7404:1005/114311.948:ERROR:chrome\updater\crash_client.cc:116] Failed to fetch completed crash reports: 3
[30232:7404:1005/114311.948:ERROR:chrome\updater\crash_client.cc:132] Failed to fetch pending crash reports: 3
[30232:7404:1005/114311.948:VERBOSE2:chrome\updater\usage_stats_permissions_win.cc:77] usage stats enabled by app {8a69d345-d564-463c-aff1-a69d9e530f96}
[30232:7404:1005/114311.948:ERROR:third_party\crashpad\crashpad\util\file\file_io_win.cc:181] CreateFile C:\Program Files (x86)\Google\GoogleUpdater\142.0.7416.0\Crashpad\settings.dat: Access is denied. (0x5)
[30232:7404:1005/114311.948:ERROR:third_party\crashpad\crashpad\util\file\file_io_win.cc:181] CreateFile C:\Program Files (x86)\Google\GoogleUpdater\142.0.7416.0\Crashpad\settings.dat: Access is denied. (0x5)
[30232:7404:1005/114311.948:VERBOSE1:chrome\updater\updater.cc:97] Crash reporting initialized.
[30232:7404:1005/114311.948:VERBOSE1:chrome\updater\updater.cc:147] IsUserAdmin: 0, IsUserNonElevatedAdmin: 0, IsUACOn: 1, IsElevatedWithUACOn: 0, LUA: 1
[30232:20344:1005/114311.968:VERBOSE1:chrome\updater\app\app_wakeall.cc:57] Launching `"C:\Program Files (x86)\Google\GoogleUpdater\142.0.7416.0\updater.exe" --wake --system`
[22480:20508:1005/114312.026:VERBOSE1:chrome\updater\updater.cc:411] Version: 142.0.7416.0, opt, x86_64, command line: "C:\Program Files (x86)\Google\GoogleUpdater\142.0.7416.0\updater.exe" --wake --system
[22480:20508:1005/114312.026:VERBOSE1:chrome\updater\updater.cc:414] OS version: 10.0.26100.6584, System uptime (seconds): 942129, parent pid: 30232
[22480:20508:1005/114312.026:VERBOSE1:chrome\updater\updater.cc:325] available: 17483772K, total: 35422432K
[21692:27072:1005/114312.105:VERBOSE1:chrome\updater\updater.cc:411] Version: 142.0.7416.0, opt, x86_64, command line: "C:\Program Files (x86)\Google\GoogleUpdater\142.0.7416.0\updater.exe" --crash-handler --system "--database=C:\Program Files (x86)\Google\GoogleUpdater\142.0.7416.0\Crashpad" --url=https://clients2.google.com/cr/report --annotation=prod=Update4 --annotation=ver=142.0.7416.0 "--attachment=C:\Program Files (x86)\Google\GoogleUpdater\updater.log" --initial-client-data=0x27c,0x280,0x284,0x258,0x288,0x7ff7d2247cc4,0x7ff7d2247cd0,0x7ff7d2247ce0
[21692:27072:1005/114312.105:VERBOSE1:chrome\updater\updater.cc:414] OS version: 10.0.26100.6584, System uptime (seconds): 942129, parent pid: 22480
[21692:27072:1005/114312.105:VERBOSE1:chrome\updater\updater.cc:325] available: 17479292K, total: 35422432K
[22480:20508:1005/114312.105:VERBOSE1:chrome\updater\crash_reporter.cc:120] Crash handler launched and ready.
[22480:20508:1005/114312.105:ERROR:chrome\updater\crash_client.cc:116] Failed to fetch completed crash reports: 3
[22480:20508:1005/114312.105:ERROR:chrome\updater\crash_client.cc:132] Failed to fetch pending crash reports: 3
[22480:20508:1005/114312.105:VERBOSE2:chrome\updater\usage_stats_permissions_win.cc:77] usage stats enabled by app {8a69d345-d564-463c-aff1-a69d9e530f96}
[22480:20508:1005/114312.105:ERROR:third_party\crashpad\crashpad\util\file\file_io_win.cc:181] CreateFile C:\Program Files (x86)\Google\GoogleUpdater\142.0.7416.0\Crashpad\settings.dat: Access is denied. (0x5)
[22480:20508:1005/114312.105:ERROR:third_party\crashpad\crashpad\util\file\file_io_win.cc:181] CreateFile C:\Program Files (x86)\Google\GoogleUpdater\142.0.7416.0\Crashpad\settings.dat: Access is denied. (0x5)
[22480:20508:1005/114312.105:VERBOSE1:chrome\updater\updater.cc:97] Crash reporting initialized.
[22480:20508:1005/114312.105:VERBOSE1:chrome\updater\updater.cc:147] IsUserAdmin: 0, IsUserNonElevatedAdmin: 0, IsUACOn: 1, IsElevatedWithUACOn: 0, LUA: 1
[22480:20508:1005/114312.119:VERBOSE1:chrome\updater\ipc\update_service_internal_proxy_win.cc:156] Run
[22480:40668:1005/114315.968:VERBOSE2:chrome\updater\ipc\update_service_internal_proxy_win.cc:65] Run result 0.
[22480:20508:1005/114315.968:VERBOSE1:chrome\updater\ipc\update_service_internal_proxy_win.cc:148] ~UpdateServiceInternalProxyImpl
[22480:18180:1005/114315.968:VERBOSE2:chrome\updater\ipc\proxy_impl_base_win.h:58] ~ProxyImplBase
[22480:20508:1005/114315.970:VERBOSE1:chrome\updater\updater.cc:423] UpdaterMain (--wake) returned 0.
[30232:20344:1005/114315.973:VERBOSE1:chrome\updater\app\app_wakeall.cc:67] `"C:\Program Files (x86)\Google\GoogleUpdater\142.0.7416.0\updater.exe" --wake --system` exited 0
[30232:7404:1005/114315.974:VERBOSE1:chrome\updater\updater.cc:423] UpdaterMain (--wake-all) returned 0.
[21692:27072:1005/114315.974:VERBOSE1:chrome\updater\updater.cc:423] UpdaterMain (--crash-handler) returned 0.
[35912:22576:1005/114315.980:VERBOSE1:chrome\updater\updater.cc:423] UpdaterMain (--crash-handler) returned 0.
[30580:38672:1005/164318.453:VERBOSE1:chrome\updater\updater.cc:411] Version: 142.0.7416.0, opt, x86_64, command line: "C:\Program Files (x86)\Google\GoogleUpdater\142.0.7416.0\updater.exe" --wake-all --system
[30580:38672:1005/164318.453:VERBOSE1:chrome\updater\updater.cc:414] OS version: 10.0.26100.6584, System uptime (seconds): 960133, parent pid: 9860
[30580:38672:1005/164318.453:VERBOSE1:chrome\updater\updater.cc:325] available: 17469252K, total: 35422432K
[31444:34856:1005/164318.529:VERBOSE1:chrome\updater\updater.cc:411] Version: 142.0.7416.0, opt, x86_64, command line: "C:\Program Files (x86)\Google\GoogleUpdater\142.0.7416.0\updater.exe" --crash-handler --system "--database=C:\Program Files (x86)\Google\GoogleUpdater\142.0.7416.0\Crashpad" --url=https://clients2.google.com/cr/report --annotation=prod=Update4 --annotation=ver=142.0.7416.0 "--attachment=C:\Program Files (x86)\Google\GoogleUpdater\updater.log" --initial-client-data=0x278,0x27c,0x280,0x254,0x284,0x7ff7d2247cc4,0x7ff7d2247cd0,0x7ff7d2247ce0
[31444:34856:1005/164318.529:VERBOSE1:chrome\updater\updater.cc:414] OS version: 10.0.26100.6584, System uptime (seconds): 960133, parent pid: 30580
[31444:34856:1005/164318.529:VERBOSE1:chrome\updater\updater.cc:325] available: 17464136K, total: 35422432K
[30580:38672:1005/164318.530:VERBOSE1:chrome\updater\crash_reporter.cc:120] Crash handler launched and ready.
[30580:38672:1005/164318.530:ERROR:chrome\updater\crash_client.cc:116] Failed to fetch completed crash reports: 3
[30580:38672:1005/164318.530:ERROR:chrome\updater\crash_client.cc:132] Failed to fetch pending crash reports: 3
[30580:38672:1005/164318.530:VERBOSE2:chrome\updater\usage_stats_permissions_win.cc:77] usage stats enabled by app {8a69d345-d564-463c-aff1-a69d9e530f96}
[30580:38672:1005/164318.530:ERROR:third_party\crashpad\crashpad\util\file\file_io_win.cc:181] CreateFile C:\Program Files (x86)\Google\GoogleUpdater\142.0.7416.0\Crashpad\settings.dat: Access is denied. (0x5)
[30580:38672:1005/164318.530:ERROR:third_party\crashpad\crashpad\util\file\file_io_win.cc:181] CreateFile C:\Program Files (x86)\Google\GoogleUpdater\142.0.7416.0\Crashpad\settings.dat: Access is denied. (0x5)
[30580:38672:1005/164318.530:VERBOSE1:chrome\updater\updater.cc:97] Crash reporting initialized.
[30580:38672:1005/164318.530:VERBOSE1:chrome\updater\updater.cc:147] IsUserAdmin: 0, IsUserNonElevatedAdmin: 0, IsUACOn: 1, IsElevatedWithUACOn: 0, LUA: 1
[30580:5132:1005/164318.530:VERBOSE1:chrome\updater\app\app_wakeall.cc:57] Launching `"C:\Program Files (x86)\Google\GoogleUpdater\142.0.7416.0\updater.exe" --wake --system`
[36904:28992:1005/164318.600:VERBOSE1:chrome\updater\updater.cc:411] Version: 142.0.7416.0, opt, x86_64, command line: "C:\Program Files (x86)\Google\GoogleUpdater\142.0.7416.0\updater.exe" --wake --system
[36904:28992:1005/164318.600:VERBOSE1:chrome\updater\updater.cc:414] OS version: 10.0.26100.6584, System uptime (seconds): 960133, parent pid: 30580
[36904:28992:1005/164318.600:VERBOSE1:chrome\updater\updater.cc:325] available: 17460168K, total: 35422432K
[2824:23824:1005/164318.661:VERBOSE1:chrome\updater\updater.cc:411] Version: 142.0.7416.0, opt, x86_64, command line: "C:\Program Files (x86)\Google\GoogleUpdater\142.0.7416.0\updater.exe" --crash-handler --system "--database=C:\Program Files (x86)\Google\GoogleUpdater\142.0.7416.0\Crashpad" --url=https://clients2.google.com/cr/report --annotation=prod=Update4 --annotation=ver=142.0.7416.0 "--attachment=C:\Program Files (x86)\Google\GoogleUpdater\updater.log" --initial-client-data=0x26c,0x270,0x274,0xb0,0x278,0x7ff7d2247cc4,0x7ff7d2247cd0,0x7ff7d2247ce0
[2824:23824:1005/164318.661:VERBOSE1:chrome\updater\updater.cc:414] OS version: 10.0.26100.6584, System uptime (seconds): 960133, parent pid: 36904
[2824:23824:1005/164318.661:VERBOSE1:chrome\updater\updater.cc:325] available: 17458088K, total: 35422432K
[36904:28992:1005/164318.663:VERBOSE1:chrome\updater\crash_reporter.cc:120] Crash handler launched and ready.
[36904:28992:1005/164318.665:ERROR:chrome\updater\crash_client.cc:116] Failed to fetch completed crash reports: 3
[36904:28992:1005/164318.665:ERROR:chrome\updater\crash_client.cc:132] Failed to fetch pending crash reports: 3
[36904:28992:1005/164318.665:VERBOSE2:chrome\updater\usage_stats_permissions_win.cc:77] usage stats enabled by app {8a69d345-d564-463c-aff1-a69d9e530f96}
[36904:28992:1005/164318.666:ERROR:third_party\crashpad\crashpad\util\file\file_io_win.cc:181] CreateFile C:\Program Files (x86)\Google\GoogleUpdater\142.0.7416.0\Crashpad\settings.dat: Access is denied. (0x5)
[36904:28992:1005/164318.666:ERROR:third_party\crashpad\crashpad\util\file\file_io_win.cc:181] CreateFile C:\Program Files (x86)\Google\GoogleUpdater\142.0.7416.0\Crashpad\settings.dat: Access is denied. (0x5)
[36904:28992:1005/164318.666:VERBOSE1:chrome\updater\updater.cc:97] Crash reporting initialized.
[36904:28992:1005/164318.669:VERBOSE1:chrome\updater\updater.cc:147] IsUserAdmin: 0, IsUserNonElevatedAdmin: 0, IsUACOn: 1, IsElevatedWithUACOn: 0, LUA: 1
[36904:28992:1005/164318.677:VERBOSE1:chrome\updater\ipc\update_service_internal_proxy_win.cc:156] Run
[36904:18576:1005/164322.790:VERBOSE2:chrome\updater\ipc\update_service_internal_proxy_win.cc:65] Run result 0.
[36904:28992:1005/164322.790:VERBOSE1:chrome\updater\ipc\update_service_internal_proxy_win.cc:148] ~UpdateServiceInternalProxyImpl
[36904:6188:1005/164322.790:VERBOSE2:chrome\updater\ipc\proxy_impl_base_win.h:58] ~ProxyImplBase
[36904:28992:1005/164322.793:VERBOSE1:chrome\updater\updater.cc:423] UpdaterMain (--wake) returned 0.
[30580:5132:1005/164322.796:VERBOSE1:chrome\updater\app\app_wakeall.cc:67] `"C:\Program Files (x86)\Google\GoogleUpdater\142.0.7416.0\updater.exe" --wake --system` exited 0
[30580:38672:1005/164322.797:VERBOSE1:chrome\updater\updater.cc:423] UpdaterMain (--wake-all) returned 0.
[2824:23824:1005/164322.797:VERBOSE1:chrome\updater\updater.cc:423] UpdaterMain (--crash-handler) returned 0.
[31444:34856:1005/164322.797:VERBOSE1:chrome\updater\updater.cc:423] UpdaterMain (--crash-handler) returned 0.
[2268:38084:1005/214323.171:VERBOSE1:chrome\updater\updater.cc:411] Version: 142.0.7416.0, opt, x86_64, command line: "C:\Program Files (x86)\Google\GoogleUpdater\142.0.7416.0\updater.exe" --wake-all --system
[2268:38084:1005/214323.171:VERBOSE1:chrome\updater\updater.cc:414] OS version: 10.0.26100.6584, System uptime (seconds): 978138, parent pid: 9860
[2268:38084:1005/214323.171:VERBOSE1:chrome\updater\updater.cc:325] available: 17478052K, total: 35422432K
[14352:19296:1005/214323.219:VERBOSE1:chrome\updater\updater.cc:411] Version: 142.0.7416.0, opt, x86_64, command line: "C:\Program Files (x86)\Google\GoogleUpdater\142.0.7416.0\updater.exe" --crash-handler --system "--database=C:\Program Files (x86)\Google\GoogleUpdater\142.0.7416.0\Crashpad" --url=https://clients2.google.com/cr/report --annotation=prod=Update4 --annotation=ver=142.0.7416.0 "--attachment=C:\Program Files (x86)\Google\GoogleUpdater\updater.log" --initial-client-data=0x274,0x278,0x27c,0x250,0x280,0x7ff7d2247cc4,0x7ff7d2247cd0,0x7ff7d2247ce0
[14352:19296:1005/214323.219:VERBOSE1:chrome\updater\updater.cc:414] OS version: 10.0.26100.6584, System uptime (seconds): 978138, parent pid: 2268
[14352:19296:1005/214323.219:VERBOSE1:chrome\updater\updater.cc:325] available: 17476492K, total: 35422432K
[2268:38084:1005/214323.219:VERBOSE1:chrome\updater\crash_reporter.cc:120] Crash handler launched and ready.
[2268:38084:1005/214323.234:ERROR:chrome\updater\crash_client.cc:116] Failed to fetch completed crash reports: 3
[2268:38084:1005/214323.234:ERROR:chrome\updater\crash_client.cc:132] Failed to fetch pending crash reports: 3
[2268:38084:1005/214323.234:VERBOSE2:chrome\updater\usage_stats_permissions_win.cc:77] usage stats enabled by app {8a69d345-d564-463c-aff1-a69d9e530f96}
[2268:38084:1005/214323.234:ERROR:third_party\crashpad\crashpad\util\file\file_io_win.cc:181] CreateFile C:\Program Files (x86)\Google\GoogleUpdater\142.0.7416.0\Crashpad\settings.dat: Access is denied. (0x5)
[2268:38084:1005/214323.234:ERROR:third_party\crashpad\crashpad\util\file\file_io_win.cc:181] CreateFile C:\Program Files (x86)\Google\GoogleUpdater\142.0.7416.0\Crashpad\settings.dat: Access is denied. (0x5)
[2268:38084:1005/214323.234:VERBOSE1:chrome\updater\updater.cc:97] Crash reporting initialized.
[2268:38084:1005/214323.234:VERBOSE1:chrome\updater\updater.cc:147] IsUserAdmin: 0, IsUserNonElevatedAdmin: 0, IsUACOn: 1, IsElevatedWithUACOn: 0, LUA: 1
[2268:27724:1005/214323.245:VERBOSE1:chrome\updater\app\app_wakeall.cc:57] Launching `"C:\Program Files (x86)\Google\GoogleUpdater\142.0.7416.0\updater.exe" --wake --system`
[15260:35900:1005/214323.296:VERBOSE1:chrome\updater\updater.cc:411] Version: 142.0.7416.0, opt, x86_64, command line: "C:\Program Files (x86)\Google\GoogleUpdater\142.0.7416.0\updater.exe" --wake --system
[15260:35900:1005/214323.296:VERBOSE1:chrome\updater\updater.cc:414] OS version: 10.0.26100.6584, System uptime (seconds): 978138, parent pid: 2268
[15260:35900:1005/214323.296:VERBOSE1:chrome\updater\updater.cc:325] available: 17473344K, total: 35422432K
[18960:25564:1005/214323.359:VERBOSE1:chrome\updater\updater.cc:411] Version: 142.0.7416.0, opt, x86_64, command line: "C:\Program Files (x86)\Google\GoogleUpdater\142.0.7416.0\updater.exe" --crash-handler --system "--database=C:\Program Files (x86)\Google\GoogleUpdater\142.0.7416.0\Crashpad" --url=https://clients2.google.com/cr/report --annotation=prod=Update4 --annotation=ver=142.0.7416.0 "--attachment=C:\Program Files (x86)\Google\GoogleUpdater\updater.log" --initial-client-data=0x26c,0x270,0x274,0x248,0x278,0x7ff7d2247cc4,0x7ff7d2247cd0,0x7ff7d2247ce0
[18960:25564:1005/214323.359:VERBOSE1:chrome\updater\updater.cc:414] OS version: 10.0.26100.6584, System uptime (seconds): 978138, parent pid: 15260
[18960:25564:1005/214323.359:VERBOSE1:chrome\updater\updater.cc:325] available: 17470668K, total: 35422432K
[15260:35900:1005/214323.359:VERBOSE1:chrome\updater\crash_reporter.cc:120] Crash handler launched and ready.
[15260:35900:1005/214323.359:ERROR:chrome\updater\crash_client.cc:116] Failed to fetch completed crash reports: 3
[15260:35900:1005/214323.359:ERROR:chrome\updater\crash_client.cc:132] Failed to fetch pending crash reports: 3
[15260:35900:1005/214323.359:VERBOSE2:chrome\updater\usage_stats_permissions_win.cc:77] usage stats enabled by app {8a69d345-d564-463c-aff1-a69d9e530f96}
[15260:35900:1005/214323.359:ERROR:third_party\crashpad\crashpad\util\file\file_io_win.cc:181] CreateFile C:\Program Files (x86)\Google\GoogleUpdater\142.0.7416.0\Crashpad\settings.dat: Access is denied. (0x5)
[15260:35900:1005/214323.359:ERROR:third_party\crashpad\crashpad\util\file\file_io_win.cc:181] CreateFile C:\Program Files (x86)\Google\GoogleUpdater\142.0.7416.0\Crashpad\settings.dat: Access is denied. (0x5)
[15260:35900:1005/214323.359:VERBOSE1:chrome\updater\updater.cc:97] Crash reporting initialized.
[15260:35900:1005/214323.359:VERBOSE1:chrome\updater\updater.cc:147] IsUserAdmin: 0, IsUserNonElevatedAdmin: 0, IsUACOn: 1, IsElevatedWithUACOn: 0, LUA: 1
[15260:35900:1005/214323.375:VERBOSE1:chrome\updater\ipc\update_service_internal_proxy_win.cc:156] Run
[15260:35364:1005/214326.861:VERBOSE2:chrome\updater\ipc\update_service_internal_proxy_win.cc:65] Run result 0.
[15260:35900:1005/214326.861:VERBOSE1:chrome\updater\ipc\update_service_internal_proxy_win.cc:148] ~UpdateServiceInternalProxyImpl
[15260:21624:1005/214326.861:VERBOSE2:chrome\updater\ipc\proxy_impl_base_win.h:58] ~ProxyImplBase
[15260:35900:1005/214326.861:VERBOSE1:chrome\updater\updater.cc:423] UpdaterMain (--wake) returned 0.
[2268:27724:1005/214326.869:VERBOSE1:chrome\updater\app\app_wakeall.cc:67] `"C:\Program Files (x86)\Google\GoogleUpdater\142.0.7416.0\updater.exe" --wake --system` exited 0
[2268:38084:1005/214326.871:VERBOSE1:chrome\updater\updater.cc:423] UpdaterMain (--wake-all) returned 0.
[18960:25564:1005/214326.873:VERBOSE1:chrome\updater\updater.cc:423] UpdaterMain (--crash-handler) returned 0.
[14352:19296:1005/214326.877:VERBOSE1:chrome\updater\updater.cc:423] UpdaterMain (--crash-handler) returned 0.
[30960:29348:1006/024327.234:VERBOSE1:chrome\updater\updater.cc:411] Version: 142.0.7416.0, opt, x86_64, command line: "C:\Program Files (x86)\Google\GoogleUpdater\142.0.7416.0\updater.exe" --wake-all --system
[30960:29348:1006/024327.234:VERBOSE1:chrome\updater\updater.cc:414] OS version: 10.0.26100.6584, System uptime (seconds): 996142, parent pid: 9860
[30960:29348:1006/024327.234:VERBOSE1:chrome\updater\updater.cc:325] available: 17483380K, total: 35422432K
[37184:21672:1006/024327.296:VERBOSE1:chrome\updater\updater.cc:411] Version: 142.0.7416.0, opt, x86_64, command line: "C:\Program Files (x86)\Google\GoogleUpdater\142.0.7416.0\updater.exe" --crash-handler --system "--database=C:\Program Files (x86)\Google\GoogleUpdater\142.0.7416.0\Crashpad" --url=https://clients2.google.com/cr/report --annotation=prod=Update4 --annotation=ver=142.0.7416.0 "--attachment=C:\Program Files (x86)\Google\GoogleUpdater\updater.log" --initial-client-data=0x26c,0x270,0x274,0x248,0x278,0x7ff7d2247cc4,0x7ff7d2247cd0,0x7ff7d2247ce0
[37184:21672:1006/024327.296:VERBOSE1:chrome\updater\updater.cc:414] OS version: 10.0.26100.6584, System uptime (seconds): 996142, parent pid: 30960
[37184:21672:1006/024327.296:VERBOSE1:chrome\updater\updater.cc:325] available: 17486608K, total: 35422432K
[30960:29348:1006/024327.296:VERBOSE1:chrome\updater\crash_reporter.cc:120] Crash handler launched and ready.
[30960:29348:1006/024327.296:ERROR:chrome\updater\crash_client.cc:116] Failed to fetch completed crash reports: 3
[30960:29348:1006/024327.296:ERROR:chrome\updater\crash_client.cc:132] Failed to fetch pending crash reports: 3
[30960:29348:1006/024327.296:VERBOSE2:chrome\updater\usage_stats_permissions_win.cc:77] usage stats enabled by app {8a69d345-d564-463c-aff1-a69d9e530f96}
[30960:29348:1006/024327.296:ERROR:third_party\crashpad\crashpad\util\file\file_io_win.cc:181] CreateFile C:\Program Files (x86)\Google\GoogleUpdater\142.0.7416.0\Crashpad\settings.dat: Access is denied. (0x5)
[30960:29348:1006/024327.296:ERROR:third_party\crashpad\crashpad\util\file\file_io_win.cc:181] CreateFile C:\Program Files (x86)\Google\GoogleUpdater\142.0.7416.0\Crashpad\settings.dat: Access is denied. (0x5)
[30960:29348:1006/024327.296:VERBOSE1:chrome\updater\updater.cc:97] Crash reporting initialized.
[30960:29348:1006/024327.296:VERBOSE1:chrome\updater\updater.cc:147] IsUserAdmin: 0, IsUserNonElevatedAdmin: 0, IsUACOn: 1, IsElevatedWithUACOn: 0, LUA: 1
[30960:10960:1006/024327.312:VERBOSE1:chrome\updater\app\app_wakeall.cc:57] Launching `"C:\Program Files (x86)\Google\GoogleUpdater\142.0.7416.0\updater.exe" --wake --system`
[19092:20668:1006/024327.399:VERBOSE1:chrome\updater\updater.cc:411] Version: 142.0.7416.0, opt, x86_64, command line: "C:\Program Files (x86)\Google\GoogleUpdater\142.0.7416.0\updater.exe" --wake --system
[19092:20668:1006/024327.399:VERBOSE1:chrome\updater\updater.cc:414] OS version: 10.0.26100.6584, System uptime (seconds): 996142, parent pid: 30960
[19092:20668:1006/024327.399:VERBOSE1:chrome\updater\updater.cc:325] available: 17482584K, total: 35422432K
[14804:492:1006/024327.466:VERBOSE1:chrome\updater\updater.cc:411] Version: 142.0.7416.0, opt, x86_64, command line: "C:\Program Files (x86)\Google\GoogleUpdater\142.0.7416.0\updater.exe" --crash-handler --system "--database=C:\Program Files (x86)\Google\GoogleUpdater\142.0.7416.0\Crashpad" --url=https://clients2.google.com/cr/report --annotation=prod=Update4 --annotation=ver=142.0.7416.0 "--attachment=C:\Program Files (x86)\Google\GoogleUpdater\updater.log" --initial-client-data=0x26c,0x270,0x274,0xa0,0x278,0x7ff7d2247cc4,0x7ff7d2247cd0,0x7ff7d2247ce0
[14804:492:1006/024327.466:VERBOSE1:chrome\updater\updater.cc:414] OS version: 10.0.26100.6584, System uptime (seconds): 996142, parent pid: 19092
[14804:492:1006/024327.466:VERBOSE1:chrome\updater\updater.cc:325] available: 17477376K, total: 35422432K
[19092:20668:1006/024327.468:VERBOSE1:chrome\updater\crash_reporter.cc:120] Crash handler launched and ready.
[19092:20668:1006/024327.474:ERROR:chrome\updater\crash_client.cc:116] Failed to fetch completed crash reports: 3
[19092:20668:1006/024327.475:ERROR:chrome\updater\crash_client.cc:132] Failed to fetch pending crash reports: 3
[19092:20668:1006/024327.478:VERBOSE2:chrome\updater\usage_stats_permissions_win.cc:77] usage stats enabled by app {8a69d345-d564-463c-aff1-a69d9e530f96}
[19092:20668:1006/024327.479:ERROR:third_party\crashpad\crashpad\util\file\file_io_win.cc:181] CreateFile C:\Program Files (x86)\Google\GoogleUpdater\142.0.7416.0\Crashpad\settings.dat: Access is denied. (0x5)
[19092:20668:1006/024327.483:ERROR:third_party\crashpad\crashpad\util\file\file_io_win.cc:181] CreateFile C:\Program Files (x86)\Google\GoogleUpdater\142.0.7416.0\Crashpad\settings.dat: Access is denied. (0x5)
[19092:20668:1006/024327.483:VERBOSE1:chrome\updater\updater.cc:97] Crash reporting initialized.
[19092:20668:1006/024327.486:VERBOSE1:chrome\updater\updater.cc:147] IsUserAdmin: 0, IsUserNonElevatedAdmin: 0, IsUACOn: 1, IsElevatedWithUACOn: 0, LUA: 1
[19092:20668:1006/024327.493:VERBOSE1:chrome\updater\ipc\update_service_internal_proxy_win.cc:156] Run
[19092:6404:1006/024330.047:VERBOSE2:chrome\updater\ipc\update_service_internal_proxy_win.cc:65] Run result 0.
[19092:20668:1006/024330.047:VERBOSE1:chrome\updater\ipc\update_service_internal_proxy_win.cc:148] ~UpdateServiceInternalProxyImpl
[19092:37968:1006/024330.047:VERBOSE2:chrome\updater\ipc\proxy_impl_base_win.h:58] ~ProxyImplBase
[19092:20668:1006/024330.047:VERBOSE1:chrome\updater\updater.cc:423] UpdaterMain (--wake) returned 0.
[30960:10960:1006/024330.057:VERBOSE1:chrome\updater\app\app_wakeall.cc:67] `"C:\Program Files (x86)\Google\GoogleUpdater\142.0.7416.0\updater.exe" --wake --system` exited 0
[14804:492:1006/024330.059:VERBOSE1:chrome\updater\updater.cc:423] UpdaterMain (--crash-handler) returned 0.
[30960:29348:1006/024330.060:VERBOSE1:chrome\updater\updater.cc:423] UpdaterMain (--wake-all) returned 0.
[37184:21672:1006/024330.064:VERBOSE1:chrome\updater\updater.cc:423] UpdaterMain (--crash-handler) returned 0.
[14520:25020:1006/074330.594:VERBOSE1:chrome\updater\updater.cc:411] Version: 142.0.7416.0, opt, x86_64, command line: "C:\Program Files (x86)\Google\GoogleUpdater\142.0.7416.0\updater.exe" --wake-all --system
[14520:25020:1006/074330.594:VERBOSE1:chrome\updater\updater.cc:414] OS version: 10.0.26100.6584, System uptime (seconds): 1014145, parent pid: 9860
[14520:25020:1006/074330.594:VERBOSE1:chrome\updater\updater.cc:325] available: 17462984K, total: 35422432K
[22004:40720:1006/074330.656:VERBOSE1:chrome\updater\updater.cc:411] Version: 142.0.7416.0, opt, x86_64, command line: "C:\Program Files (x86)\Google\GoogleUpdater\142.0.7416.0\updater.exe" --crash-handler --system "--database=C:\Program Files (x86)\Google\GoogleUpdater\142.0.7416.0\Crashpad" --url=https://clients2.google.com/cr/report --annotation=prod=Update4 --annotation=ver=142.0.7416.0 "--attachment=C:\Program Files (x86)\Google\GoogleUpdater\updater.log" --initial-client-data=0x274,0x278,0x27c,0x250,0x280,0x7ff7d2247cc4,0x7ff7d2247cd0,0x7ff7d2247ce0
[22004:40720:1006/074330.656:VERBOSE1:chrome\updater\updater.cc:414] OS version: 10.0.26100.6584, System uptime (seconds): 1014145, parent pid: 14520
[22004:40720:1006/074330.656:VERBOSE1:chrome\updater\updater.cc:325] available: 17461952K, total: 35422432K
[14520:25020:1006/074330.672:VERBOSE1:chrome\updater\crash_reporter.cc:120] Crash handler launched and ready.
[14520:25020:1006/074330.672:ERROR:chrome\updater\crash_client.cc:116] Failed to fetch completed crash reports: 3
[14520:25020:1006/074330.672:ERROR:chrome\updater\crash_client.cc:132] Failed to fetch pending crash reports: 3
[14520:25020:1006/074330.672:VERBOSE2:chrome\updater\usage_stats_permissions_win.cc:77] usage stats enabled by app {8a69d345-d564-463c-aff1-a69d9e530f96}
[14520:25020:1006/074330.672:ERROR:third_party\crashpad\crashpad\util\file\file_io_win.cc:181] CreateFile C:\Program Files (x86)\Google\GoogleUpdater\142.0.7416.0\Crashpad\settings.dat: Access is denied. (0x5)
[14520:25020:1006/074330.672:ERROR:third_party\crashpad\crashpad\util\file\file_io_win.cc:181] CreateFile C:\Program Files (x86)\Google\GoogleUpdater\142.0.7416.0\Crashpad\settings.dat: Access is denied. (0x5)
[14520:25020:1006/074330.672:VERBOSE1:chrome\updater\updater.cc:97] Crash reporting initialized.
[14520:25020:1006/074330.672:VERBOSE1:chrome\updater\updater.cc:147] IsUserAdmin: 0, IsUserNonElevatedAdmin: 0, IsUACOn: 1, IsElevatedWithUACOn: 0, LUA: 1
[14520:24660:1006/074330.672:VERBOSE1:chrome\updater\app\app_wakeall.cc:57] Launching `"C:\Program Files (x86)\Google\GoogleUpdater\142.0.7416.0\updater.exe" --wake --system`
[28524:38864:1006/074330.735:VERBOSE1:chrome\updater\updater.cc:411] Version: 142.0.7416.0, opt, x86_64, command line: "C:\Program Files (x86)\Google\GoogleUpdater\142.0.7416.0\updater.exe" --wake --system
[28524:38864:1006/074330.735:VERBOSE1:chrome\updater\updater.cc:414] OS version: 10.0.26100.6584, System uptime (seconds): 1014145, parent pid: 14520
[28524:38864:1006/074330.735:VERBOSE1:chrome\updater\updater.cc:325] available: 17455492K, total: 35422432K
[21488:27192:1006/074330.797:VERBOSE1:chrome\updater\updater.cc:411] Version: 142.0.7416.0, opt, x86_64, command line: "C:\Program Files (x86)\Google\GoogleUpdater\142.0.7416.0\updater.exe" --crash-handler --system "--database=C:\Program Files (x86)\Google\GoogleUpdater\142.0.7416.0\Crashpad" --url=https://clients2.google.com/cr/report --annotation=prod=Update4 --annotation=ver=142.0.7416.0 "--attachment=C:\Program Files (x86)\Google\GoogleUpdater\updater.log" --initial-client-data=0x278,0x27c,0x280,0x254,0x284,0x7ff7d2247cc4,0x7ff7d2247cd0,0x7ff7d2247ce0
[21488:27192:1006/074330.797:VERBOSE1:chrome\updater\updater.cc:414] OS version: 10.0.26100.6584, System uptime (seconds): 1014145, parent pid: 28524
[21488:27192:1006/074330.797:VERBOSE1:chrome\updater\updater.cc:325] available: 17452344K, total: 35422432K
[28524:38864:1006/074330.797:VERBOSE1:chrome\updater\crash_reporter.cc:120] Crash handler launched and ready.
[28524:38864:1006/074330.797:ERROR:chrome\updater\crash_client.cc:116] Failed to fetch completed crash reports: 3
[28524:38864:1006/074330.797:ERROR:chrome\updater\crash_client.cc:132] Failed to fetch pending crash reports: 3
[28524:38864:1006/074330.797:VERBOSE2:chrome\updater\usage_stats_permissions_win.cc:77] usage stats enabled by app {8a69d345-d564-463c-aff1-a69d9e530f96}
[28524:38864:1006/074330.797:ERROR:third_party\crashpad\crashpad\util\file\file_io_win.cc:181] CreateFile C:\Program Files (x86)\Google\GoogleUpdater\142.0.7416.0\Crashpad\settings.dat: Access is denied. (0x5)
[28524:38864:1006/074330.797:ERROR:third_party\crashpad\crashpad\util\file\file_io_win.cc:181] CreateFile C:\Program Files (x86)\Google\GoogleUpdater\142.0.7416.0\Crashpad\settings.dat: Access is denied. (0x5)
[28524:38864:1006/074330.797:VERBOSE1:chrome\updater\updater.cc:97] Crash reporting initialized.
[28524:38864:1006/074330.797:VERBOSE1:chrome\updater\updater.cc:147] IsUserAdmin: 0, IsUserNonElevatedAdmin: 0, IsUACOn: 1, IsElevatedWithUACOn: 0, LUA: 1
[28524:38864:1006/074330.818:VERBOSE1:chrome\updater\ipc\update_service_internal_proxy_win.cc:156] Run
[28524:32208:1006/074334.573:VERBOSE2:chrome\updater\ipc\update_service_internal_proxy_win.cc:65] Run result 0.
[28524:38864:1006/074334.573:VERBOSE1:chrome\updater\ipc\update_service_internal_proxy_win.cc:148] ~UpdateServiceInternalProxyImpl
[28524:23476:1006/074334.573:VERBOSE2:chrome\updater\ipc\proxy_impl_base_win.h:58] ~ProxyImplBase
[28524:38864:1006/074334.579:VERBOSE1:chrome\updater\updater.cc:423] UpdaterMain (--wake) returned 0.
[14520:24660:1006/074334.583:VERBOSE1:chrome\updater\app\app_wakeall.cc:67] `"C:\Program Files (x86)\Google\GoogleUpdater\142.0.7416.0\updater.exe" --wake --system` exited 0
[21488:27192:1006/074334.584:VERBOSE1:chrome\updater\updater.cc:423] UpdaterMain (--crash-handler) returned 0.
[14520:25020:1006/074334.585:VERBOSE1:chrome\updater\updater.cc:423] UpdaterMain (--wake-all) returned 0.
[22004:40720:1006/074334.591:VERBOSE1:chrome\updater\updater.cc:423] UpdaterMain (--crash-handler) returned 0.
[24052:26720:1006/124337.156:VERBOSE1:chrome\updater\updater.cc:411] Version: 142.0.7416.0, opt, x86_64, command line: "C:\Program Files (x86)\Google\GoogleUpdater\142.0.7416.0\updater.exe" --wake-all --system
[24052:26720:1006/124337.157:VERBOSE1:chrome\updater\updater.cc:414] OS version: 10.0.26100.6584, System uptime (seconds): 1032150, parent pid: 9860
[24052:26720:1006/124337.157:VERBOSE1:chrome\updater\updater.cc:325] available: 17400124K, total: 35422432K
[12804:15544:1006/124337.226:VERBOSE1:chrome\updater\updater.cc:411] Version: 142.0.7416.0, opt, x86_64, command line: "C:\Program Files (x86)\Google\GoogleUpdater\142.0.7416.0\updater.exe" --crash-handler --system "--database=C:\Program Files (x86)\Google\GoogleUpdater\142.0.7416.0\Crashpad" --url=https://clients2.google.com/cr/report --annotation=prod=Update4 --annotation=ver=142.0.7416.0 "--attachment=C:\Program Files (x86)\Google\GoogleUpdater\updater.log" --initial-client-data=0x270,0x274,0x278,0x24c,0x27c,0x7ff7d2247cc4,0x7ff7d2247cd0,0x7ff7d2247ce0
[12804:15544:1006/124337.226:VERBOSE1:chrome\updater\updater.cc:414] OS version: 10.0.26100.6584, System uptime (seconds): 1032150, parent pid: 24052
[12804:15544:1006/124337.226:VERBOSE1:chrome\updater\updater.cc:325] available: 17399184K, total: 35422432K
[24052:26720:1006/124337.226:VERBOSE1:chrome\updater\crash_reporter.cc:120] Crash handler launched and ready.
[24052:26720:1006/124337.226:ERROR:chrome\updater\crash_client.cc:116] Failed to fetch completed crash reports: 3
[24052:26720:1006/124337.226:ERROR:chrome\updater\crash_client.cc:132] Failed to fetch pending crash reports: 3
[24052:26720:1006/124337.241:VERBOSE2:chrome\updater\usage_stats_permissions_win.cc:77] usage stats enabled by app {8a69d345-d564-463c-aff1-a69d9e530f96}
[24052:26720:1006/124337.241:ERROR:third_party\crashpad\crashpad\util\file\file_io_win.cc:181] CreateFile C:\Program Files (x86)\Google\GoogleUpdater\142.0.7416.0\Crashpad\settings.dat: Access is denied. (0x5)
[24052:26720:1006/124337.241:ERROR:third_party\crashpad\crashpad\util\file\file_io_win.cc:181] CreateFile C:\Program Files (x86)\Google\GoogleUpdater\142.0.7416.0\Crashpad\settings.dat: Access is denied. (0x5)
[24052:26720:1006/124337.241:VERBOSE1:chrome\updater\updater.cc:97] Crash reporting initialized.
[24052:26720:1006/124337.241:VERBOSE1:chrome\updater\updater.cc:147] IsUserAdmin: 0, IsUserNonElevatedAdmin: 0, IsUACOn: 1, IsElevatedWithUACOn: 0, LUA: 1
[24052:10904:1006/124337.252:VERBOSE1:chrome\updater\app\app_wakeall.cc:57] Launching `"C:\Program Files (x86)\Google\GoogleUpdater\142.0.7416.0\updater.exe" --wake --system`
[28564:40308:1006/124337.303:VERBOSE1:chrome\updater\updater.cc:411] Version: 142.0.7416.0, opt, x86_64, command line: "C:\Program Files (x86)\Google\GoogleUpdater\142.0.7416.0\updater.exe" --wake --system
[28564:40308:1006/124337.303:VERBOSE1:chrome\updater\updater.cc:414] OS version: 10.0.26100.6584, System uptime (seconds): 1032150, parent pid: 24052
[28564:40308:1006/124337.303:VERBOSE1:chrome\updater\updater.cc:325] available: 17396156K, total: 35422432K
[29700:4788:1006/124337.370:VERBOSE1:chrome\updater\updater.cc:411] Version: 142.0.7416.0, opt, x86_64, command line: "C:\Program Files (x86)\Google\GoogleUpdater\142.0.7416.0\updater.exe" --crash-handler --system "--database=C:\Program Files (x86)\Google\GoogleUpdater\142.0.7416.0\Crashpad" --url=https://clients2.google.com/cr/report --annotation=prod=Update4 --annotation=ver=142.0.7416.0 "--attachment=C:\Program Files (x86)\Google\GoogleUpdater\updater.log" --initial-client-data=0x278,0x27c,0x280,0x254,0x284,0x7ff7d2247cc4,0x7ff7d2247cd0,0x7ff7d2247ce0
[29700:4788:1006/124337.370:VERBOSE1:chrome\updater\updater.cc:414] OS version: 10.0.26100.6584, System uptime (seconds): 1032150, parent pid: 28564
[29700:4788:1006/124337.371:VERBOSE1:chrome\updater\updater.cc:325] available: 17399916K, total: 35422432K
[28564:40308:1006/124337.373:VERBOSE1:chrome\updater\crash_reporter.cc:120] Crash handler launched and ready.
[28564:40308:1006/124337.374:ERROR:chrome\updater\crash_client.cc:116] Failed to fetch completed crash reports: 3
[28564:40308:1006/124337.374:ERROR:chrome\updater\crash_client.cc:132] Failed to fetch pending crash reports: 3
[28564:40308:1006/124337.374:VERBOSE2:chrome\updater\usage_stats_permissions_win.cc:77] usage stats enabled by app {8a69d345-d564-463c-aff1-a69d9e530f96}
[28564:40308:1006/124337.374:ERROR:third_party\crashpad\crashpad\util\file\file_io_win.cc:181] CreateFile C:\Program Files (x86)\Google\GoogleUpdater\142.0.7416.0\Crashpad\settings.dat: Access is denied. (0x5)
[28564:40308:1006/124337.375:ERROR:third_party\crashpad\crashpad\util\file\file_io_win.cc:181] CreateFile C:\Program Files (x86)\Google\GoogleUpdater\142.0.7416.0\Crashpad\settings.dat: Access is denied. (0x5)
[28564:40308:1006/124337.375:VERBOSE1:chrome\updater\updater.cc:97] Crash reporting initialized.
[28564:40308:1006/124337.378:VERBOSE1:chrome\updater\updater.cc:147] IsUserAdmin: 0, IsUserNonElevatedAdmin: 0, IsUACOn: 1, IsElevatedWithUACOn: 0, LUA: 1
[28564:40308:1006/124337.381:VERBOSE1:chrome\updater\ipc\update_service_internal_proxy_win.cc:156] Run
[28564:14332:1006/124341.638:VERBOSE2:chrome\updater\ipc\update_service_internal_proxy_win.cc:65] Run result 0.
[28564:40308:1006/124341.638:VERBOSE1:chrome\updater\ipc\update_service_internal_proxy_win.cc:148] ~UpdateServiceInternalProxyImpl
[28564:34220:1006/124341.638:VERBOSE2:chrome\updater\ipc\proxy_impl_base_win.h:58] ~ProxyImplBase
[28564:40308:1006/124341.640:VERBOSE1:chrome\updater\updater.cc:423] UpdaterMain (--wake) returned 0.
[24052:10904:1006/124341.643:VERBOSE1:chrome\updater\app\app_wakeall.cc:67] `"C:\Program Files (x86)\Google\GoogleUpdater\142.0.7416.0\updater.exe" --wake --system` exited 0
[24052:26720:1006/124341.644:VERBOSE1:chrome\updater\updater.cc:423] UpdaterMain (--wake-all) returned 0.
[12804:15544:1006/124341.648:VERBOSE1:chrome\updater\updater.cc:423] UpdaterMain (--crash-handler) returned 0.
[29700:4788:1006/124341.648:VERBOSE1:chrome\updater\updater.cc:423] UpdaterMain (--crash-handler) returned 0.
[39760:37396:1006/174341.996:VERBOSE1:chrome\updater\updater.cc:411] Version: 142.0.7416.0, opt, x86_64, command line: "C:\Program Files (x86)\Google\GoogleUpdater\142.0.7416.0\updater.exe" --wake-all --system
[39760:37396:1006/174341.996:VERBOSE1:chrome\updater\updater.cc:414] OS version: 10.0.26100.6584, System uptime (seconds): 1050154, parent pid: 9860
[39760:37396:1006/174341.996:VERBOSE1:chrome\updater\updater.cc:325] available: 17279360K, total: 35422432K
[18836:34840:1006/174342.054:VERBOSE1:chrome\updater\updater.cc:411] Version: 142.0.7416.0, opt, x86_64, command line: "C:\Program Files (x86)\Google\GoogleUpdater\142.0.7416.0\updater.exe" --crash-handler --system "--database=C:\Program Files (x86)\Google\GoogleUpdater\142.0.7416.0\Crashpad" --url=https://clients2.google.com/cr/report --annotation=prod=Update4 --annotation=ver=142.0.7416.0 "--attachment=C:\Program Files (x86)\Google\GoogleUpdater\updater.log" --initial-client-data=0x274,0x278,0x27c,0x250,0x280,0x7ff7d2247cc4,0x7ff7d2247cd0,0x7ff7d2247ce0
[18836:34840:1006/174342.054:VERBOSE1:chrome\updater\updater.cc:414] OS version: 10.0.26100.6584, System uptime (seconds): 1050155, parent pid: 39760
[18836:34840:1006/174342.054:VERBOSE1:chrome\updater\updater.cc:325] available: 17277164K, total: 35422432K
[39760:37396:1006/174342.054:VERBOSE1:chrome\updater\crash_reporter.cc:120] Crash handler launched and ready.
[39760:37396:1006/174342.054:ERROR:chrome\updater\crash_client.cc:116] Failed to fetch completed crash reports: 3
[39760:37396:1006/174342.054:ERROR:chrome\updater\crash_client.cc:132] Failed to fetch pending crash reports: 3
[39760:37396:1006/174342.054:VERBOSE2:chrome\updater\usage_stats_permissions_win.cc:77] usage stats enabled by app {8a69d345-d564-463c-aff1-a69d9e530f96}
[39760:37396:1006/174342.054:ERROR:third_party\crashpad\crashpad\util\file\file_io_win.cc:181] CreateFile C:\Program Files (x86)\Google\GoogleUpdater\142.0.7416.0\Crashpad\settings.dat: Access is denied. (0x5)
[39760:37396:1006/174342.054:ERROR:third_party\crashpad\crashpad\util\file\file_io_win.cc:181] CreateFile C:\Program Files (x86)\Google\GoogleUpdater\142.0.7416.0\Crashpad\settings.dat: Access is denied. (0x5)
[39760:37396:1006/174342.054:VERBOSE1:chrome\updater\updater.cc:97] Crash reporting initialized.
[39760:37396:1006/174342.054:VERBOSE1:chrome\updater\updater.cc:147] IsUserAdmin: 0, IsUserNonElevatedAdmin: 0, IsUACOn: 1, IsElevatedWithUACOn: 0, LUA: 1
[39760:17804:1006/174342.074:VERBOSE1:chrome\updater\app\app_wakeall.cc:57] Launching `"C:\Program Files (x86)\Google\GoogleUpdater\142.0.7416.0\updater.exe" --wake --system`
[20548:13240:1006/174342.130:VERBOSE1:chrome\updater\updater.cc:411] Version: 142.0.7416.0, opt, x86_64, command line: "C:\Program Files (x86)\Google\GoogleUpdater\142.0.7416.0\updater.exe" --wake --system
[20548:13240:1006/174342.130:VERBOSE1:chrome\updater\updater.cc:414] OS version: 10.0.26100.6584, System uptime (seconds): 1050155, parent pid: 39760
[20548:13240:1006/174342.130:VERBOSE1:chrome\updater\updater.cc:325] available: 17273052K, total: 35422432K
[9460:40248:1006/174342.256:VERBOSE1:chrome\updater\updater.cc:411] Version: 142.0.7416.0, opt, x86_64, command line: "C:\Program Files (x86)\Google\GoogleUpdater\142.0.7416.0\updater.exe" --crash-handler --system "--database=C:\Program Files (x86)\Google\GoogleUpdater\142.0.7416.0\Crashpad" --url=https://clients2.google.com/cr/report --annotation=prod=Update4 --annotation=ver=142.0.7416.0 "--attachment=C:\Program Files (x86)\Google\GoogleUpdater\updater.log" --initial-client-data=0x278,0x27c,0x280,0x254,0x284,0x7ff7d2247cc4,0x7ff7d2247cd0,0x7ff7d2247ce0
[9460:40248:1006/174342.259:VERBOSE1:chrome\updater\updater.cc:414] OS version: 10.0.26100.6584, System uptime (seconds): 1050155, parent pid: 20548
[9460:40248:1006/174342.259:VERBOSE1:chrome\updater\updater.cc:325] available: 17270688K, total: 35422432K
[20548:13240:1006/174342.261:VERBOSE1:chrome\updater\crash_reporter.cc:120] Crash handler launched and ready.
[20548:13240:1006/174342.261:ERROR:chrome\updater\crash_client.cc:116] Failed to fetch completed crash reports: 3
[20548:13240:1006/174342.261:ERROR:chrome\updater\crash_client.cc:132] Failed to fetch pending crash reports: 3
[20548:13240:1006/174342.261:VERBOSE2:chrome\updater\usage_stats_permissions_win.cc:77] usage stats enabled by app {8a69d345-d564-463c-aff1-a69d9e530f96}
[20548:13240:1006/174342.263:ERROR:third_party\crashpad\crashpad\util\file\file_io_win.cc:181] CreateFile C:\Program Files (x86)\Google\GoogleUpdater\142.0.7416.0\Crashpad\settings.dat: Access is denied. (0x5)
[20548:13240:1006/174342.263:ERROR:third_party\crashpad\crashpad\util\file\file_io_win.cc:181] CreateFile C:\Program Files (x86)\Google\GoogleUpdater\142.0.7416.0\Crashpad\settings.dat: Access is denied. (0x5)
[20548:13240:1006/174342.263:VERBOSE1:chrome\updater\updater.cc:97] Crash reporting initialized.
[20548:13240:1006/174342.264:VERBOSE1:chrome\updater\updater.cc:147] IsUserAdmin: 0, IsUserNonElevatedAdmin: 0, IsUACOn: 1, IsElevatedWithUACOn: 0, LUA: 1
[20548:13240:1006/174342.272:VERBOSE1:chrome\updater\ipc\update_service_internal_proxy_win.cc:156] Run
[20548:24220:1006/174348.821:VERBOSE2:chrome\updater\ipc\update_service_internal_proxy_win.cc:65] Run result 0.
[20548:13240:1006/174348.821:VERBOSE1:chrome\updater\ipc\update_service_internal_proxy_win.cc:148] ~UpdateServiceInternalProxyImpl
[20548:20504:1006/174348.821:VERBOSE2:chrome\updater\ipc\proxy_impl_base_win.h:58] ~ProxyImplBase
[20548:13240:1006/174348.821:VERBOSE1:chrome\updater\updater.cc:423] UpdaterMain (--wake) returned 0.
[39760:17804:1006/174348.831:VERBOSE1:chrome\updater\app\app_wakeall.cc:67] `"C:\Program Files (x86)\Google\GoogleUpdater\142.0.7416.0\updater.exe" --wake --system` exited 0
[39760:37396:1006/174348.832:VERBOSE1:chrome\updater\updater.cc:423] UpdaterMain (--wake-all) returned 0.
[9460:40248:1006/174348.838:VERBOSE1:chrome\updater\updater.cc:423] UpdaterMain (--crash-handler) returned 0.
[18836:34840:1006/174348.838:VERBOSE1:chrome\updater\updater.cc:423] UpdaterMain (--crash-handler) returned 0.
[15944:39572:1006/224349.180:VERBOSE1:chrome\updater\updater.cc:411] Version: 142.0.7416.0, opt, x86_64, command line: "C:\Program Files (x86)\Google\GoogleUpdater\142.0.7416.0\updater.exe" --wake-all --system
[15944:39572:1006/224349.180:VERBOSE1:chrome\updater\updater.cc:414] OS version: 10.0.26100.6584, System uptime (seconds): 1068162, parent pid: 9860
[15944:39572:1006/224349.180:VERBOSE1:chrome\updater\updater.cc:325] available: 17188380K, total: 35422432K
[8548:17844:1006/224349.240:VERBOSE1:chrome\updater\updater.cc:411] Version: 142.0.7416.0, opt, x86_64, command line: "C:\Program Files (x86)\Google\GoogleUpdater\142.0.7416.0\updater.exe" --crash-handler --system "--database=C:\Program Files (x86)\Google\GoogleUpdater\142.0.7416.0\Crashpad" --url=https://clients2.google.com/cr/report --annotation=prod=Update4 --annotation=ver=142.0.7416.0 "--attachment=C:\Program Files (x86)\Google\GoogleUpdater\updater.log" --initial-client-data=0x278,0x27c,0x280,0x254,0x284,0x7ff7d2247cc4,0x7ff7d2247cd0,0x7ff7d2247ce0
[8548:17844:1006/224349.240:VERBOSE1:chrome\updater\updater.cc:414] OS version: 10.0.26100.6584, System uptime (seconds): 1068162, parent pid: 15944
[8548:17844:1006/224349.240:VERBOSE1:chrome\updater\updater.cc:325] available: 17187380K, total: 35422432K
[15944:39572:1006/224349.240:VERBOSE1:chrome\updater\crash_reporter.cc:120] Crash handler launched and ready.
[15944:39572:1006/224349.240:ERROR:chrome\updater\crash_client.cc:116] Failed to fetch completed crash reports: 3
[15944:39572:1006/224349.240:ERROR:chrome\updater\crash_client.cc:132] Failed to fetch pending crash reports: 3
[15944:39572:1006/224349.240:VERBOSE2:chrome\updater\usage_stats_permissions_win.cc:77] usage stats enabled by app {8a69d345-d564-463c-aff1-a69d9e530f96}
[15944:39572:1006/224349.240:ERROR:third_party\crashpad\crashpad\util\file\file_io_win.cc:181] CreateFile C:\Program Files (x86)\Google\GoogleUpdater\142.0.7416.0\Crashpad\settings.dat: Access is denied. (0x5)
[15944:39572:1006/224349.240:ERROR:third_party\crashpad\crashpad\util\file\file_io_win.cc:181] CreateFile C:\Program Files (x86)\Google\GoogleUpdater\142.0.7416.0\Crashpad\settings.dat: Access is denied. (0x5)
[15944:39572:1006/224349.240:VERBOSE1:chrome\updater\updater.cc:97] Crash reporting initialized.
[15944:39572:1006/224349.240:VERBOSE1:chrome\updater\updater.cc:147] IsUserAdmin: 0, IsUserNonElevatedAdmin: 0, IsUACOn: 1, IsElevatedWithUACOn: 0, LUA: 1
[15944:36628:1006/224349.256:VERBOSE1:chrome\updater\app\app_wakeall.cc:57] Launching `"C:\Program Files (x86)\Google\GoogleUpdater\142.0.7416.0\updater.exe" --wake --system`
[10228:38324:1006/224349.335:VERBOSE1:chrome\updater\updater.cc:411] Version: 142.0.7416.0, opt, x86_64, command line: "C:\Program Files (x86)\Google\GoogleUpdater\142.0.7416.0\updater.exe" --wake --system
[10228:38324:1006/224349.335:VERBOSE1:chrome\updater\updater.cc:414] OS version: 10.0.26100.6584, System uptime (seconds): 1068162, parent pid: 15944
[10228:38324:1006/224349.335:VERBOSE1:chrome\updater\updater.cc:325] available: 17182572K, total: 35422432K
[19944:30256:1006/224349.398:VERBOSE1:chrome\updater\updater.cc:411] Version: 142.0.7416.0, opt, x86_64, command line: "C:\Program Files (x86)\Google\GoogleUpdater\142.0.7416.0\updater.exe" --crash-handler --system "--database=C:\Program Files (x86)\Google\GoogleUpdater\142.0.7416.0\Crashpad" --url=https://clients2.google.com/cr/report --annotation=prod=Update4 --annotation=ver=142.0.7416.0 "--attachment=C:\Program Files (x86)\Google\GoogleUpdater\updater.log" --initial-client-data=0x26c,0x270,0x274,0x1d0,0x278,0x7ff7d2247cc4,0x7ff7d2247cd0,0x7ff7d2247ce0
[19944:30256:1006/224349.398:VERBOSE1:chrome\updater\updater.cc:414] OS version: 10.0.26100.6584, System uptime (seconds): 1068162, parent pid: 10228
[19944:30256:1006/224349.398:VERBOSE1:chrome\updater\updater.cc:325] available: 17180044K, total: 35422432K
[10228:38324:1006/224349.398:VERBOSE1:chrome\updater\crash_reporter.cc:120] Crash handler launched and ready.
[10228:38324:1006/224349.398:ERROR:chrome\updater\crash_client.cc:116] Failed to fetch completed crash reports: 3
[10228:38324:1006/224349.398:ERROR:chrome\updater\crash_client.cc:132] Failed to fetch pending crash reports: 3
[10228:38324:1006/224349.398:VERBOSE2:chrome\updater\usage_stats_permissions_win.cc:77] usage stats enabled by app {8a69d345-d564-463c-aff1-a69d9e530f96}
[10228:38324:1006/224349.398:ERROR:third_party\crashpad\crashpad\util\file\file_io_win.cc:181] CreateFile C:\Program Files (x86)\Google\GoogleUpdater\142.0.7416.0\Crashpad\settings.dat: Access is denied. (0x5)
[10228:38324:1006/224349.398:ERROR:third_party\crashpad\crashpad\util\file\file_io_win.cc:181] CreateFile C:\Program Files (x86)\Google\GoogleUpdater\142.0.7416.0\Crashpad\settings.dat: Access is denied. (0x5)
[10228:38324:1006/224349.398:VERBOSE1:chrome\updater\updater.cc:97] Crash reporting initialized.
[10228:38324:1006/224349.414:VERBOSE1:chrome\updater\updater.cc:147] IsUserAdmin: 0, IsUserNonElevatedAdmin: 0, IsUACOn: 1, IsElevatedWithUACOn: 0, LUA: 1
[10228:38324:1006/224349.421:VERBOSE1:chrome\updater\ipc\update_service_internal_proxy_win.cc:156] Run
[10228:20668:1006/224354.956:VERBOSE2:chrome\updater\ipc\update_service_internal_proxy_win.cc:65] Run result 0.
[10228:38324:1006/224354.956:VERBOSE1:chrome\updater\ipc\update_service_internal_proxy_win.cc:148] ~UpdateServiceInternalProxyImpl
[10228:30400:1006/224354.956:VERBOSE2:chrome\updater\ipc\proxy_impl_base_win.h:58] ~ProxyImplBase
[10228:38324:1006/224354.956:VERBOSE1:chrome\updater\updater.cc:423] UpdaterMain (--wake) returned 0.
[15944:36628:1006/224354.961:VERBOSE1:chrome\updater\app\app_wakeall.cc:67] `"C:\Program Files (x86)\Google\GoogleUpdater\142.0.7416.0\updater.exe" --wake --system` exited 0
[15944:39572:1006/224354.961:VERBOSE1:chrome\updater\updater.cc:423] UpdaterMain (--wake-all) returned 0.
[19944:30256:1006/224354.969:VERBOSE1:chrome\updater\updater.cc:423] UpdaterMain (--crash-handler) returned 0.
[8548:17844:1006/224354.976:VERBOSE1:chrome\updater\updater.cc:423] UpdaterMain (--crash-handler) returned 0.
[23680:19308:1007/034355.305:VERBOSE1:chrome\updater\updater.cc:411] Version: 142.0.7416.0, opt, x86_64, command line: "C:\Program Files (x86)\Google\GoogleUpdater\142.0.7416.0\updater.exe" --wake-all --system
[23680:19308:1007/034355.305:VERBOSE1:chrome\updater\updater.cc:414] OS version: 10.0.26100.6584, System uptime (seconds): 1086168, parent pid: 9860
[23680:19308:1007/034355.305:VERBOSE1:chrome\updater\updater.cc:325] available: 17580056K, total: 35422432K
[37792:20548:1007/034355.375:VERBOSE1:chrome\updater\updater.cc:411] Version: 142.0.7416.0, opt, x86_64, command line: "C:\Program Files (x86)\Google\GoogleUpdater\142.0.7416.0\updater.exe" --crash-handler --system "--database=C:\Program Files (x86)\Google\GoogleUpdater\142.0.7416.0\Crashpad" --url=https://clients2.google.com/cr/report --annotation=prod=Update4 --annotation=ver=142.0.7416.0 "--attachment=C:\Program Files (x86)\Google\GoogleUpdater\updater.log" --initial-client-data=0xd8,0x1f8,0x1fc,0xa4,0x278,0x7ff7d2247cc4,0x7ff7d2247cd0,0x7ff7d2247ce0
[37792:20548:1007/034355.375:VERBOSE1:chrome\updater\updater.cc:414] OS version: 10.0.26100.6584, System uptime (seconds): 1086168, parent pid: 23680
[37792:20548:1007/034355.375:VERBOSE1:chrome\updater\updater.cc:325] available: 17576124K, total: 35422432K
[23680:19308:1007/034355.377:VERBOSE1:chrome\updater\crash_reporter.cc:120] Crash handler launched and ready.
[23680:19308:1007/034355.379:ERROR:chrome\updater\crash_client.cc:116] Failed to fetch completed crash reports: 3
[23680:19308:1007/034355.379:ERROR:chrome\updater\crash_client.cc:132] Failed to fetch pending crash reports: 3
[23680:19308:1007/034355.379:VERBOSE2:chrome\updater\usage_stats_permissions_win.cc:77] usage stats enabled by app {8a69d345-d564-463c-aff1-a69d9e530f96}
[23680:19308:1007/034355.379:ERROR:third_party\crashpad\crashpad\util\file\file_io_win.cc:181] CreateFile C:\Program Files (x86)\Google\GoogleUpdater\142.0.7416.0\Crashpad\settings.dat: Access is denied. (0x5)
[23680:19308:1007/034355.381:ERROR:third_party\crashpad\crashpad\util\file\file_io_win.cc:181] CreateFile C:\Program Files (x86)\Google\GoogleUpdater\142.0.7416.0\Crashpad\settings.dat: Access is denied. (0x5)
[23680:19308:1007/034355.381:VERBOSE1:chrome\updater\updater.cc:97] Crash reporting initialized.
[23680:19308:1007/034355.384:VERBOSE1:chrome\updater\updater.cc:147] IsUserAdmin: 0, IsUserNonElevatedAdmin: 0, IsUACOn: 1, IsElevatedWithUACOn: 0, LUA: 1
[23680:21320:1007/034355.392:VERBOSE1:chrome\updater\app\app_wakeall.cc:57] Launching `"C:\Program Files (x86)\Google\GoogleUpdater\142.0.7416.0\updater.exe" --wake --system`
[9484:40640:1007/034355.448:VERBOSE1:chrome\updater\updater.cc:411] Version: 142.0.7416.0, opt, x86_64, command line: "C:\Program Files (x86)\Google\GoogleUpdater\142.0.7416.0\updater.exe" --wake --system
[9484:40640:1007/034355.448:VERBOSE1:chrome\updater\updater.cc:414] OS version: 10.0.26100.6584, System uptime (seconds): 1086168, parent pid: 23680
[9484:40640:1007/034355.448:VERBOSE1:chrome\updater\updater.cc:325] available: 17574476K, total: 35422432K
[37716:20968:1007/034355.506:VERBOSE1:chrome\updater\updater.cc:411] Version: 142.0.7416.0, opt, x86_64, command line: "C:\Program Files (x86)\Google\GoogleUpdater\142.0.7416.0\updater.exe" --crash-handler --system "--database=C:\Program Files (x86)\Google\GoogleUpdater\142.0.7416.0\Crashpad" --url=https://clients2.google.com/cr/report --annotation=prod=Update4 --annotation=ver=142.0.7416.0 "--attachment=C:\Program Files (x86)\Google\GoogleUpdater\updater.log" --initial-client-data=0x274,0x278,0x27c,0x250,0x280,0x7ff7d2247cc4,0x7ff7d2247cd0,0x7ff7d2247ce0
[37716:20968:1007/034355.506:VERBOSE1:chrome\updater\updater.cc:414] OS version: 10.0.26100.6584, System uptime (seconds): 1086168, parent pid: 9484
[37716:20968:1007/034355.506:VERBOSE1:chrome\updater\updater.cc:325] available: 17571564K, total: 35422432K
[9484:40640:1007/034355.506:VERBOSE1:chrome\updater\crash_reporter.cc:120] Crash handler launched and ready.
[9484:40640:1007/034355.506:ERROR:chrome\updater\crash_client.cc:116] Failed to fetch completed crash reports: 3
[9484:40640:1007/034355.506:ERROR:chrome\updater\crash_client.cc:132] Failed to fetch pending crash reports: 3
[9484:40640:1007/034355.506:VERBOSE2:chrome\updater\usage_stats_permissions_win.cc:77] usage stats enabled by app {8a69d345-d564-463c-aff1-a69d9e530f96}
[9484:40640:1007/034355.506:ERROR:third_party\crashpad\crashpad\util\file\file_io_win.cc:181] CreateFile C:\Program Files (x86)\Google\GoogleUpdater\142.0.7416.0\Crashpad\settings.dat: Access is denied. (0x5)
[9484:40640:1007/034355.506:ERROR:third_party\crashpad\crashpad\util\file\file_io_win.cc:181] CreateFile C:\Program Files (x86)\Google\GoogleUpdater\142.0.7416.0\Crashpad\settings.dat: Access is denied. (0x5)
[9484:40640:1007/034355.506:VERBOSE1:chrome\updater\updater.cc:97] Crash reporting initialized.
[9484:40640:1007/034355.506:VERBOSE1:chrome\updater\updater.cc:147] IsUserAdmin: 0, IsUserNonElevatedAdmin: 0, IsUACOn: 1, IsElevatedWithUACOn: 0, LUA: 1
[9484:40640:1007/034355.522:VERBOSE1:chrome\updater\ipc\update_service_internal_proxy_win.cc:156] Run
[9484:36944:1007/034400.090:VERBOSE2:chrome\updater\ipc\update_service_internal_proxy_win.cc:65] Run result 0.
[9484:40640:1007/034400.090:VERBOSE1:chrome\updater\ipc\update_service_internal_proxy_win.cc:148] ~UpdateServiceInternalProxyImpl
[9484:12600:1007/034400.090:VERBOSE2:chrome\updater\ipc\proxy_impl_base_win.h:58] ~ProxyImplBase
[9484:40640:1007/034400.092:VERBOSE1:chrome\updater\updater.cc:423] UpdaterMain (--wake) returned 0.
[23680:21320:1007/034400.095:VERBOSE1:chrome\updater\app\app_wakeall.cc:67] `"C:\Program Files (x86)\Google\GoogleUpdater\142.0.7416.0\updater.exe" --wake --system` exited 0
[23680:19308:1007/034400.096:VERBOSE1:chrome\updater\updater.cc:423] UpdaterMain (--wake-all) returned 0.
[37716:20968:1007/034400.098:VERBOSE1:chrome\updater\updater.cc:423] UpdaterMain (--crash-handler) returned 0.
[37792:20548:1007/034400.103:VERBOSE1:chrome\updater\updater.cc:423] UpdaterMain (--crash-handler) returned 0.
[32148:31088:1007/084400.428:VERBOSE1:chrome\updater\updater.cc:411] Version: 142.0.7416.0, opt, x86_64, command line: "C:\Program Files (x86)\Google\GoogleUpdater\142.0.7416.0\updater.exe" --wake-all --system
[32148:31088:1007/084400.428:VERBOSE1:chrome\updater\updater.cc:414] OS version: 10.0.26100.6584, System uptime (seconds): 1104173, parent pid: 9860
[32148:31088:1007/084400.428:VERBOSE1:chrome\updater\updater.cc:325] available: 17405808K, total: 35422432K
[12700:24216:1007/084400.491:VERBOSE1:chrome\updater\updater.cc:411] Version: 142.0.7416.0, opt, x86_64, command line: "C:\Program Files (x86)\Google\GoogleUpdater\142.0.7416.0\updater.exe" --crash-handler --system "--database=C:\Program Files (x86)\Google\GoogleUpdater\142.0.7416.0\Crashpad" --url=https://clients2.google.com/cr/report --annotation=prod=Update4 --annotation=ver=142.0.7416.0 "--attachment=C:\Program Files (x86)\Google\GoogleUpdater\updater.log" --initial-client-data=0x274,0x278,0x27c,0x1d8,0x280,0x7ff7d2247cc4,0x7ff7d2247cd0,0x7ff7d2247ce0
[12700:24216:1007/084400.491:VERBOSE1:chrome\updater\updater.cc:414] OS version: 10.0.26100.6584, System uptime (seconds): 1104173, parent pid: 32148
[12700:24216:1007/084400.491:VERBOSE1:chrome\updater\updater.cc:325] available: 17403764K, total: 35422432K
[32148:31088:1007/084400.491:VERBOSE1:chrome\updater\crash_reporter.cc:120] Crash handler launched and ready.
[32148:31088:1007/084400.491:ERROR:chrome\updater\crash_client.cc:116] Failed to fetch completed crash reports: 3
[32148:31088:1007/084400.491:ERROR:chrome\updater\crash_client.cc:132] Failed to fetch pending crash reports: 3
[32148:31088:1007/084400.491:VERBOSE2:chrome\updater\usage_stats_permissions_win.cc:77] usage stats enabled by app {8a69d345-d564-463c-aff1-a69d9e530f96}
[32148:31088:1007/084400.491:ERROR:third_party\crashpad\crashpad\util\file\file_io_win.cc:181] CreateFile C:\Program Files (x86)\Google\GoogleUpdater\142.0.7416.0\Crashpad\settings.dat: Access is denied. (0x5)
[32148:31088:1007/084400.505:ERROR:third_party\crashpad\crashpad\util\file\file_io_win.cc:181] CreateFile C:\Program Files (x86)\Google\GoogleUpdater\142.0.7416.0\Crashpad\settings.dat: Access is denied. (0x5)
[32148:31088:1007/084400.505:VERBOSE1:chrome\updater\updater.cc:97] Crash reporting initialized.
[32148:31088:1007/084400.507:VERBOSE1:chrome\updater\updater.cc:147] IsUserAdmin: 0, IsUserNonElevatedAdmin: 0, IsUACOn: 1, IsElevatedWithUACOn: 0, LUA: 1
[32148:21544:1007/084400.515:VERBOSE1:chrome\updater\app\app_wakeall.cc:57] Launching `"C:\Program Files (x86)\Google\GoogleUpdater\142.0.7416.0\updater.exe" --wake --system`
[11740:25056:1007/084400.570:VERBOSE1:chrome\updater\updater.cc:411] Version: 142.0.7416.0, opt, x86_64, command line: "C:\Program Files (x86)\Google\GoogleUpdater\142.0.7416.0\updater.exe" --wake --system
[11740:25056:1007/084400.570:VERBOSE1:chrome\updater\updater.cc:414] OS version: 10.0.26100.6584, System uptime (seconds): 1104173, parent pid: 32148
[11740:25056:1007/084400.572:VERBOSE1:chrome\updater\updater.cc:325] available: 17400300K, total: 35422432K
[7140:25396:1007/084400.632:VERBOSE1:chrome\updater\updater.cc:411] Version: 142.0.7416.0, opt, x86_64, command line: "C:\Program Files (x86)\Google\GoogleUpdater\142.0.7416.0\updater.exe" --crash-handler --system "--database=C:\Program Files (x86)\Google\GoogleUpdater\142.0.7416.0\Crashpad" --url=https://clients2.google.com/cr/report --annotation=prod=Update4 --annotation=ver=142.0.7416.0 "--attachment=C:\Program Files (x86)\Google\GoogleUpdater\updater.log" --initial-client-data=0x274,0x278,0x27c,0x250,0x280,0x7ff7d2247cc4,0x7ff7d2247cd0,0x7ff7d2247ce0
[7140:25396:1007/084400.632:VERBOSE1:chrome\updater\updater.cc:414] OS version: 10.0.26100.6584, System uptime (seconds): 1104173, parent pid: 11740
[7140:25396:1007/084400.633:VERBOSE1:chrome\updater\updater.cc:325] available: 17398332K, total: 35422432K
[11740:25056:1007/084400.635:VERBOSE1:chrome\updater\crash_reporter.cc:120] Crash handler launched and ready.
[11740:25056:1007/084400.636:ERROR:chrome\updater\crash_client.cc:116] Failed to fetch completed crash reports: 3
[11740:25056:1007/084400.636:ERROR:chrome\updater\crash_client.cc:132] Failed to fetch pending crash reports: 3
[11740:25056:1007/084400.636:VERBOSE2:chrome\updater\usage_stats_permissions_win.cc:77] usage stats enabled by app {8a69d345-d564-463c-aff1-a69d9e530f96}
[11740:25056:1007/084400.637:ERROR:third_party\crashpad\crashpad\util\file\file_io_win.cc:181] CreateFile C:\Program Files (x86)\Google\GoogleUpdater\142.0.7416.0\Crashpad\settings.dat: Access is denied. (0x5)
[11740:25056:1007/084400.637:ERROR:third_party\crashpad\crashpad\util\file\file_io_win.cc:181] CreateFile C:\Program Files (x86)\Google\GoogleUpdater\142.0.7416.0\Crashpad\settings.dat: Access is denied. (0x5)
[11740:25056:1007/084400.637:VERBOSE1:chrome\updater\updater.cc:97] Crash reporting initialized.
[11740:25056:1007/084400.641:VERBOSE1:chrome\updater\updater.cc:147] IsUserAdmin: 0, IsUserNonElevatedAdmin: 0, IsUACOn: 1, IsElevatedWithUACOn: 0, LUA: 1
[11740:25056:1007/084400.647:VERBOSE1:chrome\updater\ipc\update_service_internal_proxy_win.cc:156] Run
[11740:28428:1007/084406.898:VERBOSE2:chrome\updater\ipc\update_service_internal_proxy_win.cc:65] Run result 0.
[11740:25056:1007/084406.898:VERBOSE1:chrome\updater\ipc\update_service_internal_proxy_win.cc:148] ~UpdateServiceInternalProxyImpl
[11740:30252:1007/084406.898:VERBOSE2:chrome\updater\ipc\proxy_impl_base_win.h:58] ~ProxyImplBase
[11740:25056:1007/084406.904:VERBOSE1:chrome\updater\updater.cc:423] UpdaterMain (--wake) returned 0.
[32148:21544:1007/084406.907:VERBOSE1:chrome\updater\app\app_wakeall.cc:67] `"C:\Program Files (x86)\Google\GoogleUpdater\142.0.7416.0\updater.exe" --wake --system` exited 0
[32148:31088:1007/084406.908:VERBOSE1:chrome\updater\updater.cc:423] UpdaterMain (--wake-all) returned 0.
[7140:25396:1007/084406.910:VERBOSE1:chrome\updater\updater.cc:423] UpdaterMain (--crash-handler) returned 0.
[12700:24216:1007/084406.913:VERBOSE1:chrome\updater\updater.cc:423] UpdaterMain (--crash-handler) returned 0.
[29924:35496:1007/134409.412:VERBOSE1:chrome\updater\updater.cc:411] Version: 142.0.7416.0, opt, x86_64, command line: "C:\Program Files (x86)\Google\GoogleUpdater\142.0.7416.0\updater.exe" --wake-all --system
[29924:35496:1007/134409.412:VERBOSE1:chrome\updater\updater.cc:414] OS version: 10.0.26100.6584, System uptime (seconds): 1122180, parent pid: 9860
[29924:35496:1007/134409.413:VERBOSE1:chrome\updater\updater.cc:325] available: 17274184K, total: 35422432K
[37288:31364:1007/134409.477:VERBOSE1:chrome\updater\updater.cc:411] Version: 142.0.7416.0, opt, x86_64, command line: "C:\Program Files (x86)\Google\GoogleUpdater\142.0.7416.0\updater.exe" --crash-handler --system "--database=C:\Program Files (x86)\Google\GoogleUpdater\142.0.7416.0\Crashpad" --url=https://clients2.google.com/cr/report --annotation=prod=Update4 --annotation=ver=142.0.7416.0 "--attachment=C:\Program Files (x86)\Google\GoogleUpdater\updater.log" --initial-client-data=0x26c,0x270,0x274,0x248,0x278,0x7ff7d2247cc4,0x7ff7d2247cd0,0x7ff7d2247ce0
[37288:31364:1007/134409.477:VERBOSE1:chrome\updater\updater.cc:414] OS version: 10.0.26100.6584, System uptime (seconds): 1122180, parent pid: 29924
[37288:31364:1007/134409.477:VERBOSE1:chrome\updater\updater.cc:325] available: 17272076K, total: 35422432K
[29924:35496:1007/134409.481:VERBOSE1:chrome\updater\crash_reporter.cc:120] Crash handler launched and ready.
[29924:35496:1007/134409.481:ERROR:chrome\updater\crash_client.cc:116] Failed to fetch completed crash reports: 3
[29924:35496:1007/134409.481:ERROR:chrome\updater\crash_client.cc:132] Failed to fetch pending crash reports: 3
[29924:35496:1007/134409.481:VERBOSE2:chrome\updater\usage_stats_permissions_win.cc:77] usage stats enabled by app {8a69d345-d564-463c-aff1-a69d9e530f96}
[29924:35496:1007/134409.481:ERROR:third_party\crashpad\crashpad\util\file\file_io_win.cc:181] CreateFile C:\Program Files (x86)\Google\GoogleUpdater\142.0.7416.0\Crashpad\settings.dat: Access is denied. (0x5)
[29924:35496:1007/134409.483:ERROR:third_party\crashpad\crashpad\util\file\file_io_win.cc:181] CreateFile C:\Program Files (x86)\Google\GoogleUpdater\142.0.7416.0\Crashpad\settings.dat: Access is denied. (0x5)
[29924:35496:1007/134409.483:VERBOSE1:chrome\updater\updater.cc:97] Crash reporting initialized.
[29924:35496:1007/134409.485:VERBOSE1:chrome\updater\updater.cc:147] IsUserAdmin: 0, IsUserNonElevatedAdmin: 0, IsUACOn: 1, IsElevatedWithUACOn: 0, LUA: 1
[29924:27396:1007/134409.493:VERBOSE1:chrome\updater\app\app_wakeall.cc:57] Launching `"C:\Program Files (x86)\Google\GoogleUpdater\142.0.7416.0\updater.exe" --wake --system`
[20612:28520:1007/134409.563:VERBOSE1:chrome\updater\updater.cc:411] Version: 142.0.7416.0, opt, x86_64, command line: "C:\Program Files (x86)\Google\GoogleUpdater\142.0.7416.0\updater.exe" --wake --system
[20612:28520:1007/134409.563:VERBOSE1:chrome\updater\updater.cc:414] OS version: 10.0.26100.6584, System uptime (seconds): 1122180, parent pid: 29924
[20612:28520:1007/134409.563:VERBOSE1:chrome\updater\updater.cc:325] available: 17266252K, total: 35422432K
[30660:32624:1007/134409.639:VERBOSE1:chrome\updater\updater.cc:411] Version: 142.0.7416.0, opt, x86_64, command line: "C:\Program Files (x86)\Google\GoogleUpdater\142.0.7416.0\updater.exe" --crash-handler --system "--database=C:\Program Files (x86)\Google\GoogleUpdater\142.0.7416.0\Crashpad" --url=https://clients2.google.com/cr/report --annotation=prod=Update4 --annotation=ver=142.0.7416.0 "--attachment=C:\Program Files (x86)\Google\GoogleUpdater\updater.log" --initial-client-data=0x274,0x278,0x27c,0x238,0x280,0x7ff7d2247cc4,0x7ff7d2247cd0,0x7ff7d2247ce0
[30660:32624:1007/134409.639:VERBOSE1:chrome\updater\updater.cc:414] OS version: 10.0.26100.6584, System uptime (seconds): 1122180, parent pid: 20612
[30660:32624:1007/134409.639:VERBOSE1:chrome\updater\updater.cc:325] available: 17261584K, total: 35422432K
[20612:28520:1007/134409.641:VERBOSE1:chrome\updater\crash_reporter.cc:120] Crash handler launched and ready.
[20612:28520:1007/134409.642:ERROR:chrome\updater\crash_client.cc:116] Failed to fetch completed crash reports: 3
[20612:28520:1007/134409.642:ERROR:chrome\updater\crash_client.cc:132] Failed to fetch pending crash reports: 3
[20612:28520:1007/134409.644:VERBOSE2:chrome\updater\usage_stats_permissions_win.cc:77] usage stats enabled by app {8a69d345-d564-463c-aff1-a69d9e530f96}
[20612:28520:1007/134409.644:ERROR:third_party\crashpad\crashpad\util\file\file_io_win.cc:181] CreateFile C:\Program Files (x86)\Google\GoogleUpdater\142.0.7416.0\Crashpad\settings.dat: Access is denied. (0x5)
[20612:28520:1007/134409.645:ERROR:third_party\crashpad\crashpad\util\file\file_io_win.cc:181] CreateFile C:\Program Files (x86)\Google\GoogleUpdater\142.0.7416.0\Crashpad\settings.dat: Access is denied. (0x5)
[20612:28520:1007/134409.645:VERBOSE1:chrome\updater\updater.cc:97] Crash reporting initialized.
[20612:28520:1007/134409.648:VERBOSE1:chrome\updater\updater.cc:147] IsUserAdmin: 0, IsUserNonElevatedAdmin: 0, IsUACOn: 1, IsElevatedWithUACOn: 0, LUA: 1
[20612:28520:1007/134409.655:VERBOSE1:chrome\updater\ipc\update_service_internal_proxy_win.cc:156] Run
[20612:8360:1007/134413.937:VERBOSE2:chrome\updater\ipc\update_service_internal_proxy_win.cc:65] Run result 0.
[20612:28520:1007/134413.937:VERBOSE1:chrome\updater\ipc\update_service_internal_proxy_win.cc:148] ~UpdateServiceInternalProxyImpl
[20612:35172:1007/134413.937:VERBOSE2:chrome\updater\ipc\proxy_impl_base_win.h:58] ~ProxyImplBase
[20612:28520:1007/134413.937:VERBOSE1:chrome\updater\updater.cc:423] UpdaterMain (--wake) returned 0.
[29924:27396:1007/134413.937:VERBOSE1:chrome\updater\app\app_wakeall.cc:67] `"C:\Program Files (x86)\Google\GoogleUpdater\142.0.7416.0\updater.exe" --wake --system` exited 0
[29924:35496:1007/134413.937:VERBOSE1:chrome\updater\updater.cc:423] UpdaterMain (--wake-all) returned 0.
[30660:32624:1007/134413.937:VERBOSE1:chrome\updater\updater.cc:423] UpdaterMain (--crash-handler) returned 0.
[37288:31364:1007/134413.953:VERBOSE1:chrome\updater\updater.cc:423] UpdaterMain (--crash-handler) returned 0.
[18300:16128:1007/184414.275:VERBOSE1:chrome\updater\updater.cc:411] Version: 142.0.7416.0, opt, x86_64, command line: "C:\Program Files (x86)\Google\GoogleUpdater\142.0.7416.0\updater.exe" --wake-all --system
[18300:16128:1007/184414.275:VERBOSE1:chrome\updater\updater.cc:414] OS version: 10.0.26100.6584, System uptime (seconds): 1140185, parent pid: 9860
[18300:16128:1007/184414.275:VERBOSE1:chrome\updater\updater.cc:325] available: 17370520K, total: 35422432K
[13824:15524:1007/184414.332:VERBOSE1:chrome\updater\updater.cc:411] Version: 142.0.7416.0, opt, x86_64, command line: "C:\Program Files (x86)\Google\GoogleUpdater\142.0.7416.0\updater.exe" --crash-handler --system "--database=C:\Program Files (x86)\Google\GoogleUpdater\142.0.7416.0\Crashpad" --url=https://clients2.google.com/cr/report --annotation=prod=Update4 --annotation=ver=142.0.7416.0 "--attachment=C:\Program Files (x86)\Google\GoogleUpdater\updater.log" --initial-client-data=0x278,0x27c,0x280,0x254,0x284,0x7ff7d2247cc4,0x7ff7d2247cd0,0x7ff7d2247ce0
[13824:15524:1007/184414.332:VERBOSE1:chrome\updater\updater.cc:414] OS version: 10.0.26100.6584, System uptime (seconds): 1140185, parent pid: 18300
[13824:15524:1007/184414.332:VERBOSE1:chrome\updater\updater.cc:325] available: 17370672K, total: 35422432K
[18300:16128:1007/184414.332:VERBOSE1:chrome\updater\crash_reporter.cc:120] Crash handler launched and ready.
[18300:16128:1007/184414.332:ERROR:chrome\updater\crash_client.cc:116] Failed to fetch completed crash reports: 3
[18300:16128:1007/184414.332:ERROR:chrome\updater\crash_client.cc:132] Failed to fetch pending crash reports: 3
[18300:16128:1007/184414.332:VERBOSE2:chrome\updater\usage_stats_permissions_win.cc:77] usage stats enabled by app {8a69d345-d564-463c-aff1-a69d9e530f96}
[18300:16128:1007/184414.345:ERROR:third_party\crashpad\crashpad\util\file\file_io_win.cc:181] CreateFile C:\Program Files (x86)\Google\GoogleUpdater\142.0.7416.0\Crashpad\settings.dat: Access is denied. (0x5)
[18300:16128:1007/184414.345:ERROR:third_party\crashpad\crashpad\util\file\file_io_win.cc:181] CreateFile C:\Program Files (x86)\Google\GoogleUpdater\142.0.7416.0\Crashpad\settings.dat: Access is denied. (0x5)
[18300:16128:1007/184414.345:VERBOSE1:chrome\updater\updater.cc:97] Crash reporting initialized.
[18300:16128:1007/184414.348:VERBOSE1:chrome\updater\updater.cc:147] IsUserAdmin: 0, IsUserNonElevatedAdmin: 0, IsUACOn: 1, IsElevatedWithUACOn: 0, LUA: 1
[18300:13116:1007/184414.356:VERBOSE1:chrome\updater\app\app_wakeall.cc:57] Launching `"C:\Program Files (x86)\Google\GoogleUpdater\142.0.7416.0\updater.exe" --wake --system`
[37972:40940:1007/184414.421:VERBOSE1:chrome\updater\updater.cc:411] Version: 142.0.7416.0, opt, x86_64, command line: "C:\Program Files (x86)\Google\GoogleUpdater\142.0.7416.0\updater.exe" --wake --system
[37972:40940:1007/184414.421:VERBOSE1:chrome\updater\updater.cc:414] OS version: 10.0.26100.6584, System uptime (seconds): 1140185, parent pid: 18300
[37972:40940:1007/184414.421:VERBOSE1:chrome\updater\updater.cc:325] available: 17365592K, total: 35422432K
[12024:15036:1007/184414.470:VERBOSE1:chrome\updater\updater.cc:411] Version: 142.0.7416.0, opt, x86_64, command line: "C:\Program Files (x86)\Google\GoogleUpdater\142.0.7416.0\updater.exe" --crash-handler --system "--database=C:\Program Files (x86)\Google\GoogleUpdater\142.0.7416.0\Crashpad" --url=https://clients2.google.com/cr/report --annotation=prod=Update4 --annotation=ver=142.0.7416.0 "--attachment=C:\Program Files (x86)\Google\GoogleUpdater\updater.log" --initial-client-data=0x278,0x27c,0x280,0x254,0x284,0x7ff7d2247cc4,0x7ff7d2247cd0,0x7ff7d2247ce0
[12024:15036:1007/184414.470:VERBOSE1:chrome\updater\updater.cc:414] OS version: 10.0.26100.6584, System uptime (seconds): 1140185, parent pid: 37972
[12024:15036:1007/184414.470:VERBOSE1:chrome\updater\updater.cc:325] available: 17361796K, total: 35422432K
[37972:40940:1007/184414.470:VERBOSE1:chrome\updater\crash_reporter.cc:120] Crash handler launched and ready.
[37972:40940:1007/184414.470:ERROR:chrome\updater\crash_client.cc:116] Failed to fetch completed crash reports: 3
[37972:40940:1007/184414.470:ERROR:chrome\updater\crash_client.cc:132] Failed to fetch pending crash reports: 3
[37972:40940:1007/184414.470:VERBOSE2:chrome\updater\usage_stats_permissions_win.cc:77] usage stats enabled by app {8a69d345-d564-463c-aff1-a69d9e530f96}
[37972:40940:1007/184414.470:ERROR:third_party\crashpad\crashpad\util\file\file_io_win.cc:181] CreateFile C:\Program Files (x86)\Google\GoogleUpdater\142.0.7416.0\Crashpad\settings.dat: Access is denied. (0x5)
[37972:40940:1007/184414.470:ERROR:third_party\crashpad\crashpad\util\file\file_io_win.cc:181] CreateFile C:\Program Files (x86)\Google\GoogleUpdater\142.0.7416.0\Crashpad\settings.dat: Access is denied. (0x5)
[37972:40940:1007/184414.470:VERBOSE1:chrome\updater\updater.cc:97] Crash reporting initialized.
[37972:40940:1007/184414.485:VERBOSE1:chrome\updater\updater.cc:147] IsUserAdmin: 0, IsUserNonElevatedAdmin: 0, IsUACOn: 1, IsElevatedWithUACOn: 0, LUA: 1
[37972:40940:1007/184414.493:VERBOSE1:chrome\updater\ipc\update_service_internal_proxy_win.cc:156] Run
[37972:14992:1007/184419.522:VERBOSE2:chrome\updater\ipc\update_service_internal_proxy_win.cc:65] Run result 0.
[37972:40940:1007/184419.522:VERBOSE1:chrome\updater\ipc\update_service_internal_proxy_win.cc:148] ~UpdateServiceInternalProxyImpl
[37972:25944:1007/184419.522:VERBOSE2:chrome\updater\ipc\proxy_impl_base_win.h:58] ~ProxyImplBase
[37972:40940:1007/184419.523:VERBOSE1:chrome\updater\updater.cc:423] UpdaterMain (--wake) returned 0.
[18300:13116:1007/184419.527:VERBOSE1:chrome\updater\app\app_wakeall.cc:67] `"C:\Program Files (x86)\Google\GoogleUpdater\142.0.7416.0\updater.exe" --wake --system` exited 0
[18300:16128:1007/184419.528:VERBOSE1:chrome\updater\updater.cc:423] UpdaterMain (--wake-all) returned 0.
[12024:15036:1007/184419.532:VERBOSE1:chrome\updater\updater.cc:423] UpdaterMain (--crash-handler) returned 0.
[13824:15524:1007/184419.532:VERBOSE1:chrome\updater\updater.cc:423] UpdaterMain (--crash-handler) returned 0.
[18972:11992:1007/234419.841:VERBOSE1:chrome\updater\updater.cc:411] Version: 142.0.7416.0, opt, x86_64, command line: "C:\Program Files (x86)\Google\GoogleUpdater\142.0.7416.0\updater.exe" --wake-all --system
[18972:11992:1007/234419.844:VERBOSE1:chrome\updater\updater.cc:414] OS version: 10.0.26100.6584, System uptime (seconds): 1158190, parent pid: 9860
[18972:11992:1007/234419.844:VERBOSE1:chrome\updater\updater.cc:325] available: 17394536K, total: 35422432K
[40020:33848:1007/234419.900:VERBOSE1:chrome\updater\updater.cc:411] Version: 142.0.7416.0, opt, x86_64, command line: "C:\Program Files (x86)\Google\GoogleUpdater\142.0.7416.0\updater.exe" --crash-handler --system "--database=C:\Program Files (x86)\Google\GoogleUpdater\142.0.7416.0\Crashpad" --url=https://clients2.google.com/cr/report --annotation=prod=Update4 --annotation=ver=142.0.7416.0 "--attachment=C:\Program Files (x86)\Google\GoogleUpdater\updater.log" --initial-client-data=0x26c,0x270,0x274,0x248,0x278,0x7ff7d2247cc4,0x7ff7d2247cd0,0x7ff7d2247ce0
[40020:33848:1007/234419.901:VERBOSE1:chrome\updater\updater.cc:414] OS version: 10.0.26100.6584, System uptime (seconds): 1158190, parent pid: 18972
[40020:33848:1007/234419.901:VERBOSE1:chrome\updater\updater.cc:325] available: 17392476K, total: 35422432K
[18972:11992:1007/234419.903:VERBOSE1:chrome\updater\crash_reporter.cc:120] Crash handler launched and ready.
[18972:11992:1007/234419.904:ERROR:chrome\updater\crash_client.cc:116] Failed to fetch completed crash reports: 3
[18972:11992:1007/234419.904:ERROR:chrome\updater\crash_client.cc:132] Failed to fetch pending crash reports: 3
[18972:11992:1007/234419.904:VERBOSE2:chrome\updater\usage_stats_permissions_win.cc:77] usage stats enabled by app {8a69d345-d564-463c-aff1-a69d9e530f96}
[18972:11992:1007/234419.904:ERROR:third_party\crashpad\crashpad\util\file\file_io_win.cc:181] CreateFile C:\Program Files (x86)\Google\GoogleUpdater\142.0.7416.0\Crashpad\settings.dat: Access is denied. (0x5)
[18972:11992:1007/234419.905:ERROR:third_party\crashpad\crashpad\util\file\file_io_win.cc:181] CreateFile C:\Program Files (x86)\Google\GoogleUpdater\142.0.7416.0\Crashpad\settings.dat: Access is denied. (0x5)
[18972:11992:1007/234419.905:VERBOSE1:chrome\updater\updater.cc:97] Crash reporting initialized.
[18972:11992:1007/234419.906:VERBOSE1:chrome\updater\updater.cc:147] IsUserAdmin: 0, IsUserNonElevatedAdmin: 0, IsUACOn: 1, IsElevatedWithUACOn: 0, LUA: 1
[18972:18036:1007/234419.906:VERBOSE1:chrome\updater\app\app_wakeall.cc:57] Launching `"C:\Program Files (x86)\Google\GoogleUpdater\142.0.7416.0\updater.exe" --wake --system`
[9000:21280:1007/234419.967:VERBOSE1:chrome\updater\updater.cc:411] Version: 142.0.7416.0, opt, x86_64, command line: "C:\Program Files (x86)\Google\GoogleUpdater\142.0.7416.0\updater.exe" --wake --system
[9000:21280:1007/234419.967:VERBOSE1:chrome\updater\updater.cc:414] OS version: 10.0.26100.6584, System uptime (seconds): 1158190, parent pid: 18972
[9000:21280:1007/234419.969:VERBOSE1:chrome\updater\updater.cc:325] available: 17388792K, total: 35422432K
[20360:26060:1007/234420.016:VERBOSE1:chrome\updater\updater.cc:411] Version: 142.0.7416.0, opt, x86_64, command line: "C:\Program Files (x86)\Google\GoogleUpdater\142.0.7416.0\updater.exe" --crash-handler --system "--database=C:\Program Files (x86)\Google\GoogleUpdater\142.0.7416.0\Crashpad" --url=https://clients2.google.com/cr/report --annotation=prod=Update4 --annotation=ver=142.0.7416.0 "--attachment=C:\Program Files (x86)\Google\GoogleUpdater\updater.log" --initial-client-data=0x26c,0x270,0x274,0xa8,0x278,0x7ff7d2247cc4,0x7ff7d2247cd0,0x7ff7d2247ce0
[20360:26060:1007/234420.016:VERBOSE1:chrome\updater\updater.cc:414] OS version: 10.0.26100.6584, System uptime (seconds): 1158190, parent pid: 9000
[20360:26060:1007/234420.016:VERBOSE1:chrome\updater\updater.cc:325] available: 17385456K, total: 35422432K
[9000:21280:1007/234420.016:VERBOSE1:chrome\updater\crash_reporter.cc:120] Crash handler launched and ready.
[9000:21280:1007/234420.033:ERROR:chrome\updater\crash_client.cc:116] Failed to fetch completed crash reports: 3
[9000:21280:1007/234420.035:ERROR:chrome\updater\crash_client.cc:132] Failed to fetch pending crash reports: 3
[9000:21280:1007/234420.035:VERBOSE2:chrome\updater\usage_stats_permissions_win.cc:77] usage stats enabled by app {8a69d345-d564-463c-aff1-a69d9e530f96}
[9000:21280:1007/234420.037:ERROR:third_party\crashpad\crashpad\util\file\file_io_win.cc:181] CreateFile C:\Program Files (x86)\Google\GoogleUpdater\142.0.7416.0\Crashpad\settings.dat: Access is denied. (0x5)
[9000:21280:1007/234420.042:ERROR:third_party\crashpad\crashpad\util\file\file_io_win.cc:181] CreateFile C:\Program Files (x86)\Google\GoogleUpdater\142.0.7416.0\Crashpad\settings.dat: Access is denied. (0x5)
[9000:21280:1007/234420.042:VERBOSE1:chrome\updater\updater.cc:97] Crash reporting initialized.
[9000:21280:1007/234420.046:VERBOSE1:chrome\updater\updater.cc:147] IsUserAdmin: 0, IsUserNonElevatedAdmin: 0, IsUACOn: 1, IsElevatedWithUACOn: 0, LUA: 1
[9000:21280:1007/234420.047:VERBOSE1:chrome\updater\ipc\update_service_internal_proxy_win.cc:156] Run
[9000:21356:1007/234425.423:VERBOSE2:chrome\updater\ipc\update_service_internal_proxy_win.cc:65] Run result 0.
[9000:21280:1007/234425.423:VERBOSE1:chrome\updater\ipc\update_service_internal_proxy_win.cc:148] ~UpdateServiceInternalProxyImpl
[9000:19580:1007/234425.423:VERBOSE2:chrome\updater\ipc\proxy_impl_base_win.h:58] ~ProxyImplBase
[9000:21280:1007/234425.423:VERBOSE1:chrome\updater\updater.cc:423] UpdaterMain (--wake) returned 0.
[18972:18036:1007/234425.423:VERBOSE1:chrome\updater\app\app_wakeall.cc:67] `"C:\Program Files (x86)\Google\GoogleUpdater\142.0.7416.0\updater.exe" --wake --system` exited 0
[18972:11992:1007/234425.434:VERBOSE1:chrome\updater\updater.cc:423] UpdaterMain (--wake-all) returned 0.
[20360:26060:1007/234425.434:VERBOSE1:chrome\updater\updater.cc:423] UpdaterMain (--crash-handler) returned 0.
[40020:33848:1007/234425.439:VERBOSE1:chrome\updater\updater.cc:423] UpdaterMain (--crash-handler) returned 0.
[33972:35320:1008/044425.742:VERBOSE1:chrome\updater\updater.cc:411] Version: 142.0.7416.0, opt, x86_64, command line: "C:\Program Files (x86)\Google\GoogleUpdater\142.0.7416.0\updater.exe" --wake-all --system
[33972:35320:1008/044425.743:VERBOSE1:chrome\updater\updater.cc:414] OS version: 10.0.26100.6584, System uptime (seconds): 1176196, parent pid: 9860
[33972:35320:1008/044425.743:VERBOSE1:chrome\updater\updater.cc:325] available: 17349292K, total: 35422432K
[28804:2860:1008/044425.798:VERBOSE1:chrome\updater\updater.cc:411] Version: 142.0.7416.0, opt, x86_64, command line: "C:\Program Files (x86)\Google\GoogleUpdater\142.0.7416.0\updater.exe" --crash-handler --system "--database=C:\Program Files (x86)\Google\GoogleUpdater\142.0.7416.0\Crashpad" --url=https://clients2.google.com/cr/report --annotation=prod=Update4 --annotation=ver=142.0.7416.0 "--attachment=C:\Program Files (x86)\Google\GoogleUpdater\updater.log" --initial-client-data=0x274,0x278,0x27c,0xb0,0x280,0x7ff7d2247cc4,0x7ff7d2247cd0,0x7ff7d2247ce0
[28804:2860:1008/044425.798:VERBOSE1:chrome\updater\updater.cc:414] OS version: 10.0.26100.6584, System uptime (seconds): 1176196, parent pid: 33972
[28804:2860:1008/044425.798:VERBOSE1:chrome\updater\updater.cc:325] available: 17348152K, total: 35422432K
[33972:35320:1008/044425.798:VERBOSE1:chrome\updater\crash_reporter.cc:120] Crash handler launched and ready.
[33972:35320:1008/044425.798:ERROR:chrome\updater\crash_client.cc:116] Failed to fetch completed crash reports: 3
[33972:35320:1008/044425.798:ERROR:chrome\updater\crash_client.cc:132] Failed to fetch pending crash reports: 3
[33972:35320:1008/044425.798:VERBOSE2:chrome\updater\usage_stats_permissions_win.cc:77] usage stats enabled by app {8a69d345-d564-463c-aff1-a69d9e530f96}
[33972:35320:1008/044425.798:ERROR:third_party\crashpad\crashpad\util\file\file_io_win.cc:181] CreateFile C:\Program Files (x86)\Google\GoogleUpdater\142.0.7416.0\Crashpad\settings.dat: Access is denied. (0x5)
[33972:35320:1008/044425.798:ERROR:third_party\crashpad\crashpad\util\file\file_io_win.cc:181] CreateFile C:\Program Files (x86)\Google\GoogleUpdater\142.0.7416.0\Crashpad\settings.dat: Access is denied. (0x5)
[33972:35320:1008/044425.798:VERBOSE1:chrome\updater\updater.cc:97] Crash reporting initialized.
[33972:35320:1008/044425.798:VERBOSE1:chrome\updater\updater.cc:147] IsUserAdmin: 0, IsUserNonElevatedAdmin: 0, IsUACOn: 1, IsElevatedWithUACOn: 0, LUA: 1
[33972:36960:1008/044425.813:VERBOSE1:chrome\updater\app\app_wakeall.cc:57] Launching `"C:\Program Files (x86)\Google\GoogleUpdater\142.0.7416.0\updater.exe" --wake --system`
[26876:28704:1008/044425.865:VERBOSE1:chrome\updater\updater.cc:411] Version: 142.0.7416.0, opt, x86_64, command line: "C:\Program Files (x86)\Google\GoogleUpdater\142.0.7416.0\updater.exe" --wake --system
[26876:28704:1008/044425.865:VERBOSE1:chrome\updater\updater.cc:414] OS version: 10.0.26100.6584, System uptime (seconds): 1176196, parent pid: 33972
[26876:28704:1008/044425.865:VERBOSE1:chrome\updater\updater.cc:325] available: 17345988K, total: 35422432K
[28084:25252:1008/044425.925:VERBOSE1:chrome\updater\updater.cc:411] Version: 142.0.7416.0, opt, x86_64, command line: "C:\Program Files (x86)\Google\GoogleUpdater\142.0.7416.0\updater.exe" --crash-handler --system "--database=C:\Program Files (x86)\Google\GoogleUpdater\142.0.7416.0\Crashpad" --url=https://clients2.google.com/cr/report --annotation=prod=Update4 --annotation=ver=142.0.7416.0 "--attachment=C:\Program Files (x86)\Google\GoogleUpdater\updater.log" --initial-client-data=0x274,0x278,0x27c,0x150,0x280,0x7ff7d2247cc4,0x7ff7d2247cd0,0x7ff7d2247ce0
[28084:25252:1008/044425.925:VERBOSE1:chrome\updater\updater.cc:414] OS version: 10.0.26100.6584, System uptime (seconds): 1176196, parent pid: 26876
[28084:25252:1008/044425.925:VERBOSE1:chrome\updater\updater.cc:325] available: 17341664K, total: 35422432K
[26876:28704:1008/044425.927:VERBOSE1:chrome\updater\crash_reporter.cc:120] Crash handler launched and ready.
[26876:28704:1008/044425.929:ERROR:chrome\updater\crash_client.cc:116] Failed to fetch completed crash reports: 3
[26876:28704:1008/044425.929:ERROR:chrome\updater\crash_client.cc:132] Failed to fetch pending crash reports: 3
[26876:28704:1008/044425.929:VERBOSE2:chrome\updater\usage_stats_permissions_win.cc:77] usage stats enabled by app {8a69d345-d564-463c-aff1-a69d9e530f96}
[26876:28704:1008/044425.929:ERROR:third_party\crashpad\crashpad\util\file\file_io_win.cc:181] CreateFile C:\Program Files (x86)\Google\GoogleUpdater\142.0.7416.0\Crashpad\settings.dat: Access is denied. (0x5)
[26876:28704:1008/044425.931:ERROR:third_party\crashpad\crashpad\util\file\file_io_win.cc:181] CreateFile C:\Program Files (x86)\Google\GoogleUpdater\142.0.7416.0\Crashpad\settings.dat: Access is denied. (0x5)
[26876:28704:1008/044425.931:VERBOSE1:chrome\updater\updater.cc:97] Crash reporting initialized.
[26876:28704:1008/044425.933:VERBOSE1:chrome\updater\updater.cc:147] IsUserAdmin: 0, IsUserNonElevatedAdmin: 0, IsUACOn: 1, IsElevatedWithUACOn: 0, LUA: 1
[26876:28704:1008/044425.939:VERBOSE1:chrome\updater\ipc\update_service_internal_proxy_win.cc:156] Run
[26876:1632:1008/044430.955:VERBOSE2:chrome\updater\ipc\update_service_internal_proxy_win.cc:65] Run result 0.
[26876:28704:1008/044430.955:VERBOSE1:chrome\updater\ipc\update_service_internal_proxy_win.cc:148] ~UpdateServiceInternalProxyImpl
[26876:40184:1008/044430.955:VERBOSE2:chrome\updater\ipc\proxy_impl_base_win.h:58] ~ProxyImplBase
[26876:28704:1008/044430.955:VERBOSE1:chrome\updater\updater.cc:423] UpdaterMain (--wake) returned 0.
[33972:36960:1008/044430.965:VERBOSE1:chrome\updater\app\app_wakeall.cc:67] `"C:\Program Files (x86)\Google\GoogleUpdater\142.0.7416.0\updater.exe" --wake --system` exited 0
[33972:35320:1008/044430.966:VERBOSE1:chrome\updater\updater.cc:423] UpdaterMain (--wake-all) returned 0.
[28084:25252:1008/044430.968:VERBOSE1:chrome\updater\updater.cc:423] UpdaterMain (--crash-handler) returned 0.
[28804:2860:1008/044430.973:VERBOSE1:chrome\updater\updater.cc:423] UpdaterMain (--crash-handler) returned 0.
[14500:34500:1008/094431.324:VERBOSE1:chrome\updater\updater.cc:411] Version: 142.0.7416.0, opt, x86_64, command line: "C:\Program Files (x86)\Google\GoogleUpdater\142.0.7416.0\updater.exe" --wake-all --system
[14500:34500:1008/094431.324:VERBOSE1:chrome\updater\updater.cc:414] OS version: 10.0.26100.6584, System uptime (seconds): 1194202, parent pid: 9860
[14500:34500:1008/094431.324:VERBOSE1:chrome\updater\updater.cc:325] available: 17396324K, total: 35422432K
[34696:8292:1008/094431.382:VERBOSE1:chrome\updater\updater.cc:411] Version: 142.0.7416.0, opt, x86_64, command line: "C:\Program Files (x86)\Google\GoogleUpdater\142.0.7416.0\updater.exe" --crash-handler --system "--database=C:\Program Files (x86)\Google\GoogleUpdater\142.0.7416.0\Crashpad" --url=https://clients2.google.com/cr/report --annotation=prod=Update4 --annotation=ver=142.0.7416.0 "--attachment=C:\Program Files (x86)\Google\GoogleUpdater\updater.log" --initial-client-data=0x26c,0x270,0x274,0x248,0x278,0x7ff7d2247cc4,0x7ff7d2247cd0,0x7ff7d2247ce0
[34696:8292:1008/094431.382:VERBOSE1:chrome\updater\updater.cc:414] OS version: 10.0.26100.6584, System uptime (seconds): 1194202, parent pid: 14500
[34696:8292:1008/094431.383:VERBOSE1:chrome\updater\updater.cc:325] available: 17394260K, total: 35422432K
[14500:34500:1008/094431.385:VERBOSE1:chrome\updater\crash_reporter.cc:120] Crash handler launched and ready.
[14500:34500:1008/094431.385:ERROR:chrome\updater\crash_client.cc:116] Failed to fetch completed crash reports: 3
[14500:34500:1008/094431.385:ERROR:chrome\updater\crash_client.cc:132] Failed to fetch pending crash reports: 3
[14500:34500:1008/094431.386:VERBOSE2:chrome\updater\usage_stats_permissions_win.cc:77] usage stats enabled by app {8a69d345-d564-463c-aff1-a69d9e530f96}
[14500:34500:1008/094431.386:ERROR:third_party\crashpad\crashpad\util\file\file_io_win.cc:181] CreateFile C:\Program Files (x86)\Google\GoogleUpdater\142.0.7416.0\Crashpad\settings.dat: Access is denied. (0x5)
[14500:34500:1008/094431.386:ERROR:third_party\crashpad\crashpad\util\file\file_io_win.cc:181] CreateFile C:\Program Files (x86)\Google\GoogleUpdater\142.0.7416.0\Crashpad\settings.dat: Access is denied. (0x5)
[14500:34500:1008/094431.386:VERBOSE1:chrome\updater\updater.cc:97] Crash reporting initialized.
[14500:34500:1008/094431.389:VERBOSE1:chrome\updater\updater.cc:147] IsUserAdmin: 0, IsUserNonElevatedAdmin: 0, IsUACOn: 1, IsElevatedWithUACOn: 0, LUA: 1
[14500:35668:1008/094431.390:VERBOSE1:chrome\updater\app\app_wakeall.cc:57] Launching `"C:\Program Files (x86)\Google\GoogleUpdater\142.0.7416.0\updater.exe" --wake --system`
[18988:33772:1008/094431.438:VERBOSE1:chrome\updater\updater.cc:411] Version: 142.0.7416.0, opt, x86_64, command line: "C:\Program Files (x86)\Google\GoogleUpdater\142.0.7416.0\updater.exe" --wake --system
[18988:33772:1008/094431.438:VERBOSE1:chrome\updater\updater.cc:414] OS version: 10.0.26100.6584, System uptime (seconds): 1194202, parent pid: 14500
[18988:33772:1008/094431.438:VERBOSE1:chrome\updater\updater.cc:325] available: 17398796K, total: 35422432K
[28488:39632:1008/094431.500:VERBOSE1:chrome\updater\updater.cc:411] Version: 142.0.7416.0, opt, x86_64, command line: "C:\Program Files (x86)\Google\GoogleUpdater\142.0.7416.0\updater.exe" --crash-handler --system "--database=C:\Program Files (x86)\Google\GoogleUpdater\142.0.7416.0\Crashpad" --url=https://clients2.google.com/cr/report --annotation=prod=Update4 --annotation=ver=142.0.7416.0 "--attachment=C:\Program Files (x86)\Google\GoogleUpdater\updater.log" --initial-client-data=0x27c,0x280,0x284,0x258,0x288,0x7ff7d2247cc4,0x7ff7d2247cd0,0x7ff7d2247ce0
[28488:39632:1008/094431.500:VERBOSE1:chrome\updater\updater.cc:414] OS version: 10.0.26100.6584, System uptime (seconds): 1194202, parent pid: 18988
[28488:39632:1008/094431.500:VERBOSE1:chrome\updater\updater.cc:325] available: 17393432K, total: 35422432K
[18988:33772:1008/094431.500:VERBOSE1:chrome\updater\crash_reporter.cc:120] Crash handler launched and ready.
[18988:33772:1008/094431.500:ERROR:chrome\updater\crash_client.cc:116] Failed to fetch completed crash reports: 3
[18988:33772:1008/094431.500:ERROR:chrome\updater\crash_client.cc:132] Failed to fetch pending crash reports: 3
[18988:33772:1008/094431.500:VERBOSE2:chrome\updater\usage_stats_permissions_win.cc:77] usage stats enabled by app {8a69d345-d564-463c-aff1-a69d9e530f96}
[18988:33772:1008/094431.500:ERROR:third_party\crashpad\crashpad\util\file\file_io_win.cc:181] CreateFile C:\Program Files (x86)\Google\GoogleUpdater\142.0.7416.0\Crashpad\settings.dat: Access is denied. (0x5)
[18988:33772:1008/094431.500:ERROR:third_party\crashpad\crashpad\util\file\file_io_win.cc:181] CreateFile C:\Program Files (x86)\Google\GoogleUpdater\142.0.7416.0\Crashpad\settings.dat: Access is denied. (0x5)
[18988:33772:1008/094431.500:VERBOSE1:chrome\updater\updater.cc:97] Crash reporting initialized.
[18988:33772:1008/094431.516:VERBOSE1:chrome\updater\updater.cc:147] IsUserAdmin: 0, IsUserNonElevatedAdmin: 0, IsUACOn: 1, IsElevatedWithUACOn: 0, LUA: 1
[18988:33772:1008/094431.516:VERBOSE1:chrome\updater\ipc\update_service_internal_proxy_win.cc:156] Run
[18988:12212:1008/094436.833:VERBOSE2:chrome\updater\ipc\update_service_internal_proxy_win.cc:65] Run result 0.
[18988:33772:1008/094436.833:VERBOSE1:chrome\updater\ipc\update_service_internal_proxy_win.cc:148] ~UpdateServiceInternalProxyImpl
[18988:24936:1008/094436.833:VERBOSE2:chrome\updater\ipc\proxy_impl_base_win.h:58] ~ProxyImplBase
[18988:33772:1008/094436.834:VERBOSE1:chrome\updater\updater.cc:423] UpdaterMain (--wake) returned 0.
[14500:35668:1008/094436.838:VERBOSE1:chrome\updater\app\app_wakeall.cc:67] `"C:\Program Files (x86)\Google\GoogleUpdater\142.0.7416.0\updater.exe" --wake --system` exited 0
[14500:34500:1008/094436.839:VERBOSE1:chrome\updater\updater.cc:423] UpdaterMain (--wake-all) returned 0.
[28488:39632:1008/094436.840:VERBOSE1:chrome\updater\updater.cc:423] UpdaterMain (--crash-handler) returned 0.
[34696:8292:1008/094436.850:VERBOSE1:chrome\updater\updater.cc:423] UpdaterMain (--crash-handler) returned 0.
[20532:26764:1008/144439.393:VERBOSE1:chrome\updater\updater.cc:411] Version: 142.0.7416.0, opt, x86_64, command line: "C:\Program Files (x86)\Google\GoogleUpdater\142.0.7416.0\updater.exe" --wake-all --system
[20532:26764:1008/144439.393:VERBOSE1:chrome\updater\updater.cc:414] OS version: 10.0.26100.6584, System uptime (seconds): 1212208, parent pid: 9860
[20532:26764:1008/144439.393:VERBOSE1:chrome\updater\updater.cc:325] available: 17470256K, total: 35422432K
[34020:5432:1008/144439.508:VERBOSE1:chrome\updater\updater.cc:411] Version: 142.0.7416.0, opt, x86_64, command line: "C:\Program Files (x86)\Google\GoogleUpdater\142.0.7416.0\updater.exe" --crash-handler --system "--database=C:\Program Files (x86)\Google\GoogleUpdater\142.0.7416.0\Crashpad" --url=https://clients2.google.com/cr/report --annotation=prod=Update4 --annotation=ver=142.0.7416.0 "--attachment=C:\Program Files (x86)\Google\GoogleUpdater\updater.log" --initial-client-data=0x274,0x278,0x27c,0x250,0x280,0x7ff7d2247cc4,0x7ff7d2247cd0,0x7ff7d2247ce0
[34020:5432:1008/144439.508:VERBOSE1:chrome\updater\updater.cc:414] OS version: 10.0.26100.6584, System uptime (seconds): 1212208, parent pid: 20532
[34020:5432:1008/144439.508:VERBOSE1:chrome\updater\updater.cc:325] available: 17465144K, total: 35422432K
[20532:26764:1008/144439.510:VERBOSE1:chrome\updater\crash_reporter.cc:120] Crash handler launched and ready.
[20532:26764:1008/144439.511:ERROR:chrome\updater\crash_client.cc:116] Failed to fetch completed crash reports: 3
[20532:26764:1008/144439.511:ERROR:chrome\updater\crash_client.cc:132] Failed to fetch pending crash reports: 3
[20532:26764:1008/144439.511:VERBOSE2:chrome\updater\usage_stats_permissions_win.cc:77] usage stats enabled by app {8a69d345-d564-463c-aff1-a69d9e530f96}
[20532:26764:1008/144439.511:ERROR:third_party\crashpad\crashpad\util\file\file_io_win.cc:181] CreateFile C:\Program Files (x86)\Google\GoogleUpdater\142.0.7416.0\Crashpad\settings.dat: Access is denied. (0x5)
[20532:26764:1008/144439.511:ERROR:third_party\crashpad\crashpad\util\file\file_io_win.cc:181] CreateFile C:\Program Files (x86)\Google\GoogleUpdater\142.0.7416.0\Crashpad\settings.dat: Access is denied. (0x5)
[20532:26764:1008/144439.511:VERBOSE1:chrome\updater\updater.cc:97] Crash reporting initialized.
[20532:26764:1008/144439.515:VERBOSE1:chrome\updater\updater.cc:147] IsUserAdmin: 0, IsUserNonElevatedAdmin: 0, IsUACOn: 1, IsElevatedWithUACOn: 0, LUA: 1
[20532:34640:1008/144439.518:VERBOSE1:chrome\updater\app\app_wakeall.cc:57] Launching `"C:\Program Files (x86)\Google\GoogleUpdater\142.0.7416.0\updater.exe" --wake --system`
[37732:18180:1008/144439.612:VERBOSE1:chrome\updater\updater.cc:411] Version: 142.0.7416.0, opt, x86_64, command line: "C:\Program Files (x86)\Google\GoogleUpdater\142.0.7416.0\updater.exe" --wake --system
[37732:18180:1008/144439.612:VERBOSE1:chrome\updater\updater.cc:414] OS version: 10.0.26100.6584, System uptime (seconds): 1212208, parent pid: 20532
[37732:18180:1008/144439.612:VERBOSE1:chrome\updater\updater.cc:325] available: 17460400K, total: 35422432K
[32684:28156:1008/144439.669:VERBOSE1:chrome\updater\updater.cc:411] Version: 142.0.7416.0, opt, x86_64, command line: "C:\Program Files (x86)\Google\GoogleUpdater\142.0.7416.0\updater.exe" --crash-handler --system "--database=C:\Program Files (x86)\Google\GoogleUpdater\142.0.7416.0\Crashpad" --url=https://clients2.google.com/cr/report --annotation=prod=Update4 --annotation=ver=142.0.7416.0 "--attachment=C:\Program Files (x86)\Google\GoogleUpdater\updater.log" --initial-client-data=0x27c,0x280,0x284,0x258,0x288,0x7ff7d2247cc4,0x7ff7d2247cd0,0x7ff7d2247ce0
[32684:28156:1008/144439.669:VERBOSE1:chrome\updater\updater.cc:414] OS version: 10.0.26100.6584, System uptime (seconds): 1212208, parent pid: 37732
[32684:28156:1008/144439.669:VERBOSE1:chrome\updater\updater.cc:325] available: 17457296K, total: 35422432K
[37732:18180:1008/144439.676:VERBOSE1:chrome\updater\crash_reporter.cc:120] Crash handler launched and ready.
[37732:18180:1008/144439.676:ERROR:chrome\updater\crash_client.cc:116] Failed to fetch completed crash reports: 3
[37732:18180:1008/144439.676:ERROR:chrome\updater\crash_client.cc:132] Failed to fetch pending crash reports: 3
[37732:18180:1008/144439.676:VERBOSE2:chrome\updater\usage_stats_permissions_win.cc:77] usage stats enabled by app {8a69d345-d564-463c-aff1-a69d9e530f96}
[37732:18180:1008/144439.676:ERROR:third_party\crashpad\crashpad\util\file\file_io_win.cc:181] CreateFile C:\Program Files (x86)\Google\GoogleUpdater\142.0.7416.0\Crashpad\settings.dat: Access is denied. (0x5)
[37732:18180:1008/144439.676:ERROR:third_party\crashpad\crashpad\util\file\file_io_win.cc:181] CreateFile C:\Program Files (x86)\Google\GoogleUpdater\142.0.7416.0\Crashpad\settings.dat: Access is denied. (0x5)
[37732:18180:1008/144439.676:VERBOSE1:chrome\updater\updater.cc:97] Crash reporting initialized.
[37732:18180:1008/144439.676:VERBOSE1:chrome\updater\updater.cc:147] IsUserAdmin: 0, IsUserNonElevatedAdmin: 0, IsUACOn: 1, IsElevatedWithUACOn: 0, LUA: 1
[37732:18180:1008/144439.676:VERBOSE1:chrome\updater\ipc\update_service_internal_proxy_win.cc:156] Run
[37732:19732:1008/144443.799:VERBOSE2:chrome\updater\ipc\update_service_internal_proxy_win.cc:65] Run result 0.
[37732:18180:1008/144443.799:VERBOSE1:chrome\updater\ipc\update_service_internal_proxy_win.cc:148] ~UpdateServiceInternalProxyImpl
[37732:35720:1008/144443.799:VERBOSE2:chrome\updater\ipc\proxy_impl_base_win.h:58] ~ProxyImplBase
[37732:18180:1008/144443.799:VERBOSE1:chrome\updater\updater.cc:423] UpdaterMain (--wake) returned 0.
[20532:34640:1008/144443.799:VERBOSE1:chrome\updater\app\app_wakeall.cc:67] `"C:\Program Files (x86)\Google\GoogleUpdater\142.0.7416.0\updater.exe" --wake --system` exited 0
[20532:26764:1008/144443.799:VERBOSE1:chrome\updater\updater.cc:423] UpdaterMain (--wake-all) returned 0.
[32684:28156:1008/144443.799:VERBOSE1:chrome\updater\updater.cc:423] UpdaterMain (--crash-handler) returned 0.
[34020:5432:1008/144443.815:VERBOSE1:chrome\updater\updater.cc:423] UpdaterMain (--crash-handler) returned 0.
[6996:30816:1008/194444.126:VERBOSE1:chrome\updater\updater.cc:411] Version: 142.0.7416.0, opt, x86_64, command line: "C:\Program Files (x86)\Google\GoogleUpdater\142.0.7416.0\updater.exe" --wake-all --system
[6996:30816:1008/194444.126:VERBOSE1:chrome\updater\updater.cc:414] OS version: 10.0.26100.6584, System uptime (seconds): 1230212, parent pid: 9860
[6996:30816:1008/194444.126:VERBOSE1:chrome\updater\updater.cc:325] available: 17386360K, total: 35422432K
[36640:18696:1008/194444.187:VERBOSE1:chrome\updater\updater.cc:411] Version: 142.0.7416.0, opt, x86_64, command line: "C:\Program Files (x86)\Google\GoogleUpdater\142.0.7416.0\updater.exe" --crash-handler --system "--database=C:\Program Files (x86)\Google\GoogleUpdater\142.0.7416.0\Crashpad" --url=https://clients2.google.com/cr/report --annotation=prod=Update4 --annotation=ver=142.0.7416.0 "--attachment=C:\Program Files (x86)\Google\GoogleUpdater\updater.log" --initial-client-data=0x280,0x284,0x288,0x25c,0x28c,0x7ff7d2247cc4,0x7ff7d2247cd0,0x7ff7d2247ce0
[36640:18696:1008/194444.188:VERBOSE1:chrome\updater\updater.cc:414] OS version: 10.0.26100.6584, System uptime (seconds): 1230212, parent pid: 6996
[36640:18696:1008/194444.188:VERBOSE1:chrome\updater\updater.cc:325] available: 17384280K, total: 35422432K
[6996:30816:1008/194444.189:VERBOSE1:chrome\updater\crash_reporter.cc:120] Crash handler launched and ready.
[6996:30816:1008/194444.189:ERROR:chrome\updater\crash_client.cc:116] Failed to fetch completed crash reports: 3
[6996:30816:1008/194444.189:ERROR:chrome\updater\crash_client.cc:132] Failed to fetch pending crash reports: 3
[6996:30816:1008/194444.189:VERBOSE2:chrome\updater\usage_stats_permissions_win.cc:77] usage stats enabled by app {8a69d345-d564-463c-aff1-a69d9e530f96}
[6996:30816:1008/194444.189:ERROR:third_party\crashpad\crashpad\util\file\file_io_win.cc:181] CreateFile C:\Program Files (x86)\Google\GoogleUpdater\142.0.7416.0\Crashpad\settings.dat: Access is denied. (0x5)
[6996:30816:1008/194444.189:ERROR:third_party\crashpad\crashpad\util\file\file_io_win.cc:181] CreateFile C:\Program Files (x86)\Google\GoogleUpdater\142.0.7416.0\Crashpad\settings.dat: Access is denied. (0x5)
[6996:30816:1008/194444.189:VERBOSE1:chrome\updater\updater.cc:97] Crash reporting initialized.
[6996:30816:1008/194444.189:VERBOSE1:chrome\updater\updater.cc:147] IsUserAdmin: 0, IsUserNonElevatedAdmin: 0, IsUACOn: 1, IsElevatedWithUACOn: 0, LUA: 1
[6996:37784:1008/194444.189:VERBOSE1:chrome\updater\app\app_wakeall.cc:57] Launching `"C:\Program Files (x86)\Google\GoogleUpdater\142.0.7416.0\updater.exe" --wake --system`
[11968:26564:1008/194444.259:VERBOSE1:chrome\updater\updater.cc:411] Version: 142.0.7416.0, opt, x86_64, command line: "C:\Program Files (x86)\Google\GoogleUpdater\142.0.7416.0\updater.exe" --wake --system
[11968:26564:1008/194444.259:VERBOSE1:chrome\updater\updater.cc:414] OS version: 10.0.26100.6584, System uptime (seconds): 1230212, parent pid: 6996
[11968:26564:1008/194444.259:VERBOSE1:chrome\updater\updater.cc:325] available: 17379140K, total: 35422432K
[36584:21036:1008/194444.315:VERBOSE1:chrome\updater\updater.cc:411] Version: 142.0.7416.0, opt, x86_64, command line: "C:\Program Files (x86)\Google\GoogleUpdater\142.0.7416.0\updater.exe" --crash-handler --system "--database=C:\Program Files (x86)\Google\GoogleUpdater\142.0.7416.0\Crashpad" --url=https://clients2.google.com/cr/report --annotation=prod=Update4 --annotation=ver=142.0.7416.0 "--attachment=C:\Program Files (x86)\Google\GoogleUpdater\updater.log" --initial-client-data=0x270,0x274,0x278,0x248,0x27c,0x7ff7d2247cc4,0x7ff7d2247cd0,0x7ff7d2247ce0
[36584:21036:1008/194444.315:VERBOSE1:chrome\updater\updater.cc:414] OS version: 10.0.26100.6584, System uptime (seconds): 1230212, parent pid: 11968
[36584:21036:1008/194444.315:VERBOSE1:chrome\updater\updater.cc:325] available: 17376012K, total: 35422432K
[11968:26564:1008/194444.315:VERBOSE1:chrome\updater\crash_reporter.cc:120] Crash handler launched and ready.
[11968:26564:1008/194444.315:ERROR:chrome\updater\crash_client.cc:116] Failed to fetch completed crash reports: 3
[11968:26564:1008/194444.315:ERROR:chrome\updater\crash_client.cc:132] Failed to fetch pending crash reports: 3
[11968:26564:1008/194444.315:VERBOSE2:chrome\updater\usage_stats_permissions_win.cc:77] usage stats enabled by app {8a69d345-d564-463c-aff1-a69d9e530f96}
[11968:26564:1008/194444.315:ERROR:third_party\crashpad\crashpad\util\file\file_io_win.cc:181] CreateFile C:\Program Files (x86)\Google\GoogleUpdater\142.0.7416.0\Crashpad\settings.dat: Access is denied. (0x5)
[11968:26564:1008/194444.315:ERROR:third_party\crashpad\crashpad\util\file\file_io_win.cc:181] CreateFile C:\Program Files (x86)\Google\GoogleUpdater\142.0.7416.0\Crashpad\settings.dat: Access is denied. (0x5)
[11968:26564:1008/194444.315:VERBOSE1:chrome\updater\updater.cc:97] Crash reporting initialized.
[11968:26564:1008/194444.315:VERBOSE1:chrome\updater\updater.cc:147] IsUserAdmin: 0, IsUserNonElevatedAdmin: 0, IsUACOn: 1, IsElevatedWithUACOn: 0, LUA: 1
[11968:26564:1008/194444.331:VERBOSE1:chrome\updater\ipc\update_service_internal_proxy_win.cc:156] Run
[11968:29816:1008/194449.051:VERBOSE2:chrome\updater\ipc\update_service_internal_proxy_win.cc:65] Run result 0.
[11968:26564:1008/194449.051:VERBOSE1:chrome\updater\ipc\update_service_internal_proxy_win.cc:148] ~UpdateServiceInternalProxyImpl
[11968:21016:1008/194449.051:VERBOSE2:chrome\updater\ipc\proxy_impl_base_win.h:58] ~ProxyImplBase
[11968:26564:1008/194449.051:VERBOSE1:chrome\updater\updater.cc:423] UpdaterMain (--wake) returned 0.
[6996:37784:1008/194449.051:VERBOSE1:chrome\updater\app\app_wakeall.cc:67] `"C:\Program Files (x86)\Google\GoogleUpdater\142.0.7416.0\updater.exe" --wake --system` exited 0
[6996:30816:1008/194449.051:VERBOSE1:chrome\updater\updater.cc:423] UpdaterMain (--wake-all) returned 0.
[36640:18696:1008/194449.066:VERBOSE1:chrome\updater\updater.cc:423] UpdaterMain (--crash-handler) returned 0.
[36584:21036:1008/194449.066:VERBOSE1:chrome\updater\updater.cc:423] UpdaterMain (--crash-handler) returned 0.
[29976:1388:1009/004449.382:VERBOSE1:chrome\updater\updater.cc:411] Version: 142.0.7416.0, opt, x86_64, command line: "C:\Program Files (x86)\Google\GoogleUpdater\142.0.7416.0\updater.exe" --wake-all --system
[29976:1388:1009/004449.382:VERBOSE1:chrome\updater\updater.cc:414] OS version: 10.0.26100.6584, System uptime (seconds): 1248218, parent pid: 9860
[29976:1388:1009/004449.382:VERBOSE1:chrome\updater\updater.cc:325] available: 17416256K, total: 35422432K
[5992:28868:1009/004449.468:VERBOSE1:chrome\updater\updater.cc:411] Version: 142.0.7416.0, opt, x86_64, command line: "C:\Program Files (x86)\Google\GoogleUpdater\142.0.7416.0\updater.exe" --crash-handler --system "--database=C:\Program Files (x86)\Google\GoogleUpdater\142.0.7416.0\Crashpad" --url=https://clients2.google.com/cr/report --annotation=prod=Update4 --annotation=ver=142.0.7416.0 "--attachment=C:\Program Files (x86)\Google\GoogleUpdater\updater.log" --initial-client-data=0x270,0x274,0x278,0x24c,0x27c,0x7ff7d2247cc4,0x7ff7d2247cd0,0x7ff7d2247ce0
[5992:28868:1009/004449.468:VERBOSE1:chrome\updater\updater.cc:414] OS version: 10.0.26100.6584, System uptime (seconds): 1248218, parent pid: 29976
[5992:28868:1009/004449.472:VERBOSE1:chrome\updater\updater.cc:325] available: 17412220K, total: 35422432K
[29976:1388:1009/004449.472:VERBOSE1:chrome\updater\crash_reporter.cc:120] Crash handler launched and ready.
[29976:1388:1009/004449.472:ERROR:chrome\updater\crash_client.cc:116] Failed to fetch completed crash reports: 3
[29976:1388:1009/004449.472:ERROR:chrome\updater\crash_client.cc:132] Failed to fetch pending crash reports: 3
[29976:1388:1009/004449.472:VERBOSE2:chrome\updater\usage_stats_permissions_win.cc:77] usage stats enabled by app {8a69d345-d564-463c-aff1-a69d9e530f96}
[29976:1388:1009/004449.472:ERROR:third_party\crashpad\crashpad\util\file\file_io_win.cc:181] CreateFile C:\Program Files (x86)\Google\GoogleUpdater\142.0.7416.0\Crashpad\settings.dat: Access is denied. (0x5)
[29976:1388:1009/004449.472:ERROR:third_party\crashpad\crashpad\util\file\file_io_win.cc:181] CreateFile C:\Program Files (x86)\Google\GoogleUpdater\142.0.7416.0\Crashpad\settings.dat: Access is denied. (0x5)
[29976:1388:1009/004449.472:VERBOSE1:chrome\updater\updater.cc:97] Crash reporting initialized.
[29976:1388:1009/004449.472:VERBOSE1:chrome\updater\updater.cc:147] IsUserAdmin: 0, IsUserNonElevatedAdmin: 0, IsUACOn: 1, IsElevatedWithUACOn: 0, LUA: 1
[29976:31976:1009/004449.487:VERBOSE1:chrome\updater\app\app_wakeall.cc:57] Launching `"C:\Program Files (x86)\Google\GoogleUpdater\142.0.7416.0\updater.exe" --wake --system`
[24748:37672:1009/004449.538:VERBOSE1:chrome\updater\updater.cc:411] Version: 142.0.7416.0, opt, x86_64, command line: "C:\Program Files (x86)\Google\GoogleUpdater\142.0.7416.0\updater.exe" --wake --system
[24748:37672:1009/004449.538:VERBOSE1:chrome\updater\updater.cc:414] OS version: 10.0.26100.6584, System uptime (seconds): 1248218, parent pid: 29976
[24748:37672:1009/004449.538:VERBOSE1:chrome\updater\updater.cc:325] available: 17411192K, total: 35422432K
[34500:19952:1009/004449.611:VERBOSE1:chrome\updater\updater.cc:411] Version: 142.0.7416.0, opt, x86_64, command line: "C:\Program Files (x86)\Google\GoogleUpdater\142.0.7416.0\updater.exe" --crash-handler --system "--database=C:\Program Files (x86)\Google\GoogleUpdater\142.0.7416.0\Crashpad" --url=https://clients2.google.com/cr/report --annotation=prod=Update4 --annotation=ver=142.0.7416.0 "--attachment=C:\Program Files (x86)\Google\GoogleUpdater\updater.log" --initial-client-data=0x274,0x278,0x27c,0x250,0x280,0x7ff7d2247cc4,0x7ff7d2247cd0,0x7ff7d2247ce0
[34500:19952:1009/004449.611:VERBOSE1:chrome\updater\updater.cc:414] OS version: 10.0.26100.6584, System uptime (seconds): 1248218, parent pid: 24748
[34500:19952:1009/004449.611:VERBOSE1:chrome\updater\updater.cc:325] available: 17408080K, total: 35422432K
[24748:37672:1009/004449.611:VERBOSE1:chrome\updater\crash_reporter.cc:120] Crash handler launched and ready.
[24748:37672:1009/004449.611:ERROR:chrome\updater\crash_client.cc:116] Failed to fetch completed crash reports: 3
[24748:37672:1009/004449.611:ERROR:chrome\updater\crash_client.cc:132] Failed to fetch pending crash reports: 3
[24748:37672:1009/004449.611:VERBOSE2:chrome\updater\usage_stats_permissions_win.cc:77] usage stats enabled by app {8a69d345-d564-463c-aff1-a69d9e530f96}
[24748:37672:1009/004449.611:ERROR:third_party\crashpad\crashpad\util\file\file_io_win.cc:181] CreateFile C:\Program Files (x86)\Google\GoogleUpdater\142.0.7416.0\Crashpad\settings.dat: Access is denied. (0x5)
[24748:37672:1009/004449.611:ERROR:third_party\crashpad\crashpad\util\file\file_io_win.cc:181] CreateFile C:\Program Files (x86)\Google\GoogleUpdater\142.0.7416.0\Crashpad\settings.dat: Access is denied. (0x5)
[24748:37672:1009/004449.611:VERBOSE1:chrome\updater\updater.cc:97] Crash reporting initialized.
[24748:37672:1009/004449.611:VERBOSE1:chrome\updater\updater.cc:147] IsUserAdmin: 0, IsUserNonElevatedAdmin: 0, IsUACOn: 1, IsElevatedWithUACOn: 0, LUA: 1
[24748:37672:1009/004449.627:VERBOSE1:chrome\updater\ipc\update_service_internal_proxy_win.cc:156] Run
[24748:7200:1009/004452.475:VERBOSE2:chrome\updater\ipc\update_service_internal_proxy_win.cc:65] Run result 0.
[24748:37672:1009/004452.475:VERBOSE1:chrome\updater\ipc\update_service_internal_proxy_win.cc:148] ~UpdateServiceInternalProxyImpl
[24748:29936:1009/004452.475:VERBOSE2:chrome\updater\ipc\proxy_impl_base_win.h:58] ~ProxyImplBase
[24748:37672:1009/004452.475:VERBOSE1:chrome\updater\updater.cc:423] UpdaterMain (--wake) returned 0.
[29976:31976:1009/004452.486:VERBOSE1:chrome\updater\app\app_wakeall.cc:67] `"C:\Program Files (x86)\Google\GoogleUpdater\142.0.7416.0\updater.exe" --wake --system` exited 0
[29976:1388:1009/004452.487:VERBOSE1:chrome\updater\updater.cc:423] UpdaterMain (--wake-all) returned 0.
[34500:19952:1009/004452.489:VERBOSE1:chrome\updater\updater.cc:423] UpdaterMain (--crash-handler) returned 0.
[5992:28868:1009/004452.492:VERBOSE1:chrome\updater\updater.cc:423] UpdaterMain (--crash-handler) returned 0.
[18004:36932:1009/054452.838:VERBOSE1:chrome\updater\updater.cc:411] Version: 142.0.7416.0, opt, x86_64, command line: "C:\Program Files (x86)\Google\GoogleUpdater\142.0.7416.0\updater.exe" --wake-all --system
[18004:36932:1009/054452.838:VERBOSE1:chrome\updater\updater.cc:414] OS version: 10.0.26100.6584, System uptime (seconds): 1266221, parent pid: 9860
[18004:36932:1009/054452.838:VERBOSE1:chrome\updater\updater.cc:325] available: 17437452K, total: 35422432K
[27224:24512:1009/054452.906:VERBOSE1:chrome\updater\updater.cc:411] Version: 142.0.7416.0, opt, x86_64, command line: "C:\Program Files (x86)\Google\GoogleUpdater\142.0.7416.0\updater.exe" --crash-handler --system "--database=C:\Program Files (x86)\Google\GoogleUpdater\142.0.7416.0\Crashpad" --url=https://clients2.google.com/cr/report --annotation=prod=Update4 --annotation=ver=142.0.7416.0 "--attachment=C:\Program Files (x86)\Google\GoogleUpdater\updater.log" --initial-client-data=0x26c,0x270,0x274,0x248,0x278,0x7ff7d2247cc4,0x7ff7d2247cd0,0x7ff7d2247ce0
[27224:24512:1009/054452.906:VERBOSE1:chrome\updater\updater.cc:414] OS version: 10.0.26100.6584, System uptime (seconds): 1266221, parent pid: 18004
[27224:24512:1009/054452.906:VERBOSE1:chrome\updater\updater.cc:325] available: 17434784K, total: 35422432K
[18004:36932:1009/054452.908:VERBOSE1:chrome\updater\crash_reporter.cc:120] Crash handler launched and ready.
[18004:36932:1009/054452.910:ERROR:chrome\updater\crash_client.cc:116] Failed to fetch completed crash reports: 3
[18004:36932:1009/054452.910:ERROR:chrome\updater\crash_client.cc:132] Failed to fetch pending crash reports: 3
[18004:36932:1009/054452.910:VERBOSE2:chrome\updater\usage_stats_permissions_win.cc:77] usage stats enabled by app {8a69d345-d564-463c-aff1-a69d9e530f96}
[18004:36932:1009/054452.910:ERROR:third_party\crashpad\crashpad\util\file\file_io_win.cc:181] CreateFile C:\Program Files (x86)\Google\GoogleUpdater\142.0.7416.0\Crashpad\settings.dat: Access is denied. (0x5)
[18004:36932:1009/054452.910:ERROR:third_party\crashpad\crashpad\util\file\file_io_win.cc:181] CreateFile C:\Program Files (x86)\Google\GoogleUpdater\142.0.7416.0\Crashpad\settings.dat: Access is denied. (0x5)
[18004:36932:1009/054452.910:VERBOSE1:chrome\updater\updater.cc:97] Crash reporting initialized.
[18004:36932:1009/054452.914:VERBOSE1:chrome\updater\updater.cc:147] IsUserAdmin: 0, IsUserNonElevatedAdmin: 0, IsUACOn: 1, IsElevatedWithUACOn: 0, LUA: 1
[18004:31684:1009/054452.922:VERBOSE1:chrome\updater\app\app_wakeall.cc:57] Launching `"C:\Program Files (x86)\Google\GoogleUpdater\142.0.7416.0\updater.exe" --wake --system`
[40044:18112:1009/054452.977:VERBOSE1:chrome\updater\updater.cc:411] Version: 142.0.7416.0, opt, x86_64, command line: "C:\Program Files (x86)\Google\GoogleUpdater\142.0.7416.0\updater.exe" --wake --system
[40044:18112:1009/054452.977:VERBOSE1:chrome\updater\updater.cc:414] OS version: 10.0.26100.6584, System uptime (seconds): 1266221, parent pid: 18004
[40044:18112:1009/054452.977:VERBOSE1:chrome\updater\updater.cc:325] available: 17433164K, total: 35422432K
[21696:10776:1009/054453.043:VERBOSE1:chrome\updater\updater.cc:411] Version: 142.0.7416.0, opt, x86_64, command line: "C:\Program Files (x86)\Google\GoogleUpdater\142.0.7416.0\updater.exe" --crash-handler --system "--database=C:\Program Files (x86)\Google\GoogleUpdater\142.0.7416.0\Crashpad" --url=https://clients2.google.com/cr/report --annotation=prod=Update4 --annotation=ver=142.0.7416.0 "--attachment=C:\Program Files (x86)\Google\GoogleUpdater\updater.log" --initial-client-data=0x270,0x274,0x278,0x24c,0x27c,0x7ff7d2247cc4,0x7ff7d2247cd0,0x7ff7d2247ce0
[21696:10776:1009/054453.043:VERBOSE1:chrome\updater\updater.cc:414] OS version: 10.0.26100.6584, System uptime (seconds): 1266221, parent pid: 40044
[21696:10776:1009/054453.043:VERBOSE1:chrome\updater\updater.cc:325] available: 17430048K, total: 35422432K
[40044:18112:1009/054453.045:VERBOSE1:chrome\updater\crash_reporter.cc:120] Crash handler launched and ready.
[40044:18112:1009/054453.046:ERROR:chrome\updater\crash_client.cc:116] Failed to fetch completed crash reports: 3
[40044:18112:1009/054453.046:ERROR:chrome\updater\crash_client.cc:132] Failed to fetch pending crash reports: 3
[40044:18112:1009/054453.047:VERBOSE2:chrome\updater\usage_stats_permissions_win.cc:77] usage stats enabled by app {8a69d345-d564-463c-aff1-a69d9e530f96}
[40044:18112:1009/054453.047:ERROR:third_party\crashpad\crashpad\util\file\file_io_win.cc:181] CreateFile C:\Program Files (x86)\Google\GoogleUpdater\142.0.7416.0\Crashpad\settings.dat: Access is denied. (0x5)
[40044:18112:1009/054453.047:ERROR:third_party\crashpad\crashpad\util\file\file_io_win.cc:181] CreateFile C:\Program Files (x86)\Google\GoogleUpdater\142.0.7416.0\Crashpad\settings.dat: Access is denied. (0x5)
[40044:18112:1009/054453.047:VERBOSE1:chrome\updater\updater.cc:97] Crash reporting initialized.
[40044:18112:1009/054453.049:VERBOSE1:chrome\updater\updater.cc:147] IsUserAdmin: 0, IsUserNonElevatedAdmin: 0, IsUACOn: 1, IsElevatedWithUACOn: 0, LUA: 1
[40044:18112:1009/054453.049:VERBOSE1:chrome\updater\ipc\update_service_internal_proxy_win.cc:156] Run
[40044:38392:1009/054456.034:VERBOSE2:chrome\updater\ipc\update_service_internal_proxy_win.cc:65] Run result 0.
[40044:18112:1009/054456.034:VERBOSE1:chrome\updater\ipc\update_service_internal_proxy_win.cc:148] ~UpdateServiceInternalProxyImpl
[40044:28332:1009/054456.034:VERBOSE2:chrome\updater\ipc\proxy_impl_base_win.h:58] ~ProxyImplBase
[40044:18112:1009/054456.034:VERBOSE1:chrome\updater\updater.cc:423] UpdaterMain (--wake) returned 0.
[18004:31684:1009/054456.034:VERBOSE1:chrome\updater\app\app_wakeall.cc:67] `"C:\Program Files (x86)\Google\GoogleUpdater\142.0.7416.0\updater.exe" --wake --system` exited 0
[18004:36932:1009/054456.034:VERBOSE1:chrome\updater\updater.cc:423] UpdaterMain (--wake-all) returned 0.
[21696:10776:1009/054456.034:VERBOSE1:chrome\updater\updater.cc:423] UpdaterMain (--crash-handler) returned 0.
[27224:24512:1009/054456.063:VERBOSE1:chrome\updater\updater.cc:423] UpdaterMain (--crash-handler) returned 0.
[20532:9952:1009/104456.409:VERBOSE1:chrome\updater\updater.cc:411] Version: 142.0.7416.0, opt, x86_64, command line: "C:\Program Files (x86)\Google\GoogleUpdater\142.0.7416.0\updater.exe" --wake-all --system
[20532:9952:1009/104456.409:VERBOSE1:chrome\updater\updater.cc:414] OS version: 10.0.26100.6584, System uptime (seconds): 1284225, parent pid: 9860
[20532:9952:1009/104456.409:VERBOSE1:chrome\updater\updater.cc:325] available: 17868296K, total: 35422432K
[27536:820:1009/104456.494:VERBOSE1:chrome\updater\updater.cc:411] Version: 142.0.7416.0, opt, x86_64, command line: "C:\Program Files (x86)\Google\GoogleUpdater\142.0.7416.0\updater.exe" --crash-handler --system "--database=C:\Program Files (x86)\Google\GoogleUpdater\142.0.7416.0\Crashpad" --url=https://clients2.google.com/cr/report --annotation=prod=Update4 --annotation=ver=142.0.7416.0 "--attachment=C:\Program Files (x86)\Google\GoogleUpdater\updater.log" --initial-client-data=0x278,0x27c,0x280,0xc8,0x284,0x7ff7d2247cc4,0x7ff7d2247cd0,0x7ff7d2247ce0
[27536:820:1009/104456.494:VERBOSE1:chrome\updater\updater.cc:414] OS version: 10.0.26100.6584, System uptime (seconds): 1284225, parent pid: 20532
[27536:820:1009/104456.494:VERBOSE1:chrome\updater\updater.cc:325] available: 17866128K, total: 35422432K
[20532:9952:1009/104456.494:VERBOSE1:chrome\updater\crash_reporter.cc:120] Crash handler launched and ready.
[20532:9952:1009/104456.494:ERROR:chrome\updater\crash_client.cc:116] Failed to fetch completed crash reports: 3
[20532:9952:1009/104456.494:ERROR:chrome\updater\crash_client.cc:132] Failed to fetch pending crash reports: 3
[20532:9952:1009/104456.494:VERBOSE2:chrome\updater\usage_stats_permissions_win.cc:77] usage stats enabled by app {8a69d345-d564-463c-aff1-a69d9e530f96}
[20532:9952:1009/104456.494:ERROR:third_party\crashpad\crashpad\util\file\file_io_win.cc:181] CreateFile C:\Program Files (x86)\Google\GoogleUpdater\142.0.7416.0\Crashpad\settings.dat: Access is denied. (0x5)
[20532:9952:1009/104456.494:ERROR:third_party\crashpad\crashpad\util\file\file_io_win.cc:181] CreateFile C:\Program Files (x86)\Google\GoogleUpdater\142.0.7416.0\Crashpad\settings.dat: Access is denied. (0x5)
[20532:9952:1009/104456.494:VERBOSE1:chrome\updater\updater.cc:97] Crash reporting initialized.
[20532:9952:1009/104456.502:VERBOSE1:chrome\updater\updater.cc:147] IsUserAdmin: 0, IsUserNonElevatedAdmin: 0, IsUACOn: 1, IsElevatedWithUACOn: 0, LUA: 1
[20532:13296:1009/104456.507:VERBOSE1:chrome\updater\app\app_wakeall.cc:57] Launching `"C:\Program Files (x86)\Google\GoogleUpdater\142.0.7416.0\updater.exe" --wake --system`
[26292:11708:1009/104456.575:VERBOSE1:chrome\updater\updater.cc:411] Version: 142.0.7416.0, opt, x86_64, command line: "C:\Program Files (x86)\Google\GoogleUpdater\142.0.7416.0\updater.exe" --wake --system
[26292:11708:1009/104456.575:VERBOSE1:chrome\updater\updater.cc:414] OS version: 10.0.26100.6584, System uptime (seconds): 1284225, parent pid: 20532
[26292:11708:1009/104456.575:VERBOSE1:chrome\updater\updater.cc:325] available: 17857172K, total: 35422432K
[21500:13144:1009/104456.640:VERBOSE1:chrome\updater\updater.cc:411] Version: 142.0.7416.0, opt, x86_64, command line: "C:\Program Files (x86)\Google\GoogleUpdater\142.0.7416.0\updater.exe" --crash-handler --system "--database=C:\Program Files (x86)\Google\GoogleUpdater\142.0.7416.0\Crashpad" --url=https://clients2.google.com/cr/report --annotation=prod=Update4 --annotation=ver=142.0.7416.0 "--attachment=C:\Program Files (x86)\Google\GoogleUpdater\updater.log" --initial-client-data=0x26c,0x270,0x274,0x248,0x278,0x7ff7d2247cc4,0x7ff7d2247cd0,0x7ff7d2247ce0
[21500:13144:1009/104456.640:VERBOSE1:chrome\updater\updater.cc:414] OS version: 10.0.26100.6584, System uptime (seconds): 1284225, parent pid: 26292
[21500:13144:1009/104456.640:VERBOSE1:chrome\updater\updater.cc:325] available: 17854084K, total: 35422432K
[26292:11708:1009/104456.642:VERBOSE1:chrome\updater\crash_reporter.cc:120] Crash handler launched and ready.
[26292:11708:1009/104456.642:ERROR:chrome\updater\crash_client.cc:116] Failed to fetch completed crash reports: 3
[26292:11708:1009/104456.642:ERROR:chrome\updater\crash_client.cc:132] Failed to fetch pending crash reports: 3
[26292:11708:1009/104456.643:VERBOSE2:chrome\updater\usage_stats_permissions_win.cc:77] usage stats enabled by app {8a69d345-d564-463c-aff1-a69d9e530f96}
[26292:11708:1009/104456.643:ERROR:third_party\crashpad\crashpad\util\file\file_io_win.cc:181] CreateFile C:\Program Files (x86)\Google\GoogleUpdater\142.0.7416.0\Crashpad\settings.dat: Access is denied. (0x5)
[26292:11708:1009/104456.643:ERROR:third_party\crashpad\crashpad\util\file\file_io_win.cc:181] CreateFile C:\Program Files (x86)\Google\GoogleUpdater\142.0.7416.0\Crashpad\settings.dat: Access is denied. (0x5)
[26292:11708:1009/104456.643:VERBOSE1:chrome\updater\updater.cc:97] Crash reporting initialized.
[26292:11708:1009/104456.648:VERBOSE1:chrome\updater\updater.cc:147] IsUserAdmin: 0, IsUserNonElevatedAdmin: 0, IsUACOn: 1, IsElevatedWithUACOn: 0, LUA: 1
[26292:11708:1009/104456.654:VERBOSE1:chrome\updater\ipc\update_service_internal_proxy_win.cc:156] Run
[26292:22788:1009/104500.238:VERBOSE2:chrome\updater\ipc\update_service_internal_proxy_win.cc:65] Run result 0.
[26292:11708:1009/104500.238:VERBOSE1:chrome\updater\ipc\update_service_internal_proxy_win.cc:148] ~UpdateServiceInternalProxyImpl
[26292:1616:1009/104500.238:VERBOSE2:chrome\updater\ipc\proxy_impl_base_win.h:58] ~ProxyImplBase
[26292:11708:1009/104500.238:VERBOSE1:chrome\updater\updater.cc:423] UpdaterMain (--wake) returned 0.
[20532:13296:1009/104500.248:VERBOSE1:chrome\updater\app\app_wakeall.cc:67] `"C:\Program Files (x86)\Google\GoogleUpdater\142.0.7416.0\updater.exe" --wake --system` exited 0
[20532:9952:1009/104500.249:VERBOSE1:chrome\updater\updater.cc:423] UpdaterMain (--wake-all) returned 0.
[21500:13144:1009/104500.251:VERBOSE1:chrome\updater\updater.cc:423] UpdaterMain (--crash-handler) returned 0.
[27536:820:1009/104500.255:VERBOSE1:chrome\updater\updater.cc:423] UpdaterMain (--crash-handler) returned 0.
[3340:13156:1009/154502.812:VERBOSE1:chrome\updater\updater.cc:411] Version: 142.0.7416.0, opt, x86_64, command line: "C:\Program Files (x86)\Google\GoogleUpdater\142.0.7416.0\updater.exe" --wake-all --system
[3340:13156:1009/154502.812:VERBOSE1:chrome\updater\updater.cc:414] OS version: 10.0.26100.6584, System uptime (seconds): 1302229, parent pid: 9860
[3340:13156:1009/154502.812:VERBOSE1:chrome\updater\updater.cc:325] available: 17775264K, total: 35422432K
[37596:18104:1009/154502.879:VERBOSE1:chrome\updater\updater.cc:411] Version: 142.0.7416.0, opt, x86_64, command line: "C:\Program Files (x86)\Google\GoogleUpdater\142.0.7416.0\updater.exe" --crash-handler --system "--database=C:\Program Files (x86)\Google\GoogleUpdater\142.0.7416.0\Crashpad" --url=https://clients2.google.com/cr/report --annotation=prod=Update4 --annotation=ver=142.0.7416.0 "--attachment=C:\Program Files (x86)\Google\GoogleUpdater\updater.log" --initial-client-data=0x278,0x27c,0x280,0x254,0x284,0x7ff7d2247cc4,0x7ff7d2247cd0,0x7ff7d2247ce0
[37596:18104:1009/154502.879:VERBOSE1:chrome\updater\updater.cc:414] OS version: 10.0.26100.6584, System uptime (seconds): 1302229, parent pid: 3340
[37596:18104:1009/154502.879:VERBOSE1:chrome\updater\updater.cc:325] available: 17774056K, total: 35422432K
[3340:13156:1009/154502.879:VERBOSE1:chrome\updater\crash_reporter.cc:120] Crash handler launched and ready.
[3340:13156:1009/154502.879:ERROR:chrome\updater\crash_client.cc:116] Failed to fetch completed crash reports: 3
[3340:13156:1009/154502.879:ERROR:chrome\updater\crash_client.cc:132] Failed to fetch pending crash reports: 3
[3340:13156:1009/154502.879:VERBOSE2:chrome\updater\usage_stats_permissions_win.cc:77] usage stats enabled by app {8a69d345-d564-463c-aff1-a69d9e530f96}
[3340:13156:1009/154502.879:ERROR:third_party\crashpad\crashpad\util\file\file_io_win.cc:181] CreateFile C:\Program Files (x86)\Google\GoogleUpdater\142.0.7416.0\Crashpad\settings.dat: Access is denied. (0x5)
[3340:13156:1009/154502.879:ERROR:third_party\crashpad\crashpad\util\file\file_io_win.cc:181] CreateFile C:\Program Files (x86)\Google\GoogleUpdater\142.0.7416.0\Crashpad\settings.dat: Access is denied. (0x5)
[3340:13156:1009/154502.879:VERBOSE1:chrome\updater\updater.cc:97] Crash reporting initialized.
[3340:13156:1009/154502.886:VERBOSE1:chrome\updater\updater.cc:147] IsUserAdmin: 0, IsUserNonElevatedAdmin: 0, IsUACOn: 1, IsElevatedWithUACOn: 0, LUA: 1
[3340:24184:1009/154502.894:VERBOSE1:chrome\updater\app\app_wakeall.cc:57] Launching `"C:\Program Files (x86)\Google\GoogleUpdater\142.0.7416.0\updater.exe" --wake --system`
[39616:24240:1009/154502.962:VERBOSE1:chrome\updater\updater.cc:411] Version: 142.0.7416.0, opt, x86_64, command line: "C:\Program Files (x86)\Google\GoogleUpdater\142.0.7416.0\updater.exe" --wake --system
[39616:24240:1009/154502.962:VERBOSE1:chrome\updater\updater.cc:414] OS version: 10.0.26100.6584, System uptime (seconds): 1302229, parent pid: 3340
[39616:24240:1009/154502.962:VERBOSE1:chrome\updater\updater.cc:325] available: 17767240K, total: 35422432K
[26104:8144:1009/154503.025:VERBOSE1:chrome\updater\updater.cc:411] Version: 142.0.7416.0, opt, x86_64, command line: "C:\Program Files (x86)\Google\GoogleUpdater\142.0.7416.0\updater.exe" --crash-handler --system "--database=C:\Program Files (x86)\Google\GoogleUpdater\142.0.7416.0\Crashpad" --url=https://clients2.google.com/cr/report --annotation=prod=Update4 --annotation=ver=142.0.7416.0 "--attachment=C:\Program Files (x86)\Google\GoogleUpdater\updater.log" --initial-client-data=0x28c,0x290,0x294,0xd0,0x298,0x7ff7d2247cc4,0x7ff7d2247cd0,0x7ff7d2247ce0
[26104:8144:1009/154503.025:VERBOSE1:chrome\updater\updater.cc:414] OS version: 10.0.26100.6584, System uptime (seconds): 1302229, parent pid: 39616
[26104:8144:1009/154503.025:VERBOSE1:chrome\updater\updater.cc:325] available: 17770272K, total: 35422432K
[39616:24240:1009/154503.025:VERBOSE1:chrome\updater\crash_reporter.cc:120] Crash handler launched and ready.
[39616:24240:1009/154503.025:ERROR:chrome\updater\crash_client.cc:116] Failed to fetch completed crash reports: 3
[39616:24240:1009/154503.025:ERROR:chrome\updater\crash_client.cc:132] Failed to fetch pending crash reports: 3
[39616:24240:1009/154503.033:VERBOSE2:chrome\updater\usage_stats_permissions_win.cc:77] usage stats enabled by app {8a69d345-d564-463c-aff1-a69d9e530f96}
[39616:24240:1009/154503.033:ERROR:third_party\crashpad\crashpad\util\file\file_io_win.cc:181] CreateFile C:\Program Files (x86)\Google\GoogleUpdater\142.0.7416.0\Crashpad\settings.dat: Access is denied. (0x5)
[39616:24240:1009/154503.033:ERROR:third_party\crashpad\crashpad\util\file\file_io_win.cc:181] CreateFile C:\Program Files (x86)\Google\GoogleUpdater\142.0.7416.0\Crashpad\settings.dat: Access is denied. (0x5)
[39616:24240:1009/154503.033:VERBOSE1:chrome\updater\updater.cc:97] Crash reporting initialized.
[39616:24240:1009/154503.035:VERBOSE1:chrome\updater\updater.cc:147] IsUserAdmin: 0, IsUserNonElevatedAdmin: 0, IsUACOn: 1, IsElevatedWithUACOn: 0, LUA: 1
[39616:24240:1009/154503.041:VERBOSE1:chrome\updater\ipc\update_service_internal_proxy_win.cc:156] Run
[39616:29264:1009/154507.618:VERBOSE2:chrome\updater\ipc\update_service_internal_proxy_win.cc:65] Run result 0.
[39616:24240:1009/154507.618:VERBOSE1:chrome\updater\ipc\update_service_internal_proxy_win.cc:148] ~UpdateServiceInternalProxyImpl
[39616:32832:1009/154507.618:VERBOSE2:chrome\updater\ipc\proxy_impl_base_win.h:58] ~ProxyImplBase
[39616:24240:1009/154507.628:VERBOSE1:chrome\updater\updater.cc:423] UpdaterMain (--wake) returned 0.
[3340:24184:1009/154507.628:VERBOSE1:chrome\updater\app\app_wakeall.cc:67] `"C:\Program Files (x86)\Google\GoogleUpdater\142.0.7416.0\updater.exe" --wake --system` exited 0
[3340:13156:1009/154507.634:VERBOSE1:chrome\updater\updater.cc:423] UpdaterMain (--wake-all) returned 0.
[26104:8144:1009/154507.634:VERBOSE1:chrome\updater\updater.cc:423] UpdaterMain (--crash-handler) returned 0.
[37596:18104:1009/154507.634:VERBOSE1:chrome\updater\updater.cc:423] UpdaterMain (--crash-handler) returned 0.
[12248:25320:1009/204507.942:VERBOSE1:chrome\updater\updater.cc:411] Version: 142.0.7416.0, opt, x86_64, command line: "C:\Program Files (x86)\Google\GoogleUpdater\142.0.7416.0\updater.exe" --wake-all --system
[12248:25320:1009/204507.942:VERBOSE1:chrome\updater\updater.cc:414] OS version: 10.0.26100.6584, System uptime (seconds): 1320234, parent pid: 9860
[12248:25320:1009/204507.942:VERBOSE1:chrome\updater\updater.cc:325] available: 18421796K, total: 35422432K
[40472:33804:1009/204508.004:VERBOSE1:chrome\updater\updater.cc:411] Version: 142.0.7416.0, opt, x86_64, command line: "C:\Program Files (x86)\Google\GoogleUpdater\142.0.7416.0\updater.exe" --crash-handler --system "--database=C:\Program Files (x86)\Google\GoogleUpdater\142.0.7416.0\Crashpad" --url=https://clients2.google.com/cr/report --annotation=prod=Update4 --annotation=ver=142.0.7416.0 "--attachment=C:\Program Files (x86)\Google\GoogleUpdater\updater.log" --initial-client-data=0x27c,0x280,0x284,0x258,0x288,0x7ff7d2247cc4,0x7ff7d2247cd0,0x7ff7d2247ce0
[40472:33804:1009/204508.004:VERBOSE1:chrome\updater\updater.cc:414] OS version: 10.0.26100.6584, System uptime (seconds): 1320234, parent pid: 12248
[40472:33804:1009/204508.004:VERBOSE1:chrome\updater\updater.cc:325] available: 18418968K, total: 35422432K
[12248:25320:1009/204508.006:VERBOSE1:chrome\updater\crash_reporter.cc:120] Crash handler launched and ready.
[12248:25320:1009/204508.006:ERROR:chrome\updater\crash_client.cc:116] Failed to fetch completed crash reports: 3
[12248:25320:1009/204508.006:ERROR:chrome\updater\crash_client.cc:132] Failed to fetch pending crash reports: 3
[12248:25320:1009/204508.006:VERBOSE2:chrome\updater\usage_stats_permissions_win.cc:77] usage stats enabled by app {8a69d345-d564-463c-aff1-a69d9e530f96}
[12248:25320:1009/204508.006:ERROR:third_party\crashpad\crashpad\util\file\file_io_win.cc:181] CreateFile C:\Program Files (x86)\Google\GoogleUpdater\142.0.7416.0\Crashpad\settings.dat: Access is denied. (0x5)
[12248:25320:1009/204508.006:ERROR:third_party\crashpad\crashpad\util\file\file_io_win.cc:181] CreateFile C:\Program Files (x86)\Google\GoogleUpdater\142.0.7416.0\Crashpad\settings.dat: Access is denied. (0x5)
[12248:25320:1009/204508.006:VERBOSE1:chrome\updater\updater.cc:97] Crash reporting initialized.
[12248:25320:1009/204508.006:VERBOSE1:chrome\updater\updater.cc:147] IsUserAdmin: 0, IsUserNonElevatedAdmin: 0, IsUACOn: 1, IsElevatedWithUACOn: 0, LUA: 1
[12248:38944:1009/204508.014:VERBOSE1:chrome\updater\app\app_wakeall.cc:57] Launching `"C:\Program Files (x86)\Google\GoogleUpdater\142.0.7416.0\updater.exe" --wake --system`
[30464:20708:1009/204508.067:VERBOSE1:chrome\updater\updater.cc:411] Version: 142.0.7416.0, opt, x86_64, command line: "C:\Program Files (x86)\Google\GoogleUpdater\142.0.7416.0\updater.exe" --wake --system
[30464:20708:1009/204508.067:VERBOSE1:chrome\updater\updater.cc:414] OS version: 10.0.26100.6584, System uptime (seconds): 1320234, parent pid: 12248
[30464:20708:1009/204508.067:VERBOSE1:chrome\updater\updater.cc:325] available: 18416812K, total: 35422432K
[36668:28568:1009/204508.132:VERBOSE1:chrome\updater\updater.cc:411] Version: 142.0.7416.0, opt, x86_64, command line: "C:\Program Files (x86)\Google\GoogleUpdater\142.0.7416.0\updater.exe" --crash-handler --system "--database=C:\Program Files (x86)\Google\GoogleUpdater\142.0.7416.0\Crashpad" --url=https://clients2.google.com/cr/report --annotation=prod=Update4 --annotation=ver=142.0.7416.0 "--attachment=C:\Program Files (x86)\Google\GoogleUpdater\updater.log" --initial-client-data=0x26c,0x270,0x274,0x248,0x278,0x7ff7d2247cc4,0x7ff7d2247cd0,0x7ff7d2247ce0
[36668:28568:1009/204508.132:VERBOSE1:chrome\updater\updater.cc:414] OS version: 10.0.26100.6584, System uptime (seconds): 1320234, parent pid: 30464
[36668:28568:1009/204508.132:VERBOSE1:chrome\updater\updater.cc:325] available: 18415784K, total: 35422432K
[30464:20708:1009/204508.134:VERBOSE1:chrome\updater\crash_reporter.cc:120] Crash handler launched and ready.
[30464:20708:1009/204508.136:ERROR:chrome\updater\crash_client.cc:116] Failed to fetch completed crash reports: 3
[30464:20708:1009/204508.136:ERROR:chrome\updater\crash_client.cc:132] Failed to fetch pending crash reports: 3
[30464:20708:1009/204508.136:VERBOSE2:chrome\updater\usage_stats_permissions_win.cc:77] usage stats enabled by app {8a69d345-d564-463c-aff1-a69d9e530f96}
[30464:20708:1009/204508.136:ERROR:third_party\crashpad\crashpad\util\file\file_io_win.cc:181] CreateFile C:\Program Files (x86)\Google\GoogleUpdater\142.0.7416.0\Crashpad\settings.dat: Access is denied. (0x5)
[30464:20708:1009/204508.136:ERROR:third_party\crashpad\crashpad\util\file\file_io_win.cc:181] CreateFile C:\Program Files (x86)\Google\GoogleUpdater\142.0.7416.0\Crashpad\settings.dat: Access is denied. (0x5)
[30464:20708:1009/204508.136:VERBOSE1:chrome\updater\updater.cc:97] Crash reporting initialized.
[30464:20708:1009/204508.140:VERBOSE1:chrome\updater\updater.cc:147] IsUserAdmin: 0, IsUserNonElevatedAdmin: 0, IsUACOn: 1, IsElevatedWithUACOn: 0, LUA: 1
[30464:20708:1009/204508.146:VERBOSE1:chrome\updater\ipc\update_service_internal_proxy_win.cc:156] Run
[30464:29164:1009/204512.842:VERBOSE2:chrome\updater\ipc\update_service_internal_proxy_win.cc:65] Run result 0.
[30464:20708:1009/204512.842:VERBOSE1:chrome\updater\ipc\update_service_internal_proxy_win.cc:148] ~UpdateServiceInternalProxyImpl
[30464:8228:1009/204512.842:VERBOSE2:chrome\updater\ipc\proxy_impl_base_win.h:58] ~ProxyImplBase
[30464:20708:1009/204512.842:VERBOSE1:chrome\updater\updater.cc:423] UpdaterMain (--wake) returned 0.
[12248:38944:1009/204512.850:VERBOSE1:chrome\updater\app\app_wakeall.cc:67] `"C:\Program Files (x86)\Google\GoogleUpdater\142.0.7416.0\updater.exe" --wake --system` exited 0
[36668:28568:1009/204512.850:VERBOSE1:chrome\updater\updater.cc:423] UpdaterMain (--crash-handler) returned 0.
[12248:25320:1009/204512.853:VERBOSE1:chrome\updater\updater.cc:423] UpdaterMain (--wake-all) returned 0.
[40472:33804:1009/204512.853:VERBOSE1:chrome\updater\updater.cc:423] UpdaterMain (--crash-handler) returned 0.
[2444:23652:1010/014513.154:VERBOSE1:chrome\updater\updater.cc:411] Version: 142.0.7416.0, opt, x86_64, command line: "C:\Program Files (x86)\Google\GoogleUpdater\142.0.7416.0\updater.exe" --wake-all --system
[2444:23652:1010/014513.154:VERBOSE1:chrome\updater\updater.cc:414] OS version: 10.0.26100.6584, System uptime (seconds): 1338239, parent pid: 9860
[2444:23652:1010/014513.154:VERBOSE1:chrome\updater\updater.cc:325] available: 18413088K, total: 35422432K
[35632:3880:1010/014513.216:VERBOSE1:chrome\updater\updater.cc:411] Version: 142.0.7416.0, opt, x86_64, command line: "C:\Program Files (x86)\Google\GoogleUpdater\142.0.7416.0\updater.exe" --crash-handler --system "--database=C:\Program Files (x86)\Google\GoogleUpdater\142.0.7416.0\Crashpad" --url=https://clients2.google.com/cr/report --annotation=prod=Update4 --annotation=ver=142.0.7416.0 "--attachment=C:\Program Files (x86)\Google\GoogleUpdater\updater.log" --initial-client-data=0x274,0x278,0x27c,0x250,0x280,0x7ff7d2247cc4,0x7ff7d2247cd0,0x7ff7d2247ce0
[35632:3880:1010/014513.216:VERBOSE1:chrome\updater\updater.cc:414] OS version: 10.0.26100.6584, System uptime (seconds): 1338239, parent pid: 2444
[35632:3880:1010/014513.216:VERBOSE1:chrome\updater\updater.cc:325] available: 18411032K, total: 35422432K
[2444:23652:1010/014513.216:VERBOSE1:chrome\updater\crash_reporter.cc:120] Crash handler launched and ready.
[2444:23652:1010/014513.216:ERROR:chrome\updater\crash_client.cc:116] Failed to fetch completed crash reports: 3
[2444:23652:1010/014513.216:ERROR:chrome\updater\crash_client.cc:132] Failed to fetch pending crash reports: 3
[2444:23652:1010/014513.216:VERBOSE2:chrome\updater\usage_stats_permissions_win.cc:77] usage stats enabled by app {8a69d345-d564-463c-aff1-a69d9e530f96}
[2444:23652:1010/014513.216:ERROR:third_party\crashpad\crashpad\util\file\file_io_win.cc:181] CreateFile C:\Program Files (x86)\Google\GoogleUpdater\142.0.7416.0\Crashpad\settings.dat: Access is denied. (0x5)
[2444:23652:1010/014513.216:ERROR:third_party\crashpad\crashpad\util\file\file_io_win.cc:181] CreateFile C:\Program Files (x86)\Google\GoogleUpdater\142.0.7416.0\Crashpad\settings.dat: Access is denied. (0x5)
[2444:23652:1010/014513.216:VERBOSE1:chrome\updater\updater.cc:97] Crash reporting initialized.
[2444:23652:1010/014513.216:VERBOSE1:chrome\updater\updater.cc:147] IsUserAdmin: 0, IsUserNonElevatedAdmin: 0, IsUACOn: 1, IsElevatedWithUACOn: 0, LUA: 1
[2444:28932:1010/014513.236:VERBOSE1:chrome\updater\app\app_wakeall.cc:57] Launching `"C:\Program Files (x86)\Google\GoogleUpdater\142.0.7416.0\updater.exe" --wake --system`
[40332:11020:1010/014513.290:VERBOSE1:chrome\updater\updater.cc:411] Version: 142.0.7416.0, opt, x86_64, command line: "C:\Program Files (x86)\Google\GoogleUpdater\142.0.7416.0\updater.exe" --wake --system
[40332:11020:1010/014513.290:VERBOSE1:chrome\updater\updater.cc:414] OS version: 10.0.26100.6584, System uptime (seconds): 1338239, parent pid: 2444
[40332:11020:1010/014513.290:VERBOSE1:chrome\updater\updater.cc:325] available: 18406572K, total: 35422432K
[19580:30344:1010/014513.352:VERBOSE1:chrome\updater\updater.cc:411] Version: 142.0.7416.0, opt, x86_64, command line: "C:\Program Files (x86)\Google\GoogleUpdater\142.0.7416.0\updater.exe" --crash-handler --system "--database=C:\Program Files (x86)\Google\GoogleUpdater\142.0.7416.0\Crashpad" --url=https://clients2.google.com/cr/report --annotation=prod=Update4 --annotation=ver=142.0.7416.0 "--attachment=C:\Program Files (x86)\Google\GoogleUpdater\updater.log" --initial-client-data=0x278,0x27c,0x280,0x254,0x284,0x7ff7d2247cc4,0x7ff7d2247cd0,0x7ff7d2247ce0
[19580:30344:1010/014513.352:VERBOSE1:chrome\updater\updater.cc:414] OS version: 10.0.26100.6584, System uptime (seconds): 1338239, parent pid: 40332
[19580:30344:1010/014513.352:VERBOSE1:chrome\updater\updater.cc:325] available: 18403412K, total: 35422432K
[40332:11020:1010/014513.354:VERBOSE1:chrome\updater\crash_reporter.cc:120] Crash handler launched and ready.
[40332:11020:1010/014513.356:ERROR:chrome\updater\crash_client.cc:116] Failed to fetch completed crash reports: 3
[40332:11020:1010/014513.356:ERROR:chrome\updater\crash_client.cc:132] Failed to fetch pending crash reports: 3
[40332:11020:1010/014513.356:VERBOSE2:chrome\updater\usage_stats_permissions_win.cc:77] usage stats enabled by app {8a69d345-d564-463c-aff1-a69d9e530f96}
[40332:11020:1010/014513.356:ERROR:third_party\crashpad\crashpad\util\file\file_io_win.cc:181] CreateFile C:\Program Files (x86)\Google\GoogleUpdater\142.0.7416.0\Crashpad\settings.dat: Access is denied. (0x5)
[40332:11020:1010/014513.356:ERROR:third_party\crashpad\crashpad\util\file\file_io_win.cc:181] CreateFile C:\Program Files (x86)\Google\GoogleUpdater\142.0.7416.0\Crashpad\settings.dat: Access is denied. (0x5)
[40332:11020:1010/014513.356:VERBOSE1:chrome\updater\updater.cc:97] Crash reporting initialized.
[40332:11020:1010/014513.360:VERBOSE1:chrome\updater\updater.cc:147] IsUserAdmin: 0, IsUserNonElevatedAdmin: 0, IsUACOn: 1, IsElevatedWithUACOn: 0, LUA: 1
[40332:11020:1010/014513.366:VERBOSE1:chrome\updater\ipc\update_service_internal_proxy_win.cc:156] Run
[40332:23432:1010/014516.229:VERBOSE2:chrome\updater\ipc\update_service_internal_proxy_win.cc:65] Run result 0.
[40332:11020:1010/014516.229:VERBOSE1:chrome\updater\ipc\update_service_internal_proxy_win.cc:148] ~UpdateServiceInternalProxyImpl
[40332:38736:1010/014516.229:VERBOSE2:chrome\updater\ipc\proxy_impl_base_win.h:58] ~ProxyImplBase
[40332:11020:1010/014516.229:VERBOSE1:chrome\updater\updater.cc:423] UpdaterMain (--wake) returned 0.
[2444:28932:1010/014516.237:VERBOSE1:chrome\updater\app\app_wakeall.cc:67] `"C:\Program Files (x86)\Google\GoogleUpdater\142.0.7416.0\updater.exe" --wake --system` exited 0
[2444:23652:1010/014516.238:VERBOSE1:chrome\updater\updater.cc:423] UpdaterMain (--wake-all) returned 0.
[19580:30344:1010/014516.241:VERBOSE1:chrome\updater\updater.cc:423] UpdaterMain (--crash-handler) returned 0.
[35632:3880:1010/014516.288:VERBOSE1:chrome\updater\updater.cc:423] UpdaterMain (--crash-handler) returned 0.
[19396:7428:1010/064516.464:VERBOSE1:chrome\updater\updater.cc:411] Version: 142.0.7416.0, opt, x86_64, command line: "C:\Program Files (x86)\Google\GoogleUpdater\142.0.7416.0\updater.exe" --wake-all --system
[19396:7428:1010/064516.464:VERBOSE1:chrome\updater\updater.cc:414] OS version: 10.0.26100.6584, System uptime (seconds): 1356242, parent pid: 9860
[19396:7428:1010/064516.464:VERBOSE1:chrome\updater\updater.cc:325] available: 18344484K, total: 35422432K
[39904:36284:1010/064516.534:VERBOSE1:chrome\updater\updater.cc:411] Version: 142.0.7416.0, opt, x86_64, command line: "C:\Program Files (x86)\Google\GoogleUpdater\142.0.7416.0\updater.exe" --crash-handler --system "--database=C:\Program Files (x86)\Google\GoogleUpdater\142.0.7416.0\Crashpad" --url=https://clients2.google.com/cr/report --annotation=prod=Update4 --annotation=ver=142.0.7416.0 "--attachment=C:\Program Files (x86)\Google\GoogleUpdater\updater.log" --initial-client-data=0x270,0x274,0x278,0x24c,0x27c,0x7ff7d2247cc4,0x7ff7d2247cd0,0x7ff7d2247ce0
[39904:36284:1010/064516.534:VERBOSE1:chrome\updater\updater.cc:414] OS version: 10.0.26100.6584, System uptime (seconds): 1356243, parent pid: 19396
[39904:36284:1010/064516.534:VERBOSE1:chrome\updater\updater.cc:325] available: 18338880K, total: 35422432K
[19396:7428:1010/064516.536:VERBOSE1:chrome\updater\crash_reporter.cc:120] Crash handler launched and ready.
[19396:7428:1010/064516.536:ERROR:chrome\updater\crash_client.cc:116] Failed to fetch completed crash reports: 3
[19396:7428:1010/064516.536:ERROR:chrome\updater\crash_client.cc:132] Failed to fetch pending crash reports: 3
[19396:7428:1010/064516.536:VERBOSE2:chrome\updater\usage_stats_permissions_win.cc:77] usage stats enabled by app {8a69d345-d564-463c-aff1-a69d9e530f96}
[19396:7428:1010/064516.536:ERROR:third_party\crashpad\crashpad\util\file\file_io_win.cc:181] CreateFile C:\Program Files (x86)\Google\GoogleUpdater\142.0.7416.0\Crashpad\settings.dat: Access is denied. (0x5)
[19396:7428:1010/064516.536:ERROR:third_party\crashpad\crashpad\util\file\file_io_win.cc:181] CreateFile C:\Program Files (x86)\Google\GoogleUpdater\142.0.7416.0\Crashpad\settings.dat: Access is denied. (0x5)
[19396:7428:1010/064516.536:VERBOSE1:chrome\updater\updater.cc:97] Crash reporting initialized.
[19396:7428:1010/064516.536:VERBOSE1:chrome\updater\updater.cc:147] IsUserAdmin: 0, IsUserNonElevatedAdmin: 0, IsUACOn: 1, IsElevatedWithUACOn: 0, LUA: 1
[19396:24148:1010/064516.542:VERBOSE1:chrome\updater\app\app_wakeall.cc:57] Launching `"C:\Program Files (x86)\Google\GoogleUpdater\142.0.7416.0\updater.exe" --wake --system`
[32228:7868:1010/064516.606:VERBOSE1:chrome\updater\updater.cc:411] Version: 142.0.7416.0, opt, x86_64, command line: "C:\Program Files (x86)\Google\GoogleUpdater\142.0.7416.0\updater.exe" --wake --system
[32228:7868:1010/064516.606:VERBOSE1:chrome\updater\updater.cc:414] OS version: 10.0.26100.6584, System uptime (seconds): 1356243, parent pid: 19396
[32228:7868:1010/064516.606:VERBOSE1:chrome\updater\updater.cc:325] available: 18335712K, total: 35422432K
[32948:32848:1010/064516.763:VERBOSE1:chrome\updater\updater.cc:411] Version: 142.0.7416.0, opt, x86_64, command line: "C:\Program Files (x86)\Google\GoogleUpdater\142.0.7416.0\updater.exe" --crash-handler --system "--database=C:\Program Files (x86)\Google\GoogleUpdater\142.0.7416.0\Crashpad" --url=https://clients2.google.com/cr/report --annotation=prod=Update4 --annotation=ver=142.0.7416.0 "--attachment=C:\Program Files (x86)\Google\GoogleUpdater\updater.log" --initial-client-data=0x26c,0x270,0x274,0x248,0x278,0x7ff7d2247cc4,0x7ff7d2247cd0,0x7ff7d2247ce0
[32948:32848:1010/064516.763:VERBOSE1:chrome\updater\updater.cc:414] OS version: 10.0.26100.6584, System uptime (seconds): 1356243, parent pid: 32228
[32948:32848:1010/064516.763:VERBOSE1:chrome\updater\updater.cc:325] available: 18332620K, total: 35422432K
[32228:7868:1010/064516.763:VERBOSE1:chrome\updater\crash_reporter.cc:120] Crash handler launched and ready.
[32228:7868:1010/064516.763:ERROR:chrome\updater\crash_client.cc:116] Failed to fetch completed crash reports: 3
[32228:7868:1010/064516.763:ERROR:chrome\updater\crash_client.cc:132] Failed to fetch pending crash reports: 3
[32228:7868:1010/064516.763:VERBOSE2:chrome\updater\usage_stats_permissions_win.cc:77] usage stats enabled by app {8a69d345-d564-463c-aff1-a69d9e530f96}
[32228:7868:1010/064516.763:ERROR:third_party\crashpad\crashpad\util\file\file_io_win.cc:181] CreateFile C:\Program Files (x86)\Google\GoogleUpdater\142.0.7416.0\Crashpad\settings.dat: Access is denied. (0x5)
[32228:7868:1010/064516.774:ERROR:third_party\crashpad\crashpad\util\file\file_io_win.cc:181] CreateFile C:\Program Files (x86)\Google\GoogleUpdater\142.0.7416.0\Crashpad\settings.dat: Access is denied. (0x5)
[32228:7868:1010/064516.774:VERBOSE1:chrome\updater\updater.cc:97] Crash reporting initialized.
[32228:7868:1010/064516.774:VERBOSE1:chrome\updater\updater.cc:147] IsUserAdmin: 0, IsUserNonElevatedAdmin: 0, IsUACOn: 1, IsElevatedWithUACOn: 0, LUA: 1
[32228:7868:1010/064516.779:VERBOSE1:chrome\updater\ipc\update_service_internal_proxy_win.cc:156] Run
[32228:18256:1010/064520.015:VERBOSE2:chrome\updater\ipc\update_service_internal_proxy_win.cc:65] Run result 0.
[32228:7868:1010/064520.015:VERBOSE1:chrome\updater\ipc\update_service_internal_proxy_win.cc:148] ~UpdateServiceInternalProxyImpl
[32228:27672:1010/064520.015:VERBOSE2:chrome\updater\ipc\proxy_impl_base_win.h:58] ~ProxyImplBase
[32228:7868:1010/064520.015:VERBOSE1:chrome\updater\updater.cc:423] UpdaterMain (--wake) returned 0.
[19396:24148:1010/064520.023:VERBOSE1:chrome\updater\app\app_wakeall.cc:67] `"C:\Program Files (x86)\Google\GoogleUpdater\142.0.7416.0\updater.exe" --wake --system` exited 0
[19396:7428:1010/064520.024:VERBOSE1:chrome\updater\updater.cc:423] UpdaterMain (--wake-all) returned 0.
[32948:32848:1010/064520.026:VERBOSE1:chrome\updater\updater.cc:423] UpdaterMain (--crash-handler) returned 0.
[39904:36284:1010/064520.037:VERBOSE1:chrome\updater\updater.cc:423] UpdaterMain (--crash-handler) returned 0.
[29792:14744:1010/114520.278:VERBOSE1:chrome\updater\updater.cc:411] Version: 142.0.7416.0, opt, x86_64, command line: "C:\Program Files (x86)\Google\GoogleUpdater\142.0.7416.0\updater.exe" --wake-all --system
[29792:14744:1010/114520.278:VERBOSE1:chrome\updater\updater.cc:414] OS version: 10.0.26100.6584, System uptime (seconds): 1374246, parent pid: 9860
[29792:14744:1010/114520.278:VERBOSE1:chrome\updater\updater.cc:325] available: 18250164K, total: 35422432K
[11088:33196:1010/114520.339:VERBOSE1:chrome\updater\updater.cc:411] Version: 142.0.7416.0, opt, x86_64, command line: "C:\Program Files (x86)\Google\GoogleUpdater\142.0.7416.0\updater.exe" --crash-handler --system "--database=C:\Program Files (x86)\Google\GoogleUpdater\142.0.7416.0\Crashpad" --url=https://clients2.google.com/cr/report --annotation=prod=Update4 --annotation=ver=142.0.7416.0 "--attachment=C:\Program Files (x86)\Google\GoogleUpdater\updater.log" --initial-client-data=0x270,0x274,0x278,0x248,0x27c,0x7ff7d2247cc4,0x7ff7d2247cd0,0x7ff7d2247ce0
[11088:33196:1010/114520.341:VERBOSE1:chrome\updater\updater.cc:414] OS version: 10.0.26100.6584, System uptime (seconds): 1374246, parent pid: 29792
[11088:33196:1010/114520.341:VERBOSE1:chrome\updater\updater.cc:325] available: 18247796K, total: 35422432K
[29792:14744:1010/114520.343:VERBOSE1:chrome\updater\crash_reporter.cc:120] Crash handler launched and ready.
[29792:14744:1010/114520.343:ERROR:chrome\updater\crash_client.cc:116] Failed to fetch completed crash reports: 3
[29792:14744:1010/114520.343:ERROR:chrome\updater\crash_client.cc:132] Failed to fetch pending crash reports: 3
[29792:14744:1010/114520.343:VERBOSE2:chrome\updater\usage_stats_permissions_win.cc:77] usage stats enabled by app {8a69d345-d564-463c-aff1-a69d9e530f96}
[29792:14744:1010/114520.345:ERROR:third_party\crashpad\crashpad\util\file\file_io_win.cc:181] CreateFile C:\Program Files (x86)\Google\GoogleUpdater\142.0.7416.0\Crashpad\settings.dat: Access is denied. (0x5)
[29792:14744:1010/114520.345:ERROR:third_party\crashpad\crashpad\util\file\file_io_win.cc:181] CreateFile C:\Program Files (x86)\Google\GoogleUpdater\142.0.7416.0\Crashpad\settings.dat: Access is denied. (0x5)
[29792:14744:1010/114520.345:VERBOSE1:chrome\updater\updater.cc:97] Crash reporting initialized.
[29792:14744:1010/114520.347:VERBOSE1:chrome\updater\updater.cc:147] IsUserAdmin: 0, IsUserNonElevatedAdmin: 0, IsUACOn: 1, IsElevatedWithUACOn: 0, LUA: 1
[29792:1888:1010/114520.355:VERBOSE1:chrome\updater\app\app_wakeall.cc:57] Launching `"C:\Program Files (x86)\Google\GoogleUpdater\142.0.7416.0\updater.exe" --wake --system`
[20020:22044:1010/114520.469:VERBOSE1:chrome\updater\updater.cc:411] Version: 142.0.7416.0, opt, x86_64, command line: "C:\Program Files (x86)\Google\GoogleUpdater\142.0.7416.0\updater.exe" --wake --system
[20020:22044:1010/114520.469:VERBOSE1:chrome\updater\updater.cc:414] OS version: 10.0.26100.6584, System uptime (seconds): 1374246, parent pid: 29792
[20020:22044:1010/114520.469:VERBOSE1:chrome\updater\updater.cc:325] available: 18225008K, total: 35422432K
[13880:20868:1010/114520.552:VERBOSE1:chrome\updater\updater.cc:411] Version: 142.0.7416.0, opt, x86_64, command line: "C:\Program Files (x86)\Google\GoogleUpdater\142.0.7416.0\updater.exe" --crash-handler --system "--database=C:\Program Files (x86)\Google\GoogleUpdater\142.0.7416.0\Crashpad" --url=https://clients2.google.com/cr/report --annotation=prod=Update4 --annotation=ver=142.0.7416.0 "--attachment=C:\Program Files (x86)\Google\GoogleUpdater\updater.log" --initial-client-data=0x274,0x278,0x27c,0x250,0x280,0x7ff7d2247cc4,0x7ff7d2247cd0,0x7ff7d2247ce0
[13880:20868:1010/114520.552:VERBOSE1:chrome\updater\updater.cc:414] OS version: 10.0.26100.6584, System uptime (seconds): 1374247, parent pid: 20020
[13880:20868:1010/114520.552:VERBOSE1:chrome\updater\updater.cc:325] available: 18220592K, total: 35422432K
[20020:22044:1010/114520.552:VERBOSE1:chrome\updater\crash_reporter.cc:120] Crash handler launched and ready.
[20020:22044:1010/114520.552:ERROR:chrome\updater\crash_client.cc:116] Failed to fetch completed crash reports: 3
[20020:22044:1010/114520.552:ERROR:chrome\updater\crash_client.cc:132] Failed to fetch pending crash reports: 3
[20020:22044:1010/114520.552:VERBOSE2:chrome\updater\usage_stats_permissions_win.cc:77] usage stats enabled by app {8a69d345-d564-463c-aff1-a69d9e530f96}
[20020:22044:1010/114520.552:ERROR:third_party\crashpad\crashpad\util\file\file_io_win.cc:181] CreateFile C:\Program Files (x86)\Google\GoogleUpdater\142.0.7416.0\Crashpad\settings.dat: Access is denied. (0x5)
[20020:22044:1010/114520.552:ERROR:third_party\crashpad\crashpad\util\file\file_io_win.cc:181] CreateFile C:\Program Files (x86)\Google\GoogleUpdater\142.0.7416.0\Crashpad\settings.dat: Access is denied. (0x5)
[20020:22044:1010/114520.552:VERBOSE1:chrome\updater\updater.cc:97] Crash reporting initialized.
[20020:22044:1010/114520.552:VERBOSE1:chrome\updater\updater.cc:147] IsUserAdmin: 0, IsUserNonElevatedAdmin: 0, IsUACOn: 1, IsElevatedWithUACOn: 0, LUA: 1
[20020:22044:1010/114520.552:VERBOSE1:chrome\updater\ipc\update_service_internal_proxy_win.cc:156] Run
[20020:3324:1010/114524.634:VERBOSE2:chrome\updater\ipc\update_service_internal_proxy_win.cc:65] Run result 0.
[20020:22044:1010/114524.634:VERBOSE1:chrome\updater\ipc\update_service_internal_proxy_win.cc:148] ~UpdateServiceInternalProxyImpl
[20020:32216:1010/114524.634:VERBOSE2:chrome\updater\ipc\proxy_impl_base_win.h:58] ~ProxyImplBase
[20020:22044:1010/114524.634:VERBOSE1:chrome\updater\updater.cc:423] UpdaterMain (--wake) returned 0.
[29792:1888:1010/114524.634:VERBOSE1:chrome\updater\app\app_wakeall.cc:67] `"C:\Program Files (x86)\Google\GoogleUpdater\142.0.7416.0\updater.exe" --wake --system` exited 0
[29792:14744:1010/114524.634:VERBOSE1:chrome\updater\updater.cc:423] UpdaterMain (--wake-all) returned 0.
[13880:20868:1010/114524.644:VERBOSE1:chrome\updater\updater.cc:423] UpdaterMain (--crash-handler) returned 0.
[11088:33196:1010/114524.650:VERBOSE1:chrome\updater\updater.cc:423] UpdaterMain (--crash-handler) returned 0.
[26676:36636:1010/164527.060:VERBOSE1:chrome\updater\updater.cc:411] Version: 142.0.7416.0, opt, x86_64, command line: "C:\Program Files (x86)\Google\GoogleUpdater\142.0.7416.0\updater.exe" --wake-all --system
[26676:36636:1010/164527.060:VERBOSE1:chrome\updater\updater.cc:414] OS version: 10.0.26100.6584, System uptime (seconds): 1392251, parent pid: 9860
[26676:36636:1010/164527.060:VERBOSE1:chrome\updater\updater.cc:325] available: 18306088K, total: 35422432K
[40180:19220:1010/164527.123:VERBOSE1:chrome\updater\updater.cc:411] Version: 142.0.7416.0, opt, x86_64, command line: "C:\Program Files (x86)\Google\GoogleUpdater\142.0.7416.0\updater.exe" --crash-handler --system "--database=C:\Program Files (x86)\Google\GoogleUpdater\142.0.7416.0\Crashpad" --url=https://clients2.google.com/cr/report --annotation=prod=Update4 --annotation=ver=142.0.7416.0 "--attachment=C:\Program Files (x86)\Google\GoogleUpdater\updater.log" --initial-client-data=0x278,0x27c,0x280,0x254,0x284,0x7ff7d2247cc4,0x7ff7d2247cd0,0x7ff7d2247ce0
[40180:19220:1010/164527.123:VERBOSE1:chrome\updater\updater.cc:414] OS version: 10.0.26100.6584, System uptime (seconds): 1392251, parent pid: 26676
[40180:19220:1010/164527.123:VERBOSE1:chrome\updater\updater.cc:325] available: 18300948K, total: 35422432K
[26676:36636:1010/164527.123:VERBOSE1:chrome\updater\crash_reporter.cc:120] Crash handler launched and ready.
[26676:36636:1010/164527.123:ERROR:chrome\updater\crash_client.cc:116] Failed to fetch completed crash reports: 3
[26676:36636:1010/164527.123:ERROR:chrome\updater\crash_client.cc:132] Failed to fetch pending crash reports: 3
[26676:36636:1010/164527.123:VERBOSE2:chrome\updater\usage_stats_permissions_win.cc:77] usage stats enabled by app {8a69d345-d564-463c-aff1-a69d9e530f96}
[26676:36636:1010/164527.123:ERROR:third_party\crashpad\crashpad\util\file\file_io_win.cc:181] CreateFile C:\Program Files (x86)\Google\GoogleUpdater\142.0.7416.0\Crashpad\settings.dat: Access is denied. (0x5)
[26676:36636:1010/164527.123:ERROR:third_party\crashpad\crashpad\util\file\file_io_win.cc:181] CreateFile C:\Program Files (x86)\Google\GoogleUpdater\142.0.7416.0\Crashpad\settings.dat: Access is denied. (0x5)
[26676:36636:1010/164527.123:VERBOSE1:chrome\updater\updater.cc:97] Crash reporting initialized.
[26676:36636:1010/164527.139:VERBOSE1:chrome\updater\updater.cc:147] IsUserAdmin: 0, IsUserNonElevatedAdmin: 0, IsUACOn: 1, IsElevatedWithUACOn: 0, LUA: 1
[26676:16796:1010/164527.139:VERBOSE1:chrome\updater\app\app_wakeall.cc:57] Launching `"C:\Program Files (x86)\Google\GoogleUpdater\142.0.7416.0\updater.exe" --wake --system`
[34860:15600:1010/164527.218:VERBOSE1:chrome\updater\updater.cc:411] Version: 142.0.7416.0, opt, x86_64, command line: "C:\Program Files (x86)\Google\GoogleUpdater\142.0.7416.0\updater.exe" --wake --system
[34860:15600:1010/164527.218:VERBOSE1:chrome\updater\updater.cc:414] OS version: 10.0.26100.6584, System uptime (seconds): 1392251, parent pid: 26676
[34860:15600:1010/164527.218:VERBOSE1:chrome\updater\updater.cc:325] available: 18297780K, total: 35422432K
[30464:31456:1010/164527.292:VERBOSE1:chrome\updater\updater.cc:411] Version: 142.0.7416.0, opt, x86_64, command line: "C:\Program Files (x86)\Google\GoogleUpdater\142.0.7416.0\updater.exe" --crash-handler --system "--database=C:\Program Files (x86)\Google\GoogleUpdater\142.0.7416.0\Crashpad" --url=https://clients2.google.com/cr/report --annotation=prod=Update4 --annotation=ver=142.0.7416.0 "--attachment=C:\Program Files (x86)\Google\GoogleUpdater\updater.log" --initial-client-data=0x26c,0x270,0x274,0x250,0x278,0x7ff7d2247cc4,0x7ff7d2247cd0,0x7ff7d2247ce0
[30464:31456:1010/164527.292:VERBOSE1:chrome\updater\updater.cc:414] OS version: 10.0.26100.6584, System uptime (seconds): 1392251, parent pid: 34860
[30464:31456:1010/164527.292:VERBOSE1:chrome\updater\updater.cc:325] available: 18295792K, total: 35422432K
[34860:15600:1010/164527.297:VERBOSE1:chrome\updater\crash_reporter.cc:120] Crash handler launched and ready.
[34860:15600:1010/164527.297:ERROR:chrome\updater\crash_client.cc:116] Failed to fetch completed crash reports: 3
[34860:15600:1010/164527.297:ERROR:chrome\updater\crash_client.cc:132] Failed to fetch pending crash reports: 3
[34860:15600:1010/164527.297:VERBOSE2:chrome\updater\usage_stats_permissions_win.cc:77] usage stats enabled by app {8a69d345-d564-463c-aff1-a69d9e530f96}
[34860:15600:1010/164527.297:ERROR:third_party\crashpad\crashpad\util\file\file_io_win.cc:181] CreateFile C:\Program Files (x86)\Google\GoogleUpdater\142.0.7416.0\Crashpad\settings.dat: Access is denied. (0x5)
[34860:15600:1010/164527.297:ERROR:third_party\crashpad\crashpad\util\file\file_io_win.cc:181] CreateFile C:\Program Files (x86)\Google\GoogleUpdater\142.0.7416.0\Crashpad\settings.dat: Access is denied. (0x5)
[34860:15600:1010/164527.297:VERBOSE1:chrome\updater\updater.cc:97] Crash reporting initialized.
[34860:15600:1010/164527.297:VERBOSE1:chrome\updater\updater.cc:147] IsUserAdmin: 0, IsUserNonElevatedAdmin: 0, IsUACOn: 1, IsElevatedWithUACOn: 0, LUA: 1
[34860:15600:1010/164527.307:VERBOSE1:chrome\updater\ipc\update_service_internal_proxy_win.cc:156] Run
[34860:39796:1010/164531.673:VERBOSE2:chrome\updater\ipc\update_service_internal_proxy_win.cc:65] Run result 0.
[34860:15600:1010/164531.673:VERBOSE1:chrome\updater\ipc\update_service_internal_proxy_win.cc:148] ~UpdateServiceInternalProxyImpl
[34860:19168:1010/164531.673:VERBOSE2:chrome\updater\ipc\proxy_impl_base_win.h:58] ~ProxyImplBase
[34860:15600:1010/164531.673:VERBOSE1:chrome\updater\updater.cc:423] UpdaterMain (--wake) returned 0.
[26676:16796:1010/164531.683:VERBOSE1:chrome\updater\app\app_wakeall.cc:67] `"C:\Program Files (x86)\Google\GoogleUpdater\142.0.7416.0\updater.exe" --wake --system` exited 0
[26676:36636:1010/164531.685:VERBOSE1:chrome\updater\updater.cc:423] UpdaterMain (--wake-all) returned 0.
[30464:31456:1010/164531.685:VERBOSE1:chrome\updater\updater.cc:423] UpdaterMain (--crash-handler) returned 0.
[40180:19220:1010/164531.691:VERBOSE1:chrome\updater\updater.cc:423] UpdaterMain (--crash-handler) returned 0.
[30224:28276:1010/214531.935:VERBOSE1:chrome\updater\updater.cc:411] Version: 142.0.7416.0, opt, x86_64, command line: "C:\Program Files (x86)\Google\GoogleUpdater\142.0.7416.0\updater.exe" --wake-all --system
[30224:28276:1010/214531.935:VERBOSE1:chrome\updater\updater.cc:414] OS version: 10.0.26100.6584, System uptime (seconds): 1410256, parent pid: 9860
[30224:28276:1010/214531.935:VERBOSE1:chrome\updater\updater.cc:325] available: 18195788K, total: 35422432K
[31052:40808:1010/214532.014:VERBOSE1:chrome\updater\updater.cc:411] Version: 142.0.7416.0, opt, x86_64, command line: "C:\Program Files (x86)\Google\GoogleUpdater\142.0.7416.0\updater.exe" --crash-handler --system "--database=C:\Program Files (x86)\Google\GoogleUpdater\142.0.7416.0\Crashpad" --url=https://clients2.google.com/cr/report --annotation=prod=Update4 --annotation=ver=142.0.7416.0 "--attachment=C:\Program Files (x86)\Google\GoogleUpdater\updater.log" --initial-client-data=0x26c,0x270,0x274,0x248,0x278,0x7ff7d2247cc4,0x7ff7d2247cd0,0x7ff7d2247ce0
[31052:40808:1010/214532.014:VERBOSE1:chrome\updater\updater.cc:414] OS version: 10.0.26100.6584, System uptime (seconds): 1410256, parent pid: 30224
[31052:40808:1010/214532.014:VERBOSE1:chrome\updater\updater.cc:325] available: 18200884K, total: 35422432K
[30224:28276:1010/214532.030:VERBOSE1:chrome\updater\crash_reporter.cc:120] Crash handler launched and ready.
[30224:28276:1010/214532.030:ERROR:chrome\updater\crash_client.cc:116] Failed to fetch completed crash reports: 3
[30224:28276:1010/214532.030:ERROR:chrome\updater\crash_client.cc:132] Failed to fetch pending crash reports: 3
[30224:28276:1010/214532.030:VERBOSE2:chrome\updater\usage_stats_permissions_win.cc:77] usage stats enabled by app {8a69d345-d564-463c-aff1-a69d9e530f96}
[30224:28276:1010/214532.030:ERROR:third_party\crashpad\crashpad\util\file\file_io_win.cc:181] CreateFile C:\Program Files (x86)\Google\GoogleUpdater\142.0.7416.0\Crashpad\settings.dat: Access is denied. (0x5)
[30224:28276:1010/214532.030:ERROR:third_party\crashpad\crashpad\util\file\file_io_win.cc:181] CreateFile C:\Program Files (x86)\Google\GoogleUpdater\142.0.7416.0\Crashpad\settings.dat: Access is denied. (0x5)
[30224:28276:1010/214532.030:VERBOSE1:chrome\updater\updater.cc:97] Crash reporting initialized.
[30224:28276:1010/214532.030:VERBOSE1:chrome\updater\updater.cc:147] IsUserAdmin: 0, IsUserNonElevatedAdmin: 0, IsUACOn: 1, IsElevatedWithUACOn: 0, LUA: 1
[30224:7360:1010/214532.030:VERBOSE1:chrome\updater\app\app_wakeall.cc:57] Launching `"C:\Program Files (x86)\Google\GoogleUpdater\142.0.7416.0\updater.exe" --wake --system`
[28644:8008:1010/214532.108:VERBOSE1:chrome\updater\updater.cc:411] Version: 142.0.7416.0, opt, x86_64, command line: "C:\Program Files (x86)\Google\GoogleUpdater\142.0.7416.0\updater.exe" --wake --system
[28644:8008:1010/214532.108:VERBOSE1:chrome\updater\updater.cc:414] OS version: 10.0.26100.6584, System uptime (seconds): 1410256, parent pid: 30224
[28644:8008:1010/214532.108:VERBOSE1:chrome\updater\updater.cc:325] available: 18195540K, total: 35422432K
[2500:30748:1010/214532.284:VERBOSE1:chrome\updater\updater.cc:411] Version: 142.0.7416.0, opt, x86_64, command line: "C:\Program Files (x86)\Google\GoogleUpdater\142.0.7416.0\updater.exe" --crash-handler --system "--database=C:\Program Files (x86)\Google\GoogleUpdater\142.0.7416.0\Crashpad" --url=https://clients2.google.com/cr/report --annotation=prod=Update4 --annotation=ver=142.0.7416.0 "--attachment=C:\Program Files (x86)\Google\GoogleUpdater\updater.log" --initial-client-data=0x278,0x27c,0x280,0x254,0x284,0x7ff7d2247cc4,0x7ff7d2247cd0,0x7ff7d2247ce0
[2500:30748:1010/214532.284:VERBOSE1:chrome\updater\updater.cc:414] OS version: 10.0.26100.6584, System uptime (seconds): 1410256, parent pid: 28644
[2500:30748:1010/214532.284:VERBOSE1:chrome\updater\updater.cc:325] available: 18194756K, total: 35422432K
[28644:8008:1010/214532.286:VERBOSE1:chrome\updater\crash_reporter.cc:120] Crash handler launched and ready.
[28644:8008:1010/214532.286:ERROR:chrome\updater\crash_client.cc:116] Failed to fetch completed crash reports: 3
[28644:8008:1010/214532.286:ERROR:chrome\updater\crash_client.cc:132] Failed to fetch pending crash reports: 3
[28644:8008:1010/214532.288:VERBOSE2:chrome\updater\usage_stats_permissions_win.cc:77] usage stats enabled by app {8a69d345-d564-463c-aff1-a69d9e530f96}
[28644:8008:1010/214532.288:ERROR:third_party\crashpad\crashpad\util\file\file_io_win.cc:181] CreateFile C:\Program Files (x86)\Google\GoogleUpdater\142.0.7416.0\Crashpad\settings.dat: Access is denied. (0x5)
[28644:8008:1010/214532.288:ERROR:third_party\crashpad\crashpad\util\file\file_io_win.cc:181] CreateFile C:\Program Files (x86)\Google\GoogleUpdater\142.0.7416.0\Crashpad\settings.dat: Access is denied. (0x5)
[28644:8008:1010/214532.288:VERBOSE1:chrome\updater\updater.cc:97] Crash reporting initialized.
[28644:8008:1010/214532.292:VERBOSE1:chrome\updater\updater.cc:147] IsUserAdmin: 0, IsUserNonElevatedAdmin: 0, IsUACOn: 1, IsElevatedWithUACOn: 0, LUA: 1
[28644:8008:1010/214532.300:VERBOSE1:chrome\updater\ipc\update_service_internal_proxy_win.cc:156] Run
[28644:7272:1010/214536.732:VERBOSE2:chrome\updater\ipc\update_service_internal_proxy_win.cc:65] Run result 0.
[28644:8008:1010/214536.732:VERBOSE1:chrome\updater\ipc\update_service_internal_proxy_win.cc:148] ~UpdateServiceInternalProxyImpl
[28644:8212:1010/214536.732:VERBOSE2:chrome\updater\ipc\proxy_impl_base_win.h:58] ~ProxyImplBase
[28644:8008:1010/214536.732:VERBOSE1:chrome\updater\updater.cc:423] UpdaterMain (--wake) returned 0.
[30224:7360:1010/214536.741:VERBOSE1:chrome\updater\app\app_wakeall.cc:67] `"C:\Program Files (x86)\Google\GoogleUpdater\142.0.7416.0\updater.exe" --wake --system` exited 0
[30224:28276:1010/214536.742:VERBOSE1:chrome\updater\updater.cc:423] UpdaterMain (--wake-all) returned 0.
[2500:30748:1010/214536.743:VERBOSE1:chrome\updater\updater.cc:423] UpdaterMain (--crash-handler) returned 0.
[31052:40808:1010/214536.748:VERBOSE1:chrome\updater\updater.cc:423] UpdaterMain (--crash-handler) returned 0.
[11900:28980:1011/024536.987:VERBOSE1:chrome\updater\updater.cc:411] Version: 142.0.7416.0, opt, x86_64, command line: "C:\Program Files (x86)\Google\GoogleUpdater\142.0.7416.0\updater.exe" --wake-all --system
[11900:28980:1011/024536.987:VERBOSE1:chrome\updater\updater.cc:414] OS version: 10.0.26100.6584, System uptime (seconds): 1428261, parent pid: 9860
[11900:28980:1011/024536.987:VERBOSE1:chrome\updater\updater.cc:325] available: 18184116K, total: 35422432K
[24156:40792:1011/024537.050:VERBOSE1:chrome\updater\updater.cc:411] Version: 142.0.7416.0, opt, x86_64, command line: "C:\Program Files (x86)\Google\GoogleUpdater\142.0.7416.0\updater.exe" --crash-handler --system "--database=C:\Program Files (x86)\Google\GoogleUpdater\142.0.7416.0\Crashpad" --url=https://clients2.google.com/cr/report --annotation=prod=Update4 --annotation=ver=142.0.7416.0 "--attachment=C:\Program Files (x86)\Google\GoogleUpdater\updater.log" --initial-client-data=0x274,0x278,0x27c,0x250,0x280,0x7ff7d2247cc4,0x7ff7d2247cd0,0x7ff7d2247ce0
[24156:40792:1011/024537.050:VERBOSE1:chrome\updater\updater.cc:414] OS version: 10.0.26100.6584, System uptime (seconds): 1428261, parent pid: 11900
[24156:40792:1011/024537.050:VERBOSE1:chrome\updater\updater.cc:325] available: 18179976K, total: 35422432K
[11900:28980:1011/024537.050:VERBOSE1:chrome\updater\crash_reporter.cc:120] Crash handler launched and ready.
[11900:28980:1011/024537.050:ERROR:chrome\updater\crash_client.cc:116] Failed to fetch completed crash reports: 3
[11900:28980:1011/024537.050:ERROR:chrome\updater\crash_client.cc:132] Failed to fetch pending crash reports: 3
[11900:28980:1011/024537.050:VERBOSE2:chrome\updater\usage_stats_permissions_win.cc:77] usage stats enabled by app {8a69d345-d564-463c-aff1-a69d9e530f96}
[11900:28980:1011/024537.050:ERROR:third_party\crashpad\crashpad\util\file\file_io_win.cc:181] CreateFile C:\Program Files (x86)\Google\GoogleUpdater\142.0.7416.0\Crashpad\settings.dat: Access is denied. (0x5)
[11900:28980:1011/024537.050:ERROR:third_party\crashpad\crashpad\util\file\file_io_win.cc:181] CreateFile C:\Program Files (x86)\Google\GoogleUpdater\142.0.7416.0\Crashpad\settings.dat: Access is denied. (0x5)
[11900:28980:1011/024537.050:VERBOSE1:chrome\updater\updater.cc:97] Crash reporting initialized.
[11900:28980:1011/024537.050:VERBOSE1:chrome\updater\updater.cc:147] IsUserAdmin: 0, IsUserNonElevatedAdmin: 0, IsUACOn: 1, IsElevatedWithUACOn: 0, LUA: 1
[11900:6808:1011/024537.071:VERBOSE1:chrome\updater\app\app_wakeall.cc:57] Launching `"C:\Program Files (x86)\Google\GoogleUpdater\142.0.7416.0\updater.exe" --wake --system`
[27032:36976:1011/024537.129:VERBOSE1:chrome\updater\updater.cc:411] Version: 142.0.7416.0, opt, x86_64, command line: "C:\Program Files (x86)\Google\GoogleUpdater\142.0.7416.0\updater.exe" --wake --system
[27032:36976:1011/024537.129:VERBOSE1:chrome\updater\updater.cc:414] OS version: 10.0.26100.6584, System uptime (seconds): 1428261, parent pid: 11900
[27032:36976:1011/024537.129:VERBOSE1:chrome\updater\updater.cc:325] available: 18175500K, total: 35422432K
[29804:18268:1011/024537.209:VERBOSE1:chrome\updater\updater.cc:411] Version: 142.0.7416.0, opt, x86_64, command line: "C:\Program Files (x86)\Google\GoogleUpdater\142.0.7416.0\updater.exe" --crash-handler --system "--database=C:\Program Files (x86)\Google\GoogleUpdater\142.0.7416.0\Crashpad" --url=https://clients2.google.com/cr/report --annotation=prod=Update4 --annotation=ver=142.0.7416.0 "--attachment=C:\Program Files (x86)\Google\GoogleUpdater\updater.log" --initial-client-data=0x278,0x27c,0x280,0xb0,0x284,0x7ff7d2247cc4,0x7ff7d2247cd0,0x7ff7d2247ce0
[29804:18268:1011/024537.209:VERBOSE1:chrome\updater\updater.cc:414] OS version: 10.0.26100.6584, System uptime (seconds): 1428261, parent pid: 27032
[29804:18268:1011/024537.209:VERBOSE1:chrome\updater\updater.cc:325] available: 18180640K, total: 35422432K
[27032:36976:1011/024537.209:VERBOSE1:chrome\updater\crash_reporter.cc:120] Crash handler launched and ready.
[27032:36976:1011/024537.219:ERROR:chrome\updater\crash_client.cc:116] Failed to fetch completed crash reports: 3
[27032:36976:1011/024537.219:ERROR:chrome\updater\crash_client.cc:132] Failed to fetch pending crash reports: 3
[27032:36976:1011/024537.219:VERBOSE2:chrome\updater\usage_stats_permissions_win.cc:77] usage stats enabled by app {8a69d345-d564-463c-aff1-a69d9e530f96}
[27032:36976:1011/024537.219:ERROR:third_party\crashpad\crashpad\util\file\file_io_win.cc:181] CreateFile C:\Program Files (x86)\Google\GoogleUpdater\142.0.7416.0\Crashpad\settings.dat: Access is denied. (0x5)
[27032:36976:1011/024537.219:ERROR:third_party\crashpad\crashpad\util\file\file_io_win.cc:181] CreateFile C:\Program Files (x86)\Google\GoogleUpdater\142.0.7416.0\Crashpad\settings.dat: Access is denied. (0x5)
[27032:36976:1011/024537.219:VERBOSE1:chrome\updater\updater.cc:97] Crash reporting initialized.
[27032:36976:1011/024537.219:VERBOSE1:chrome\updater\updater.cc:147] IsUserAdmin: 0, IsUserNonElevatedAdmin: 0, IsUACOn: 1, IsElevatedWithUACOn: 0, LUA: 1
[27032:36976:1011/024537.229:VERBOSE1:chrome\updater\ipc\update_service_internal_proxy_win.cc:156] Run
[27032:17252:1011/024540.941:VERBOSE2:chrome\updater\ipc\update_service_internal_proxy_win.cc:65] Run result 0.
[27032:36976:1011/024540.941:VERBOSE1:chrome\updater\ipc\update_service_internal_proxy_win.cc:148] ~UpdateServiceInternalProxyImpl
[27032:2168:1011/024540.941:VERBOSE2:chrome\updater\ipc\proxy_impl_base_win.h:58] ~ProxyImplBase
[27032:36976:1011/024540.942:VERBOSE1:chrome\updater\updater.cc:423] UpdaterMain (--wake) returned 0.
[11900:6808:1011/024540.944:VERBOSE1:chrome\updater\app\app_wakeall.cc:67] `"C:\Program Files (x86)\Google\GoogleUpdater\142.0.7416.0\updater.exe" --wake --system` exited 0
[11900:28980:1011/024540.946:VERBOSE1:chrome\updater\updater.cc:423] UpdaterMain (--wake-all) returned 0.
[29804:18268:1011/024540.946:VERBOSE1:chrome\updater\updater.cc:423] UpdaterMain (--crash-handler) returned 0.
[24156:40792:1011/024540.954:VERBOSE1:chrome\updater\updater.cc:423] UpdaterMain (--crash-handler) returned 0.
[29060:18840:1011/074541.250:VERBOSE1:chrome\updater\updater.cc:411] Version: 142.0.7416.0, opt, x86_64, command line: "C:\Program Files (x86)\Google\GoogleUpdater\142.0.7416.0\updater.exe" --wake-all --system
[29060:18840:1011/074541.250:VERBOSE1:chrome\updater\updater.cc:414] OS version: 10.0.26100.6584, System uptime (seconds): 1446265, parent pid: 9860
[29060:18840:1011/074541.250:VERBOSE1:chrome\updater\updater.cc:325] available: 18135836K, total: 35422432K
[28020:34196:1011/074541.299:VERBOSE1:chrome\updater\updater.cc:411] Version: 142.0.7416.0, opt, x86_64, command line: "C:\Program Files (x86)\Google\GoogleUpdater\142.0.7416.0\updater.exe" --crash-handler --system "--database=C:\Program Files (x86)\Google\GoogleUpdater\142.0.7416.0\Crashpad" --url=https://clients2.google.com/cr/report --annotation=prod=Update4 --annotation=ver=142.0.7416.0 "--attachment=C:\Program Files (x86)\Google\GoogleUpdater\updater.log" --initial-client-data=0x274,0x278,0x27c,0x250,0x280,0x7ff7d2247cc4,0x7ff7d2247cd0,0x7ff7d2247ce0
[28020:34196:1011/074541.299:VERBOSE1:chrome\updater\updater.cc:414] OS version: 10.0.26100.6584, System uptime (seconds): 1446265, parent pid: 29060
[28020:34196:1011/074541.299:VERBOSE1:chrome\updater\updater.cc:325] available: 18133752K, total: 35422432K
[29060:18840:1011/074541.314:VERBOSE1:chrome\updater\crash_reporter.cc:120] Crash handler launched and ready.
[29060:18840:1011/074541.314:ERROR:chrome\updater\crash_client.cc:116] Failed to fetch completed crash reports: 3
[29060:18840:1011/074541.314:ERROR:chrome\updater\crash_client.cc:132] Failed to fetch pending crash reports: 3
[29060:18840:1011/074541.314:VERBOSE2:chrome\updater\usage_stats_permissions_win.cc:77] usage stats enabled by app {8a69d345-d564-463c-aff1-a69d9e530f96}
[29060:18840:1011/074541.314:ERROR:third_party\crashpad\crashpad\util\file\file_io_win.cc:181] CreateFile C:\Program Files (x86)\Google\GoogleUpdater\142.0.7416.0\Crashpad\settings.dat: Access is denied. (0x5)
[29060:18840:1011/074541.314:ERROR:third_party\crashpad\crashpad\util\file\file_io_win.cc:181] CreateFile C:\Program Files (x86)\Google\GoogleUpdater\142.0.7416.0\Crashpad\settings.dat: Access is denied. (0x5)
[29060:18840:1011/074541.314:VERBOSE1:chrome\updater\updater.cc:97] Crash reporting initialized.
[29060:18840:1011/074541.314:VERBOSE1:chrome\updater\updater.cc:147] IsUserAdmin: 0, IsUserNonElevatedAdmin: 0, IsUACOn: 1, IsElevatedWithUACOn: 0, LUA: 1
[29060:37124:1011/074541.314:VERBOSE1:chrome\updater\app\app_wakeall.cc:57] Launching `"C:\Program Files (x86)\Google\GoogleUpdater\142.0.7416.0\updater.exe" --wake --system`
[21508:27156:1011/074541.378:VERBOSE1:chrome\updater\updater.cc:411] Version: 142.0.7416.0, opt, x86_64, command line: "C:\Program Files (x86)\Google\GoogleUpdater\142.0.7416.0\updater.exe" --wake --system
[21508:27156:1011/074541.378:VERBOSE1:chrome\updater\updater.cc:414] OS version: 10.0.26100.6584, System uptime (seconds): 1446265, parent pid: 29060
[21508:27156:1011/074541.378:VERBOSE1:chrome\updater\updater.cc:325] available: 18127560K, total: 35422432K
[23188:23204:1011/074541.488:VERBOSE1:chrome\updater\updater.cc:411] Version: 142.0.7416.0, opt, x86_64, command line: "C:\Program Files (x86)\Google\GoogleUpdater\142.0.7416.0\updater.exe" --crash-handler --system "--database=C:\Program Files (x86)\Google\GoogleUpdater\142.0.7416.0\Crashpad" --url=https://clients2.google.com/cr/report --annotation=prod=Update4 --annotation=ver=142.0.7416.0 "--attachment=C:\Program Files (x86)\Google\GoogleUpdater\updater.log" --initial-client-data=0x27c,0x280,0x284,0x258,0x288,0x7ff7d2247cc4,0x7ff7d2247cd0,0x7ff7d2247ce0
[23188:23204:1011/074541.488:VERBOSE1:chrome\updater\updater.cc:414] OS version: 10.0.26100.6584, System uptime (seconds): 1446265, parent pid: 21508
[23188:23204:1011/074541.488:VERBOSE1:chrome\updater\updater.cc:325] available: 18127884K, total: 35422432K
[21508:27156:1011/074541.488:VERBOSE1:chrome\updater\crash_reporter.cc:120] Crash handler launched and ready.
[21508:27156:1011/074541.488:ERROR:chrome\updater\crash_client.cc:116] Failed to fetch completed crash reports: 3
[21508:27156:1011/074541.488:ERROR:chrome\updater\crash_client.cc:132] Failed to fetch pending crash reports: 3
[21508:27156:1011/074541.488:VERBOSE2:chrome\updater\usage_stats_permissions_win.cc:77] usage stats enabled by app {8a69d345-d564-463c-aff1-a69d9e530f96}
[21508:27156:1011/074541.488:ERROR:third_party\crashpad\crashpad\util\file\file_io_win.cc:181] CreateFile C:\Program Files (x86)\Google\GoogleUpdater\142.0.7416.0\Crashpad\settings.dat: Access is denied. (0x5)
[21508:27156:1011/074541.488:ERROR:third_party\crashpad\crashpad\util\file\file_io_win.cc:181] CreateFile C:\Program Files (x86)\Google\GoogleUpdater\142.0.7416.0\Crashpad\settings.dat: Access is denied. (0x5)
[21508:27156:1011/074541.488:VERBOSE1:chrome\updater\updater.cc:97] Crash reporting initialized.
[21508:27156:1011/074541.504:VERBOSE1:chrome\updater\updater.cc:147] IsUserAdmin: 0, IsUserNonElevatedAdmin: 0, IsUACOn: 1, IsElevatedWithUACOn: 0, LUA: 1
[21508:27156:1011/074541.504:VERBOSE1:chrome\updater\ipc\update_service_internal_proxy_win.cc:156] Run
[21508:6656:1011/074546.088:VERBOSE2:chrome\updater\ipc\update_service_internal_proxy_win.cc:65] Run result 0.
[21508:27156:1011/074546.088:VERBOSE1:chrome\updater\ipc\update_service_internal_proxy_win.cc:148] ~UpdateServiceInternalProxyImpl
[21508:29760:1011/074546.088:VERBOSE2:chrome\updater\ipc\proxy_impl_base_win.h:58] ~ProxyImplBase
[21508:27156:1011/074546.088:VERBOSE1:chrome\updater\updater.cc:423] UpdaterMain (--wake) returned 0.
[29060:37124:1011/074546.088:VERBOSE1:chrome\updater\app\app_wakeall.cc:67] `"C:\Program Files (x86)\Google\GoogleUpdater\142.0.7416.0\updater.exe" --wake --system` exited 0
[29060:18840:1011/074546.088:VERBOSE1:chrome\updater\updater.cc:423] UpdaterMain (--wake-all) returned 0.
[23188:23204:1011/074546.088:VERBOSE1:chrome\updater\updater.cc:423] UpdaterMain (--crash-handler) returned 0.
[28020:34196:1011/074546.103:VERBOSE1:chrome\updater\updater.cc:423] UpdaterMain (--crash-handler) returned 0.
[1012:29236:1011/124548.486:VERBOSE1:chrome\updater\updater.cc:411] Version: 142.0.7416.0, opt, x86_64, command line: "C:\Program Files (x86)\Google\GoogleUpdater\142.0.7416.0\updater.exe" --wake-all --system
[1012:29236:1011/124548.486:VERBOSE1:chrome\updater\updater.cc:414] OS version: 10.0.26100.6584, System uptime (seconds): 1464270, parent pid: 9860
[1012:29236:1011/124548.486:VERBOSE1:chrome\updater\updater.cc:325] available: 17361208K, total: 35422432K
[30468:18856:1011/124548.553:VERBOSE1:chrome\updater\updater.cc:411] Version: 142.0.7416.0, opt, x86_64, command line: "C:\Program Files (x86)\Google\GoogleUpdater\142.0.7416.0\updater.exe" --crash-handler --system "--database=C:\Program Files (x86)\Google\GoogleUpdater\142.0.7416.0\Crashpad" --url=https://clients2.google.com/cr/report --annotation=prod=Update4 --annotation=ver=142.0.7416.0 "--attachment=C:\Program Files (x86)\Google\GoogleUpdater\updater.log" --initial-client-data=0x298,0x29c,0x2a0,0x274,0x2a4,0x7ff7d2247cc4,0x7ff7d2247cd0,0x7ff7d2247ce0
[30468:18856:1011/124548.553:VERBOSE1:chrome\updater\updater.cc:414] OS version: 10.0.26100.6584, System uptime (seconds): 1464270, parent pid: 1012
[30468:18856:1011/124548.553:VERBOSE1:chrome\updater\updater.cc:325] available: 17353764K, total: 35422432K
[1012:29236:1011/124548.553:VERBOSE1:chrome\updater\crash_reporter.cc:120] Crash handler launched and ready.
[1012:29236:1011/124548.553:ERROR:chrome\updater\crash_client.cc:116] Failed to fetch completed crash reports: 3
[1012:29236:1011/124548.553:ERROR:chrome\updater\crash_client.cc:132] Failed to fetch pending crash reports: 3
[1012:29236:1011/124548.553:VERBOSE2:chrome\updater\usage_stats_permissions_win.cc:77] usage stats enabled by app {8a69d345-d564-463c-aff1-a69d9e530f96}
[1012:29236:1011/124548.553:ERROR:third_party\crashpad\crashpad\util\file\file_io_win.cc:181] CreateFile C:\Program Files (x86)\Google\GoogleUpdater\142.0.7416.0\Crashpad\settings.dat: Access is denied. (0x5)
[1012:29236:1011/124548.565:ERROR:third_party\crashpad\crashpad\util\file\file_io_win.cc:181] CreateFile C:\Program Files (x86)\Google\GoogleUpdater\142.0.7416.0\Crashpad\settings.dat: Access is denied. (0x5)
[1012:29236:1011/124548.565:VERBOSE1:chrome\updater\updater.cc:97] Crash reporting initialized.
[1012:29236:1011/124548.565:VERBOSE1:chrome\updater\updater.cc:147] IsUserAdmin: 0, IsUserNonElevatedAdmin: 0, IsUACOn: 1, IsElevatedWithUACOn: 0, LUA: 1
[1012:3736:1011/124548.565:VERBOSE1:chrome\updater\app\app_wakeall.cc:57] Launching `"C:\Program Files (x86)\Google\GoogleUpdater\142.0.7416.0\updater.exe" --wake --system`
[16484:37884:1011/124548.628:VERBOSE1:chrome\updater\updater.cc:411] Version: 142.0.7416.0, opt, x86_64, command line: "C:\Program Files (x86)\Google\GoogleUpdater\142.0.7416.0\updater.exe" --wake --system
[16484:37884:1011/124548.628:VERBOSE1:chrome\updater\updater.cc:414] OS version: 10.0.26100.6584, System uptime (seconds): 1464270, parent pid: 1012
[16484:37884:1011/124548.628:VERBOSE1:chrome\updater\updater.cc:325] available: 17347672K, total: 35422432K
[28560:9672:1011/124548.676:VERBOSE1:chrome\updater\updater.cc:411] Version: 142.0.7416.0, opt, x86_64, command line: "C:\Program Files (x86)\Google\GoogleUpdater\142.0.7416.0\updater.exe" --crash-handler --system "--database=C:\Program Files (x86)\Google\GoogleUpdater\142.0.7416.0\Crashpad" --url=https://clients2.google.com/cr/report --annotation=prod=Update4 --annotation=ver=142.0.7416.0 "--attachment=C:\Program Files (x86)\Google\GoogleUpdater\updater.log" --initial-client-data=0x270,0x274,0x278,0x1e0,0x27c,0x7ff7d2247cc4,0x7ff7d2247cd0,0x7ff7d2247ce0
[28560:9672:1011/124548.676:VERBOSE1:chrome\updater\updater.cc:414] OS version: 10.0.26100.6584, System uptime (seconds): 1464270, parent pid: 16484
[28560:9672:1011/124548.676:VERBOSE1:chrome\updater\updater.cc:325] available: 17343520K, total: 35422432K
[16484:37884:1011/124548.692:VERBOSE1:chrome\updater\crash_reporter.cc:120] Crash handler launched and ready.
[16484:37884:1011/124548.692:ERROR:chrome\updater\crash_client.cc:116] Failed to fetch completed crash reports: 3
[16484:37884:1011/124548.692:ERROR:chrome\updater\crash_client.cc:132] Failed to fetch pending crash reports: 3
[16484:37884:1011/124548.692:VERBOSE2:chrome\updater\usage_stats_permissions_win.cc:77] usage stats enabled by app {8a69d345-d564-463c-aff1-a69d9e530f96}
[16484:37884:1011/124548.692:ERROR:third_party\crashpad\crashpad\util\file\file_io_win.cc:181] CreateFile C:\Program Files (x86)\Google\GoogleUpdater\142.0.7416.0\Crashpad\settings.dat: Access is denied. (0x5)
[16484:37884:1011/124548.692:ERROR:third_party\crashpad\crashpad\util\file\file_io_win.cc:181] CreateFile C:\Program Files (x86)\Google\GoogleUpdater\142.0.7416.0\Crashpad\settings.dat: Access is denied. (0x5)
[16484:37884:1011/124548.692:VERBOSE1:chrome\updater\updater.cc:97] Crash reporting initialized.
[16484:37884:1011/124548.692:VERBOSE1:chrome\updater\updater.cc:147] IsUserAdmin: 0, IsUserNonElevatedAdmin: 0, IsUACOn: 1, IsElevatedWithUACOn: 0, LUA: 1
[16484:37884:1011/124548.692:VERBOSE1:chrome\updater\ipc\update_service_internal_proxy_win.cc:156] Run
[16484:27196:1011/124553.492:VERBOSE2:chrome\updater\ipc\update_service_internal_proxy_win.cc:65] Run result 0.
[16484:37884:1011/124553.492:VERBOSE1:chrome\updater\ipc\update_service_internal_proxy_win.cc:148] ~UpdateServiceInternalProxyImpl
[16484:38328:1011/124553.492:VERBOSE2:chrome\updater\ipc\proxy_impl_base_win.h:58] ~ProxyImplBase
[16484:37884:1011/124553.492:VERBOSE1:chrome\updater\updater.cc:423] UpdaterMain (--wake) returned 0.
[1012:3736:1011/124553.507:VERBOSE1:chrome\updater\app\app_wakeall.cc:67] `"C:\Program Files (x86)\Google\GoogleUpdater\142.0.7416.0\updater.exe" --wake --system` exited 0
[1012:29236:1011/124553.511:VERBOSE1:chrome\updater\updater.cc:423] UpdaterMain (--wake-all) returned 0.
[28560:9672:1011/124553.511:VERBOSE1:chrome\updater\updater.cc:423] UpdaterMain (--crash-handler) returned 0.
[30468:18856:1011/124553.521:VERBOSE1:chrome\updater\updater.cc:423] UpdaterMain (--crash-handler) returned 0.
[21920:18268:1011/174553.763:VERBOSE1:chrome\updater\updater.cc:411] Version: 142.0.7416.0, opt, x86_64, command line: "C:\Program Files (x86)\Google\GoogleUpdater\142.0.7416.0\updater.exe" --wake-all --system
[21920:18268:1011/174553.763:VERBOSE1:chrome\updater\updater.cc:414] OS version: 10.0.26100.6584, System uptime (seconds): 1482275, parent pid: 9860
[21920:18268:1011/174553.763:VERBOSE1:chrome\updater\updater.cc:325] available: 17459340K, total: 35422432K
[35152:34676:1011/174553.826:VERBOSE1:chrome\updater\updater.cc:411] Version: 142.0.7416.0, opt, x86_64, command line: "C:\Program Files (x86)\Google\GoogleUpdater\142.0.7416.0\updater.exe" --crash-handler --system "--database=C:\Program Files (x86)\Google\GoogleUpdater\142.0.7416.0\Crashpad" --url=https://clients2.google.com/cr/report --annotation=prod=Update4 --annotation=ver=142.0.7416.0 "--attachment=C:\Program Files (x86)\Google\GoogleUpdater\updater.log" --initial-client-data=0x26c,0x270,0x274,0x248,0x278,0x7ff7d2247cc4,0x7ff7d2247cd0,0x7ff7d2247ce0
[35152:34676:1011/174553.826:VERBOSE1:chrome\updater\updater.cc:414] OS version: 10.0.26100.6584, System uptime (seconds): 1482276, parent pid: 21920
[35152:34676:1011/174553.826:VERBOSE1:chrome\updater\updater.cc:325] available: 17454284K, total: 35422432K
[21920:18268:1011/174553.826:VERBOSE1:chrome\updater\crash_reporter.cc:120] Crash handler launched and ready.
[21920:18268:1011/174553.826:ERROR:chrome\updater\crash_client.cc:116] Failed to fetch completed crash reports: 3
[21920:18268:1011/174553.826:ERROR:chrome\updater\crash_client.cc:132] Failed to fetch pending crash reports: 3
[21920:18268:1011/174553.826:VERBOSE2:chrome\updater\usage_stats_permissions_win.cc:77] usage stats enabled by app {8a69d345-d564-463c-aff1-a69d9e530f96}
[21920:18268:1011/174553.826:ERROR:third_party\crashpad\crashpad\util\file\file_io_win.cc:181] CreateFile C:\Program Files (x86)\Google\GoogleUpdater\142.0.7416.0\Crashpad\settings.dat: Access is denied. (0x5)
[21920:18268:1011/174553.826:ERROR:third_party\crashpad\crashpad\util\file\file_io_win.cc:181] CreateFile C:\Program Files (x86)\Google\GoogleUpdater\142.0.7416.0\Crashpad\settings.dat: Access is denied. (0x5)
[21920:18268:1011/174553.826:VERBOSE1:chrome\updater\updater.cc:97] Crash reporting initialized.
[21920:18268:1011/174553.826:VERBOSE1:chrome\updater\updater.cc:147] IsUserAdmin: 0, IsUserNonElevatedAdmin: 0, IsUACOn: 1, IsElevatedWithUACOn: 0, LUA: 1
[21920:27496:1011/174553.842:VERBOSE1:chrome\updater\app\app_wakeall.cc:57] Launching `"C:\Program Files (x86)\Google\GoogleUpdater\142.0.7416.0\updater.exe" --wake --system`
[11032:39620:1011/174553.890:VERBOSE1:chrome\updater\updater.cc:411] Version: 142.0.7416.0, opt, x86_64, command line: "C:\Program Files (x86)\Google\GoogleUpdater\142.0.7416.0\updater.exe" --wake --system
[11032:39620:1011/174553.890:VERBOSE1:chrome\updater\updater.cc:414] OS version: 10.0.26100.6584, System uptime (seconds): 1482276, parent pid: 21920
[11032:39620:1011/174553.890:VERBOSE1:chrome\updater\updater.cc:325] available: 17451192K, total: 35422432K
[38212:32452:1011/174553.954:VERBOSE1:chrome\updater\updater.cc:411] Version: 142.0.7416.0, opt, x86_64, command line: "C:\Program Files (x86)\Google\GoogleUpdater\142.0.7416.0\updater.exe" --crash-handler --system "--database=C:\Program Files (x86)\Google\GoogleUpdater\142.0.7416.0\Crashpad" --url=https://clients2.google.com/cr/report --annotation=prod=Update4 --annotation=ver=142.0.7416.0 "--attachment=C:\Program Files (x86)\Google\GoogleUpdater\updater.log" --initial-client-data=0x274,0x278,0x27c,0x250,0x280,0x7ff7d2247cc4,0x7ff7d2247cd0,0x7ff7d2247ce0
[38212:32452:1011/174553.954:VERBOSE1:chrome\updater\updater.cc:414] OS version: 10.0.26100.6584, System uptime (seconds): 1482276, parent pid: 11032
[38212:32452:1011/174553.954:VERBOSE1:chrome\updater\updater.cc:325] available: 17447992K, total: 35422432K
[11032:39620:1011/174553.954:VERBOSE1:chrome\updater\crash_reporter.cc:120] Crash handler launched and ready.
[11032:39620:1011/174553.954:ERROR:chrome\updater\crash_client.cc:116] Failed to fetch completed crash reports: 3
[11032:39620:1011/174553.954:ERROR:chrome\updater\crash_client.cc:132] Failed to fetch pending crash reports: 3
[11032:39620:1011/174553.954:VERBOSE2:chrome\updater\usage_stats_permissions_win.cc:77] usage stats enabled by app {8a69d345-d564-463c-aff1-a69d9e530f96}
[11032:39620:1011/174553.954:ERROR:third_party\crashpad\crashpad\util\file\file_io_win.cc:181] CreateFile C:\Program Files (x86)\Google\GoogleUpdater\142.0.7416.0\Crashpad\settings.dat: Access is denied. (0x5)
[11032:39620:1011/174553.954:ERROR:third_party\crashpad\crashpad\util\file\file_io_win.cc:181] CreateFile C:\Program Files (x86)\Google\GoogleUpdater\142.0.7416.0\Crashpad\settings.dat: Access is denied. (0x5)
[11032:39620:1011/174553.954:VERBOSE1:chrome\updater\updater.cc:97] Crash reporting initialized.
[11032:39620:1011/174553.954:VERBOSE1:chrome\updater\updater.cc:147] IsUserAdmin: 0, IsUserNonElevatedAdmin: 0, IsUACOn: 1, IsElevatedWithUACOn: 0, LUA: 1
[11032:39620:1011/174553.973:VERBOSE1:chrome\updater\ipc\update_service_internal_proxy_win.cc:156] Run
[11032:12688:1011/174558.650:VERBOSE2:chrome\updater\ipc\update_service_internal_proxy_win.cc:65] Run result 0.
[11032:39620:1011/174558.650:VERBOSE1:chrome\updater\ipc\update_service_internal_proxy_win.cc:148] ~UpdateServiceInternalProxyImpl
[11032:8164:1011/174558.650:VERBOSE2:chrome\updater\ipc\proxy_impl_base_win.h:58] ~ProxyImplBase
[11032:39620:1011/174558.650:VERBOSE1:chrome\updater\updater.cc:423] UpdaterMain (--wake) returned 0.
[21920:27496:1011/174558.650:VERBOSE1:chrome\updater\app\app_wakeall.cc:67] `"C:\Program Files (x86)\Google\GoogleUpdater\142.0.7416.0\updater.exe" --wake --system` exited 0
[21920:18268:1011/174558.650:VERBOSE1:chrome\updater\updater.cc:423] UpdaterMain (--wake-all) returned 0.
[38212:32452:1011/174558.660:VERBOSE1:chrome\updater\updater.cc:423] UpdaterMain (--crash-handler) returned 0.
[35152:34676:1011/174558.672:VERBOSE1:chrome\updater\updater.cc:423] UpdaterMain (--crash-handler) returned 0.
[29652:39304:1011/224558.900:VERBOSE1:chrome\updater\updater.cc:411] Version: 142.0.7416.0, opt, x86_64, command line: "C:\Program Files (x86)\Google\GoogleUpdater\142.0.7416.0\updater.exe" --wake-all --system
[29652:39304:1011/224558.900:VERBOSE1:chrome\updater\updater.cc:414] OS version: 10.0.26100.6584, System uptime (seconds): 1500281, parent pid: 9860
[29652:39304:1011/224558.900:VERBOSE1:chrome\updater\updater.cc:325] available: 17446880K, total: 35422432K
[12740:16120:1011/224558.973:VERBOSE1:chrome\updater\updater.cc:411] Version: 142.0.7416.0, opt, x86_64, command line: "C:\Program Files (x86)\Google\GoogleUpdater\142.0.7416.0\updater.exe" --crash-handler --system "--database=C:\Program Files (x86)\Google\GoogleUpdater\142.0.7416.0\Crashpad" --url=https://clients2.google.com/cr/report --annotation=prod=Update4 --annotation=ver=142.0.7416.0 "--attachment=C:\Program Files (x86)\Google\GoogleUpdater\updater.log" --initial-client-data=0x274,0x278,0x27c,0x250,0x280,0x7ff7d2247cc4,0x7ff7d2247cd0,0x7ff7d2247ce0
[12740:16120:1011/224558.973:VERBOSE1:chrome\updater\updater.cc:414] OS version: 10.0.26100.6584, System uptime (seconds): 1500281, parent pid: 29652
[12740:16120:1011/224558.973:VERBOSE1:chrome\updater\updater.cc:325] available: 17445972K, total: 35422432K
[29652:39304:1011/224558.973:VERBOSE1:chrome\updater\crash_reporter.cc:120] Crash handler launched and ready.
[29652:39304:1011/224558.979:ERROR:chrome\updater\crash_client.cc:116] Failed to fetch completed crash reports: 3
[29652:39304:1011/224558.979:ERROR:chrome\updater\crash_client.cc:132] Failed to fetch pending crash reports: 3
[29652:39304:1011/224558.979:VERBOSE2:chrome\updater\usage_stats_permissions_win.cc:77] usage stats enabled by app {8a69d345-d564-463c-aff1-a69d9e530f96}
[29652:39304:1011/224558.979:ERROR:third_party\crashpad\crashpad\util\file\file_io_win.cc:181] CreateFile C:\Program Files (x86)\Google\GoogleUpdater\142.0.7416.0\Crashpad\settings.dat: Access is denied. (0x5)
[29652:39304:1011/224558.979:ERROR:third_party\crashpad\crashpad\util\file\file_io_win.cc:181] CreateFile C:\Program Files (x86)\Google\GoogleUpdater\142.0.7416.0\Crashpad\settings.dat: Access is denied. (0x5)
[29652:39304:1011/224558.979:VERBOSE1:chrome\updater\updater.cc:97] Crash reporting initialized.
[29652:39304:1011/224558.979:VERBOSE1:chrome\updater\updater.cc:147] IsUserAdmin: 0, IsUserNonElevatedAdmin: 0, IsUACOn: 1, IsElevatedWithUACOn: 0, LUA: 1
[29652:26960:1011/224558.979:VERBOSE1:chrome\updater\app\app_wakeall.cc:57] Launching `"C:\Program Files (x86)\Google\GoogleUpdater\142.0.7416.0\updater.exe" --wake --system`
[34248:35076:1011/224559.042:VERBOSE1:chrome\updater\updater.cc:411] Version: 142.0.7416.0, opt, x86_64, command line: "C:\Program Files (x86)\Google\GoogleUpdater\142.0.7416.0\updater.exe" --wake --system
[34248:35076:1011/224559.042:VERBOSE1:chrome\updater\updater.cc:414] OS version: 10.0.26100.6584, System uptime (seconds): 1500281, parent pid: 29652
[34248:35076:1011/224559.042:VERBOSE1:chrome\updater\updater.cc:325] available: 17444376K, total: 35422432K
[27540:5716:1011/224559.106:VERBOSE1:chrome\updater\updater.cc:411] Version: 142.0.7416.0, opt, x86_64, command line: "C:\Program Files (x86)\Google\GoogleUpdater\142.0.7416.0\updater.exe" --crash-handler --system "--database=C:\Program Files (x86)\Google\GoogleUpdater\142.0.7416.0\Crashpad" --url=https://clients2.google.com/cr/report --annotation=prod=Update4 --annotation=ver=142.0.7416.0 "--attachment=C:\Program Files (x86)\Google\GoogleUpdater\updater.log" --initial-client-data=0x270,0x274,0x278,0x24c,0x27c,0x7ff7d2247cc4,0x7ff7d2247cd0,0x7ff7d2247ce0
[27540:5716:1011/224559.106:VERBOSE1:chrome\updater\updater.cc:414] OS version: 10.0.26100.6584, System uptime (seconds): 1500281, parent pid: 34248
[27540:5716:1011/224559.106:VERBOSE1:chrome\updater\updater.cc:325] available: 17437376K, total: 35422432K
[34248:35076:1011/224559.106:VERBOSE1:chrome\updater\crash_reporter.cc:120] Crash handler launched and ready.
[34248:35076:1011/224559.106:ERROR:chrome\updater\crash_client.cc:116] Failed to fetch completed crash reports: 3
[34248:35076:1011/224559.106:ERROR:chrome\updater\crash_client.cc:132] Failed to fetch pending crash reports: 3
[34248:35076:1011/224559.106:VERBOSE2:chrome\updater\usage_stats_permissions_win.cc:77] usage stats enabled by app {8a69d345-d564-463c-aff1-a69d9e530f96}
[34248:35076:1011/224559.106:ERROR:third_party\crashpad\crashpad\util\file\file_io_win.cc:181] CreateFile C:\Program Files (x86)\Google\GoogleUpdater\142.0.7416.0\Crashpad\settings.dat: Access is denied. (0x5)
[34248:35076:1011/224559.106:ERROR:third_party\crashpad\crashpad\util\file\file_io_win.cc:181] CreateFile C:\Program Files (x86)\Google\GoogleUpdater\142.0.7416.0\Crashpad\settings.dat: Access is denied. (0x5)
[34248:35076:1011/224559.106:VERBOSE1:chrome\updater\updater.cc:97] Crash reporting initialized.
[34248:35076:1011/224559.106:VERBOSE1:chrome\updater\updater.cc:147] IsUserAdmin: 0, IsUserNonElevatedAdmin: 0, IsUACOn: 1, IsElevatedWithUACOn: 0, LUA: 1
[34248:35076:1011/224559.122:VERBOSE1:chrome\updater\ipc\update_service_internal_proxy_win.cc:156] Run
[34248:31760:1011/224602.840:VERBOSE2:chrome\updater\ipc\update_service_internal_proxy_win.cc:65] Run result 0.
[34248:35076:1011/224602.840:VERBOSE1:chrome\updater\ipc\update_service_internal_proxy_win.cc:148] ~UpdateServiceInternalProxyImpl
[34248:27768:1011/224602.840:VERBOSE2:chrome\updater\ipc\proxy_impl_base_win.h:58] ~ProxyImplBase
[34248:35076:1011/224602.840:VERBOSE1:chrome\updater\updater.cc:423] UpdaterMain (--wake) returned 0.
[29652:26960:1011/224602.840:VERBOSE1:chrome\updater\app\app_wakeall.cc:67] `"C:\Program Files (x86)\Google\GoogleUpdater\142.0.7416.0\updater.exe" --wake --system` exited 0
[29652:39304:1011/224602.840:VERBOSE1:chrome\updater\updater.cc:423] UpdaterMain (--wake-all) returned 0.
[27540:5716:1011/224602.852:VERBOSE1:chrome\updater\updater.cc:423] UpdaterMain (--crash-handler) returned 0.
[12740:16120:1011/224602.856:VERBOSE1:chrome\updater\updater.cc:423] UpdaterMain (--crash-handler) returned 0.
[29652:37264:1012/034603.089:VERBOSE1:chrome\updater\updater.cc:411] Version: 142.0.7416.0, opt, x86_64, command line: "C:\Program Files (x86)\Google\GoogleUpdater\142.0.7416.0\updater.exe" --wake-all --system
[29652:37264:1012/034603.089:VERBOSE1:chrome\updater\updater.cc:414] OS version: 10.0.26100.6584, System uptime (seconds): 1518285, parent pid: 9860
[29652:37264:1012/034603.089:VERBOSE1:chrome\updater\updater.cc:325] available: 17431184K, total: 35422432K
[37844:30868:1012/034603.142:VERBOSE1:chrome\updater\updater.cc:411] Version: 142.0.7416.0, opt, x86_64, command line: "C:\Program Files (x86)\Google\GoogleUpdater\142.0.7416.0\updater.exe" --crash-handler --system "--database=C:\Program Files (x86)\Google\GoogleUpdater\142.0.7416.0\Crashpad" --url=https://clients2.google.com/cr/report --annotation=prod=Update4 --annotation=ver=142.0.7416.0 "--attachment=C:\Program Files (x86)\Google\GoogleUpdater\updater.log" --initial-client-data=0x26c,0x270,0x274,0x248,0x278,0x7ff7d2247cc4,0x7ff7d2247cd0,0x7ff7d2247ce0
[37844:30868:1012/034603.142:VERBOSE1:chrome\updater\updater.cc:414] OS version: 10.0.26100.6584, System uptime (seconds): 1518285, parent pid: 29652
[37844:30868:1012/034603.142:VERBOSE1:chrome\updater\updater.cc:325] available: 17429004K, total: 35422432K
[29652:37264:1012/034603.152:VERBOSE1:chrome\updater\crash_reporter.cc:120] Crash handler launched and ready.
[29652:37264:1012/034603.152:ERROR:chrome\updater\crash_client.cc:116] Failed to fetch completed crash reports: 3
[29652:37264:1012/034603.152:ERROR:chrome\updater\crash_client.cc:132] Failed to fetch pending crash reports: 3
[29652:37264:1012/034603.152:VERBOSE2:chrome\updater\usage_stats_permissions_win.cc:77] usage stats enabled by app {8a69d345-d564-463c-aff1-a69d9e530f96}
[29652:37264:1012/034603.152:ERROR:third_party\crashpad\crashpad\util\file\file_io_win.cc:181] CreateFile C:\Program Files (x86)\Google\GoogleUpdater\142.0.7416.0\Crashpad\settings.dat: Access is denied. (0x5)
[29652:37264:1012/034603.152:ERROR:third_party\crashpad\crashpad\util\file\file_io_win.cc:181] CreateFile C:\Program Files (x86)\Google\GoogleUpdater\142.0.7416.0\Crashpad\settings.dat: Access is denied. (0x5)
[29652:37264:1012/034603.152:VERBOSE1:chrome\updater\updater.cc:97] Crash reporting initialized.
[29652:37264:1012/034603.158:VERBOSE1:chrome\updater\updater.cc:147] IsUserAdmin: 0, IsUserNonElevatedAdmin: 0, IsUACOn: 1, IsElevatedWithUACOn: 0, LUA: 1
[29652:4112:1012/034603.158:VERBOSE1:chrome\updater\app\app_wakeall.cc:57] Launching `"C:\Program Files (x86)\Google\GoogleUpdater\142.0.7416.0\updater.exe" --wake --system`
[23096:39500:1012/034603.206:VERBOSE1:chrome\updater\updater.cc:411] Version: 142.0.7416.0, opt, x86_64, command line: "C:\Program Files (x86)\Google\GoogleUpdater\142.0.7416.0\updater.exe" --wake --system
[23096:39500:1012/034603.222:VERBOSE1:chrome\updater\updater.cc:414] OS version: 10.0.26100.6584, System uptime (seconds): 1518285, parent pid: 29652
[23096:39500:1012/034603.222:VERBOSE1:chrome\updater\updater.cc:325] available: 17424388K, total: 35422432K
[23876:2008:1012/034603.285:VERBOSE1:chrome\updater\updater.cc:411] Version: 142.0.7416.0, opt, x86_64, command line: "C:\Program Files (x86)\Google\GoogleUpdater\142.0.7416.0\updater.exe" --crash-handler --system "--database=C:\Program Files (x86)\Google\GoogleUpdater\142.0.7416.0\Crashpad" --url=https://clients2.google.com/cr/report --annotation=prod=Update4 --annotation=ver=142.0.7416.0 "--attachment=C:\Program Files (x86)\Google\GoogleUpdater\updater.log" --initial-client-data=0x284,0x288,0x28c,0x260,0x290,0x7ff7d2247cc4,0x7ff7d2247cd0,0x7ff7d2247ce0
[23876:2008:1012/034603.285:VERBOSE1:chrome\updater\updater.cc:414] OS version: 10.0.26100.6584, System uptime (seconds): 1518285, parent pid: 23096
[23876:2008:1012/034603.285:VERBOSE1:chrome\updater\updater.cc:325] available: 17422224K, total: 35422432K
[23096:39500:1012/034603.285:VERBOSE1:chrome\updater\crash_reporter.cc:120] Crash handler launched and ready.
[23096:39500:1012/034603.285:ERROR:chrome\updater\crash_client.cc:116] Failed to fetch completed crash reports: 3
[23096:39500:1012/034603.285:ERROR:chrome\updater\crash_client.cc:132] Failed to fetch pending crash reports: 3
[23096:39500:1012/034603.285:VERBOSE2:chrome\updater\usage_stats_permissions_win.cc:77] usage stats enabled by app {8a69d345-d564-463c-aff1-a69d9e530f96}
[23096:39500:1012/034603.285:ERROR:third_party\crashpad\crashpad\util\file\file_io_win.cc:181] CreateFile C:\Program Files (x86)\Google\GoogleUpdater\142.0.7416.0\Crashpad\settings.dat: Access is denied. (0x5)
[23096:39500:1012/034603.285:ERROR:third_party\crashpad\crashpad\util\file\file_io_win.cc:181] CreateFile C:\Program Files (x86)\Google\GoogleUpdater\142.0.7416.0\Crashpad\settings.dat: Access is denied. (0x5)
[23096:39500:1012/034603.285:VERBOSE1:chrome\updater\updater.cc:97] Crash reporting initialized.
[23096:39500:1012/034603.285:VERBOSE1:chrome\updater\updater.cc:147] IsUserAdmin: 0, IsUserNonElevatedAdmin: 0, IsUACOn: 1, IsElevatedWithUACOn: 0, LUA: 1
[23096:39500:1012/034603.301:VERBOSE1:chrome\updater\ipc\update_service_internal_proxy_win.cc:156] Run
[23096:34284:1012/034608.164:VERBOSE2:chrome\updater\ipc\update_service_internal_proxy_win.cc:65] Run result 0.
[23096:39500:1012/034608.164:VERBOSE1:chrome\updater\ipc\update_service_internal_proxy_win.cc:148] ~UpdateServiceInternalProxyImpl
[23096:36712:1012/034608.164:VERBOSE2:chrome\updater\ipc\proxy_impl_base_win.h:58] ~ProxyImplBase
[23096:39500:1012/034608.164:VERBOSE1:chrome\updater\updater.cc:423] UpdaterMain (--wake) returned 0.
[29652:4112:1012/034608.164:VERBOSE1:chrome\updater\app\app_wakeall.cc:67] `"C:\Program Files (x86)\Google\GoogleUpdater\142.0.7416.0\updater.exe" --wake --system` exited 0
[29652:37264:1012/034608.164:VERBOSE1:chrome\updater\updater.cc:423] UpdaterMain (--wake-all) returned 0.
[23876:2008:1012/034608.164:VERBOSE1:chrome\updater\updater.cc:423] UpdaterMain (--crash-handler) returned 0.
[37844:30868:1012/034608.180:VERBOSE1:chrome\updater\updater.cc:423] UpdaterMain (--crash-handler) returned 0.
[17336:5228:1012/084608.404:VERBOSE1:chrome\updater\updater.cc:411] Version: 142.0.7416.0, opt, x86_64, command line: "C:\Program Files (x86)\Google\GoogleUpdater\142.0.7416.0\updater.exe" --wake-all --system
[17336:5228:1012/084608.404:VERBOSE1:chrome\updater\updater.cc:414] OS version: 10.0.26100.6584, System uptime (seconds): 1536290, parent pid: 9860
[17336:5228:1012/084608.404:VERBOSE1:chrome\updater\updater.cc:325] available: 17475328K, total: 35422432K
[20292:7800:1012/084608.467:VERBOSE1:chrome\updater\updater.cc:411] Version: 142.0.7416.0, opt, x86_64, command line: "C:\Program Files (x86)\Google\GoogleUpdater\142.0.7416.0\updater.exe" --crash-handler --system "--database=C:\Program Files (x86)\Google\GoogleUpdater\142.0.7416.0\Crashpad" --url=https://clients2.google.com/cr/report --annotation=prod=Update4 --annotation=ver=142.0.7416.0 "--attachment=C:\Program Files (x86)\Google\GoogleUpdater\updater.log" --initial-client-data=0x274,0x278,0x27c,0x250,0x280,0x7ff7d2247cc4,0x7ff7d2247cd0,0x7ff7d2247ce0
[20292:7800:1012/084608.467:VERBOSE1:chrome\updater\updater.cc:414] OS version: 10.0.26100.6584, System uptime (seconds): 1536290, parent pid: 17336
[20292:7800:1012/084608.467:VERBOSE1:chrome\updater\updater.cc:325] available: 17472196K, total: 35422432K
[17336:5228:1012/084608.477:VERBOSE1:chrome\updater\crash_reporter.cc:120] Crash handler launched and ready.
[17336:5228:1012/084608.477:ERROR:chrome\updater\crash_client.cc:116] Failed to fetch completed crash reports: 3
[17336:5228:1012/084608.477:ERROR:chrome\updater\crash_client.cc:132] Failed to fetch pending crash reports: 3
[17336:5228:1012/084608.477:VERBOSE2:chrome\updater\usage_stats_permissions_win.cc:77] usage stats enabled by app {8a69d345-d564-463c-aff1-a69d9e530f96}
[17336:5228:1012/084608.477:ERROR:third_party\crashpad\crashpad\util\file\file_io_win.cc:181] CreateFile C:\Program Files (x86)\Google\GoogleUpdater\142.0.7416.0\Crashpad\settings.dat: Access is denied. (0x5)
[17336:5228:1012/084608.477:ERROR:third_party\crashpad\crashpad\util\file\file_io_win.cc:181] CreateFile C:\Program Files (x86)\Google\GoogleUpdater\142.0.7416.0\Crashpad\settings.dat: Access is denied. (0x5)
[17336:5228:1012/084608.477:VERBOSE1:chrome\updater\updater.cc:97] Crash reporting initialized.
[17336:5228:1012/084608.483:VERBOSE1:chrome\updater\updater.cc:147] IsUserAdmin: 0, IsUserNonElevatedAdmin: 0, IsUACOn: 1, IsElevatedWithUACOn: 0, LUA: 1
[17336:8988:1012/084608.491:VERBOSE1:chrome\updater\app\app_wakeall.cc:57] Launching `"C:\Program Files (x86)\Google\GoogleUpdater\142.0.7416.0\updater.exe" --wake --system`
[34660:33000:1012/084608.546:VERBOSE1:chrome\updater\updater.cc:411] Version: 142.0.7416.0, opt, x86_64, command line: "C:\Program Files (x86)\Google\GoogleUpdater\142.0.7416.0\updater.exe" --wake --system
[34660:33000:1012/084608.546:VERBOSE1:chrome\updater\updater.cc:414] OS version: 10.0.26100.6584, System uptime (seconds): 1536290, parent pid: 17336
[34660:33000:1012/084608.546:VERBOSE1:chrome\updater\updater.cc:325] available: 17467724K, total: 35422432K
[31532:36456:1012/084608.597:VERBOSE1:chrome\updater\updater.cc:411] Version: 142.0.7416.0, opt, x86_64, command line: "C:\Program Files (x86)\Google\GoogleUpdater\142.0.7416.0\updater.exe" --crash-handler --system "--database=C:\Program Files (x86)\Google\GoogleUpdater\142.0.7416.0\Crashpad" --url=https://clients2.google.com/cr/report --annotation=prod=Update4 --annotation=ver=142.0.7416.0 "--attachment=C:\Program Files (x86)\Google\GoogleUpdater\updater.log" --initial-client-data=0x270,0x274,0x278,0x248,0x27c,0x7ff7d2247cc4,0x7ff7d2247cd0,0x7ff7d2247ce0
[31532:36456:1012/084608.597:VERBOSE1:chrome\updater\updater.cc:414] OS version: 10.0.26100.6584, System uptime (seconds): 1536290, parent pid: 34660
[31532:36456:1012/084608.597:VERBOSE1:chrome\updater\updater.cc:325] available: 17462568K, total: 35422432K
[34660:33000:1012/084608.610:VERBOSE1:chrome\updater\crash_reporter.cc:120] Crash handler launched and ready.
[34660:33000:1012/084608.610:ERROR:chrome\updater\crash_client.cc:116] Failed to fetch completed crash reports: 3
[34660:33000:1012/084608.610:ERROR:chrome\updater\crash_client.cc:132] Failed to fetch pending crash reports: 3
[34660:33000:1012/084608.610:VERBOSE2:chrome\updater\usage_stats_permissions_win.cc:77] usage stats enabled by app {8a69d345-d564-463c-aff1-a69d9e530f96}
[34660:33000:1012/084608.610:ERROR:third_party\crashpad\crashpad\util\file\file_io_win.cc:181] CreateFile C:\Program Files (x86)\Google\GoogleUpdater\142.0.7416.0\Crashpad\settings.dat: Access is denied. (0x5)
[34660:33000:1012/084608.610:ERROR:third_party\crashpad\crashpad\util\file\file_io_win.cc:181] CreateFile C:\Program Files (x86)\Google\GoogleUpdater\142.0.7416.0\Crashpad\settings.dat: Access is denied. (0x5)
[34660:33000:1012/084608.610:VERBOSE1:chrome\updater\updater.cc:97] Crash reporting initialized.
[34660:33000:1012/084608.610:VERBOSE1:chrome\updater\updater.cc:147] IsUserAdmin: 0, IsUserNonElevatedAdmin: 0, IsUACOn: 1, IsElevatedWithUACOn: 0, LUA: 1
[34660:33000:1012/084608.610:VERBOSE1:chrome\updater\ipc\update_service_internal_proxy_win.cc:156] Run
[34660:2888:1012/084612.632:VERBOSE2:chrome\updater\ipc\update_service_internal_proxy_win.cc:65] Run result 0.
[34660:33000:1012/084612.632:VERBOSE1:chrome\updater\ipc\update_service_internal_proxy_win.cc:148] ~UpdateServiceInternalProxyImpl
[34660:9052:1012/084612.632:VERBOSE2:chrome\updater\ipc\proxy_impl_base_win.h:58] ~ProxyImplBase
[34660:33000:1012/084612.632:VERBOSE1:chrome\updater\updater.cc:423] UpdaterMain (--wake) returned 0.
[17336:8988:1012/084612.640:VERBOSE1:chrome\updater\app\app_wakeall.cc:67] `"C:\Program Files (x86)\Google\GoogleUpdater\142.0.7416.0\updater.exe" --wake --system` exited 0
[17336:5228:1012/084612.641:VERBOSE1:chrome\updater\updater.cc:423] UpdaterMain (--wake-all) returned 0.
[31532:36456:1012/084612.643:VERBOSE1:chrome\updater\updater.cc:423] UpdaterMain (--crash-handler) returned 0.
[20292:7800:1012/084612.647:VERBOSE1:chrome\updater\updater.cc:423] UpdaterMain (--crash-handler) returned 0.
[33920:960:1012/134615.063:VERBOSE1:chrome\updater\updater.cc:411] Version: 142.0.7416.0, opt, x86_64, command line: "C:\Program Files (x86)\Google\GoogleUpdater\142.0.7416.0\updater.exe" --wake-all --system
[33920:960:1012/134615.063:VERBOSE1:chrome\updater\updater.cc:414] OS version: 10.0.26100.6584, System uptime (seconds): 1554295, parent pid: 9860
[33920:960:1012/134615.063:VERBOSE1:chrome\updater\updater.cc:325] available: 17464924K, total: 35422432K
[16024:25784:1012/134615.117:VERBOSE1:chrome\updater\updater.cc:411] Version: 142.0.7416.0, opt, x86_64, command line: "C:\Program Files (x86)\Google\GoogleUpdater\142.0.7416.0\updater.exe" --crash-handler --system "--database=C:\Program Files (x86)\Google\GoogleUpdater\142.0.7416.0\Crashpad" --url=https://clients2.google.com/cr/report --annotation=prod=Update4 --annotation=ver=142.0.7416.0 "--attachment=C:\Program Files (x86)\Google\GoogleUpdater\updater.log" --initial-client-data=0x270,0x274,0x278,0x24c,0x27c,0x7ff7d2247cc4,0x7ff7d2247cd0,0x7ff7d2247ce0
[16024:25784:1012/134615.117:VERBOSE1:chrome\updater\updater.cc:414] OS version: 10.0.26100.6584, System uptime (seconds): 1554295, parent pid: 33920
[16024:25784:1012/134615.117:VERBOSE1:chrome\updater\updater.cc:325] available: 17461316K, total: 35422432K
[33920:960:1012/134615.117:VERBOSE1:chrome\updater\crash_reporter.cc:120] Crash handler launched and ready.
[33920:960:1012/134615.117:ERROR:chrome\updater\crash_client.cc:116] Failed to fetch completed crash reports: 3
[33920:960:1012/134615.117:ERROR:chrome\updater\crash_client.cc:132] Failed to fetch pending crash reports: 3
[33920:960:1012/134615.117:VERBOSE2:chrome\updater\usage_stats_permissions_win.cc:77] usage stats enabled by app {8a69d345-d564-463c-aff1-a69d9e530f96}
[33920:960:1012/134615.133:ERROR:third_party\crashpad\crashpad\util\file\file_io_win.cc:181] CreateFile C:\Program Files (x86)\Google\GoogleUpdater\142.0.7416.0\Crashpad\settings.dat: Access is denied. (0x5)
[33920:960:1012/134615.133:ERROR:third_party\crashpad\crashpad\util\file\file_io_win.cc:181] CreateFile C:\Program Files (x86)\Google\GoogleUpdater\142.0.7416.0\Crashpad\settings.dat: Access is denied. (0x5)
[33920:960:1012/134615.133:VERBOSE1:chrome\updater\updater.cc:97] Crash reporting initialized.
[33920:960:1012/134615.133:VERBOSE1:chrome\updater\updater.cc:147] IsUserAdmin: 0, IsUserNonElevatedAdmin: 0, IsUACOn: 1, IsElevatedWithUACOn: 0, LUA: 1
[33920:30752:1012/134615.169:VERBOSE1:chrome\updater\app\app_wakeall.cc:57] Launching `"C:\Program Files (x86)\Google\GoogleUpdater\142.0.7416.0\updater.exe" --wake --system`
[36952:38168:1012/134615.228:VERBOSE1:chrome\updater\updater.cc:411] Version: 142.0.7416.0, opt, x86_64, command line: "C:\Program Files (x86)\Google\GoogleUpdater\142.0.7416.0\updater.exe" --wake --system
[36952:38168:1012/134615.228:VERBOSE1:chrome\updater\updater.cc:414] OS version: 10.0.26100.6584, System uptime (seconds): 1554295, parent pid: 33920
[36952:38168:1012/134615.228:VERBOSE1:chrome\updater\updater.cc:325] available: 17457908K, total: 35422432K
[8236:22440:1012/134615.325:VERBOSE1:chrome\updater\updater.cc:411] Version: 142.0.7416.0, opt, x86_64, command line: "C:\Program Files (x86)\Google\GoogleUpdater\142.0.7416.0\updater.exe" --crash-handler --system "--database=C:\Program Files (x86)\Google\GoogleUpdater\142.0.7416.0\Crashpad" --url=https://clients2.google.com/cr/report --annotation=prod=Update4 --annotation=ver=142.0.7416.0 "--attachment=C:\Program Files (x86)\Google\GoogleUpdater\updater.log" --initial-client-data=0x26c,0x270,0x274,0x128,0x278,0x7ff7d2247cc4,0x7ff7d2247cd0,0x7ff7d2247ce0
[8236:22440:1012/134615.325:VERBOSE1:chrome\updater\updater.cc:414] OS version: 10.0.26100.6584, System uptime (seconds): 1554295, parent pid: 36952
[8236:22440:1012/134615.325:VERBOSE1:chrome\updater\updater.cc:325] available: 17453696K, total: 35422432K
[36952:38168:1012/134615.327:VERBOSE1:chrome\updater\crash_reporter.cc:120] Crash handler launched and ready.
[36952:38168:1012/134615.327:ERROR:chrome\updater\crash_client.cc:116] Failed to fetch completed crash reports: 3
[36952:38168:1012/134615.327:ERROR:chrome\updater\crash_client.cc:132] Failed to fetch pending crash reports: 3
[36952:38168:1012/134615.329:VERBOSE2:chrome\updater\usage_stats_permissions_win.cc:77] usage stats enabled by app {8a69d345-d564-463c-aff1-a69d9e530f96}
[36952:38168:1012/134615.329:ERROR:third_party\crashpad\crashpad\util\file\file_io_win.cc:181] CreateFile C:\Program Files (x86)\Google\GoogleUpdater\142.0.7416.0\Crashpad\settings.dat: Access is denied. (0x5)
[36952:38168:1012/134615.329:ERROR:third_party\crashpad\crashpad\util\file\file_io_win.cc:181] CreateFile C:\Program Files (x86)\Google\GoogleUpdater\142.0.7416.0\Crashpad\settings.dat: Access is denied. (0x5)
[36952:38168:1012/134615.329:VERBOSE1:chrome\updater\updater.cc:97] Crash reporting initialized.
[36952:38168:1012/134615.333:VERBOSE1:chrome\updater\updater.cc:147] IsUserAdmin: 0, IsUserNonElevatedAdmin: 0, IsUACOn: 1, IsElevatedWithUACOn: 0, LUA: 1
[36952:38168:1012/134615.339:VERBOSE1:chrome\updater\ipc\update_service_internal_proxy_win.cc:156] Run
[36952:12272:1012/134620.884:VERBOSE2:chrome\updater\ipc\update_service_internal_proxy_win.cc:65] Run result 0.
[36952:38168:1012/134620.884:VERBOSE1:chrome\updater\ipc\update_service_internal_proxy_win.cc:148] ~UpdateServiceInternalProxyImpl
[36952:33292:1012/134620.884:VERBOSE2:chrome\updater\ipc\proxy_impl_base_win.h:58] ~ProxyImplBase
[36952:38168:1012/134620.884:VERBOSE1:chrome\updater\updater.cc:423] UpdaterMain (--wake) returned 0.
[33920:30752:1012/134620.892:VERBOSE1:chrome\updater\app\app_wakeall.cc:67] `"C:\Program Files (x86)\Google\GoogleUpdater\142.0.7416.0\updater.exe" --wake --system` exited 0
[33920:960:1012/134620.893:VERBOSE1:chrome\updater\updater.cc:423] UpdaterMain (--wake-all) returned 0.
[16024:25784:1012/134620.898:VERBOSE1:chrome\updater\updater.cc:423] UpdaterMain (--crash-handler) returned 0.
[8236:22440:1012/134620.899:VERBOSE1:chrome\updater\updater.cc:423] UpdaterMain (--crash-handler) returned 0.
[31988:23976:1012/184621.128:VERBOSE1:chrome\updater\updater.cc:411] Version: 142.0.7416.0, opt, x86_64, command line: "C:\Program Files (x86)\Google\GoogleUpdater\142.0.7416.0\updater.exe" --wake-all --system
[31988:23976:1012/184621.128:VERBOSE1:chrome\updater\updater.cc:414] OS version: 10.0.26100.6584, System uptime (seconds): 1572301, parent pid: 9860
[31988:23976:1012/184621.128:VERBOSE1:chrome\updater\updater.cc:325] available: 17458248K, total: 35422432K
[25212:39032:1012/184621.192:VERBOSE1:chrome\updater\updater.cc:411] Version: 142.0.7416.0, opt, x86_64, command line: "C:\Program Files (x86)\Google\GoogleUpdater\142.0.7416.0\updater.exe" --crash-handler --system "--database=C:\Program Files (x86)\Google\GoogleUpdater\142.0.7416.0\Crashpad" --url=https://clients2.google.com/cr/report --annotation=prod=Update4 --annotation=ver=142.0.7416.0 "--attachment=C:\Program Files (x86)\Google\GoogleUpdater\updater.log" --initial-client-data=0x26c,0x270,0x274,0x1ec,0x278,0x7ff7d2247cc4,0x7ff7d2247cd0,0x7ff7d2247ce0
[25212:39032:1012/184621.192:VERBOSE1:chrome\updater\updater.cc:414] OS version: 10.0.26100.6584, System uptime (seconds): 1572301, parent pid: 31988
[25212:39032:1012/184621.192:VERBOSE1:chrome\updater\updater.cc:325] available: 17458816K, total: 35422432K
[31988:23976:1012/184621.192:VERBOSE1:chrome\updater\crash_reporter.cc:120] Crash handler launched and ready.
[31988:23976:1012/184621.192:ERROR:chrome\updater\crash_client.cc:116] Failed to fetch completed crash reports: 3
[31988:23976:1012/184621.207:ERROR:chrome\updater\crash_client.cc:132] Failed to fetch pending crash reports: 3
[31988:23976:1012/184621.207:VERBOSE2:chrome\updater\usage_stats_permissions_win.cc:77] usage stats enabled by app {8a69d345-d564-463c-aff1-a69d9e530f96}
[31988:23976:1012/184621.207:ERROR:third_party\crashpad\crashpad\util\file\file_io_win.cc:181] CreateFile C:\Program Files (x86)\Google\GoogleUpdater\142.0.7416.0\Crashpad\settings.dat: Access is denied. (0x5)
[31988:23976:1012/184621.207:ERROR:third_party\crashpad\crashpad\util\file\file_io_win.cc:181] CreateFile C:\Program Files (x86)\Google\GoogleUpdater\142.0.7416.0\Crashpad\settings.dat: Access is denied. (0x5)
[31988:23976:1012/184621.207:VERBOSE1:chrome\updater\updater.cc:97] Crash reporting initialized.
[31988:23976:1012/184621.207:VERBOSE1:chrome\updater\updater.cc:147] IsUserAdmin: 0, IsUserNonElevatedAdmin: 0, IsUACOn: 1, IsElevatedWithUACOn: 0, LUA: 1
[31988:28384:1012/184621.218:VERBOSE1:chrome\updater\app\app_wakeall.cc:57] Launching `"C:\Program Files (x86)\Google\GoogleUpdater\142.0.7416.0\updater.exe" --wake --system`
[32228:17020:1012/184621.271:VERBOSE1:chrome\updater\updater.cc:411] Version: 142.0.7416.0, opt, x86_64, command line: "C:\Program Files (x86)\Google\GoogleUpdater\142.0.7416.0\updater.exe" --wake --system
[32228:17020:1012/184621.271:VERBOSE1:chrome\updater\updater.cc:414] OS version: 10.0.26100.6584, System uptime (seconds): 1572301, parent pid: 31988
[32228:17020:1012/184621.271:VERBOSE1:chrome\updater\updater.cc:325] available: 17454256K, total: 35422432K
[36260:13524:1012/184621.334:VERBOSE1:chrome\updater\updater.cc:411] Version: 142.0.7416.0, opt, x86_64, command line: "C:\Program Files (x86)\Google\GoogleUpdater\142.0.7416.0\updater.exe" --crash-handler --system "--database=C:\Program Files (x86)\Google\GoogleUpdater\142.0.7416.0\Crashpad" --url=https://clients2.google.com/cr/report --annotation=prod=Update4 --annotation=ver=142.0.7416.0 "--attachment=C:\Program Files (x86)\Google\GoogleUpdater\updater.log" --initial-client-data=0x27c,0x280,0x284,0x258,0x288,0x7ff7d2247cc4,0x7ff7d2247cd0,0x7ff7d2247ce0
[36260:13524:1012/184621.334:VERBOSE1:chrome\updater\updater.cc:414] OS version: 10.0.26100.6584, System uptime (seconds): 1572301, parent pid: 32228
[36260:13524:1012/184621.334:VERBOSE1:chrome\updater\updater.cc:325] available: 17451168K, total: 35422432K
[32228:17020:1012/184621.334:VERBOSE1:chrome\updater\crash_reporter.cc:120] Crash handler launched and ready.
[32228:17020:1012/184621.334:ERROR:chrome\updater\crash_client.cc:116] Failed to fetch completed crash reports: 3
[32228:17020:1012/184621.334:ERROR:chrome\updater\crash_client.cc:132] Failed to fetch pending crash reports: 3
[32228:17020:1012/184621.334:VERBOSE2:chrome\updater\usage_stats_permissions_win.cc:77] usage stats enabled by app {8a69d345-d564-463c-aff1-a69d9e530f96}
[32228:17020:1012/184621.334:ERROR:third_party\crashpad\crashpad\util\file\file_io_win.cc:181] CreateFile C:\Program Files (x86)\Google\GoogleUpdater\142.0.7416.0\Crashpad\settings.dat: Access is denied. (0x5)
[32228:17020:1012/184621.334:ERROR:third_party\crashpad\crashpad\util\file\file_io_win.cc:181] CreateFile C:\Program Files (x86)\Google\GoogleUpdater\142.0.7416.0\Crashpad\settings.dat: Access is denied. (0x5)
[32228:17020:1012/184621.334:VERBOSE1:chrome\updater\updater.cc:97] Crash reporting initialized.
[32228:17020:1012/184621.334:VERBOSE1:chrome\updater\updater.cc:147] IsUserAdmin: 0, IsUserNonElevatedAdmin: 0, IsUACOn: 1, IsElevatedWithUACOn: 0, LUA: 1
[32228:17020:1012/184621.350:VERBOSE1:chrome\updater\ipc\update_service_internal_proxy_win.cc:156] Run
[32228:38148:1012/184626.327:VERBOSE2:chrome\updater\ipc\update_service_internal_proxy_win.cc:65] Run result 0.
[32228:17020:1012/184626.327:VERBOSE1:chrome\updater\ipc\update_service_internal_proxy_win.cc:148] ~UpdateServiceInternalProxyImpl
[32228:38212:1012/184626.327:VERBOSE2:chrome\updater\ipc\proxy_impl_base_win.h:58] ~ProxyImplBase
[32228:17020:1012/184626.329:VERBOSE1:chrome\updater\updater.cc:423] UpdaterMain (--wake) returned 0.
[31988:28384:1012/184626.329:VERBOSE1:chrome\updater\app\app_wakeall.cc:67] `"C:\Program Files (x86)\Google\GoogleUpdater\142.0.7416.0\updater.exe" --wake --system` exited 0
[31988:23976:1012/184626.329:VERBOSE1:chrome\updater\updater.cc:423] UpdaterMain (--wake-all) returned 0.
[36260:13524:1012/184626.329:VERBOSE1:chrome\updater\updater.cc:423] UpdaterMain (--crash-handler) returned 0.
[25212:39032:1012/184626.329:VERBOSE1:chrome\updater\updater.cc:423] UpdaterMain (--crash-handler) returned 0.
[26076:36560:1012/234626.585:VERBOSE1:chrome\updater\updater.cc:411] Version: 142.0.7416.0, opt, x86_64, command line: "C:\Program Files (x86)\Google\GoogleUpdater\142.0.7416.0\updater.exe" --wake-all --system
[26076:36560:1012/234626.585:VERBOSE1:chrome\updater\updater.cc:414] OS version: 10.0.26100.6584, System uptime (seconds): 1590306, parent pid: 9860
[26076:36560:1012/234626.585:VERBOSE1:chrome\updater\updater.cc:325] available: 17401552K, total: 35422432K
[18512:15248:1012/234626.648:VERBOSE1:chrome\updater\updater.cc:411] Version: 142.0.7416.0, opt, x86_64, command line: "C:\Program Files (x86)\Google\GoogleUpdater\142.0.7416.0\updater.exe" --crash-handler --system "--database=C:\Program Files (x86)\Google\GoogleUpdater\142.0.7416.0\Crashpad" --url=https://clients2.google.com/cr/report --annotation=prod=Update4 --annotation=ver=142.0.7416.0 "--attachment=C:\Program Files (x86)\Google\GoogleUpdater\updater.log" --initial-client-data=0x278,0x27c,0x280,0x254,0x284,0x7ff7d2247cc4,0x7ff7d2247cd0,0x7ff7d2247ce0
[18512:15248:1012/234626.648:VERBOSE1:chrome\updater\updater.cc:414] OS version: 10.0.26100.6584, System uptime (seconds): 1590306, parent pid: 26076
[18512:15248:1012/234626.648:VERBOSE1:chrome\updater\updater.cc:325] available: 17400788K, total: 35422432K
[26076:36560:1012/234626.656:VERBOSE1:chrome\updater\crash_reporter.cc:120] Crash handler launched and ready.
[26076:36560:1012/234626.656:ERROR:chrome\updater\crash_client.cc:116] Failed to fetch completed crash reports: 3
[26076:36560:1012/234626.656:ERROR:chrome\updater\crash_client.cc:132] Failed to fetch pending crash reports: 3
[26076:36560:1012/234626.656:VERBOSE2:chrome\updater\usage_stats_permissions_win.cc:77] usage stats enabled by app {8a69d345-d564-463c-aff1-a69d9e530f96}
[26076:36560:1012/234626.656:ERROR:third_party\crashpad\crashpad\util\file\file_io_win.cc:181] CreateFile C:\Program Files (x86)\Google\GoogleUpdater\142.0.7416.0\Crashpad\settings.dat: Access is denied. (0x5)
[26076:36560:1012/234626.656:ERROR:third_party\crashpad\crashpad\util\file\file_io_win.cc:181] CreateFile C:\Program Files (x86)\Google\GoogleUpdater\142.0.7416.0\Crashpad\settings.dat: Access is denied. (0x5)
[26076:36560:1012/234626.656:VERBOSE1:chrome\updater\updater.cc:97] Crash reporting initialized.
[26076:36560:1012/234626.656:VERBOSE1:chrome\updater\updater.cc:147] IsUserAdmin: 0, IsUserNonElevatedAdmin: 0, IsUACOn: 1, IsElevatedWithUACOn: 0, LUA: 1
[26076:35752:1012/234626.666:VERBOSE1:chrome\updater\app\app_wakeall.cc:57] Launching `"C:\Program Files (x86)\Google\GoogleUpdater\142.0.7416.0\updater.exe" --wake --system`
[14348:38860:1012/234626.712:VERBOSE1:chrome\updater\updater.cc:411] Version: 142.0.7416.0, opt, x86_64, command line: "C:\Program Files (x86)\Google\GoogleUpdater\142.0.7416.0\updater.exe" --wake --system
[14348:38860:1012/234626.712:VERBOSE1:chrome\updater\updater.cc:414] OS version: 10.0.26100.6584, System uptime (seconds): 1590306, parent pid: 26076
[14348:38860:1012/234626.712:VERBOSE1:chrome\updater\updater.cc:325] available: 17395164K, total: 35422432K
[3796:8728:1012/234626.775:VERBOSE1:chrome\updater\updater.cc:411] Version: 142.0.7416.0, opt, x86_64, command line: "C:\Program Files (x86)\Google\GoogleUpdater\142.0.7416.0\updater.exe" --crash-handler --system "--database=C:\Program Files (x86)\Google\GoogleUpdater\142.0.7416.0\Crashpad" --url=https://clients2.google.com/cr/report --annotation=prod=Update4 --annotation=ver=142.0.7416.0 "--attachment=C:\Program Files (x86)\Google\GoogleUpdater\updater.log" --initial-client-data=0x270,0x274,0x278,0x1f0,0x27c,0x7ff7d2247cc4,0x7ff7d2247cd0,0x7ff7d2247ce0
[3796:8728:1012/234626.775:VERBOSE1:chrome\updater\updater.cc:414] OS version: 10.0.26100.6584, System uptime (seconds): 1590306, parent pid: 14348
[3796:8728:1012/234626.775:VERBOSE1:chrome\updater\updater.cc:325] available: 17391096K, total: 35422432K
[14348:38860:1012/234626.775:VERBOSE1:chrome\updater\crash_reporter.cc:120] Crash handler launched and ready.
[14348:38860:1012/234626.775:ERROR:chrome\updater\crash_client.cc:116] Failed to fetch completed crash reports: 3
[14348:38860:1012/234626.775:ERROR:chrome\updater\crash_client.cc:132] Failed to fetch pending crash reports: 3
[14348:38860:1012/234626.775:VERBOSE2:chrome\updater\usage_stats_permissions_win.cc:77] usage stats enabled by app {8a69d345-d564-463c-aff1-a69d9e530f96}
[14348:38860:1012/234626.775:ERROR:third_party\crashpad\crashpad\util\file\file_io_win.cc:181] CreateFile C:\Program Files (x86)\Google\GoogleUpdater\142.0.7416.0\Crashpad\settings.dat: Access is denied. (0x5)
[14348:38860:1012/234626.775:ERROR:third_party\crashpad\crashpad\util\file\file_io_win.cc:181] CreateFile C:\Program Files (x86)\Google\GoogleUpdater\142.0.7416.0\Crashpad\settings.dat: Access is denied. (0x5)
[14348:38860:1012/234626.775:VERBOSE1:chrome\updater\updater.cc:97] Crash reporting initialized.
[14348:38860:1012/234626.790:VERBOSE1:chrome\updater\updater.cc:147] IsUserAdmin: 0, IsUserNonElevatedAdmin: 0, IsUACOn: 1, IsElevatedWithUACOn: 0, LUA: 1
[14348:38860:1012/234626.790:VERBOSE1:chrome\updater\ipc\update_service_internal_proxy_win.cc:156] Run
[14348:31140:1012/234630.840:VERBOSE2:chrome\updater\ipc\update_service_internal_proxy_win.cc:65] Run result 0.
[14348:38860:1012/234630.840:VERBOSE1:chrome\updater\ipc\update_service_internal_proxy_win.cc:148] ~UpdateServiceInternalProxyImpl
[14348:23952:1012/234630.840:VERBOSE2:chrome\updater\ipc\proxy_impl_base_win.h:58] ~ProxyImplBase
[14348:38860:1012/234630.840:VERBOSE1:chrome\updater\updater.cc:423] UpdaterMain (--wake) returned 0.
[26076:35752:1012/234630.840:VERBOSE1:chrome\updater\app\app_wakeall.cc:67] `"C:\Program Files (x86)\Google\GoogleUpdater\142.0.7416.0\updater.exe" --wake --system` exited 0
[26076:36560:1012/234630.840:VERBOSE1:chrome\updater\updater.cc:423] UpdaterMain (--wake-all) returned 0.
[3796:8728:1012/234630.840:VERBOSE1:chrome\updater\updater.cc:423] UpdaterMain (--crash-handler) returned 0.
[18512:15248:1012/234630.853:VERBOSE1:chrome\updater\updater.cc:423] UpdaterMain (--crash-handler) returned 0.
[26144:9396:1013/044631.101:VERBOSE1:chrome\updater\updater.cc:411] Version: 142.0.7416.0, opt, x86_64, command line: "C:\Program Files (x86)\Google\GoogleUpdater\142.0.7416.0\updater.exe" --wake-all --system
[26144:9396:1013/044631.101:VERBOSE1:chrome\updater\updater.cc:414] OS version: 10.0.26100.6584, System uptime (seconds): 1608311, parent pid: 9860
[26144:9396:1013/044631.101:VERBOSE1:chrome\updater\updater.cc:325] available: 17360884K, total: 35422432K
[4900:40464:1013/044631.164:VERBOSE1:chrome\updater\updater.cc:411] Version: 142.0.7416.0, opt, x86_64, command line: "C:\Program Files (x86)\Google\GoogleUpdater\142.0.7416.0\updater.exe" --crash-handler --system "--database=C:\Program Files (x86)\Google\GoogleUpdater\142.0.7416.0\Crashpad" --url=https://clients2.google.com/cr/report --annotation=prod=Update4 --annotation=ver=142.0.7416.0 "--attachment=C:\Program Files (x86)\Google\GoogleUpdater\updater.log" --initial-client-data=0x26c,0x270,0x274,0x248,0x278,0x7ff7d2247cc4,0x7ff7d2247cd0,0x7ff7d2247ce0
[4900:40464:1013/044631.164:VERBOSE1:chrome\updater\updater.cc:414] OS version: 10.0.26100.6584, System uptime (seconds): 1608311, parent pid: 26144
[4900:40464:1013/044631.164:VERBOSE1:chrome\updater\updater.cc:325] available: 17358824K, total: 35422432K
[26144:9396:1013/044631.164:VERBOSE1:chrome\updater\crash_reporter.cc:120] Crash handler launched and ready.
[26144:9396:1013/044631.164:ERROR:chrome\updater\crash_client.cc:116] Failed to fetch completed crash reports: 3
[26144:9396:1013/044631.164:ERROR:chrome\updater\crash_client.cc:132] Failed to fetch pending crash reports: 3
[26144:9396:1013/044631.164:VERBOSE2:chrome\updater\usage_stats_permissions_win.cc:77] usage stats enabled by app {8a69d345-d564-463c-aff1-a69d9e530f96}
[26144:9396:1013/044631.164:ERROR:third_party\crashpad\crashpad\util\file\file_io_win.cc:181] CreateFile C:\Program Files (x86)\Google\GoogleUpdater\142.0.7416.0\Crashpad\settings.dat: Access is denied. (0x5)
[26144:9396:1013/044631.164:ERROR:third_party\crashpad\crashpad\util\file\file_io_win.cc:181] CreateFile C:\Program Files (x86)\Google\GoogleUpdater\142.0.7416.0\Crashpad\settings.dat: Access is denied. (0x5)
[26144:9396:1013/044631.164:VERBOSE1:chrome\updater\updater.cc:97] Crash reporting initialized.
[26144:9396:1013/044631.164:VERBOSE1:chrome\updater\updater.cc:147] IsUserAdmin: 0, IsUserNonElevatedAdmin: 0, IsUACOn: 1, IsElevatedWithUACOn: 0, LUA: 1
[26144:37884:1013/044631.180:VERBOSE1:chrome\updater\app\app_wakeall.cc:57] Launching `"C:\Program Files (x86)\Google\GoogleUpdater\142.0.7416.0\updater.exe" --wake --system`
[31308:25692:1013/044631.227:VERBOSE1:chrome\updater\updater.cc:411] Version: 142.0.7416.0, opt, x86_64, command line: "C:\Program Files (x86)\Google\GoogleUpdater\142.0.7416.0\updater.exe" --wake --system
[31308:25692:1013/044631.227:VERBOSE1:chrome\updater\updater.cc:414] OS version: 10.0.26100.6584, System uptime (seconds): 1608311, parent pid: 26144
[31308:25692:1013/044631.227:VERBOSE1:chrome\updater\updater.cc:325] available: 17357756K, total: 35422432K
[28824:9172:1013/044631.290:VERBOSE1:chrome\updater\updater.cc:411] Version: 142.0.7416.0, opt, x86_64, command line: "C:\Program Files (x86)\Google\GoogleUpdater\142.0.7416.0\updater.exe" --crash-handler --system "--database=C:\Program Files (x86)\Google\GoogleUpdater\142.0.7416.0\Crashpad" --url=https://clients2.google.com/cr/report --annotation=prod=Update4 --annotation=ver=142.0.7416.0 "--attachment=C:\Program Files (x86)\Google\GoogleUpdater\updater.log" --initial-client-data=0x26c,0x270,0x274,0x1d4,0x278,0x7ff7d2247cc4,0x7ff7d2247cd0,0x7ff7d2247ce0
[28824:9172:1013/044631.290:VERBOSE1:chrome\updater\updater.cc:414] OS version: 10.0.26100.6584, System uptime (seconds): 1608311, parent pid: 31308
[28824:9172:1013/044631.290:VERBOSE1:chrome\updater\updater.cc:325] available: 17354568K, total: 35422432K
[31308:25692:1013/044631.290:VERBOSE1:chrome\updater\crash_reporter.cc:120] Crash handler launched and ready.
[31308:25692:1013/044631.290:ERROR:chrome\updater\crash_client.cc:116] Failed to fetch completed crash reports: 3
[31308:25692:1013/044631.290:ERROR:chrome\updater\crash_client.cc:132] Failed to fetch pending crash reports: 3
[31308:25692:1013/044631.290:VERBOSE2:chrome\updater\usage_stats_permissions_win.cc:77] usage stats enabled by app {8a69d345-d564-463c-aff1-a69d9e530f96}
[31308:25692:1013/044631.306:ERROR:third_party\crashpad\crashpad\util\file\file_io_win.cc:181] CreateFile C:\Program Files (x86)\Google\GoogleUpdater\142.0.7416.0\Crashpad\settings.dat: Access is denied. (0x5)
[31308:25692:1013/044631.306:ERROR:third_party\crashpad\crashpad\util\file\file_io_win.cc:181] CreateFile C:\Program Files (x86)\Google\GoogleUpdater\142.0.7416.0\Crashpad\settings.dat: Access is denied. (0x5)
[31308:25692:1013/044631.306:VERBOSE1:chrome\updater\updater.cc:97] Crash reporting initialized.
[31308:25692:1013/044631.306:VERBOSE1:chrome\updater\updater.cc:147] IsUserAdmin: 0, IsUserNonElevatedAdmin: 0, IsUACOn: 1, IsElevatedWithUACOn: 0, LUA: 1
[31308:25692:1013/044631.317:VERBOSE1:chrome\updater\ipc\update_service_internal_proxy_win.cc:156] Run
[31308:31704:1013/044636.316:VERBOSE2:chrome\updater\ipc\update_service_internal_proxy_win.cc:65] Run result 0.
[31308:25692:1013/044636.316:VERBOSE1:chrome\updater\ipc\update_service_internal_proxy_win.cc:148] ~UpdateServiceInternalProxyImpl
[31308:29524:1013/044636.316:VERBOSE2:chrome\updater\ipc\proxy_impl_base_win.h:58] ~ProxyImplBase
[31308:25692:1013/044636.316:VERBOSE1:chrome\updater\updater.cc:423] UpdaterMain (--wake) returned 0.
[26144:37884:1013/044636.316:VERBOSE1:chrome\updater\app\app_wakeall.cc:67] `"C:\Program Files (x86)\Google\GoogleUpdater\142.0.7416.0\updater.exe" --wake --system` exited 0
[26144:9396:1013/044636.316:VERBOSE1:chrome\updater\updater.cc:423] UpdaterMain (--wake-all) returned 0.
[28824:9172:1013/044636.316:VERBOSE1:chrome\updater\updater.cc:423] UpdaterMain (--crash-handler) returned 0.
[4900:40464:1013/044636.336:VERBOSE1:chrome\updater\updater.cc:423] UpdaterMain (--crash-handler) returned 0.
[39112:10920:1013/094636.599:VERBOSE1:chrome\updater\updater.cc:411] Version: 142.0.7416.0, opt, x86_64, command line: "C:\Program Files (x86)\Google\GoogleUpdater\142.0.7416.0\updater.exe" --wake-all --system
[39112:10920:1013/094636.599:VERBOSE1:chrome\updater\updater.cc:414] OS version: 10.0.26100.6584, System uptime (seconds): 1626316, parent pid: 9860
[39112:10920:1013/094636.599:VERBOSE1:chrome\updater\updater.cc:325] available: 16925672K, total: 35422432K
[39780:26360:1013/094636.664:VERBOSE1:chrome\updater\updater.cc:411] Version: 142.0.7416.0, opt, x86_64, command line: "C:\Program Files (x86)\Google\GoogleUpdater\142.0.7416.0\updater.exe" --crash-handler --system "--database=C:\Program Files (x86)\Google\GoogleUpdater\142.0.7416.0\Crashpad" --url=https://clients2.google.com/cr/report --annotation=prod=Update4 --annotation=ver=142.0.7416.0 "--attachment=C:\Program Files (x86)\Google\GoogleUpdater\updater.log" --initial-client-data=0x26c,0x270,0x274,0x248,0x278,0x7ff7d2247cc4,0x7ff7d2247cd0,0x7ff7d2247ce0
[39780:26360:1013/094636.664:VERBOSE1:chrome\updater\updater.cc:414] OS version: 10.0.26100.6584, System uptime (seconds): 1626316, parent pid: 39112
[39780:26360:1013/094636.664:VERBOSE1:chrome\updater\updater.cc:325] available: 16923504K, total: 35422432K
[39112:10920:1013/094636.664:VERBOSE1:chrome\updater\crash_reporter.cc:120] Crash handler launched and ready.
[39112:10920:1013/094636.664:ERROR:chrome\updater\crash_client.cc:116] Failed to fetch completed crash reports: 3
[39112:10920:1013/094636.664:ERROR:chrome\updater\crash_client.cc:132] Failed to fetch pending crash reports: 3
[39112:10920:1013/094636.664:VERBOSE2:chrome\updater\usage_stats_permissions_win.cc:77] usage stats enabled by app {8a69d345-d564-463c-aff1-a69d9e530f96}
[39112:10920:1013/094636.664:ERROR:third_party\crashpad\crashpad\util\file\file_io_win.cc:181] CreateFile C:\Program Files (x86)\Google\GoogleUpdater\142.0.7416.0\Crashpad\settings.dat: Access is denied. (0x5)
[39112:10920:1013/094636.664:ERROR:third_party\crashpad\crashpad\util\file\file_io_win.cc:181] CreateFile C:\Program Files (x86)\Google\GoogleUpdater\142.0.7416.0\Crashpad\settings.dat: Access is denied. (0x5)
[39112:10920:1013/094636.670:VERBOSE1:chrome\updater\updater.cc:97] Crash reporting initialized.
[39112:10920:1013/094636.673:VERBOSE1:chrome\updater\updater.cc:147] IsUserAdmin: 0, IsUserNonElevatedAdmin: 0, IsUACOn: 1, IsElevatedWithUACOn: 0, LUA: 1
[39112:34248:1013/094636.681:VERBOSE1:chrome\updater\app\app_wakeall.cc:57] Launching `"C:\Program Files (x86)\Google\GoogleUpdater\142.0.7416.0\updater.exe" --wake --system`
[16796:11248:1013/094636.749:VERBOSE1:chrome\updater\updater.cc:411] Version: 142.0.7416.0, opt, x86_64, command line: "C:\Program Files (x86)\Google\GoogleUpdater\142.0.7416.0\updater.exe" --wake --system
[16796:11248:1013/094636.751:VERBOSE1:chrome\updater\updater.cc:414] OS version: 10.0.26100.6584, System uptime (seconds): 1626316, parent pid: 39112
[16796:11248:1013/094636.751:VERBOSE1:chrome\updater\updater.cc:325] available: 16919852K, total: 35422432K
[19220:30120:1013/094636.826:VERBOSE1:chrome\updater\updater.cc:411] Version: 142.0.7416.0, opt, x86_64, command line: "C:\Program Files (x86)\Google\GoogleUpdater\142.0.7416.0\updater.exe" --crash-handler --system "--database=C:\Program Files (x86)\Google\GoogleUpdater\142.0.7416.0\Crashpad" --url=https://clients2.google.com/cr/report --annotation=prod=Update4 --annotation=ver=142.0.7416.0 "--attachment=C:\Program Files (x86)\Google\GoogleUpdater\updater.log" --initial-client-data=0x26c,0x270,0x274,0xac,0x278,0x7ff7d2247cc4,0x7ff7d2247cd0,0x7ff7d2247ce0
[19220:30120:1013/094636.826:VERBOSE1:chrome\updater\updater.cc:414] OS version: 10.0.26100.6584, System uptime (seconds): 1626316, parent pid: 16796
[19220:30120:1013/094636.826:VERBOSE1:chrome\updater\updater.cc:325] available: 16916776K, total: 35422432K
[16796:11248:1013/094636.826:VERBOSE1:chrome\updater\crash_reporter.cc:120] Crash handler launched and ready.
[16796:11248:1013/094636.826:ERROR:chrome\updater\crash_client.cc:116] Failed to fetch completed crash reports: 3
[16796:11248:1013/094636.826:ERROR:chrome\updater\crash_client.cc:132] Failed to fetch pending crash reports: 3
[16796:11248:1013/094636.826:VERBOSE2:chrome\updater\usage_stats_permissions_win.cc:77] usage stats enabled by app {8a69d345-d564-463c-aff1-a69d9e530f96}
[16796:11248:1013/094636.826:ERROR:third_party\crashpad\crashpad\util\file\file_io_win.cc:181] CreateFile C:\Program Files (x86)\Google\GoogleUpdater\142.0.7416.0\Crashpad\settings.dat: Access is denied. (0x5)
[16796:11248:1013/094636.826:ERROR:third_party\crashpad\crashpad\util\file\file_io_win.cc:181] CreateFile C:\Program Files (x86)\Google\GoogleUpdater\142.0.7416.0\Crashpad\settings.dat: Access is denied. (0x5)
[16796:11248:1013/094636.826:VERBOSE1:chrome\updater\updater.cc:97] Crash reporting initialized.
[16796:11248:1013/094636.826:VERBOSE1:chrome\updater\updater.cc:147] IsUserAdmin: 0, IsUserNonElevatedAdmin: 0, IsUACOn: 1, IsElevatedWithUACOn: 0, LUA: 1
[16796:11248:1013/094636.842:VERBOSE1:chrome\updater\ipc\update_service_internal_proxy_win.cc:156] Run
[16796:37252:1013/094643.269:VERBOSE2:chrome\updater\ipc\update_service_internal_proxy_win.cc:65] Run result 0.
[16796:11248:1013/094643.269:VERBOSE1:chrome\updater\ipc\update_service_internal_proxy_win.cc:148] ~UpdateServiceInternalProxyImpl
[16796:972:1013/094643.269:VERBOSE2:chrome\updater\ipc\proxy_impl_base_win.h:58] ~ProxyImplBase
[16796:11248:1013/094643.272:VERBOSE1:chrome\updater\updater.cc:423] UpdaterMain (--wake) returned 0.
[39112:34248:1013/094643.276:VERBOSE1:chrome\updater\app\app_wakeall.cc:67] `"C:\Program Files (x86)\Google\GoogleUpdater\142.0.7416.0\updater.exe" --wake --system` exited 0
[39112:10920:1013/094643.277:VERBOSE1:chrome\updater\updater.cc:423] UpdaterMain (--wake-all) returned 0.
[19220:30120:1013/094643.279:VERBOSE1:chrome\updater\updater.cc:423] UpdaterMain (--crash-handler) returned 0.
[39780:26360:1013/094643.283:VERBOSE1:chrome\updater\updater.cc:423] UpdaterMain (--crash-handler) returned 0.
